Calling sched_setscheduler(79)
EMURAN-DIAG-UE-RECV message_id=0x81 len=80
EMURAN-DIAG-UE-RECV message_id=0x81 len=42
EMURAN-DIAG-UE-RECV message_id=0x84 len=166
EMURAN-DIAG-UE-RECV message_id=0x80 len=190
EMURAN-DIAG-UE-RECV message_id=0x81 len=80
EMURAN-DIAG-UE-RECV message_id=0x81 len=80
EMURAN-DIAG-UE-RECV message_id=0x81 len=80
EMURAN-DIAG-UE-RECV message_id=0x81 len=80
EMURAN-DIAG-UE-RECV message_id=0x81 len=42
EMURAN-DIAG-UE-RECV message_id=0x84 len=166
EMURAN-DIAG-UE-RECV message_id=0x80 len=190
EMURAN-DIAG-UE-RECV message_id=0x81 len=80
EMURAN-DIAG-UE-RECV message_id=0x81 len=80
EMURAN-DIAG-UE-RECV message_id=0x81 len=80
EMURAN-DIAG-UE-RECV message_id=0x81 len=80
EMURAN-DIAG-UE-RECV message_id=0x81 len=42
EMURAN-DIAG-UE-RECV message_id=0x84 len=166
EMURAN-DIAG-UE-RECV message_id=0x80 len=190
EMURAN-DIAG-UE-RECV message_id=0x81 len=80
EMURAN-DIAG-UE-RECV message_id=0x81 len=80
EMURAN-DIAG-UE-RECV message_id=0x81 len=80
EMURAN-DIAG-UE-RECV message_id=0x81 len=80
EMURAN-DIAG-UE-RECV message_id=0x81 len=42
EMURAN-DIAG-UE-RECV message_id=0x84 len=166
EMURAN-DIAG-UE-RECV message_id=0x80 len=190
EMURAN-DIAG-UE-RECV message_id=0x81 len=80
EMURAN-DIAG-UE-RECV message_id=0x81 len=80
EMURAN-DIAG-UE-RECV message_id=0x81 len=80
EMURAN-DIAG-UE-RECV message_id=0x81 len=80
EMURAN-DIAG-UE-RECV message_id=0x81 len=42
EMURAN-DIAG-UE-RECV message_id=0x84 len=166
EMURAN-DIAG-UE-RECV message_id=0x80 len=190
EMURAN-DIAG-UE-RECV message_id=0x81 len=80
EMURAN-DIAG-UE-RECV message_id=0x81 len=80
EMURAN-DIAG-UE-RECV message_id=0x81 len=80
EMURAN-DIAG-UE-RECV message_id=0x81 len=80
EMURAN-DIAG-UE-RECV message_id=0x81 len=42
EMURAN-DIAG-UE-RECV message_id=0x84 len=166
EMURAN-DIAG-UE-RECV message_id=0x80 len=190
EMURAN-DIAG-UE-RECV message_id=0x81 len=80
EMURAN-DIAG-UE-RECV message_id=0x81 len=80
EMURAN-DIAG-UE-RECV message_id=0x81 len=80
EMURAN-DIAG-UE-RECV message_id=0x81 len=80
EMURAN-DIAG-UE-RECV message_id=0x81 len=42
EMURAN-DIAG-UE-RECV message_id=0x84 len=166
EMURAN-DIAG-UE-RECV message_id=0x80 len=190
EMURAN-DIAG-UE-RECV message_id=0x81 len=80
EMURAN-DIAG-UE-RECV message_id=0x81 len=80
EMURAN-DIAG-UE-RECV message_id=0x81 len=80
EMURAN-DIAG-UE-RECV message_id=0x81 len=80
EMURAN-DIAG-UE-RECV message_id=0x81 len=42
EMURAN-DIAG-UE-RECV message_id=0x84 len=166
EMURAN-DIAG-UE-RECV message_id=0x80 len=190
EMURAN-DIAG-UE-RECV message_id=0x81 len=80
EMURAN-DIAG-UE-RECV message_id=0x81 len=80
EMURAN-DIAG-UE-RECV message_id=0x81 len=80
EMURAN-DIAG-UE-RECV message_id=0x81 len=80
EMURAN-DIAG-UE-RECV message_id=0x81 len=42
EMURAN-DIAG-UE-RECV message_id=0x84 len=166
EMURAN-DIAG-UE-RECV message_id=0x80 len=190
EMURAN-DIAG-UE-RECV message_id=0x81 len=80
EMURAN-DIAG-UE-RECV message_id=0x81 len=80
EMURAN-DIAG-UE-RECV message_id=0x81 len=80
EMURAN-DIAG-UE-RECV message_id=0x81 len=80
EMURAN-DIAG-UE-RECV message_id=0x81 len=42
EMURAN-DIAG-UE-RECV message_id=0x84 len=166
EMURAN-DIAG-UE-RECV message_id=0x80 len=190
EMURAN-DIAG-UE-RECV message_id=0x81 len=80
EMURAN-DIAG-UE-RECV message_id=0x81 len=80
EMURAN-DIAG-UE-RECV message_id=0x81 len=80
EMURAN-DIAG-UE-RECV message_id=0x81 len=80
EMURAN-DIAG-UE-RECV message_id=0x81 len=42
EMURAN-DIAG-UE-RECV message_id=0x84 len=166
EMURAN-DIAG-UE-RECV message_id=0x80 len=190
EMURAN-DIAG-UE-RECV message_id=0x81 len=80
EMURAN-DIAG-UE-RECV message_id=0x81 len=80
EMURAN-DIAG-UE-RECV message_id=0x81 len=80
EMURAN-DIAG-UE-RECV message_id=0x81 len=80
EMURAN-DIAG-UE-RECV message_id=0x81 len=42
EMURAN-DIAG-UE-RECV message_id=0x84 len=166
EMURAN-DIAG-UE-RECV message_id=0x80 len=190
EMURAN-DIAG-UE-RECV message_id=0x81 len=80
EMURAN-DIAG-UE-RECV message_id=0x81 len=80
EMURAN-DIAG-UE-RECV message_id=0x81 len=80
EMURAN-DIAG-UE-RECV message_id=0x81 len=80
EMURAN-DIAG-UE-RECV message_id=0x81 len=42
EMURAN-DIAG-UE-RECV message_id=0x84 len=166
EMURAN-DIAG-UE-RECV message_id=0x80 len=190
EMURAN-DIAG-UE-RECV message_id=0x81 len=80
EMURAN-DIAG-UE-RECV message_id=0x81 len=80
EMURAN-DIAG-UE-RECV message_id=0x81 len=80
EMURAN-DIAG-UE-RECV message_id=0x81 len=80
EMURAN-DIAG-UE-RECV message_id=0x81 len=42
EMURAN-DIAG-UE-RECV message_id=0x84 len=166
EMURAN-DIAG-UE-RECV message_id=0x80 len=190
EMURAN-DIAG-UE-RECV message_id=0x81 len=80
EMURAN-DIAG-UE-RECV message_id=0x81 len=80
EMURAN-DIAG-UE-RECV message_id=0x81 len=80
EMURAN-DIAG-UE-RECV message_id=0x81 len=80
EMURAN-DIAG-UE-RECV message_id=0x81 len=42
EMURAN-DIAG-UE-RECV message_id=0x84 len=166
EMURAN-DIAG-UE-RECV message_id=0x80 len=190
EMURAN-DIAG-UE-RECV message_id=0x81 len=80
EMURAN-DIAG-UE-RECV message_id=0x81 len=80
EMURAN-DIAG-UE-RECV message_id=0x81 len=80
EMURAN-DIAG-UE-RECV message_id=0x81 len=80
EMURAN-DIAG-UE-RECV message_id=0x81 len=42
EMURAN-DIAG-UE-RECV message_id=0x84 len=166
EMURAN-DIAG-UE-RECV message_id=0x80 len=190
EMURAN-DIAG-UE-RECV message_id=0x81 len=80
EMURAN-DIAG-UE-RECV message_id=0x81 len=80
EMURAN-DIAG-UE-RECV message_id=0x81 len=80
EMURAN-DIAG-UE-RECV message_id=0x81 len=80
EMURAN-DIAG-UE-RECV message_id=0x81 len=42
EMURAN-DIAG-UE-RECV message_id=0x84 len=166
EMURAN-DIAG-UE-RECV message_id=0x80 len=190
EMURAN-DIAG-UE-RECV message_id=0x81 len=80
EMURAN-DIAG-UE-RECV message_id=0x81 len=80
EMURAN-DIAG-UE-RECV message_id=0x81 len=80
EMURAN-DIAG-UE-RECV message_id=0x81 len=80
EMURAN-DIAG-UE-RECV message_id=0x81 len=42
EMURAN-DIAG-UE-RECV message_id=0x84 len=166
EMURAN-DIAG-UE-RECV message_id=0x80 len=190
EMURAN-DIAG-UE-RECV message_id=0x81 len=80
EMURAN-DIAG-UE-RECV message_id=0x81 len=80
EMURAN-DIAG-UE-RECV message_id=0x81 len=80
EMURAN-DIAG-UE-RECV message_id=0x81 len=80
EMURAN-DIAG-UE-RECV message_id=0x81 len=42
EMURAN-DIAG-UE-RECV message_id=0x84 len=166
EMURAN-DIAG-UE-RECV message_id=0x80 len=190
EMURAN-DIAG-UE-RECV message_id=0x81 len=80
EMURAN-DIAG-UE-RECV message_id=0x81 len=80
EMURAN-DIAG-UE-RECV message_id=0x81 len=80
EMURAN-DIAG-UE-RECV message_id=0x81 len=80
EMURAN-DIAG-UE-RECV message_id=0x81 len=42
EMURAN-DIAG-UE-RECV message_id=0x84 len=166
EMURAN-DIAG-UE-RECV message_id=0x80 len=190
EMURAN-DIAG-UE-RECV message_id=0x81 len=80
EMURAN-DIAG-UE-RECV message_id=0x81 len=80
EMURAN-DIAG-UE-RECV message_id=0x81 len=80
EMURAN-DIAG-UE-RECV message_id=0x81 len=80
EMURAN-DIAG-UE-RECV message_id=0x81 len=42
EMURAN-DIAG-UE-RECV message_id=0x84 len=166
EMURAN-DIAG-UE-RECV message_id=0x80 len=190
EMURAN-DIAG-UE-RECV message_id=0x81 len=80
EMURAN-DIAG-UE-RECV message_id=0x81 len=80
EMURAN-DIAG-UE-RECV message_id=0x81 len=80
EMURAN-DIAG-UE-RECV message_id=0x81 len=80
EMURAN-DIAG-UE-RECV message_id=0x81 len=42
EMURAN-DIAG-UE-RECV message_id=0x84 len=166
EMURAN-DIAG-UE-RECV message_id=0x80 len=190
EMURAN-DIAG-UE-RECV message_id=0x81 len=80
EMURAN-DIAG-UE-RECV message_id=0x81 len=80
EMURAN-DIAG-UE-RECV message_id=0x81 len=80
EMURAN-DIAG-UE-RECV message_id=0x81 len=80
EMURAN-DIAG-UE-RECV message_id=0x81 len=42
EMURAN-DIAG-UE-RECV message_id=0x84 len=166
EMURAN-DIAG-UE-RECV message_id=0x80 len=190
EMURAN-DIAG-UE-RECV message_id=0x81 len=80
EMURAN-DIAG-UE-RECV message_id=0x81 len=80
EMURAN-DIAG-UE-RECV message_id=0x81 len=80
EMURAN-DIAG-UE-RECV message_id=0x81 len=80
EMURAN-DIAG-UE-RECV message_id=0x81 len=42
EMURAN-DIAG-UE-RECV message_id=0x84 len=166
EMURAN-DIAG-UE-RECV message_id=0x80 len=190
EMURAN-DIAG-UE-RECV message_id=0x81 len=80
EMURAN-DIAG-UE-RECV message_id=0x81 len=80
EMURAN-DIAG-UE-RECV message_id=0x81 len=80
EMURAN-DIAG-UE-RECV message_id=0x81 len=80
EMURAN-DIAG-UE-RECV message_id=0x81 len=42
EMURAN-DIAG-UE-RECV message_id=0x84 len=166
EMURAN-DIAG-UE-RECV message_id=0x80 len=190
EMURAN-DIAG-UE-RECV message_id=0x81 len=80
EMURAN-DIAG-UE-RECV message_id=0x81 len=80
EMURAN-DIAG-UE-RECV message_id=0x81 len=80
EMURAN-DIAG-UE-RECV message_id=0x81 len=80
EMURAN-DIAG-UE-RECV message_id=0x81 len=42
EMURAN-DIAG-UE-RECV message_id=0x84 len=166
EMURAN-DIAG-UE-RECV message_id=0x80 len=190
EMURAN-DIAG-UE-RECV message_id=0x81 len=80
EMURAN-DIAG-UE-RECV message_id=0x81 len=80
EMURAN-DIAG-UE-RECV message_id=0x81 len=80
EMURAN-DIAG-UE-RECV message_id=0x81 len=80
EMURAN-DIAG-UE-RECV message_id=0x81 len=42
EMURAN-DIAG-UE-RECV message_id=0x84 len=166
EMURAN-DIAG-UE-RECV message_id=0x80 len=190
EMURAN-DIAG-UE-RECV message_id=0x81 len=80
EMURAN-DIAG-UE-RECV message_id=0x81 len=80
EMURAN-DIAG-UE-RECV message_id=0x81 len=80
EMURAN-DIAG-UE-RECV message_id=0x81 len=80
EMURAN-DIAG-UE-RECV message_id=0x81 len=42
EMURAN-DIAG-UE-RECV message_id=0x84 len=166
EMURAN-DIAG-UE-RECV message_id=0x80 len=190
EMURAN-DIAG-UE-RECV message_id=0x81 len=80
EMURAN-DIAG-UE-RECV message_id=0x81 len=80
EMURAN-DIAG-UE-RECV message_id=0x81 len=80
EMURAN-DIAG-UE-RECV message_id=0x81 len=80
EMURAN-DIAG-UE-RECV message_id=0x81 len=42
EMURAN-DIAG-UE-RECV message_id=0x84 len=166
EMURAN-DIAG-UE-RECV message_id=0x80 len=190
EMURAN-DIAG-UE-RECV message_id=0x81 len=80
EMURAN-DIAG-UE-RECV message_id=0x81 len=80
EMURAN-DIAG-UE-RECV message_id=0x81 len=80
EMURAN-DIAG-UE-RECV message_id=0x81 len=80
EMURAN-DIAG-UE-RECV message_id=0x81 len=42
EMURAN-DIAG-UE-RECV message_id=0x84 len=166
EMURAN-DIAG-UE-RECV message_id=0x80 len=190
EMURAN-DIAG-UE-RECV message_id=0x81 len=80
EMURAN-DIAG-UE-RECV message_id=0x81 len=80
EMURAN-DIAG-UE-RECV message_id=0x81 len=80
EMURAN-DIAG-UE-RECV message_id=0x81 len=80
EMURAN-DIAG-UE-RECV message_id=0x81 len=42
EMURAN-DIAG-UE-RECV message_id=0x84 len=166
EMURAN-DIAG-UE-RECV message_id=0x80 len=190
EMURAN-DIAG-UE-RECV message_id=0x81 len=80
EMURAN-DIAG-UE-RECV message_id=0x81 len=80
EMURAN-DIAG-UE-RECV message_id=0x81 len=80
EMURAN-DIAG-UE-RECV message_id=0x81 len=80
EMURAN-DIAG-UE-RECV message_id=0x81 len=42
EMURAN-DIAG-UE-RECV message_id=0x84 len=166
EMURAN-DIAG-UE-RECV message_id=0x80 len=190
EMURAN-DIAG-UE-RECV message_id=0x81 len=80
EMURAN-DIAG-UE-RECV message_id=0x81 len=80
EMURAN-DIAG-UE-RECV message_id=0x81 len=80
EMURAN-DIAG-UE-RECV message_id=0x81 len=80
EMURAN-DIAG-UE-RECV message_id=0x81 len=42
EMURAN-DIAG-UE-RECV message_id=0x84 len=166
EMURAN-DIAG-UE-RECV message_id=0x80 len=190
EMURAN-DIAG-UE-RECV message_id=0x81 len=80
EMURAN-DIAG-UE-RECV message_id=0x81 len=80
EMURAN-DIAG-UE-RECV message_id=0x81 len=80
EMURAN-DIAG-UE-RECV message_id=0x81 len=80
EMURAN-DIAG-UE-RECV message_id=0x81 len=42
EMURAN-DIAG-UE-RECV message_id=0x84 len=166
EMURAN-DIAG-UE-RECV message_id=0x80 len=190
EMURAN-DIAG-UE-RECV message_id=0x81 len=80
EMURAN-DIAG-UE-RECV message_id=0x81 len=80
EMURAN-DIAG-UE-RECV message_id=0x81 len=80
EMURAN-DIAG-UE-RECV message_id=0x81 len=80
EMURAN-DIAG-UE-RECV message_id=0x81 len=42
EMURAN-DIAG-UE-RECV message_id=0x84 len=166
EMURAN-DIAG-UE-RECV message_id=0x80 len=190
EMURAN-DIAG-UE-RECV message_id=0x81 len=80
EMURAN-DIAG-UE-RECV message_id=0x81 len=80
EMURAN-DIAG-UE-RECV message_id=0x81 len=80
EMURAN-DIAG-UE-RECV message_id=0x81 len=80
EMURAN-DIAG-UE-RECV message_id=0x81 len=42
EMURAN-DIAG-UE-RECV message_id=0x84 len=166
EMURAN-DIAG-UE-RECV message_id=0x80 len=190
EMURAN-DIAG-UE-RECV message_id=0x81 len=80
EMURAN-DIAG-UE-RECV message_id=0x81 len=80
EMURAN-DIAG-UE-RECV message_id=0x81 len=80
EMURAN-DIAG-UE-RECV message_id=0x81 len=80
EMURAN-DIAG-UE-RECV message_id=0x81 len=42
EMURAN-DIAG-UE-RECV message_id=0x84 len=166
EMURAN-DIAG-UE-RECV message_id=0x80 len=190
EMURAN-DIAG-UE-RECV message_id=0x81 len=80
EMURAN-DIAG-UE-RECV message_id=0x81 len=80
EMURAN-DIAG-UE-RECV message_id=0x81 len=80
EMURAN-DIAG-UE-RECV message_id=0x81 len=80
EMURAN-DIAG-UE-RECV message_id=0x81 len=42
EMURAN-DIAG-UE-RECV message_id=0x84 len=166
EMURAN-DIAG-UE-RECV message_id=0x80 len=190
EMURAN-DIAG-UE-RECV message_id=0x81 len=80
EMURAN-DIAG-UE-RECV message_id=0x81 len=80
EMURAN-DIAG-UE-RECV message_id=0x81 len=80
EMURAN-DIAG-UE-RECV message_id=0x81 len=80
EMURAN-DIAG-UE-RECV message_id=0x81 len=42
EMURAN-DIAG-UE-RECV message_id=0x84 len=166
EMURAN-DIAG-UE-RECV message_id=0x80 len=190
EMURAN-DIAG-UE-RECV message_id=0x81 len=80
EMURAN-DIAG-UE-RECV message_id=0x81 len=80
EMURAN-DIAG-UE-RECV message_id=0x81 len=80
EMURAN-DIAG-UE-RECV message_id=0x81 len=80
EMURAN-DIAG-UE-RECV message_id=0x81 len=42
EMURAN-DIAG-UE-RECV message_id=0x84 len=166
EMURAN-DIAG-UE-RECV message_id=0x80 len=190
EMURAN-DIAG-UE-RECV message_id=0x81 len=80
EMURAN-DIAG-UE-RECV message_id=0x81 len=80
EMURAN-DIAG-UE-RECV message_id=0x81 len=80
EMURAN-DIAG-UE-RECV message_id=0x81 len=80
EMURAN-DIAG-UE-RECV message_id=0x81 len=42
EMURAN-DIAG-UE-RECV message_id=0x84 len=166
EMURAN-DIAG-UE-RECV message_id=0x80 len=190
EMURAN-DIAG-UE-RECV message_id=0x81 len=80
EMURAN-DIAG-UE-RECV message_id=0x81 len=80
EMURAN-DIAG-UE-RECV message_id=0x81 len=80
EMURAN-DIAG-UE-RECV message_id=0x81 len=80
EMURAN-DIAG-UE-RECV message_id=0x81 len=42
EMURAN-DIAG-UE-RECV message_id=0x84 len=166
EMURAN-DIAG-UE-RECV message_id=0x80 len=190
EMURAN-DIAG-UE-RECV message_id=0x81 len=80
EMURAN-DIAG-UE-RECV message_id=0x81 len=80
EMURAN-DIAG-UE-RECV message_id=0x81 len=80
EMURAN-DIAG-UE-RECV message_id=0x81 len=80
EMURAN-DIAG-UE-RECV message_id=0x81 len=42
EMURAN-DIAG-UE-RECV message_id=0x84 len=166
EMURAN-DIAG-UE-RECV message_id=0x80 len=190
EMURAN-DIAG-UE-RECV message_id=0x81 len=80
EMURAN-DIAG-UE-RECV message_id=0x81 len=80
CMDLINE: "./nr-uesoftmodem" "-O" "/home/ubuntu/oai-configs/ue.conf" "--nfapi" "STANDALONE_PNF" "--node-number" "2" "--emulate-l1" "--sa" "1" 
[CONFIG] get parameters from libconfig /home/ubuntu/oai-configs/ue.conf [LIBCONFIG] Path for include directive set to: /home/ubuntu/oai-configs
[CONFIG] function config_libconfig_init returned 0
[CONFIG] config module libconfig loaded
[LIBCONFIG] config: 2/2 parameters successfully set, (2 to default value)
[CONFIG] debug flags: 0x00000000
[LIBCONFIG] log_config: 3/3 parameters successfully set, (1 to default value)
[LIBCONFIG] log_config: 53/53 parameters successfully set, (45 to default value)
[LIBCONFIG] log_config: 53/53 parameters successfully set, (53 to default value)
[LIBCONFIG] log_config: 16/16 parameters successfully set, (16 to default value)
[LIBCONFIG] log_config: 16/16 parameters successfully set, (16 to default value)
log init done
[LIBCONFIG] (root): 33/33 parameters successfully set, (30 to default value)
[LIBCONFIG] (root): 41/41 parameters successfully set, (38 to default value)
[LIBCONFIG] (root): 6/6 parameters successfully set, (5 to default value)
[LIBCONFIG] TTracer: 3/3 parameters successfully set, (3 to default value)
create a thread for core -1
create a thread for core -1
create a thread for core -1
create a thread for core -1
create a thread for core -1
create a thread for core -1
create a thread for core -1
create a thread for core -1
[LIBCONFIG] opt: 3/3 parameters successfully set, (3 to default value)
[LIBCONFIG] loader: 2/2 parameters successfully set, (2 to default value)
[LIBCONFIG] loader.ldpc: 2/2 parameters successfully set, (1 to default value)
shlib_path libldpc.so
[LOADER] library libldpc.so successfully loaded
[LIBCONFIG] nas.noS1: 3/3 parameters successfully set, (3 to default value)
[LIBCONFIG] MACRLCs.[0]: 34/34 parameters successfully set, (25 to default value)
[LIBCONFIG] (root): 30/30 parameters successfully set, (28 to default value)
Ujjwal: start -> 0
TYPE <CTRL-C> TO TERMINATE
[LIBCONFIG] uicc0: 10/10 parameters successfully set, (5 to default value)
Entering ITTI signals handler
TYPE <CTRL-C> TO TERMINATE
slot 4 index 0 rnti 6050 mcs 9
slot 4 index 0 rnti 6050 mcs 9
kgnb : 2b 59 6a bf 8a 11 f4 3c 95 5f d0 45 5a 79 82 3e 21 e4 06 bd 12 fd 42 1f 21 e1 ac f7 72 16 49 97 
kausf:e4 b3 82 84 34 28 71 fc f0 af a9 8 ea 97 b4 29 29 ee dc 9c 47 3f 4f 5 8e a1 a4 88 63 1 0 4b 
kseaf:25 47 42 79 52 63 7 e5 81 6a eb c4 6c 1b b3 a6 a f 9e 11 cc 6f e9 f1 6c 4f cf 3e 33 76 29 8c 
kamf:15 dc 2 41 ba fc 7a 4a 0 2a 4e 3a 4f 14 4c da 5 86 e4 a6 6d 70 7 fb 7e e0 b1 6d a9 79 a6 34 
knas_int:
46 6d 63 88 45 51 20 9a 31 b1 91 57 83 ce 1f 27 
slot 4 index 0 rnti 6050 mcs 9
slot 14 index 0 rnti 6050 mcs 9
mac e3 25 ca 5f 
slot 4 index 0 rnti 6050 mcs 9
slot 4 index 0 rnti 6050 mcs 9
[NR_RRC]   driving kRRCenc, kRRCint and kUPenc from KgNB=2b 59 6a bf 8a 11 f4 3c 95 5f d0 45 5a 79 82 3e 21 e4 06 bd 12 fd 42 1f 21 e1 ac f7 72 16 49 97 [0m
[NR_RRC]   securityModeComplete payload: 2a 00 00 00 00 00 00 00 08 00 00 00 00 00 00 00 [0m
slot 4 index 0 rnti 6050 mcs 9
<UE-NR-Capability>
    <accessStratumRelease><rel15/></accessStratumRelease>
    <pdcp-Parameters>
        <supportedROHC-Profiles>
            <profile0x0000><false/></profile0x0000>
            <profile0x0001><false/></profile0x0001>
            <profile0x0002><false/></profile0x0002>
            <profile0x0003><false/></profile0x0003>
            <profile0x0004><false/></profile0x0004>
            <profile0x0006><false/></profile0x0006>
            <profile0x0101><false/></profile0x0101>
            <profile0x0102><false/></profile0x0102>
            <profile0x0103><false/></profile0x0103>
            <profile0x0104><false/></profile0x0104>
        </supportedROHC-Profiles>
        <maxNumberROHC-ContextSessions><cs2/></maxNumberROHC-ContextSessions>
    </pdcp-Parameters>
    <phy-Parameters>
    </phy-Parameters>
    <rf-Parameters>
        <supportedBandListNR>
            <BandNR>
                <bandNR>1</bandNR>
            </BandNR>
        </supportedBandListNR>
    </rf-Parameters>
</UE-NR-Capability>
slot 4 index 0 rnti 6050 mcs 9
slot 4 index 0 rnti 6050 mcs 9
slot 4 index 0 rnti 6050 mcs 9
slot 4 index 0 rnti 6050 mcs 9
slot 4 index 0 rnti 6050 mcs 9
slot 4 index 0 rnti 6050 mcs 9
mac 8e 77 16 6 
slot 4 index 0 rnti 6050 mcs 9
mac e0 3c 84 9e 
slot 4 index 0 rnti 6050 mcs 9
slot 4 index 0 rnti 6050 mcs 9
slot 14 index 0 rnti 6050 mcs 9
[LIBCONFIG] nas.noS1: 3/3 parameters successfully set, (3 to default value)
slot 4 index 0 rnti 6050 mcs 9
slot 4 index 0 rnti 6050 mcs 9
slot 4 index 0 rnti 6050 mcs 9
slot 4 index 0 rnti 6050 mcs 9
slot 4 index 0 rnti 6050 mcs 9
slot 4 index 0 rnti 6050 mcs 9
slot 16 index 0 rnti 6050 mcs 9
slot 6 index 0 rnti 6050 mcs 9
slot 14 index 0 rnti 6050 mcs 9
slot 4 index 0 rnti 6050 mcs 9
slot 4 index 0 rnti 6050 mcs 9
slot 6 index 0 rnti 6050 mcs 9
slot 4 index 0 rnti 6050 mcs 9
slot 5 index 0 rnti 6050 mcs 9
slot 6 index 0 rnti 6050 mcs 9
slot 14 index 0 rnti 6050 mcs 9
slot 15 index 0 rnti 6050 mcs 9
slot 16 index 0 rnti 6050 mcs 9
slot 4 index 0 rnti 6050 mcs 9
slot 5 index 0 rnti 6050 mcs 9
slot 14 index 0 rnti 6050 mcs 9
slot 15 index 0 rnti 6050 mcs 9
slot 16 index 0 rnti 6050 mcs 9
slot 4 index 0 rnti 6050 mcs 9
slot 5 index 0 rnti 6050 mcs 9
slot 6 index 0 rnti 6050 mcs 9
slot 14 index 0 rnti 6050 mcs 9
slot 15 index 0 rnti 6050 mcs 9
slot 16 index 0 rnti 6050 mcs 9
slot 4 index 0 rnti 6050 mcs 9
slot 5 index 0 rnti 6050 mcs 9
slot 6 index 0 rnti 6050 mcs 9
slot 14 index 0 rnti 6050 mcs 9
slot 15 index 0 rnti 6050 mcs 9
slot 16 index 0 rnti 6050 mcs 9
slot 4 index 0 rnti 6050 mcs 9
slot 5 index 0 rnti 6050 mcs 9
slot 6 index 0 rnti 6050 mcs 9
slot 14 index 0 rnti 6050 mcs 9
slot 15 index 0 rnti 6050 mcs 9
slot 16 index 0 rnti 6050 mcs 9
slot 4 index 0 rnti 6050 mcs 9
slot 5 index 0 rnti 6050 mcs 9
slot 6 index 0 rnti 6050 mcs 9
slot 14 index 0 rnti 6050 mcs 9
slot 15 index 0 rnti 6050 mcs 9
slot 16 index 0 rnti 6050 mcs 9
slot 4 index 0 rnti 6050 mcs 9
slot 5 index 0 rnti 6050 mcs 9
slot 6 index 0 rnti 6050 mcs 9
slot 14 index 0 rnti 6050 mcs 9
slot 15 index 0 rnti 6050 mcs 9
slot 16 index 0 rnti 6050 mcs 9
slot 4 index 0 rnti 6050 mcs 9
slot 5 index 0 rnti 6050 mcs 9
slot 6 index 0 rnti 6050 mcs 9
slot 14 index 0 rnti 6050 mcs 9
slot 15 index 0 rnti 6050 mcs 9
slot 16 index 0 rnti 6050 mcs 9
slot 4 index 0 rnti 6050 mcs 10
slot 5 index 0 rnti 6050 mcs 10
slot 6 index 0 rnti 6050 mcs 10
slot 14 index 0 rnti 6050 mcs 10
slot 15 index 0 rnti 6050 mcs 10
slot 16 index 0 rnti 6050 mcs 10
slot 4 index 0 rnti 6050 mcs 10
slot 5 index 0 rnti 6050 mcs 10
slot 6 index 0 rnti 6050 mcs 10
slot 14 index 0 rnti 6050 mcs 10
slot 15 index 0 rnti 6050 mcs 10
slot 16 index 0 rnti 6050 mcs 10
slot 4 index 0 rnti 6050 mcs 10
slot 5 index 0 rnti 6050 mcs 10
slot 6 index 0 rnti 6050 mcs 10
slot 14 index 0 rnti 6050 mcs 10
slot 15 index 0 rnti 6050 mcs 10
slot 16 index 0 rnti 6050 mcs 10
slot 4 index 0 rnti 6050 mcs 10
slot 5 index 0 rnti 6050 mcs 10
slot 6 index 0 rnti 6050 mcs 10
slot 14 index 0 rnti 6050 mcs 10
slot 15 index 0 rnti 6050 mcs 10
slot 16 index 0 rnti 6050 mcs 10
slot 4 index 0 rnti 6050 mcs 10
slot 5 index 0 rnti 6050 mcs 10
slot 6 index 0 rnti 6050 mcs 10
slot 14 index 0 rnti 6050 mcs 10
slot 15 index 0 rnti 6050 mcs 10
slot 16 index 0 rnti 6050 mcs 10
slot 4 index 0 rnti 6050 mcs 10
slot 5 index 0 rnti 6050 mcs 10
slot 6 index 0 rnti 6050 mcs 10
slot 14 index 0 rnti 6050 mcs 10
slot 15 index 0 rnti 6050 mcs 10
slot 16 index 0 rnti 6050 mcs 10
slot 4 index 0 rnti 6050 mcs 10
slot 5 index 0 rnti 6050 mcs 10
slot 6 index 0 rnti 6050 mcs 10
slot 14 index 0 rnti 6050 mcs 10
slot 15 index 0 rnti 6050 mcs 10
slot 16 index 0 rnti 6050 mcs 10
slot 4 index 0 rnti 6050 mcs 10
slot 5 index 0 rnti 6050 mcs 10
slot 6 index 0 rnti 6050 mcs 10
slot 14 index 0 rnti 6050 mcs 10
slot 15 index 0 rnti 6050 mcs 10
slot 16 index 0 rnti 6050 mcs 10
slot 4 index 0 rnti 6050 mcs 10
slot 5 index 0 rnti 6050 mcs 10
slot 6 index 0 rnti 6050 mcs 10
slot 14 index 0 rnti 6050 mcs 10
slot 15 index 0 rnti 6050 mcs 10
slot 16 index 0 rnti 6050 mcs 10
slot 4 index 0 rnti 6050 mcs 10
slot 5 index 0 rnti 6050 mcs 10
slot 6 index 0 rnti 6050 mcs 10
slot 14 index 0 rnti 6050 mcs 10
slot 15 index 0 rnti 6050 mcs 10
slot 16 index 0 rnti 6050 mcs 10
slot 4 index 0 rnti 6050 mcs 11
slot 5 index 0 rnti 6050 mcs 11
slot 6 index 0 rnti 6050 mcs 11
slot 14 index 0 rnti 6050 mcs 11
slot 15 index 0 rnti 6050 mcs 11
slot 16 index 0 rnti 6050 mcs 11
slot 4 index 0 rnti 6050 mcs 11
slot 5 index 0 rnti 6050 mcs 11
slot 6 index 0 rnti 6050 mcs 11
slot 14 index 0 rnti 6050 mcs 11
slot 15 index 0 rnti 6050 mcs 11
slot 16 index 0 rnti 6050 mcs 11
slot 4 index 0 rnti 6050 mcs 11
slot 5 index 0 rnti 6050 mcs 11
slot 6 index 0 rnti 6050 mcs 11
slot 14 index 0 rnti 6050 mcs 11
slot 15 index 0 rnti 6050 mcs 11
slot 16 index 0 rnti 6050 mcs 11
slot 4 index 0 rnti 6050 mcs 11
slot 5 index 0 rnti 6050 mcs 11
slot 6 index 0 rnti 6050 mcs 11
slot 14 index 0 rnti 6050 mcs 11
slot 15 index 0 rnti 6050 mcs 11
slot 16 index 0 rnti 6050 mcs 11
slot 4 index 0 rnti 6050 mcs 11
slot 5 index 0 rnti 6050 mcs 11
slot 6 index 0 rnti 6050 mcs 11
slot 14 index 0 rnti 6050 mcs 11
slot 15 index 0 rnti 6050 mcs 11
slot 16 index 0 rnti 6050 mcs 11
slot 4 index 0 rnti 6050 mcs 11
slot 5 index 0 rnti 6050 mcs 11
slot 6 index 0 rnti 6050 mcs 11
slot 14 index 0 rnti 6050 mcs 11
slot 15 index 0 rnti 6050 mcs 11
slot 16 index 0 rnti 6050 mcs 11
slot 4 index 0 rnti 6050 mcs 11
slot 5 index 0 rnti 6050 mcs 11
slot 6 index 0 rnti 6050 mcs 11
slot 14 index 0 rnti 6050 mcs 11
slot 15 index 0 rnti 6050 mcs 11
slot 16 index 0 rnti 6050 mcs 11
slot 4 index 0 rnti 6050 mcs 11
slot 5 index 0 rnti 6050 mcs 11
slot 6 index 0 rnti 6050 mcs 11
slot 14 index 0 rnti 6050 mcs 11
slot 15 index 0 rnti 6050 mcs 11
slot 16 index 0 rnti 6050 mcs 11
slot 4 index 0 rnti 6050 mcs 11
slot 5 index 0 rnti 6050 mcs 11
slot 6 index 0 rnti 6050 mcs 11
slot 14 index 0 rnti 6050 mcs 11
slot 15 index 0 rnti 6050 mcs 11
slot 16 index 0 rnti 6050 mcs 11
slot 4 index 0 rnti 6050 mcs 11
slot 5 index 0 rnti 6050 mcs 11
slot 6 index 0 rnti 6050 mcs 11
slot 14 index 0 rnti 6050 mcs 11
slot 15 index 0 rnti 6050 mcs 11
slot 16 index 0 rnti 6050 mcs 11
slot 4 index 0 rnti 6050 mcs 12
slot 5 index 0 rnti 6050 mcs 12
slot 6 index 0 rnti 6050 mcs 12
slot 14 index 0 rnti 6050 mcs 12
slot 15 index 0 rnti 6050 mcs 12
slot 16 index 0 rnti 6050 mcs 12
slot 4 index 0 rnti 6050 mcs 12
slot 5 index 0 rnti 6050 mcs 12
slot 6 index 0 rnti 6050 mcs 12
slot 14 index 0 rnti 6050 mcs 12
slot 15 index 0 rnti 6050 mcs 12
slot 16 index 0 rnti 6050 mcs 12
slot 4 index 0 rnti 6050 mcs 12
slot 5 index 0 rnti 6050 mcs 12
slot 6 index 0 rnti 6050 mcs 12
slot 14 index 0 rnti 6050 mcs 12
slot 15 index 0 rnti 6050 mcs 12
slot 16 index 0 rnti 6050 mcs 12
slot 4 index 0 rnti 6050 mcs 12
slot 5 index 0 rnti 6050 mcs 12
slot 6 index 0 rnti 6050 mcs 12
slot 14 index 0 rnti 6050 mcs 12
slot 15 index 0 rnti 6050 mcs 12
slot 16 index 0 rnti 6050 mcs 12
slot 4 index 0 rnti 6050 mcs 12
slot 5 index 0 rnti 6050 mcs 12
slot 6 index 0 rnti 6050 mcs 12
slot 14 index 0 rnti 6050 mcs 12
slot 15 index 0 rnti 6050 mcs 12
slot 16 index 0 rnti 6050 mcs 12
slot 4 index 0 rnti 6050 mcs 12
slot 5 index 0 rnti 6050 mcs 12
slot 6 index 0 rnti 6050 mcs 12
slot 14 index 0 rnti 6050 mcs 12
slot 15 index 0 rnti 6050 mcs 12
slot 16 index 0 rnti 6050 mcs 12
slot 4 index 0 rnti 6050 mcs 12
slot 5 index 0 rnti 6050 mcs 12
slot 6 index 0 rnti 6050 mcs 12
slot 14 index 0 rnti 6050 mcs 12
slot 15 index 0 rnti 6050 mcs 12
slot 16 index 0 rnti 6050 mcs 12
slot 4 index 0 rnti 6050 mcs 12
slot 5 index 0 rnti 6050 mcs 12
slot 6 index 0 rnti 6050 mcs 12
slot 14 index 0 rnti 6050 mcs 12
slot 15 index 0 rnti 6050 mcs 12
slot 16 index 0 rnti 6050 mcs 12
slot 4 index 0 rnti 6050 mcs 12
slot 5 index 0 rnti 6050 mcs 12
slot 6 index 0 rnti 6050 mcs 12
slot 14 index 0 rnti 6050 mcs 12
slot 15 index 0 rnti 6050 mcs 12
slot 16 index 0 rnti 6050 mcs 12
slot 4 index 0 rnti 6050 mcs 12
slot 5 index 0 rnti 6050 mcs 12
slot 6 index 0 rnti 6050 mcs 12
slot 14 index 0 rnti 6050 mcs 12
slot 15 index 0 rnti 6050 mcs 12
slot 16 index 0 rnti 6050 mcs 12
slot 4 index 0 rnti 6050 mcs 13
slot 5 index 0 rnti 6050 mcs 13
slot 6 index 0 rnti 6050 mcs 13
slot 14 index 0 rnti 6050 mcs 13
slot 15 index 0 rnti 6050 mcs 13
slot 16 index 0 rnti 6050 mcs 13
slot 4 index 0 rnti 6050 mcs 13
slot 5 index 0 rnti 6050 mcs 13
slot 6 index 0 rnti 6050 mcs 13
slot 14 index 0 rnti 6050 mcs 13
slot 15 index 0 rnti 6050 mcs 13
slot 16 index 0 rnti 6050 mcs 13
slot 4 index 0 rnti 6050 mcs 13
slot 5 index 0 rnti 6050 mcs 13
slot 6 index 0 rnti 6050 mcs 13
slot 14 index 0 rnti 6050 mcs 13
slot 15 index 0 rnti 6050 mcs 13
slot 16 index 0 rnti 6050 mcs 13
slot 4 index 0 rnti 6050 mcs 13
slot 5 index 0 rnti 6050 mcs 13
slot 6 index 0 rnti 6050 mcs 13
slot 14 index 0 rnti 6050 mcs 13
slot 15 index 0 rnti 6050 mcs 13
slot 16 index 0 rnti 6050 mcs 13
slot 4 index 0 rnti 6050 mcs 13
slot 5 index 0 rnti 6050 mcs 13
slot 6 index 0 rnti 6050 mcs 13
slot 14 index 0 rnti 6050 mcs 13
slot 15 index 0 rnti 6050 mcs 13
slot 16 index 0 rnti 6050 mcs 13
slot 4 index 0 rnti 6050 mcs 13
slot 5 index 0 rnti 6050 mcs 13
slot 6 index 0 rnti 6050 mcs 13
slot 14 index 0 rnti 6050 mcs 13
slot 15 index 0 rnti 6050 mcs 13
slot 16 index 0 rnti 6050 mcs 13
slot 4 index 0 rnti 6050 mcs 13
slot 5 index 0 rnti 6050 mcs 13
slot 6 index 0 rnti 6050 mcs 13
slot 14 index 0 rnti 6050 mcs 13
slot 15 index 0 rnti 6050 mcs 13
slot 16 index 0 rnti 6050 mcs 13
slot 4 index 0 rnti 6050 mcs 13
slot 5 index 0 rnti 6050 mcs 13
slot 6 index 0 rnti 6050 mcs 13
slot 14 index 0 rnti 6050 mcs 13
slot 15 index 0 rnti 6050 mcs 13
slot 16 index 0 rnti 6050 mcs 13
slot 4 index 0 rnti 6050 mcs 13
slot 5 index 0 rnti 6050 mcs 13
slot 6 index 0 rnti 6050 mcs 13
slot 14 index 0 rnti 6050 mcs 13
slot 15 index 0 rnti 6050 mcs 13
slot 16 index 0 rnti 6050 mcs 13
slot 4 index 0 rnti 6050 mcs 13
slot 5 index 0 rnti 6050 mcs 13
slot 6 index 0 rnti 6050 mcs 13
slot 14 index 0 rnti 6050 mcs 13
slot 15 index 0 rnti 6050 mcs 13
slot 16 index 0 rnti 6050 mcs 13
slot 4 index 0 rnti 6050 mcs 14
slot 5 index 0 rnti 6050 mcs 14
slot 6 index 0 rnti 6050 mcs 14
slot 14 index 0 rnti 6050 mcs 14
slot 15 index 0 rnti 6050 mcs 14
slot 16 index 0 rnti 6050 mcs 14
slot 4 index 0 rnti 6050 mcs 14
slot 5 index 0 rnti 6050 mcs 14
slot 6 index 0 rnti 6050 mcs 14
slot 14 index 0 rnti 6050 mcs 14
slot 15 index 0 rnti 6050 mcs 14
slot 16 index 0 rnti 6050 mcs 14
slot 4 index 0 rnti 6050 mcs 14
slot 5 index 0 rnti 6050 mcs 14
slot 6 index 0 rnti 6050 mcs 14
slot 14 index 0 rnti 6050 mcs 14
slot 15 index 0 rnti 6050 mcs 14
slot 16 index 0 rnti 6050 mcs 14
slot 4 index 0 rnti 6050 mcs 14
slot 5 index 0 rnti 6050 mcs 14
slot 6 index 0 rnti 6050 mcs 14
slot 14 index 0 rnti 6050 mcs 14
slot 15 index 0 rnti 6050 mcs 14
slot 16 index 0 rnti 6050 mcs 14
slot 4 index 0 rnti 6050 mcs 14
slot 5 index 0 rnti 6050 mcs 14
slot 6 index 0 rnti 6050 mcs 14
slot 14 index 0 rnti 6050 mcs 14
slot 15 index 0 rnti 6050 mcs 14
slot 16 index 0 rnti 6050 mcs 14
slot 4 index 0 rnti 6050 mcs 14
slot 5 index 0 rnti 6050 mcs 14
slot 6 index 0 rnti 6050 mcs 14
slot 14 index 0 rnti 6050 mcs 14
slot 15 index 0 rnti 6050 mcs 14
slot 16 index 0 rnti 6050 mcs 14
[UE-STAT] frame=700 dci_cnt=355 total_tbs=7486264 ack_real=312 nack_real=0 fb_missing=38 decode_cnt=353
slot 4 index 0 rnti 6050 mcs 14
slot 5 index 0 rnti 6050 mcs 14
slot 6 index 0 rnti 6050 mcs 14
slot 14 index 0 rnti 6050 mcs 14
slot 15 index 0 rnti 6050 mcs 14
slot 16 index 0 rnti 6050 mcs 14
slot 4 index 0 rnti 6050 mcs 14
slot 5 index 0 rnti 6050 mcs 14
slot 6 index 0 rnti 6050 mcs 14
slot 14 index 0 rnti 6050 mcs 14
slot 15 index 0 rnti 6050 mcs 14
slot 16 index 0 rnti 6050 mcs 14
slot 4 index 0 rnti 6050 mcs 14
slot 5 index 0 rnti 6050 mcs 14
slot 6 index 0 rnti 6050 mcs 14
slot 14 index 0 rnti 6050 mcs 14
slot 15 index 0 rnti 6050 mcs 14
slot 16 index 0 rnti 6050 mcs 14
slot 4 index 0 rnti 6050 mcs 14
slot 5 index 0 rnti 6050 mcs 14
slot 6 index 0 rnti 6050 mcs 14
slot 14 index 0 rnti 6050 mcs 14
slot 15 index 0 rnti 6050 mcs 14
slot 16 index 0 rnti 6050 mcs 14
slot 4 index 0 rnti 6050 mcs 15
slot 5 index 0 rnti 6050 mcs 15
slot 6 index 0 rnti 6050 mcs 15
slot 14 index 0 rnti 6050 mcs 14
slot 15 index 0 rnti 6050 mcs 15
slot 16 index 0 rnti 6050 mcs 15
slot 4 index 0 rnti 6050 mcs 15
slot 5 index 0 rnti 6050 mcs 15
slot 6 index 0 rnti 6050 mcs 15
slot 14 index 0 rnti 6050 mcs 15
slot 15 index 0 rnti 6050 mcs 15
slot 16 index 0 rnti 6050 mcs 15
slot 4 index 0 rnti 6050 mcs 15
slot 5 index 0 rnti 6050 mcs 15
slot 6 index 0 rnti 6050 mcs 15
slot 14 index 0 rnti 6050 mcs 15
slot 15 index 0 rnti 6050 mcs 15
slot 16 index 0 rnti 6050 mcs 15
slot 4 index 0 rnti 6050 mcs 15
slot 5 index 0 rnti 6050 mcs 15
slot 6 index 0 rnti 6050 mcs 15
slot 14 index 0 rnti 6050 mcs 15
slot 15 index 0 rnti 6050 mcs 15
slot 16 index 0 rnti 6050 mcs 15
slot 4 index 0 rnti 6050 mcs 15
slot 5 index 0 rnti 6050 mcs 15
slot 6 index 0 rnti 6050 mcs 15
slot 14 index 0 rnti 6050 mcs 15
slot 15 index 0 rnti 6050 mcs 15
slot 16 index 0 rnti 6050 mcs 15
slot 4 index 0 rnti 6050 mcs 15
slot 5 index 0 rnti 6050 mcs 15
slot 6 index 0 rnti 6050 mcs 15
slot 14 index 0 rnti 6050 mcs 15
slot 15 index 0 rnti 6050 mcs 15
slot 16 index 0 rnti 6050 mcs 15
slot 4 index 0 rnti 6050 mcs 15
slot 5 index 0 rnti 6050 mcs 15
slot 6 index 0 rnti 6050 mcs 15
slot 14 index 0 rnti 6050 mcs 15
slot 15 index 0 rnti 6050 mcs 15
slot 16 index 0 rnti 6050 mcs 15
slot 4 index 0 rnti 6050 mcs 15
slot 5 index 0 rnti 6050 mcs 15
slot 6 index 0 rnti 6050 mcs 15
slot 14 index 0 rnti 6050 mcs 15
slot 15 index 0 rnti 6050 mcs 15
slot 16 index 0 rnti 6050 mcs 15
slot 4 index 0 rnti 6050 mcs 15
slot 5 index 0 rnti 6050 mcs 15
slot 6 index 0 rnti 6050 mcs 15
slot 14 index 0 rnti 6050 mcs 15
slot 15 index 0 rnti 6050 mcs 15
slot 16 index 0 rnti 6050 mcs 15
slot 4 index 0 rnti 6050 mcs 15
slot 5 index 0 rnti 6050 mcs 15
slot 6 index 0 rnti 6050 mcs 15
slot 14 index 0 rnti 6050 mcs 15
slot 15 index 0 rnti 6050 mcs 15
slot 16 index 0 rnti 6050 mcs 15
slot 4 index 0 rnti 6050 mcs 16
slot 5 index 0 rnti 6050 mcs 16
slot 6 index 0 rnti 6050 mcs 16
slot 14 index 0 rnti 6050 mcs 16
slot 15 index 0 rnti 6050 mcs 16
slot 16 index 0 rnti 6050 mcs 16
slot 4 index 0 rnti 6050 mcs 16
slot 5 index 0 rnti 6050 mcs 16
slot 6 index 0 rnti 6050 mcs 16
slot 14 index 0 rnti 6050 mcs 16
slot 15 index 0 rnti 6050 mcs 16
slot 16 index 0 rnti 6050 mcs 16
slot 4 index 0 rnti 6050 mcs 16
slot 5 index 0 rnti 6050 mcs 16
slot 6 index 0 rnti 6050 mcs 16
slot 14 index 0 rnti 6050 mcs 16
slot 15 index 0 rnti 6050 mcs 16
slot 16 index 0 rnti 6050 mcs 16
slot 4 index 0 rnti 6050 mcs 16
slot 5 index 0 rnti 6050 mcs 16
slot 6 index 0 rnti 6050 mcs 16
slot 14 index 0 rnti 6050 mcs 16
slot 15 index 0 rnti 6050 mcs 16
slot 16 index 0 rnti 6050 mcs 16
slot 4 index 0 rnti 6050 mcs 16
slot 5 index 0 rnti 6050 mcs 16
slot 6 index 0 rnti 6050 mcs 16
slot 14 index 0 rnti 6050 mcs 16
slot 15 index 0 rnti 6050 mcs 16
slot 16 index 0 rnti 6050 mcs 16
slot 4 index 0 rnti 6050 mcs 16
slot 5 index 0 rnti 6050 mcs 16
slot 6 index 0 rnti 6050 mcs 16
slot 14 index 0 rnti 6050 mcs 16
slot 15 index 0 rnti 6050 mcs 16
slot 16 index 0 rnti 6050 mcs 16
slot 4 index 0 rnti 6050 mcs 16
slot 5 index 0 rnti 6050 mcs 16
slot 6 index 0 rnti 6050 mcs 16
slot 14 index 0 rnti 6050 mcs 16
slot 15 index 0 rnti 6050 mcs 16
slot 16 index 0 rnti 6050 mcs 16
slot 4 index 0 rnti 6050 mcs 16
slot 5 index 0 rnti 6050 mcs 16
slot 6 index 0 rnti 6050 mcs 16
slot 14 index 0 rnti 6050 mcs 16
slot 15 index 0 rnti 6050 mcs 16
slot 16 index 0 rnti 6050 mcs 16
slot 4 index 0 rnti 6050 mcs 16
slot 5 index 0 rnti 6050 mcs 16
slot 6 index 0 rnti 6050 mcs 16
slot 14 index 0 rnti 6050 mcs 16
slot 15 index 0 rnti 6050 mcs 16
slot 16 index 0 rnti 6050 mcs 16
slot 4 index 0 rnti 6050 mcs 16
slot 5 index 0 rnti 6050 mcs 16
slot 6 index 0 rnti 6050 mcs 16
slot 14 index 0 rnti 6050 mcs 16
slot 15 index 0 rnti 6050 mcs 16
slot 16 index 0 rnti 6050 mcs 16
slot 4 index 0 rnti 6050 mcs 17
slot 5 index 0 rnti 6050 mcs 17
slot 6 index 0 rnti 6050 mcs 17
slot 14 index 0 rnti 6050 mcs 17
slot 15 index 0 rnti 6050 mcs 17
slot 16 index 0 rnti 6050 mcs 17
slot 4 index 0 rnti 6050 mcs 17
slot 5 index 0 rnti 6050 mcs 17
slot 6 index 0 rnti 6050 mcs 17
slot 14 index 0 rnti 6050 mcs 17
slot 15 index 0 rnti 6050 mcs 17
slot 16 index 0 rnti 6050 mcs 17
slot 4 index 0 rnti 6050 mcs 17
slot 5 index 0 rnti 6050 mcs 17
slot 6 index 0 rnti 6050 mcs 17
slot 14 index 0 rnti 6050 mcs 17
slot 15 index 0 rnti 6050 mcs 17
slot 16 index 0 rnti 6050 mcs 17
slot 4 index 0 rnti 6050 mcs 17
slot 5 index 0 rnti 6050 mcs 17
slot 6 index 0 rnti 6050 mcs 17
slot 14 index 0 rnti 6050 mcs 17
slot 15 index 0 rnti 6050 mcs 17
slot 16 index 0 rnti 6050 mcs 17
slot 4 index 0 rnti 6050 mcs 17
slot 5 index 0 rnti 6050 mcs 17
slot 6 index 0 rnti 6050 mcs 17
slot 14 index 0 rnti 6050 mcs 17
slot 15 index 0 rnti 6050 mcs 17
slot 16 index 0 rnti 6050 mcs 17
slot 4 index 0 rnti 6050 mcs 17
slot 5 index 0 rnti 6050 mcs 17
slot 6 index 0 rnti 6050 mcs 17
slot 14 index 0 rnti 6050 mcs 17
slot 15 index 0 rnti 6050 mcs 17
slot 16 index 0 rnti 6050 mcs 17
slot 4 index 0 rnti 6050 mcs 17
slot 5 index 0 rnti 6050 mcs 17
slot 6 index 0 rnti 6050 mcs 17
slot 14 index 0 rnti 6050 mcs 17
slot 15 index 0 rnti 6050 mcs 17
slot 16 index 0 rnti 6050 mcs 17
slot 4 index 0 rnti 6050 mcs 17
slot 5 index 0 rnti 6050 mcs 17
slot 6 index 0 rnti 6050 mcs 17
slot 14 index 0 rnti 6050 mcs 17
slot 15 index 0 rnti 6050 mcs 17
slot 16 index 0 rnti 6050 mcs 17
slot 4 index 0 rnti 6050 mcs 17
slot 5 index 0 rnti 6050 mcs 17
slot 6 index 0 rnti 6050 mcs 17
slot 14 index 0 rnti 6050 mcs 17
slot 15 index 0 rnti 6050 mcs 17
slot 16 index 0 rnti 6050 mcs 17
slot 4 index 0 rnti 6050 mcs 17
slot 5 index 0 rnti 6050 mcs 17
slot 6 index 0 rnti 6050 mcs 17
slot 14 index 0 rnti 6050 mcs 17
slot 15 index 0 rnti 6050 mcs 17
slot 16 index 0 rnti 6050 mcs 17
slot 4 index 0 rnti 6050 mcs 18
slot 5 index 0 rnti 6050 mcs 18
slot 6 index 0 rnti 6050 mcs 18
slot 14 index 0 rnti 6050 mcs 18
slot 15 index 0 rnti 6050 mcs 18
slot 16 index 0 rnti 6050 mcs 18
slot 4 index 0 rnti 6050 mcs 18
slot 5 index 0 rnti 6050 mcs 18
slot 6 index 0 rnti 6050 mcs 18
slot 14 index 0 rnti 6050 mcs 18
slot 15 index 0 rnti 6050 mcs 18
slot 16 index 0 rnti 6050 mcs 18
slot 4 index 0 rnti 6050 mcs 18
slot 5 index 0 rnti 6050 mcs 18
slot 6 index 0 rnti 6050 mcs 18
slot 14 index 0 rnti 6050 mcs 18
slot 15 index 0 rnti 6050 mcs 18
slot 16 index 0 rnti 6050 mcs 18
slot 4 index 0 rnti 6050 mcs 18
slot 5 index 0 rnti 6050 mcs 18
slot 6 index 0 rnti 6050 mcs 18
slot 14 index 0 rnti 6050 mcs 18
slot 15 index 0 rnti 6050 mcs 18
slot 16 index 0 rnti 6050 mcs 18
slot 4 index 0 rnti 6050 mcs 18
slot 5 index 0 rnti 6050 mcs 18
slot 6 index 0 rnti 6050 mcs 18
slot 14 index 0 rnti 6050 mcs 18
slot 15 index 0 rnti 6050 mcs 18
slot 16 index 0 rnti 6050 mcs 18
slot 4 index 0 rnti 6050 mcs 18
slot 5 index 0 rnti 6050 mcs 18
slot 6 index 0 rnti 6050 mcs 18
slot 14 index 0 rnti 6050 mcs 18
slot 15 index 0 rnti 6050 mcs 18
slot 16 index 0 rnti 6050 mcs 18
slot 4 index 0 rnti 6050 mcs 18
slot 5 index 0 rnti 6050 mcs 18
slot 6 index 0 rnti 6050 mcs 18
slot 14 index 0 rnti 6050 mcs 18
slot 15 index 0 rnti 6050 mcs 18
slot 16 index 0 rnti 6050 mcs 18
slot 4 index 0 rnti 6050 mcs 18
slot 5 index 0 rnti 6050 mcs 18
slot 6 index 0 rnti 6050 mcs 18
slot 14 index 0 rnti 6050 mcs 18
slot 15 index 0 rnti 6050 mcs 18
slot 16 index 0 rnti 6050 mcs 18
slot 4 index 0 rnti 6050 mcs 18
slot 5 index 0 rnti 6050 mcs 18
slot 6 index 0 rnti 6050 mcs 18
slot 14 index 0 rnti 6050 mcs 18
slot 15 index 0 rnti 6050 mcs 18
slot 16 index 0 rnti 6050 mcs 18
slot 4 index 0 rnti 6050 mcs 18
slot 5 index 0 rnti 6050 mcs 18
slot 6 index 0 rnti 6050 mcs 18
slot 14 index 0 rnti 6050 mcs 18
slot 15 index 0 rnti 6050 mcs 18
slot 16 index 0 rnti 6050 mcs 18
slot 4 index 0 rnti 6050 mcs 19
slot 5 index 0 rnti 6050 mcs 19
slot 6 index 0 rnti 6050 mcs 19
slot 14 index 0 rnti 6050 mcs 19
slot 15 index 0 rnti 6050 mcs 19
slot 16 index 0 rnti 6050 mcs 19
slot 4 index 0 rnti 6050 mcs 19
slot 5 index 0 rnti 6050 mcs 19
slot 6 index 0 rnti 6050 mcs 19
slot 14 index 0 rnti 6050 mcs 19
slot 15 index 0 rnti 6050 mcs 19
slot 16 index 0 rnti 6050 mcs 19
slot 4 index 0 rnti 6050 mcs 19
slot 5 index 0 rnti 6050 mcs 19
slot 6 index 0 rnti 6050 mcs 19
slot 14 index 0 rnti 6050 mcs 19
slot 15 index 0 rnti 6050 mcs 19
slot 16 index 0 rnti 6050 mcs 19
slot 4 index 0 rnti 6050 mcs 19
slot 5 index 0 rnti 6050 mcs 19
slot 6 index 0 rnti 6050 mcs 19
slot 14 index 0 rnti 6050 mcs 19
slot 15 index 0 rnti 6050 mcs 19
slot 16 index 0 rnti 6050 mcs 19
slot 4 index 0 rnti 6050 mcs 19
slot 5 index 0 rnti 6050 mcs 19
slot 6 index 0 rnti 6050 mcs 19
slot 14 index 0 rnti 6050 mcs 19
slot 15 index 0 rnti 6050 mcs 19
slot 16 index 0 rnti 6050 mcs 19
slot 4 index 0 rnti 6050 mcs 19
slot 5 index 0 rnti 6050 mcs 19
slot 6 index 0 rnti 6050 mcs 19
slot 14 index 0 rnti 6050 mcs 19
slot 15 index 0 rnti 6050 mcs 19
slot 16 index 0 rnti 6050 mcs 19
slot 4 index 0 rnti 6050 mcs 19
slot 5 index 0 rnti 6050 mcs 19
slot 6 index 0 rnti 6050 mcs 19
slot 14 index 0 rnti 6050 mcs 19
slot 15 index 0 rnti 6050 mcs 19
slot 16 index 0 rnti 6050 mcs 19
slot 4 index 0 rnti 6050 mcs 19
slot 5 index 0 rnti 6050 mcs 19
slot 6 index 0 rnti 6050 mcs 19
slot 14 index 0 rnti 6050 mcs 19
slot 15 index 0 rnti 6050 mcs 19
slot 16 index 0 rnti 6050 mcs 19
slot 4 index 0 rnti 6050 mcs 19
slot 5 index 0 rnti 6050 mcs 19
slot 6 index 0 rnti 6050 mcs 19
slot 14 index 0 rnti 6050 mcs 19
slot 15 index 0 rnti 6050 mcs 19
slot 16 index 0 rnti 6050 mcs 19
slot 4 index 0 rnti 6050 mcs 19
slot 5 index 0 rnti 6050 mcs 19
slot 6 index 0 rnti 6050 mcs 19
slot 14 index 0 rnti 6050 mcs 19
slot 15 index 0 rnti 6050 mcs 19
slot 16 index 0 rnti 6050 mcs 19
slot 4 index 0 rnti 6050 mcs 20
slot 5 index 0 rnti 6050 mcs 20
slot 6 index 0 rnti 6050 mcs 20
slot 14 index 0 rnti 6050 mcs 20
slot 15 index 0 rnti 6050 mcs 20
slot 16 index 0 rnti 6050 mcs 20
slot 4 index 0 rnti 6050 mcs 20
slot 5 index 0 rnti 6050 mcs 20
slot 6 index 0 rnti 6050 mcs 20
slot 14 index 0 rnti 6050 mcs 20
slot 15 index 0 rnti 6050 mcs 20
slot 16 index 0 rnti 6050 mcs 20
slot 4 index 0 rnti 6050 mcs 20
slot 5 index 0 rnti 6050 mcs 20
slot 6 index 0 rnti 6050 mcs 20
slot 14 index 0 rnti 6050 mcs 20
slot 15 index 0 rnti 6050 mcs 20
slot 16 index 0 rnti 6050 mcs 20
slot 4 index 0 rnti 6050 mcs 20
slot 5 index 0 rnti 6050 mcs 20
slot 6 index 0 rnti 6050 mcs 20
slot 14 index 0 rnti 6050 mcs 20
slot 15 index 0 rnti 6050 mcs 20
slot 16 index 0 rnti 6050 mcs 20
slot 4 index 0 rnti 6050 mcs 20
slot 5 index 0 rnti 6050 mcs 20
slot 6 index 0 rnti 6050 mcs 20
slot 14 index 0 rnti 6050 mcs 20
slot 15 index 0 rnti 6050 mcs 20
slot 16 index 0 rnti 6050 mcs 20
slot 4 index 0 rnti 6050 mcs 20
slot 5 index 0 rnti 6050 mcs 20
slot 6 index 0 rnti 6050 mcs 20
slot 14 index 0 rnti 6050 mcs 20
slot 15 index 0 rnti 6050 mcs 20
slot 16 index 0 rnti 6050 mcs 20
slot 4 index 0 rnti 6050 mcs 20
slot 5 index 0 rnti 6050 mcs 20
slot 6 index 0 rnti 6050 mcs 20
slot 14 index 0 rnti 6050 mcs 20
slot 15 index 0 rnti 6050 mcs 20
slot 16 index 0 rnti 6050 mcs 20
slot 4 index 0 rnti 6050 mcs 20
slot 5 index 0 rnti 6050 mcs 20
slot 6 index 0 rnti 6050 mcs 20
slot 14 index 0 rnti 6050 mcs 20
slot 15 index 0 rnti 6050 mcs 20
slot 16 index 0 rnti 6050 mcs 20
slot 4 index 0 rnti 6050 mcs 20
slot 5 index 0 rnti 6050 mcs 20
slot 6 index 0 rnti 6050 mcs 20
slot 14 index 0 rnti 6050 mcs 20
slot 15 index 0 rnti 6050 mcs 20
slot 16 index 0 rnti 6050 mcs 20
slot 4 index 0 rnti 6050 mcs 20
slot 5 index 0 rnti 6050 mcs 20
slot 6 index 0 rnti 6050 mcs 20
slot 14 index 0 rnti 6050 mcs 20
slot 15 index 0 rnti 6050 mcs 20
slot 16 index 0 rnti 6050 mcs 20
slot 4 index 0 rnti 6050 mcs 21
slot 5 index 0 rnti 6050 mcs 21
slot 6 index 0 rnti 6050 mcs 21
slot 14 index 0 rnti 6050 mcs 21
slot 15 index 0 rnti 6050 mcs 21
slot 16 index 0 rnti 6050 mcs 21
slot 4 index 0 rnti 6050 mcs 21
slot 5 index 0 rnti 6050 mcs 21
slot 6 index 0 rnti 6050 mcs 21
slot 14 index 0 rnti 6050 mcs 21
slot 15 index 0 rnti 6050 mcs 21
slot 16 index 0 rnti 6050 mcs 21
slot 4 index 0 rnti 6050 mcs 21
slot 5 index 0 rnti 6050 mcs 21
slot 6 index 0 rnti 6050 mcs 21
slot 14 index 0 rnti 6050 mcs 21
slot 15 index 0 rnti 6050 mcs 21
slot 16 index 0 rnti 6050 mcs 21
slot 4 index 0 rnti 6050 mcs 21
slot 5 index 0 rnti 6050 mcs 21
slot 6 index 0 rnti 6050 mcs 21
slot 14 index 0 rnti 6050 mcs 21
slot 15 index 0 rnti 6050 mcs 21
slot 16 index 0 rnti 6050 mcs 21
slot 4 index 0 rnti 6050 mcs 21
slot 5 index 0 rnti 6050 mcs 21
slot 6 index 0 rnti 6050 mcs 21
slot 14 index 0 rnti 6050 mcs 21
slot 15 index 0 rnti 6050 mcs 21
slot 16 index 0 rnti 6050 mcs 21
slot 4 index 0 rnti 6050 mcs 21
slot 5 index 0 rnti 6050 mcs 21
slot 6 index 0 rnti 6050 mcs 21
slot 14 index 0 rnti 6050 mcs 21
slot 15 index 0 rnti 6050 mcs 21
slot 16 index 0 rnti 6050 mcs 21
slot 4 index 0 rnti 6050 mcs 21
slot 5 index 0 rnti 6050 mcs 21
slot 6 index 0 rnti 6050 mcs 21
slot 14 index 0 rnti 6050 mcs 21
slot 15 index 0 rnti 6050 mcs 21
slot 16 index 0 rnti 6050 mcs 21
slot 4 index 0 rnti 6050 mcs 21
slot 5 index 0 rnti 6050 mcs 21
slot 6 index 0 rnti 6050 mcs 21
slot 14 index 0 rnti 6050 mcs 21
slot 15 index 0 rnti 6050 mcs 21
slot 16 index 0 rnti 6050 mcs 21
slot 4 index 0 rnti 6050 mcs 21
slot 5 index 0 rnti 6050 mcs 21
slot 6 index 0 rnti 6050 mcs 21
slot 14 index 0 rnti 6050 mcs 21
slot 15 index 0 rnti 6050 mcs 21
slot 16 index 0 rnti 6050 mcs 21
slot 4 index 0 rnti 6050 mcs 21
slot 5 index 0 rnti 6050 mcs 21
slot 6 index 0 rnti 6050 mcs 21
slot 14 index 0 rnti 6050 mcs 21
slot 15 index 0 rnti 6050 mcs 21
slot 16 index 0 rnti 6050 mcs 21
slot 4 index 0 rnti 6050 mcs 22
slot 5 index 0 rnti 6050 mcs 22
slot 6 index 0 rnti 6050 mcs 22
slot 14 index 0 rnti 6050 mcs 22
slot 15 index 0 rnti 6050 mcs 22
slot 16 index 0 rnti 6050 mcs 22
slot 4 index 0 rnti 6050 mcs 22
slot 5 index 0 rnti 6050 mcs 22
slot 6 index 0 rnti 6050 mcs 22
slot 14 index 0 rnti 6050 mcs 22
slot 15 index 0 rnti 6050 mcs 22
slot 16 index 0 rnti 6050 mcs 22
slot 4 index 0 rnti 6050 mcs 22
slot 5 index 0 rnti 6050 mcs 22
slot 6 index 0 rnti 6050 mcs 22
slot 14 index 0 rnti 6050 mcs 22
slot 15 index 0 rnti 6050 mcs 22
slot 16 index 0 rnti 6050 mcs 22
slot 4 index 0 rnti 6050 mcs 22
slot 5 index 0 rnti 6050 mcs 22
slot 6 index 0 rnti 6050 mcs 22
slot 14 index 0 rnti 6050 mcs 22
slot 15 index 0 rnti 6050 mcs 22
slot 16 index 0 rnti 6050 mcs 22
slot 4 index 0 rnti 6050 mcs 22
slot 5 index 0 rnti 6050 mcs 22
slot 6 index 0 rnti 6050 mcs 22
slot 14 index 0 rnti 6050 mcs 22
slot 15 index 0 rnti 6050 mcs 22
slot 16 index 0 rnti 6050 mcs 22
slot 4 index 0 rnti 6050 mcs 22
slot 5 index 0 rnti 6050 mcs 22
slot 6 index 0 rnti 6050 mcs 22
slot 14 index 0 rnti 6050 mcs 22
slot 15 index 0 rnti 6050 mcs 22
slot 16 index 0 rnti 6050 mcs 22
slot 4 index 0 rnti 6050 mcs 22
slot 5 index 0 rnti 6050 mcs 22
slot 6 index 0 rnti 6050 mcs 22
slot 14 index 0 rnti 6050 mcs 22
slot 15 index 0 rnti 6050 mcs 22
slot 16 index 0 rnti 6050 mcs 22
slot 4 index 0 rnti 6050 mcs 22
slot 5 index 0 rnti 6050 mcs 22
slot 6 index 0 rnti 6050 mcs 22
slot 14 index 0 rnti 6050 mcs 22
slot 15 index 0 rnti 6050 mcs 22
slot 16 index 0 rnti 6050 mcs 22
slot 4 index 0 rnti 6050 mcs 22
slot 5 index 0 rnti 6050 mcs 22
slot 6 index 0 rnti 6050 mcs 22
slot 14 index 0 rnti 6050 mcs 22
slot 15 index 0 rnti 6050 mcs 22
slot 16 index 0 rnti 6050 mcs 22
slot 4 index 0 rnti 6050 mcs 22
slot 5 index 0 rnti 6050 mcs 22
slot 6 index 0 rnti 6050 mcs 22
slot 14 index 0 rnti 6050 mcs 22
slot 15 index 0 rnti 6050 mcs 22
slot 16 index 0 rnti 6050 mcs 22
slot 4 index 0 rnti 6050 mcs 23
slot 5 index 0 rnti 6050 mcs 23
slot 6 index 0 rnti 6050 mcs 23
slot 14 index 0 rnti 6050 mcs 22
slot 15 index 0 rnti 6050 mcs 23
slot 16 index 0 rnti 6050 mcs 23
slot 4 index 0 rnti 6050 mcs 23
slot 5 index 0 rnti 6050 mcs 23
slot 6 index 0 rnti 6050 mcs 23
slot 14 index 0 rnti 6050 mcs 23
slot 15 index 0 rnti 6050 mcs 23
slot 16 index 0 rnti 6050 mcs 23
slot 4 index 0 rnti 6050 mcs 23
slot 5 index 0 rnti 6050 mcs 23
slot 6 index 0 rnti 6050 mcs 23
slot 14 index 0 rnti 6050 mcs 23
slot 15 index 0 rnti 6050 mcs 23
slot 16 index 0 rnti 6050 mcs 23
slot 4 index 0 rnti 6050 mcs 23
slot 5 index 0 rnti 6050 mcs 23
slot 6 index 0 rnti 6050 mcs 23
slot 14 index 0 rnti 6050 mcs 23
slot 15 index 0 rnti 6050 mcs 23
slot 16 index 0 rnti 6050 mcs 23
slot 4 index 0 rnti 6050 mcs 23
slot 5 index 0 rnti 6050 mcs 23
slot 6 index 0 rnti 6050 mcs 23
slot 14 index 0 rnti 6050 mcs 23
slot 15 index 0 rnti 6050 mcs 23
slot 16 index 0 rnti 6050 mcs 23
slot 4 index 0 rnti 6050 mcs 23
slot 5 index 0 rnti 6050 mcs 23
slot 6 index 0 rnti 6050 mcs 23
slot 14 index 0 rnti 6050 mcs 23
slot 15 index 0 rnti 6050 mcs 23
slot 16 index 0 rnti 6050 mcs 23
slot 4 index 0 rnti 6050 mcs 23
slot 5 index 0 rnti 6050 mcs 23
slot 6 index 0 rnti 6050 mcs 23
slot 14 index 0 rnti 6050 mcs 23
slot 15 index 0 rnti 6050 mcs 23
slot 16 index 0 rnti 6050 mcs 23
slot 4 index 0 rnti 6050 mcs 23
slot 5 index 0 rnti 6050 mcs 23
slot 6 index 0 rnti 6050 mcs 23
slot 14 index 0 rnti 6050 mcs 23
slot 15 index 0 rnti 6050 mcs 23
slot 16 index 0 rnti 6050 mcs 23
slot 4 index 0 rnti 6050 mcs 23
slot 5 index 0 rnti 6050 mcs 23
slot 6 index 0 rnti 6050 mcs 23
slot 14 index 0 rnti 6050 mcs 23
slot 15 index 0 rnti 6050 mcs 23
slot 16 index 0 rnti 6050 mcs 23
slot 4 index 0 rnti 6050 mcs 23
slot 5 index 0 rnti 6050 mcs 23
slot 6 index 0 rnti 6050 mcs 23
slot 14 index 0 rnti 6050 mcs 23
slot 15 index 0 rnti 6050 mcs 23
slot 16 index 0 rnti 6050 mcs 23
slot 4 index 0 rnti 6050 mcs 24
slot 5 index 0 rnti 6050 mcs 24
slot 6 index 0 rnti 6050 mcs 24
slot 14 index 0 rnti 6050 mcs 24
slot 15 index 0 rnti 6050 mcs 24
slot 16 index 0 rnti 6050 mcs 24
slot 4 index 0 rnti 6050 mcs 24
slot 5 index 0 rnti 6050 mcs 24
slot 6 index 0 rnti 6050 mcs 24
slot 14 index 0 rnti 6050 mcs 24
slot 15 index 0 rnti 6050 mcs 24
slot 16 index 0 rnti 6050 mcs 24
slot 4 index 0 rnti 6050 mcs 24
slot 5 index 0 rnti 6050 mcs 24
slot 6 index 0 rnti 6050 mcs 24
slot 14 index 0 rnti 6050 mcs 24
slot 15 index 0 rnti 6050 mcs 24
slot 16 index 0 rnti 6050 mcs 24
slot 4 index 0 rnti 6050 mcs 24
slot 5 index 0 rnti 6050 mcs 24
slot 6 index 0 rnti 6050 mcs 24
slot 14 index 0 rnti 6050 mcs 24
slot 15 index 0 rnti 6050 mcs 24
slot 16 index 0 rnti 6050 mcs 24
slot 4 index 0 rnti 6050 mcs 24
slot 5 index 0 rnti 6050 mcs 24
slot 6 index 0 rnti 6050 mcs 24
slot 14 index 0 rnti 6050 mcs 24
slot 15 index 0 rnti 6050 mcs 24
slot 16 index 0 rnti 6050 mcs 24
slot 4 index 0 rnti 6050 mcs 24
slot 5 index 0 rnti 6050 mcs 24
slot 6 index 0 rnti 6050 mcs 24
slot 14 index 0 rnti 6050 mcs 24
slot 15 index 0 rnti 6050 mcs 24
slot 16 index 0 rnti 6050 mcs 24
[UE-STAT] frame=800 dci_cnt=600 total_tbs=28636840 ack_real=524 nack_real=0 fb_missing=76 decode_cnt=600
slot 4 index 0 rnti 6050 mcs 24
slot 5 index 0 rnti 6050 mcs 24
slot 6 index 0 rnti 6050 mcs 24
slot 14 index 0 rnti 6050 mcs 24
slot 15 index 0 rnti 6050 mcs 24
slot 16 index 0 rnti 6050 mcs 24
slot 4 index 0 rnti 6050 mcs 24
slot 5 index 0 rnti 6050 mcs 24
slot 6 index 0 rnti 6050 mcs 24
slot 14 index 0 rnti 6050 mcs 24
slot 15 index 0 rnti 6050 mcs 24
slot 16 index 0 rnti 6050 mcs 24
slot 4 index 0 rnti 6050 mcs 24
slot 5 index 0 rnti 6050 mcs 24
slot 6 index 0 rnti 6050 mcs 24
slot 14 index 0 rnti 6050 mcs 24
slot 15 index 0 rnti 6050 mcs 24
slot 16 index 0 rnti 6050 mcs 24
slot 4 index 0 rnti 6050 mcs 24
slot 5 index 0 rnti 6050 mcs 24
slot 6 index 0 rnti 6050 mcs 24
slot 14 index 0 rnti 6050 mcs 24
slot 15 index 0 rnti 6050 mcs 24
slot 16 index 0 rnti 6050 mcs 24
slot 4 index 0 rnti 6050 mcs 25
slot 5 index 0 rnti 6050 mcs 25
slot 6 index 0 rnti 6050 mcs 25
slot 14 index 0 rnti 6050 mcs 25
slot 15 index 0 rnti 6050 mcs 25
slot 16 index 0 rnti 6050 mcs 25
slot 4 index 0 rnti 6050 mcs 25
slot 5 index 0 rnti 6050 mcs 25
slot 6 index 0 rnti 6050 mcs 25
slot 14 index 0 rnti 6050 mcs 25
slot 15 index 0 rnti 6050 mcs 25
slot 16 index 0 rnti 6050 mcs 25
slot 4 index 0 rnti 6050 mcs 25
slot 5 index 0 rnti 6050 mcs 25
slot 6 index 0 rnti 6050 mcs 25
slot 14 index 0 rnti 6050 mcs 25
slot 15 index 0 rnti 6050 mcs 25
slot 16 index 0 rnti 6050 mcs 25
slot 4 index 0 rnti 6050 mcs 25
slot 5 index 0 rnti 6050 mcs 25
slot 6 index 0 rnti 6050 mcs 25
slot 14 index 0 rnti 6050 mcs 25
slot 15 index 0 rnti 6050 mcs 25
slot 16 index 0 rnti 6050 mcs 25
slot 4 index 0 rnti 6050 mcs 25
slot 5 index 0 rnti 6050 mcs 25
slot 6 index 0 rnti 6050 mcs 25
slot 14 index 0 rnti 6050 mcs 25
slot 15 index 0 rnti 6050 mcs 25
slot 16 index 0 rnti 6050 mcs 25
slot 4 index 0 rnti 6050 mcs 25
slot 5 index 0 rnti 6050 mcs 25
slot 6 index 0 rnti 6050 mcs 25
slot 14 index 0 rnti 6050 mcs 25
slot 15 index 0 rnti 6050 mcs 25
slot 16 index 0 rnti 6050 mcs 25
slot 4 index 0 rnti 6050 mcs 25
slot 5 index 0 rnti 6050 mcs 25
slot 6 index 0 rnti 6050 mcs 25
slot 14 index 0 rnti 6050 mcs 25
slot 15 index 0 rnti 6050 mcs 25
slot 16 index 0 rnti 6050 mcs 25
slot 4 index 0 rnti 6050 mcs 25
slot 5 index 0 rnti 6050 mcs 25
slot 6 index 0 rnti 6050 mcs 25
slot 14 index 0 rnti 6050 mcs 25
slot 15 index 0 rnti 6050 mcs 25
slot 16 index 0 rnti 6050 mcs 25
slot 4 index 0 rnti 6050 mcs 25
slot 5 index 0 rnti 6050 mcs 25
slot 6 index 0 rnti 6050 mcs 25
slot 14 index 0 rnti 6050 mcs 25
slot 15 index 0 rnti 6050 mcs 25
slot 16 index 0 rnti 6050 mcs 25
slot 4 index 0 rnti 6050 mcs 25
slot 5 index 0 rnti 6050 mcs 25
slot 6 index 0 rnti 6050 mcs 25
slot 14 index 0 rnti 6050 mcs 25
slot 15 index 0 rnti 6050 mcs 25
slot 16 index 0 rnti 6050 mcs 25
slot 4 index 0 rnti 6050 mcs 26
slot 5 index 0 rnti 6050 mcs 26
slot 6 index 0 rnti 6050 mcs 26
slot 14 index 0 rnti 6050 mcs 26
slot 15 index 0 rnti 6050 mcs 26
slot 16 index 0 rnti 6050 mcs 26
slot 4 index 0 rnti 6050 mcs 26
slot 5 index 0 rnti 6050 mcs 26
slot 6 index 0 rnti 6050 mcs 26
slot 14 index 0 rnti 6050 mcs 26
slot 15 index 0 rnti 6050 mcs 26
slot 16 index 0 rnti 6050 mcs 26
slot 4 index 0 rnti 6050 mcs 26
slot 5 index 0 rnti 6050 mcs 26
slot 6 index 0 rnti 6050 mcs 26
slot 14 index 0 rnti 6050 mcs 26
slot 15 index 0 rnti 6050 mcs 26
slot 16 index 0 rnti 6050 mcs 26
slot 4 index 0 rnti 6050 mcs 26
slot 5 index 0 rnti 6050 mcs 26
[EMURAN-DL-CSV] t=0.064 win_tbs=20 win_fail=0 win_bler=0.00000 mcs_last=26 mcs_min=26 mcs_max=26 r0=19 r1=1 r2=0 r3=0  f0=0 f1=0 f2=0 f3=0 tot_tbs=20 tot_fail=0 tot_bler=0.00000 tot_init=19 tot_retx=1
slot 6 index 0 rnti 6050 mcs 26
slot 14 index 0 rnti 6050 mcs 26
slot 15 index 0 rnti 6050 mcs 26
slot 16 index 0 rnti 6050 mcs 26
slot 4 index 0 rnti 6050 mcs 26
slot 5 index 0 rnti 6050 mcs 26
slot 6 index 0 rnti 6050 mcs 26
slot 14 index 0 rnti 6050 mcs 26
slot 15 index 0 rnti 6050 mcs 26
slot 16 index 0 rnti 6050 mcs 26
slot 4 index 0 rnti 6050 mcs 26
slot 5 index 0 rnti 6050 mcs 26
slot 6 index 0 rnti 6050 mcs 26
slot 14 index 0 rnti 6050 mcs 26
slot 15 index 0 rnti 6050 mcs 26
slot 16 index 0 rnti 6050 mcs 26
slot 4 index 0 rnti 6050 mcs 26
slot 5 index 0 rnti 6050 mcs 26
slot 6 index 0 rnti 6050 mcs 26
slot 14 index 0 rnti 6050 mcs 26
slot 15 index 0 rnti 6050 mcs 26
[EMURAN-DL-CSV] t=0.138 win_tbs=20 win_fail=0 win_bler=0.00000 mcs_last=26 mcs_min=26 mcs_max=26 r0=20 r1=0 r2=0 r3=0  f0=0 f1=0 f2=0 f3=0 tot_tbs=40 tot_fail=0 tot_bler=0.00000 tot_init=39 tot_retx=1
slot 16 index 0 rnti 6050 mcs 26
slot 4 index 0 rnti 6050 mcs 26
slot 5 index 0 rnti 6050 mcs 26
slot 6 index 0 rnti 6050 mcs 26
slot 14 index 0 rnti 6050 mcs 26
slot 15 index 0 rnti 6050 mcs 26
slot 16 index 0 rnti 6050 mcs 26
slot 4 index 0 rnti 6050 mcs 26
slot 5 index 0 rnti 6050 mcs 26
slot 6 index 0 rnti 6050 mcs 26
slot 14 index 0 rnti 6050 mcs 26
slot 15 index 0 rnti 6050 mcs 26
slot 16 index 0 rnti 6050 mcs 26
slot 4 index 0 rnti 6050 mcs 26
slot 5 index 0 rnti 6050 mcs 26
slot 6 index 0 rnti 6050 mcs 26
slot 14 index 0 rnti 6050 mcs 26
slot 15 index 0 rnti 6050 mcs 26
slot 16 index 0 rnti 6050 mcs 26
[EMURAN-DL-CSV] t=0.203 win_tbs=20 win_fail=0 win_bler=0.00000 mcs_last=26 mcs_min=26 mcs_max=26 r0=20 r1=0 r2=0 r3=0  f0=0 f1=0 f2=0 f3=0 tot_tbs=60 tot_fail=0 tot_bler=0.00000 tot_init=59 tot_retx=1
slot 4 index 0 rnti 6050 mcs 27
slot 5 index 0 rnti 6050 mcs 27
slot 6 index 0 rnti 6050 mcs 27
slot 14 index 0 rnti 6050 mcs 27
slot 15 index 0 rnti 6050 mcs 27
slot 16 index 0 rnti 6050 mcs 27
slot 4 index 0 rnti 6050 mcs 27
slot 5 index 0 rnti 6050 mcs 27
slot 6 index 0 rnti 6050 mcs 27
slot 14 index 0 rnti 6050 mcs 27
slot 15 index 0 rnti 6050 mcs 27
slot 16 index 0 rnti 6050 mcs 27
slot 4 index 0 rnti 6050 mcs 27
slot 5 index 0 rnti 6050 mcs 27
slot 6 index 0 rnti 6050 mcs 27
slot 14 index 0 rnti 6050 mcs 27
slot 15 index 0 rnti 6050 mcs 27
slot 16 index 0 rnti 6050 mcs 27
slot 4 index 0 rnti 6050 mcs 27
slot 5 index 0 rnti 6050 mcs 27
[EMURAN-DL-CSV] t=0.275 win_tbs=20 win_fail=0 win_bler=0.00000 mcs_last=27 mcs_min=27 mcs_max=27 r0=20 r1=0 r2=0 r3=0  f0=0 f1=0 f2=0 f3=0 tot_tbs=80 tot_fail=0 tot_bler=0.00000 tot_init=79 tot_retx=1
slot 6 index 0 rnti 6050 mcs 27
slot 14 index 0 rnti 6050 mcs 27
slot 15 index 0 rnti 6050 mcs 27
slot 16 index 0 rnti 6050 mcs 27
slot 4 index 0 rnti 6050 mcs 27
slot 5 index 0 rnti 6050 mcs 27
slot 6 index 0 rnti 6050 mcs 27
slot 14 index 0 rnti 6050 mcs 27
slot 15 index 0 rnti 6050 mcs 27
slot 16 index 0 rnti 6050 mcs 27
slot 4 index 0 rnti 6050 mcs 27
slot 5 index 0 rnti 6050 mcs 27
slot 6 index 0 rnti 6050 mcs 27
slot 14 index 0 rnti 6050 mcs 27
slot 15 index 0 rnti 6050 mcs 27
slot 16 index 0 rnti 6050 mcs 27
slot 4 index 0 rnti 6050 mcs 27
slot 5 index 0 rnti 6050 mcs 27
slot 6 index 0 rnti 6050 mcs 27
slot 14 index 0 rnti 6050 mcs 27
[EMURAN-DL-CSV] t=0.347 win_tbs=20 win_fail=2 win_bler=0.10000 mcs_last=27 mcs_min=27 mcs_max=27 r0=18 r1=2 r2=0 r3=0  f0=2 f1=0 f2=0 f3=0 tot_tbs=100 tot_fail=2 tot_bler=0.02000 tot_init=97 tot_retx=3
slot 15 index 0 rnti 6050 mcs 27
slot 16 index 0 rnti 6050 mcs 27
slot 4 index 0 rnti 6050 mcs 27
slot 5 index 0 rnti 6050 mcs 27
slot 6 index 0 rnti 6050 mcs 27
slot 14 index 0 rnti 6050 mcs 27
slot 15 index 0 rnti 6050 mcs 27
slot 16 index 0 rnti 6050 mcs 27
slot 4 index 0 rnti 6050 mcs 27
slot 5 index 0 rnti 6050 mcs 27
slot 6 index 0 rnti 6050 mcs 27
slot 14 index 0 rnti 6050 mcs 27
slot 15 index 0 rnti 6050 mcs 27
slot 16 index 0 rnti 6050 mcs 27
slot 4 index 0 rnti 6050 mcs 27
slot 5 index 0 rnti 6050 mcs 27
slot 6 index 0 rnti 6050 mcs 27
slot 14 index 0 rnti 6050 mcs 27
slot 15 index 0 rnti 6050 mcs 27
slot 16 index 0 rnti 6050 mcs 27
[EMURAN-DL-CSV] t=0.412 win_tbs=20 win_fail=1 win_bler=0.05000 mcs_last=27 mcs_min=27 mcs_max=27 r0=19 r1=1 r2=0 r3=0  f0=1 f1=0 f2=0 f3=0 tot_tbs=120 tot_fail=3 tot_bler=0.02500 tot_init=116 tot_retx=4
slot 4 index 0 rnti 6050 mcs 28
slot 5 index 0 rnti 6050 mcs 28
slot 6 index 0 rnti 6050 mcs 28
slot 14 index 0 rnti 6050 mcs 28
slot 15 index 0 rnti 6050 mcs 28
slot 16 index 0 rnti 6050 mcs 28
slot 4 index 0 rnti 6050 mcs 28
slot 5 index 0 rnti 6050 mcs 28
slot 6 index 0 rnti 6050 mcs 28
slot 14 index 0 rnti 6050 mcs 28
slot 15 index 0 rnti 6050 mcs 28
slot 16 index 0 rnti 6050 mcs 28
slot 4 index 0 rnti 6050 mcs 28
slot 5 index 0 rnti 6050 mcs 28
slot 6 index 0 rnti 6050 mcs 28
slot 14 index 0 rnti 6050 mcs 28
slot 15 index 0 rnti 6050 mcs 28
slot 16 index 0 rnti 6050 mcs 28
slot 4 index 0 rnti 6050 mcs 28
slot 5 index 0 rnti 6050 mcs 28
[EMURAN-DL-CSV] t=0.485 win_tbs=20 win_fail=0 win_bler=0.00000 mcs_last=28 mcs_min=28 mcs_max=28 r0=20 r1=0 r2=0 r3=0  f0=0 f1=0 f2=0 f3=0 tot_tbs=140 tot_fail=3 tot_bler=0.02143 tot_init=136 tot_retx=4
slot 6 index 0 rnti 6050 mcs 28
slot 14 index 0 rnti 6050 mcs 28
slot 15 index 0 rnti 6050 mcs 28
slot 16 index 0 rnti 6050 mcs 28
slot 4 index 0 rnti 6050 mcs 28
slot 5 index 0 rnti 6050 mcs 28
slot 6 index 0 rnti 6050 mcs 28
slot 14 index 0 rnti 6050 mcs 28
slot 15 index 0 rnti 6050 mcs 28
slot 16 index 0 rnti 6050 mcs 28
slot 4 index 0 rnti 6050 mcs 28
slot 5 index 0 rnti 6050 mcs 28
slot 6 index 0 rnti 6050 mcs 28
slot 14 index 0 rnti 6050 mcs 28
slot 15 index 0 rnti 6050 mcs 28
slot 16 index 0 rnti 6050 mcs 28
slot 4 index 0 rnti 6050 mcs 28
slot 5 index 0 rnti 6050 mcs 28
slot 6 index 0 rnti 6050 mcs 28
slot 14 index 0 rnti 6050 mcs 28
[EMURAN-DL-CSV] t=0.558 win_tbs=20 win_fail=0 win_bler=0.00000 mcs_last=28 mcs_min=28 mcs_max=28 r0=20 r1=0 r2=0 r3=0  f0=0 f1=0 f2=0 f3=0 tot_tbs=160 tot_fail=3 tot_bler=0.01875 tot_init=156 tot_retx=4
slot 15 index 0 rnti 6050 mcs 28
slot 16 index 0 rnti 6050 mcs 28
slot 4 index 0 rnti 6050 mcs 28
slot 5 index 0 rnti 6050 mcs 28
slot 6 index 0 rnti 6050 mcs 28
slot 14 index 0 rnti 6050 mcs 28
slot 15 index 0 rnti 6050 mcs 28
slot 16 index 0 rnti 6050 mcs 28
slot 4 index 0 rnti 6050 mcs 28
slot 5 index 0 rnti 6050 mcs 28
slot 6 index 0 rnti 6050 mcs 28
slot 14 index 0 rnti 6050 mcs 28
slot 15 index 0 rnti 6050 mcs 28
slot 16 index 0 rnti 6050 mcs 28
slot 4 index 0 rnti 6050 mcs 28
slot 5 index 0 rnti 6050 mcs 28
slot 6 index 0 rnti 6050 mcs 28
slot 14 index 0 rnti 6050 mcs 28
slot 15 index 0 rnti 6050 mcs 28
slot 16 index 0 rnti 6050 mcs 28
[EMURAN-DL-CSV] t=0.623 win_tbs=20 win_fail=0 win_bler=0.00000 mcs_last=28 mcs_min=28 mcs_max=28 r0=20 r1=0 r2=0 r3=0  f0=0 f1=0 f2=0 f3=0 tot_tbs=180 tot_fail=3 tot_bler=0.01667 tot_init=176 tot_retx=4
slot 4 index 0 rnti 6050 mcs 28
slot 5 index 0 rnti 6050 mcs 28
slot 6 index 0 rnti 6050 mcs 28
slot 14 index 0 rnti 6050 mcs 28
slot 15 index 0 rnti 6050 mcs 28
slot 16 index 0 rnti 6050 mcs 28
slot 4 index 0 rnti 6050 mcs 28
slot 5 index 0 rnti 6050 mcs 28
slot 6 index 0 rnti 6050 mcs 28
slot 14 index 0 rnti 6050 mcs 28
slot 15 index 0 rnti 6050 mcs 28
slot 16 index 0 rnti 6050 mcs 28
slot 4 index 0 rnti 6050 mcs 28
slot 5 index 0 rnti 6050 mcs 28
slot 6 index 0 rnti 6050 mcs 28
slot 14 index 0 rnti 6050 mcs 28
slot 15 index 0 rnti 6050 mcs 28
slot 16 index 0 rnti 6050 mcs 28
slot 4 index 0 rnti 6050 mcs 28
slot 5 index 0 rnti 6050 mcs 28
slot 6 index 0 rnti 6050 mcs 28
[EMURAN-DL-CSV] t=0.696 win_tbs=20 win_fail=1 win_bler=0.05000 mcs_last=28 mcs_min=28 mcs_max=28 r0=19 r1=1 r2=0 r3=0  f0=1 f1=0 f2=0 f3=0 tot_tbs=200 tot_fail=4 tot_bler=0.02000 tot_init=195 tot_retx=5
slot 14 index 0 rnti 6050 mcs 28
slot 15 index 0 rnti 6050 mcs 28
slot 16 index 0 rnti 6050 mcs 28
slot 4 index 0 rnti 6050 mcs 28
slot 5 index 0 rnti 6050 mcs 28
slot 6 index 0 rnti 6050 mcs 28
slot 14 index 0 rnti 6050 mcs 28
slot 15 index 0 rnti 6050 mcs 28
slot 16 index 0 rnti 6050 mcs 28
slot 4 index 0 rnti 6050 mcs 28
slot 5 index 0 rnti 6050 mcs 28
slot 6 index 0 rnti 6050 mcs 28
slot 14 index 0 rnti 6050 mcs 28
slot 15 index 0 rnti 6050 mcs 28
slot 16 index 0 rnti 6050 mcs 28
slot 4 index 0 rnti 6050 mcs 28
slot 5 index 0 rnti 6050 mcs 28
slot 6 index 0 rnti 6050 mcs 28
slot 14 index 0 rnti 6050 mcs 28
[EMURAN-DL-CSV] t=0.768 win_tbs=20 win_fail=0 win_bler=0.00000 mcs_last=28 mcs_min=28 mcs_max=28 r0=19 r1=1 r2=0 r3=0  f0=0 f1=0 f2=0 f3=0 tot_tbs=220 tot_fail=4 tot_bler=0.01818 tot_init=214 tot_retx=6
slot 15 index 0 rnti 6050 mcs 28
slot 16 index 0 rnti 6050 mcs 28
slot 4 index 0 rnti 6050 mcs 28
slot 5 index 0 rnti 6050 mcs 28
slot 6 index 0 rnti 6050 mcs 28
slot 14 index 0 rnti 6050 mcs 28
slot 15 index 0 rnti 6050 mcs 28
slot 16 index 0 rnti 6050 mcs 28
slot 4 index 0 rnti 6050 mcs 28
slot 5 index 0 rnti 6050 mcs 28
slot 6 index 0 rnti 6050 mcs 28
slot 14 index 0 rnti 6050 mcs 28
slot 15 index 0 rnti 6050 mcs 28
slot 16 index 0 rnti 6050 mcs 28
slot 4 index 0 rnti 6050 mcs 28
slot 5 index 0 rnti 6050 mcs 28
slot 6 index 0 rnti 6050 mcs 28
slot 14 index 0 rnti 6050 mcs 28
slot 15 index 0 rnti 6050 mcs 28
slot 16 index 0 rnti 6050 mcs 28
[EMURAN-DL-CSV] t=0.834 win_tbs=20 win_fail=0 win_bler=0.00000 mcs_last=28 mcs_min=28 mcs_max=28 r0=20 r1=0 r2=0 r3=0  f0=0 f1=0 f2=0 f3=0 tot_tbs=240 tot_fail=4 tot_bler=0.01667 tot_init=234 tot_retx=6
slot 4 index 0 rnti 6050 mcs 28
slot 5 index 0 rnti 6050 mcs 28
slot 6 index 0 rnti 6050 mcs 28
slot 14 index 0 rnti 6050 mcs 28
slot 15 index 0 rnti 6050 mcs 28
slot 16 index 0 rnti 6050 mcs 28
slot 4 index 0 rnti 6050 mcs 28
slot 5 index 0 rnti 6050 mcs 28
slot 6 index 0 rnti 6050 mcs 28
slot 14 index 0 rnti 6050 mcs 28
slot 15 index 0 rnti 6050 mcs 28
slot 16 index 0 rnti 6050 mcs 28
slot 4 index 0 rnti 6050 mcs 28
slot 5 index 0 rnti 6050 mcs 28
slot 6 index 0 rnti 6050 mcs 28
slot 14 index 0 rnti 6050 mcs 28
slot 15 index 0 rnti 6050 mcs 28
slot 16 index 0 rnti 6050 mcs 28
slot 4 index 0 rnti 6050 mcs 28
slot 5 index 0 rnti 6050 mcs 28
slot 6 index 0 rnti 6050 mcs 28
[EMURAN-DL-CSV] t=0.907 win_tbs=20 win_fail=0 win_bler=0.00000 mcs_last=28 mcs_min=28 mcs_max=28 r0=20 r1=0 r2=0 r3=0  f0=0 f1=0 f2=0 f3=0 tot_tbs=260 tot_fail=4 tot_bler=0.01538 tot_init=254 tot_retx=6
slot 14 index 0 rnti 6050 mcs 28
slot 15 index 0 rnti 6050 mcs 28
slot 16 index 0 rnti 6050 mcs 28
slot 4 index 0 rnti 6050 mcs 28
slot 5 index 0 rnti 6050 mcs 28
slot 6 index 0 rnti 6050 mcs 28
slot 14 index 0 rnti 6050 mcs 28
slot 15 index 0 rnti 6050 mcs 28
slot 16 index 0 rnti 6050 mcs 28
slot 4 index 0 rnti 6050 mcs 28
slot 5 index 0 rnti 6050 mcs 28
slot 6 index 0 rnti 6050 mcs 28
slot 14 index 0 rnti 6050 mcs 28
slot 15 index 0 rnti 6050 mcs 28
slot 16 index 0 rnti 6050 mcs 28
slot 4 index 0 rnti 6050 mcs 28
slot 5 index 0 rnti 6050 mcs 28
slot 6 index 0 rnti 6050 mcs 28
slot 14 index 0 rnti 6050 mcs 28
slot 15 index 0 rnti 6050 mcs 28
[EMURAN-DL-CSV] t=0.979 win_tbs=20 win_fail=0 win_bler=0.00000 mcs_last=28 mcs_min=28 mcs_max=28 r0=20 r1=0 r2=0 r3=0  f0=0 f1=0 f2=0 f3=0 tot_tbs=280 tot_fail=4 tot_bler=0.01429 tot_init=274 tot_retx=6
slot 16 index 0 rnti 6050 mcs 28
slot 4 index 0 rnti 6050 mcs 28
slot 5 index 0 rnti 6050 mcs 28
slot 6 index 0 rnti 6050 mcs 28
slot 14 index 0 rnti 6050 mcs 28
slot 15 index 0 rnti 6050 mcs 28
slot 16 index 0 rnti 6050 mcs 28
slot 4 index 0 rnti 6050 mcs 28
slot 5 index 0 rnti 6050 mcs 28
slot 6 index 0 rnti 6050 mcs 28
slot 14 index 0 rnti 6050 mcs 28
slot 15 index 0 rnti 6050 mcs 28
slot 16 index 0 rnti 6050 mcs 28
slot 4 index 0 rnti 6050 mcs 28
slot 5 index 0 rnti 6050 mcs 28
slot 6 index 0 rnti 6050 mcs 28
slot 14 index 0 rnti 6050 mcs 28
slot 15 index 0 rnti 6050 mcs 28
slot 16 index 0 rnti 6050 mcs 28
[EMURAN-DL-CSV] t=1.043 win_tbs=20 win_fail=1 win_bler=0.05000 mcs_last=28 mcs_min=28 mcs_max=28 r0=19 r1=1 r2=0 r3=0  f0=1 f1=0 f2=0 f3=0 tot_tbs=300 tot_fail=5 tot_bler=0.01667 tot_init=293 tot_retx=7
slot 4 index 0 rnti 6050 mcs 28
slot 5 index 0 rnti 6050 mcs 28
slot 6 index 0 rnti 6050 mcs 28
slot 14 index 0 rnti 6050 mcs 28
slot 15 index 0 rnti 6050 mcs 28
slot 16 index 0 rnti 6050 mcs 28
slot 4 index 0 rnti 6050 mcs 28
slot 5 index 0 rnti 6050 mcs 28
slot 6 index 0 rnti 6050 mcs 28
slot 14 index 0 rnti 6050 mcs 28
slot 15 index 0 rnti 6050 mcs 28
slot 16 index 0 rnti 6050 mcs 28
slot 4 index 0 rnti 6050 mcs 28
slot 5 index 0 rnti 6050 mcs 28
slot 6 index 0 rnti 6050 mcs 28
slot 14 index 0 rnti 6050 mcs 28
slot 15 index 0 rnti 6050 mcs 28
slot 16 index 0 rnti 6050 mcs 28
slot 4 index 0 rnti 6050 mcs 28
slot 5 index 0 rnti 6050 mcs 28
[EMURAN-DL-CSV] t=1.116 win_tbs=20 win_fail=0 win_bler=0.00000 mcs_last=28 mcs_min=28 mcs_max=28 r0=19 r1=1 r2=0 r3=0  f0=0 f1=0 f2=0 f3=0 tot_tbs=320 tot_fail=5 tot_bler=0.01562 tot_init=312 tot_retx=8
slot 6 index 0 rnti 6050 mcs 28
slot 14 index 0 rnti 6050 mcs 28
slot 15 index 0 rnti 6050 mcs 28
slot 16 index 0 rnti 6050 mcs 28
slot 4 index 0 rnti 6050 mcs 28
slot 5 index 0 rnti 6050 mcs 28
slot 6 index 0 rnti 6050 mcs 28
slot 14 index 0 rnti 6050 mcs 28
slot 15 index 0 rnti 6050 mcs 28
slot 16 index 0 rnti 6050 mcs 28
slot 4 index 0 rnti 6050 mcs 28
slot 5 index 0 rnti 6050 mcs 28
slot 6 index 0 rnti 6050 mcs 28
slot 14 index 0 rnti 6050 mcs 28
slot 15 index 0 rnti 6050 mcs 28
slot 16 index 0 rnti 6050 mcs 28
slot 4 index 0 rnti 6050 mcs 28
slot 5 index 0 rnti 6050 mcs 28
slot 6 index 0 rnti 6050 mcs 28
slot 14 index 0 rnti 6050 mcs 28
slot 15 index 0 rnti 6050 mcs 28
[EMURAN-DL-CSV] t=1.189 win_tbs=20 win_fail=1 win_bler=0.05000 mcs_last=28 mcs_min=28 mcs_max=28 r0=19 r1=1 r2=0 r3=0  f0=1 f1=0 f2=0 f3=0 tot_tbs=340 tot_fail=6 tot_bler=0.01765 tot_init=331 tot_retx=9
slot 16 index 0 rnti 6050 mcs 28
slot 4 index 0 rnti 6050 mcs 28
slot 5 index 0 rnti 6050 mcs 28
slot 6 index 0 rnti 6050 mcs 28
slot 14 index 0 rnti 6050 mcs 28
slot 15 index 0 rnti 6050 mcs 28
slot 16 index 0 rnti 6050 mcs 28
slot 4 index 0 rnti 6050 mcs 28
slot 5 index 0 rnti 6050 mcs 28
slot 6 index 0 rnti 6050 mcs 28
slot 14 index 0 rnti 6050 mcs 28
slot 15 index 0 rnti 6050 mcs 28
slot 16 index 0 rnti 6050 mcs 28
slot 4 index 0 rnti 6050 mcs 28
slot 5 index 0 rnti 6050 mcs 28
slot 6 index 0 rnti 6050 mcs 28
slot 14 index 0 rnti 6050 mcs 28
slot 15 index 0 rnti 6050 mcs 28
slot 16 index 0 rnti 6050 mcs 28
[EMURAN-DL-CSV] t=1.254 win_tbs=20 win_fail=2 win_bler=0.10000 mcs_last=28 mcs_min=28 mcs_max=28 r0=19 r1=1 r2=0 r3=0  f0=2 f1=0 f2=0 f3=0 tot_tbs=360 tot_fail=8 tot_bler=0.02222 tot_init=350 tot_retx=10
slot 4 index 0 rnti 6050 mcs 28
slot 5 index 0 rnti 6050 mcs 28
slot 6 index 0 rnti 6050 mcs 28
slot 14 index 0 rnti 6050 mcs 28
slot 15 index 0 rnti 6050 mcs 28
slot 16 index 0 rnti 6050 mcs 28
slot 4 index 0 rnti 6050 mcs 28
slot 5 index 0 rnti 6050 mcs 28
slot 6 index 0 rnti 6050 mcs 28
slot 14 index 0 rnti 6050 mcs 28
slot 15 index 0 rnti 6050 mcs 28
slot 16 index 0 rnti 6050 mcs 28
slot 4 index 0 rnti 6050 mcs 28
slot 5 index 0 rnti 6050 mcs 28
slot 6 index 0 rnti 6050 mcs 28
slot 14 index 0 rnti 6050 mcs 28
slot 15 index 0 rnti 6050 mcs 28
slot 16 index 0 rnti 6050 mcs 28
slot 4 index 0 rnti 6050 mcs 28
slot 5 index 0 rnti 6050 mcs 28
[EMURAN-DL-CSV] t=1.326 win_tbs=20 win_fail=1 win_bler=0.05000 mcs_last=28 mcs_min=28 mcs_max=28 r0=19 r1=1 r2=0 r3=0  f0=1 f1=0 f2=0 f3=0 tot_tbs=380 tot_fail=9 tot_bler=0.02368 tot_init=369 tot_retx=11
slot 6 index 0 rnti 6050 mcs 28
slot 14 index 0 rnti 6050 mcs 28
slot 15 index 0 rnti 6050 mcs 28
slot 16 index 0 rnti 6050 mcs 28
slot 4 index 0 rnti 6050 mcs 28
slot 5 index 0 rnti 6050 mcs 28
slot 6 index 0 rnti 6050 mcs 28
slot 14 index 0 rnti 6050 mcs 28
slot 15 index 0 rnti 6050 mcs 28
slot 16 index 0 rnti 6050 mcs 28
slot 4 index 0 rnti 6050 mcs 28
slot 5 index 0 rnti 6050 mcs 28
slot 6 index 0 rnti 6050 mcs 28
slot 14 index 0 rnti 6050 mcs 28
slot 15 index 0 rnti 6050 mcs 28
slot 16 index 0 rnti 6050 mcs 28
slot 4 index 0 rnti 6050 mcs 28
slot 5 index 0 rnti 6050 mcs 28
slot 6 index 0 rnti 6050 mcs 28
slot 14 index 0 rnti 6050 mcs 28
[EMURAN-DL-CSV] t=1.399 win_tbs=20 win_fail=0 win_bler=0.00000 mcs_last=28 mcs_min=28 mcs_max=28 r0=19 r1=1 r2=0 r3=0  f0=0 f1=0 f2=0 f3=0 tot_tbs=400 tot_fail=9 tot_bler=0.02250 tot_init=388 tot_retx=12
slot 15 index 0 rnti 6050 mcs 28
slot 16 index 0 rnti 6050 mcs 28
slot 4 index 0 rnti 6050 mcs 28
slot 5 index 0 rnti 6050 mcs 28
slot 6 index 0 rnti 6050 mcs 28
slot 14 index 0 rnti 6050 mcs 28
slot 15 index 0 rnti 6050 mcs 28
slot 16 index 0 rnti 6050 mcs 28
slot 4 index 0 rnti 6050 mcs 28
slot 5 index 0 rnti 6050 mcs 28
slot 6 index 0 rnti 6050 mcs 28
slot 14 index 0 rnti 6050 mcs 28
slot 15 index 0 rnti 6050 mcs 28
slot 16 index 0 rnti 6050 mcs 28
slot 4 index 0 rnti 6050 mcs 28
slot 5 index 0 rnti 6050 mcs 28
slot 6 index 0 rnti 6050 mcs 28
slot 14 index 0 rnti 6050 mcs 28
slot 15 index 0 rnti 6050 mcs 28
slot 16 index 0 rnti 6050 mcs 28
[EMURAN-DL-CSV] t=1.464 win_tbs=20 win_fail=0 win_bler=0.00000 mcs_last=28 mcs_min=28 mcs_max=28 r0=20 r1=0 r2=0 r3=0  f0=0 f1=0 f2=0 f3=0 tot_tbs=420 tot_fail=9 tot_bler=0.02143 tot_init=408 tot_retx=12
slot 4 index 0 rnti 6050 mcs 28
slot 5 index 0 rnti 6050 mcs 28
slot 6 index 0 rnti 6050 mcs 28
slot 14 index 0 rnti 6050 mcs 28
slot 15 index 0 rnti 6050 mcs 28
slot 16 index 0 rnti 6050 mcs 28
slot 4 index 0 rnti 6050 mcs 28
slot 5 index 0 rnti 6050 mcs 28
slot 6 index 0 rnti 6050 mcs 28
slot 14 index 0 rnti 6050 mcs 28
slot 15 index 0 rnti 6050 mcs 28
slot 16 index 0 rnti 6050 mcs 28
slot 4 index 0 rnti 6050 mcs 28
slot 5 index 0 rnti 6050 mcs 28
slot 6 index 0 rnti 6050 mcs 28
slot 14 index 0 rnti 6050 mcs 28
slot 15 index 0 rnti 6050 mcs 28
slot 16 index 0 rnti 6050 mcs 28
slot 4 index 0 rnti 6050 mcs 28
slot 5 index 0 rnti 6050 mcs 28
[EMURAN-DL-CSV] t=1.537 win_tbs=20 win_fail=1 win_bler=0.05000 mcs_last=28 mcs_min=28 mcs_max=28 r0=19 r1=1 r2=0 r3=0  f0=1 f1=0 f2=0 f3=0 tot_tbs=440 tot_fail=10 tot_bler=0.02273 tot_init=427 tot_retx=13
slot 6 index 0 rnti 6050 mcs 28
slot 14 index 0 rnti 6050 mcs 28
slot 15 index 0 rnti 6050 mcs 28
slot 16 index 0 rnti 6050 mcs 28
slot 4 index 0 rnti 6050 mcs 28
slot 5 index 0 rnti 6050 mcs 28
slot 6 index 0 rnti 6050 mcs 28
slot 14 index 0 rnti 6050 mcs 28
slot 15 index 0 rnti 6050 mcs 28
slot 16 index 0 rnti 6050 mcs 28
slot 4 index 0 rnti 6050 mcs 28
slot 5 index 0 rnti 6050 mcs 28
slot 6 index 0 rnti 6050 mcs 28
slot 14 index 0 rnti 6050 mcs 28
slot 15 index 0 rnti 6050 mcs 28
slot 16 index 0 rnti 6050 mcs 28
slot 4 index 0 rnti 6050 mcs 28
slot 5 index 0 rnti 6050 mcs 28
slot 6 index 0 rnti 6050 mcs 28
slot 14 index 0 rnti 6050 mcs 28
[EMURAN-DL-CSV] t=1.609 win_tbs=20 win_fail=1 win_bler=0.05000 mcs_last=28 mcs_min=28 mcs_max=28 r0=19 r1=1 r2=0 r3=0  f0=1 f1=0 f2=0 f3=0 tot_tbs=460 tot_fail=11 tot_bler=0.02391 tot_init=446 tot_retx=14
slot 15 index 0 rnti 6050 mcs 28
slot 16 index 0 rnti 6050 mcs 28
slot 4 index 0 rnti 6050 mcs 28
slot 5 index 0 rnti 6050 mcs 28
slot 6 index 0 rnti 6050 mcs 28
slot 14 index 0 rnti 6050 mcs 28
slot 15 index 0 rnti 6050 mcs 28
slot 16 index 0 rnti 6050 mcs 28
slot 4 index 0 rnti 6050 mcs 28
slot 5 index 0 rnti 6050 mcs 28
slot 6 index 0 rnti 6050 mcs 28
slot 14 index 0 rnti 6050 mcs 28
slot 15 index 0 rnti 6050 mcs 28
slot 16 index 0 rnti 6050 mcs 28
slot 4 index 0 rnti 6050 mcs 28
slot 5 index 0 rnti 6050 mcs 28
slot 6 index 0 rnti 6050 mcs 28
slot 14 index 0 rnti 6050 mcs 28
slot 15 index 0 rnti 6050 mcs 28
slot 16 index 0 rnti 6050 mcs 28
[EMURAN-DL-CSV] t=1.675 win_tbs=20 win_fail=2 win_bler=0.10000 mcs_last=28 mcs_min=28 mcs_max=28 r0=18 r1=2 r2=0 r3=0  f0=2 f1=0 f2=0 f3=0 tot_tbs=480 tot_fail=13 tot_bler=0.02708 tot_init=464 tot_retx=16
slot 4 index 0 rnti 6050 mcs 28
slot 5 index 0 rnti 6050 mcs 28
slot 6 index 0 rnti 6050 mcs 28
slot 14 index 0 rnti 6050 mcs 28
slot 15 index 0 rnti 6050 mcs 28
slot 16 index 0 rnti 6050 mcs 28
slot 4 index 0 rnti 6050 mcs 28
slot 5 index 0 rnti 6050 mcs 28
slot 6 index 0 rnti 6050 mcs 28
slot 14 index 0 rnti 6050 mcs 28
slot 15 index 0 rnti 6050 mcs 28
slot 16 index 0 rnti 6050 mcs 28
slot 4 index 0 rnti 6050 mcs 28
slot 5 index 0 rnti 6050 mcs 28
slot 6 index 0 rnti 6050 mcs 28
slot 14 index 0 rnti 6050 mcs 28
slot 15 index 0 rnti 6050 mcs 28
slot 16 index 0 rnti 6050 mcs 28
slot 4 index 0 rnti 6050 mcs 28
slot 5 index 0 rnti 6050 mcs 28
[EMURAN-DL-CSV] t=1.747 win_tbs=20 win_fail=0 win_bler=0.00000 mcs_last=28 mcs_min=28 mcs_max=28 r0=19 r1=1 r2=0 r3=0  f0=0 f1=0 f2=0 f3=0 tot_tbs=500 tot_fail=13 tot_bler=0.02600 tot_init=483 tot_retx=17
slot 6 index 0 rnti 6050 mcs 28
slot 14 index 0 rnti 6050 mcs 28
slot 15 index 0 rnti 6050 mcs 28
slot 16 index 0 rnti 6050 mcs 28
slot 4 index 0 rnti 6050 mcs 28
slot 5 index 0 rnti 6050 mcs 28
slot 6 index 0 rnti 6050 mcs 28
slot 14 index 0 rnti 6050 mcs 28
slot 15 index 0 rnti 6050 mcs 28
slot 16 index 0 rnti 6050 mcs 28
slot 4 index 0 rnti 6050 mcs 28
slot 5 index 0 rnti 6050 mcs 28
slot 6 index 0 rnti 6050 mcs 28
slot 14 index 0 rnti 6050 mcs 28
slot 15 index 0 rnti 6050 mcs 28
slot 16 index 0 rnti 6050 mcs 28
[UE-STAT] frame=900 dci_cnt=600 total_tbs=48716640 ack_real=507 nack_real=12 fb_missing=81 decode_cnt=600
slot 4 index 0 rnti 6050 mcs 28
slot 5 index 0 rnti 6050 mcs 28
slot 6 index 0 rnti 6050 mcs 28
slot 14 index 0 rnti 6050 mcs 28
[EMURAN-DL-CSV] t=1.820 win_tbs=20 win_fail=1 win_bler=0.05000 mcs_last=28 mcs_min=28 mcs_max=28 r0=19 r1=1 r2=0 r3=0  f0=1 f1=0 f2=0 f3=0 tot_tbs=520 tot_fail=14 tot_bler=0.02692 tot_init=502 tot_retx=18
slot 15 index 0 rnti 6050 mcs 28
slot 16 index 0 rnti 6050 mcs 28
slot 4 index 0 rnti 6050 mcs 28
slot 5 index 0 rnti 6050 mcs 28
slot 6 index 0 rnti 6050 mcs 28
slot 14 index 0 rnti 6050 mcs 28
slot 15 index 0 rnti 6050 mcs 28
slot 16 index 0 rnti 6050 mcs 28
slot 4 index 0 rnti 6050 mcs 28
slot 5 index 0 rnti 6050 mcs 28
slot 6 index 0 rnti 6050 mcs 28
slot 14 index 0 rnti 6050 mcs 28
slot 15 index 0 rnti 6050 mcs 28
slot 16 index 0 rnti 6050 mcs 28
slot 4 index 0 rnti 6050 mcs 28
slot 5 index 0 rnti 6050 mcs 28
slot 6 index 0 rnti 6050 mcs 28
slot 14 index 0 rnti 6050 mcs 28
slot 15 index 0 rnti 6050 mcs 28
slot 16 index 0 rnti 6050 mcs 28
[EMURAN-DL-CSV] t=1.885 win_tbs=20 win_fail=1 win_bler=0.05000 mcs_last=28 mcs_min=28 mcs_max=28 r0=19 r1=1 r2=0 r3=0  f0=1 f1=0 f2=0 f3=0 tot_tbs=540 tot_fail=15 tot_bler=0.02778 tot_init=521 tot_retx=19
slot 4 index 0 rnti 6050 mcs 28
slot 5 index 0 rnti 6050 mcs 28
slot 6 index 0 rnti 6050 mcs 28
slot 14 index 0 rnti 6050 mcs 28
slot 15 index 0 rnti 6050 mcs 28
slot 16 index 0 rnti 6050 mcs 28
slot 4 index 0 rnti 6050 mcs 28
slot 5 index 0 rnti 6050 mcs 28
slot 6 index 0 rnti 6050 mcs 28
slot 14 index 0 rnti 6050 mcs 28
slot 15 index 0 rnti 6050 mcs 28
slot 16 index 0 rnti 6050 mcs 28
slot 4 index 0 rnti 6050 mcs 28
slot 5 index 0 rnti 6050 mcs 28
slot 6 index 0 rnti 6050 mcs 28
slot 14 index 0 rnti 6050 mcs 28
slot 15 index 0 rnti 6050 mcs 28
slot 16 index 0 rnti 6050 mcs 28
slot 4 index 0 rnti 6050 mcs 28
slot 5 index 0 rnti 6050 mcs 28
[EMURAN-DL-CSV] t=1.957 win_tbs=20 win_fail=1 win_bler=0.05000 mcs_last=28 mcs_min=28 mcs_max=28 r0=19 r1=1 r2=0 r3=0  f0=1 f1=0 f2=0 f3=0 tot_tbs=560 tot_fail=16 tot_bler=0.02857 tot_init=540 tot_retx=20
slot 6 index 0 rnti 6050 mcs 28
slot 14 index 0 rnti 6050 mcs 28
slot 15 index 0 rnti 6050 mcs 28
slot 16 index 0 rnti 6050 mcs 28
slot 4 index 0 rnti 6050 mcs 28
slot 5 index 0 rnti 6050 mcs 28
slot 6 index 0 rnti 6050 mcs 28
slot 14 index 0 rnti 6050 mcs 28
slot 15 index 0 rnti 6050 mcs 28
slot 16 index 0 rnti 6050 mcs 28
slot 4 index 0 rnti 6050 mcs 28
slot 5 index 0 rnti 6050 mcs 28
slot 6 index 0 rnti 6050 mcs 28
slot 14 index 0 rnti 6050 mcs 28
slot 15 index 0 rnti 6050 mcs 28
slot 16 index 0 rnti 6050 mcs 28
slot 4 index 0 rnti 6050 mcs 28
slot 5 index 0 rnti 6050 mcs 28
slot 6 index 0 rnti 6050 mcs 28
slot 14 index 0 rnti 6050 mcs 28
[EMURAN-DL-CSV] t=2.030 win_tbs=20 win_fail=0 win_bler=0.00000 mcs_last=28 mcs_min=28 mcs_max=28 r0=20 r1=0 r2=0 r3=0  f0=0 f1=0 f2=0 f3=0 tot_tbs=580 tot_fail=16 tot_bler=0.02759 tot_init=560 tot_retx=20
slot 15 index 0 rnti 6050 mcs 28
slot 16 index 0 rnti 6050 mcs 28
slot 4 index 0 rnti 6050 mcs 28
slot 5 index 0 rnti 6050 mcs 28
slot 6 index 0 rnti 6050 mcs 28
slot 14 index 0 rnti 6050 mcs 28
slot 15 index 0 rnti 6050 mcs 28
slot 16 index 0 rnti 6050 mcs 28
slot 4 index 0 rnti 6050 mcs 28
slot 5 index 0 rnti 6050 mcs 28
slot 6 index 0 rnti 6050 mcs 28
slot 14 index 0 rnti 6050 mcs 28
slot 15 index 0 rnti 6050 mcs 28
slot 16 index 0 rnti 6050 mcs 28
slot 4 index 0 rnti 6050 mcs 28
slot 5 index 0 rnti 6050 mcs 28
slot 6 index 0 rnti 6050 mcs 28
slot 14 index 0 rnti 6050 mcs 28
slot 15 index 0 rnti 6050 mcs 28
slot 16 index 0 rnti 6050 mcs 28
[EMURAN-DL-CSV] t=2.095 win_tbs=20 win_fail=1 win_bler=0.05000 mcs_last=28 mcs_min=28 mcs_max=28 r0=18 r1=1 r2=1 r3=0  f0=1 f1=0 f2=0 f3=0 tot_tbs=600 tot_fail=17 tot_bler=0.02833 tot_init=578 tot_retx=22
slot 4 index 0 rnti 6050 mcs 28
slot 5 index 0 rnti 6050 mcs 28
slot 6 index 0 rnti 6050 mcs 28
slot 14 index 0 rnti 6050 mcs 28
slot 15 index 0 rnti 6050 mcs 28
slot 16 index 0 rnti 6050 mcs 28
slot 4 index 0 rnti 6050 mcs 28
slot 5 index 0 rnti 6050 mcs 28
slot 6 index 0 rnti 6050 mcs 28
slot 14 index 0 rnti 6050 mcs 28
slot 15 index 0 rnti 6050 mcs 28
slot 16 index 0 rnti 6050 mcs 28
slot 4 index 0 rnti 6050 mcs 28
slot 5 index 0 rnti 6050 mcs 28
slot 6 index 0 rnti 6050 mcs 28
slot 14 index 0 rnti 6050 mcs 28
slot 15 index 0 rnti 6050 mcs 28
slot 16 index 0 rnti 6050 mcs 28
slot 4 index 0 rnti 6050 mcs 28
slot 5 index 0 rnti 6050 mcs 28
slot 6 index 0 rnti 6050 mcs 28
[EMURAN-DL-CSV] t=2.169 win_tbs=20 win_fail=1 win_bler=0.05000 mcs_last=28 mcs_min=28 mcs_max=28 r0=19 r1=1 r2=0 r3=0  f0=1 f1=0 f2=0 f3=0 tot_tbs=620 tot_fail=18 tot_bler=0.02903 tot_init=597 tot_retx=23
slot 14 index 0 rnti 6050 mcs 28
slot 15 index 0 rnti 6050 mcs 28
slot 16 index 0 rnti 6050 mcs 28
slot 4 index 0 rnti 6050 mcs 28
slot 5 index 0 rnti 6050 mcs 28
slot 6 index 0 rnti 6050 mcs 28
slot 14 index 0 rnti 6050 mcs 28
slot 15 index 0 rnti 6050 mcs 28
slot 16 index 0 rnti 6050 mcs 28
slot 4 index 0 rnti 6050 mcs 28
slot 5 index 0 rnti 6050 mcs 28
slot 6 index 0 rnti 6050 mcs 28
slot 14 index 0 rnti 6050 mcs 28
slot 15 index 0 rnti 6050 mcs 28
slot 16 index 0 rnti 6050 mcs 28
slot 4 index 0 rnti 6050 mcs 28
slot 5 index 0 rnti 6050 mcs 28
slot 6 index 0 rnti 6050 mcs 28
slot 14 index 0 rnti 6050 mcs 28
[EMURAN-DL-CSV] t=2.240 win_tbs=20 win_fail=4 win_bler=0.20000 mcs_last=28 mcs_min=28 mcs_max=28 r0=16 r1=4 r2=0 r3=0  f0=3 f1=1 f2=0 f3=0 tot_tbs=640 tot_fail=22 tot_bler=0.03438 tot_init=613 tot_retx=27
slot 15 index 0 rnti 6050 mcs 28
slot 16 index 0 rnti 6050 mcs 28
slot 4 index 0 rnti 6050 mcs 28
slot 5 index 0 rnti 6050 mcs 28
slot 6 index 0 rnti 6050 mcs 28
slot 14 index 0 rnti 6050 mcs 28
slot 15 index 0 rnti 6050 mcs 28
slot 16 index 0 rnti 6050 mcs 28
slot 4 index 0 rnti 6050 mcs 28
slot 5 index 0 rnti 6050 mcs 28
slot 6 index 0 rnti 6050 mcs 28
slot 14 index 0 rnti 6050 mcs 28
slot 15 index 0 rnti 6050 mcs 28
slot 16 index 0 rnti 6050 mcs 28
slot 4 index 0 rnti 6050 mcs 28
slot 5 index 0 rnti 6050 mcs 28
slot 6 index 0 rnti 6050 mcs 28
slot 14 index 0 rnti 6050 mcs 28
slot 15 index 0 rnti 6050 mcs 28
slot 16 index 0 rnti 6050 mcs 28
[EMURAN-DL-CSV] t=2.306 win_tbs=20 win_fail=2 win_bler=0.10000 mcs_last=28 mcs_min=28 mcs_max=28 r0=18 r1=2 r2=0 r3=0  f0=2 f1=0 f2=0 f3=0 tot_tbs=660 tot_fail=24 tot_bler=0.03636 tot_init=631 tot_retx=29
slot 4 index 0 rnti 6050 mcs 28
slot 5 index 0 rnti 6050 mcs 28
slot 6 index 0 rnti 6050 mcs 28
slot 14 index 0 rnti 6050 mcs 28
slot 15 index 0 rnti 6050 mcs 28
slot 16 index 0 rnti 6050 mcs 28
slot 4 index 0 rnti 6050 mcs 28
slot 5 index 0 rnti 6050 mcs 28
slot 6 index 0 rnti 6050 mcs 28
slot 14 index 0 rnti 6050 mcs 28
slot 15 index 0 rnti 6050 mcs 28
slot 16 index 0 rnti 6050 mcs 28
slot 4 index 0 rnti 6050 mcs 28
slot 5 index 0 rnti 6050 mcs 28
slot 6 index 0 rnti 6050 mcs 28
slot 14 index 0 rnti 6050 mcs 28
slot 15 index 0 rnti 6050 mcs 28
slot 16 index 0 rnti 6050 mcs 28
slot 4 index 0 rnti 6050 mcs 28
slot 5 index 0 rnti 6050 mcs 28
[EMURAN-DL-CSV] t=2.378 win_tbs=20 win_fail=0 win_bler=0.00000 mcs_last=28 mcs_min=28 mcs_max=28 r0=20 r1=0 r2=0 r3=0  f0=0 f1=0 f2=0 f3=0 tot_tbs=680 tot_fail=24 tot_bler=0.03529 tot_init=651 tot_retx=29
slot 6 index 0 rnti 6050 mcs 28
slot 14 index 0 rnti 6050 mcs 28
slot 15 index 0 rnti 6050 mcs 28
slot 16 index 0 rnti 6050 mcs 28
slot 4 index 0 rnti 6050 mcs 28
slot 5 index 0 rnti 6050 mcs 28
slot 6 index 0 rnti 6050 mcs 28
slot 14 index 0 rnti 6050 mcs 28
slot 15 index 0 rnti 6050 mcs 28
slot 16 index 0 rnti 6050 mcs 28
slot 4 index 0 rnti 6050 mcs 28
slot 5 index 0 rnti 6050 mcs 28
slot 6 index 0 rnti 6050 mcs 28
slot 14 index 0 rnti 6050 mcs 28
slot 15 index 0 rnti 6050 mcs 28
slot 16 index 0 rnti 6050 mcs 28
slot 4 index 0 rnti 6050 mcs 28
slot 5 index 0 rnti 6050 mcs 28
slot 6 index 0 rnti 6050 mcs 28
slot 14 index 0 rnti 6050 mcs 28
[EMURAN-DL-CSV] t=2.451 win_tbs=20 win_fail=0 win_bler=0.00000 mcs_last=28 mcs_min=28 mcs_max=28 r0=19 r1=1 r2=0 r3=0  f0=0 f1=0 f2=0 f3=0 tot_tbs=700 tot_fail=24 tot_bler=0.03429 tot_init=670 tot_retx=30
slot 15 index 0 rnti 6050 mcs 28
slot 16 index 0 rnti 6050 mcs 28
slot 4 index 0 rnti 6050 mcs 28
slot 5 index 0 rnti 6050 mcs 28
slot 6 index 0 rnti 6050 mcs 28
slot 14 index 0 rnti 6050 mcs 28
slot 15 index 0 rnti 6050 mcs 28
slot 16 index 0 rnti 6050 mcs 28
slot 4 index 0 rnti 6050 mcs 28
slot 5 index 0 rnti 6050 mcs 28
slot 6 index 0 rnti 6050 mcs 28
slot 14 index 0 rnti 6050 mcs 28
slot 15 index 0 rnti 6050 mcs 28
slot 16 index 0 rnti 6050 mcs 28
slot 4 index 0 rnti 6050 mcs 28
slot 5 index 0 rnti 6050 mcs 28
slot 6 index 0 rnti 6050 mcs 28
slot 14 index 0 rnti 6050 mcs 28
slot 15 index 0 rnti 6050 mcs 28
slot 16 index 0 rnti 6050 mcs 28
[EMURAN-DL-CSV] t=2.516 win_tbs=20 win_fail=1 win_bler=0.05000 mcs_last=28 mcs_min=28 mcs_max=28 r0=19 r1=1 r2=0 r3=0  f0=1 f1=0 f2=0 f3=0 tot_tbs=720 tot_fail=25 tot_bler=0.03472 tot_init=689 tot_retx=31
slot 4 index 0 rnti 6050 mcs 28
slot 5 index 0 rnti 6050 mcs 28
slot 6 index 0 rnti 6050 mcs 28
slot 14 index 0 rnti 6050 mcs 28
slot 15 index 0 rnti 6050 mcs 28
slot 16 index 0 rnti 6050 mcs 28
slot 4 index 0 rnti 6050 mcs 28
slot 5 index 0 rnti 6050 mcs 28
slot 6 index 0 rnti 6050 mcs 28
slot 14 index 0 rnti 6050 mcs 28
slot 15 index 0 rnti 6050 mcs 28
slot 16 index 0 rnti 6050 mcs 28
slot 4 index 0 rnti 6050 mcs 28
slot 5 index 0 rnti 6050 mcs 28
slot 6 index 0 rnti 6050 mcs 28
slot 14 index 0 rnti 6050 mcs 28
slot 15 index 0 rnti 6050 mcs 28
slot 16 index 0 rnti 6050 mcs 28
slot 4 index 0 rnti 6050 mcs 28
slot 5 index 0 rnti 6050 mcs 28
[EMURAN-DL-CSV] t=2.589 win_tbs=20 win_fail=2 win_bler=0.10000 mcs_last=28 mcs_min=28 mcs_max=28 r0=18 r1=2 r2=0 r3=0  f0=2 f1=0 f2=0 f3=0 tot_tbs=740 tot_fail=27 tot_bler=0.03649 tot_init=707 tot_retx=33
slot 6 index 0 rnti 6050 mcs 28
slot 14 index 0 rnti 6050 mcs 28
slot 15 index 0 rnti 6050 mcs 28
slot 16 index 0 rnti 6050 mcs 28
slot 4 index 0 rnti 6050 mcs 28
slot 5 index 0 rnti 6050 mcs 28
slot 6 index 0 rnti 6050 mcs 28
slot 14 index 0 rnti 6050 mcs 28
slot 15 index 0 rnti 6050 mcs 28
slot 16 index 0 rnti 6050 mcs 28
slot 4 index 0 rnti 6050 mcs 28
slot 5 index 0 rnti 6050 mcs 28
slot 6 index 0 rnti 6050 mcs 28
slot 14 index 0 rnti 6050 mcs 28
slot 15 index 0 rnti 6050 mcs 28
slot 16 index 0 rnti 6050 mcs 28
slot 4 index 0 rnti 6050 mcs 28
slot 5 index 0 rnti 6050 mcs 28
slot 6 index 0 rnti 6050 mcs 28
slot 14 index 0 rnti 6050 mcs 28
slot 15 index 0 rnti 6050 mcs 28
[EMURAN-DL-CSV] t=2.662 win_tbs=20 win_fail=1 win_bler=0.05000 mcs_last=28 mcs_min=28 mcs_max=28 r0=20 r1=0 r2=0 r3=0  f0=1 f1=0 f2=0 f3=0 tot_tbs=760 tot_fail=28 tot_bler=0.03684 tot_init=727 tot_retx=33
slot 16 index 0 rnti 6050 mcs 28
slot 4 index 0 rnti 6050 mcs 28
slot 5 index 0 rnti 6050 mcs 28
slot 6 index 0 rnti 6050 mcs 28
slot 14 index 0 rnti 6050 mcs 28
slot 15 index 0 rnti 6050 mcs 28
slot 16 index 0 rnti 6050 mcs 28
slot 4 index 0 rnti 6050 mcs 28
slot 5 index 0 rnti 6050 mcs 28
slot 6 index 0 rnti 6050 mcs 28
slot 14 index 0 rnti 6050 mcs 28
slot 15 index 0 rnti 6050 mcs 28
slot 16 index 0 rnti 6050 mcs 28
slot 4 index 0 rnti 6050 mcs 28
slot 5 index 0 rnti 6050 mcs 28
slot 6 index 0 rnti 6050 mcs 28
slot 14 index 0 rnti 6050 mcs 28
slot 15 index 0 rnti 6050 mcs 28
slot 16 index 0 rnti 6050 mcs 28
[EMURAN-DL-CSV] t=2.726 win_tbs=20 win_fail=3 win_bler=0.15000 mcs_last=28 mcs_min=28 mcs_max=28 r0=18 r1=2 r2=0 r3=0  f0=3 f1=0 f2=0 f3=0 tot_tbs=780 tot_fail=31 tot_bler=0.03974 tot_init=745 tot_retx=35
slot 4 index 0 rnti 6050 mcs 28
slot 5 index 0 rnti 6050 mcs 28
slot 6 index 0 rnti 6050 mcs 28
slot 14 index 0 rnti 6050 mcs 28
slot 15 index 0 rnti 6050 mcs 28
slot 16 index 0 rnti 6050 mcs 28
slot 4 index 0 rnti 6050 mcs 28
slot 5 index 0 rnti 6050 mcs 28
slot 6 index 0 rnti 6050 mcs 28
slot 14 index 0 rnti 6050 mcs 28
slot 15 index 0 rnti 6050 mcs 28
slot 16 index 0 rnti 6050 mcs 28
slot 4 index 0 rnti 6050 mcs 28
slot 5 index 0 rnti 6050 mcs 28
slot 6 index 0 rnti 6050 mcs 28
slot 14 index 0 rnti 6050 mcs 28
slot 15 index 0 rnti 6050 mcs 28
slot 16 index 0 rnti 6050 mcs 28
slot 4 index 0 rnti 6050 mcs 28
slot 5 index 0 rnti 6050 mcs 28
[EMURAN-DL-CSV] t=2.799 win_tbs=20 win_fail=1 win_bler=0.05000 mcs_last=28 mcs_min=28 mcs_max=28 r0=18 r1=2 r2=0 r3=0  f0=1 f1=0 f2=0 f3=0 tot_tbs=800 tot_fail=32 tot_bler=0.04000 tot_init=763 tot_retx=37
slot 6 index 0 rnti 6050 mcs 28
slot 14 index 0 rnti 6050 mcs 28
slot 15 index 0 rnti 6050 mcs 28
slot 16 index 0 rnti 6050 mcs 28
slot 4 index 0 rnti 6050 mcs 28
slot 5 index 0 rnti 6050 mcs 28
slot 6 index 0 rnti 6050 mcs 28
slot 14 index 0 rnti 6050 mcs 28
slot 15 index 0 rnti 6050 mcs 28
slot 16 index 0 rnti 6050 mcs 28
slot 4 index 0 rnti 6050 mcs 28
slot 5 index 0 rnti 6050 mcs 28
slot 6 index 0 rnti 6050 mcs 28
slot 14 index 0 rnti 6050 mcs 28
slot 15 index 0 rnti 6050 mcs 28
slot 16 index 0 rnti 6050 mcs 28
slot 4 index 0 rnti 6050 mcs 28
slot 5 index 0 rnti 6050 mcs 28
slot 6 index 0 rnti 6050 mcs 28
slot 14 index 0 rnti 6050 mcs 28
[EMURAN-DL-CSV] t=2.872 win_tbs=20 win_fail=1 win_bler=0.05000 mcs_last=28 mcs_min=28 mcs_max=28 r0=19 r1=1 r2=0 r3=0  f0=1 f1=0 f2=0 f3=0 tot_tbs=820 tot_fail=33 tot_bler=0.04024 tot_init=782 tot_retx=38
slot 15 index 0 rnti 6050 mcs 28
slot 16 index 0 rnti 6050 mcs 28
slot 4 index 0 rnti 6050 mcs 28
slot 5 index 0 rnti 6050 mcs 28
slot 6 index 0 rnti 6050 mcs 28
slot 14 index 0 rnti 6050 mcs 28
slot 15 index 0 rnti 6050 mcs 28
slot 16 index 0 rnti 6050 mcs 28
slot 4 index 0 rnti 6050 mcs 28
slot 5 index 0 rnti 6050 mcs 28
slot 6 index 0 rnti 6050 mcs 28
slot 14 index 0 rnti 6050 mcs 28
slot 15 index 0 rnti 6050 mcs 28
slot 16 index 0 rnti 6050 mcs 28
slot 4 index 0 rnti 6050 mcs 28
slot 5 index 0 rnti 6050 mcs 28
slot 6 index 0 rnti 6050 mcs 28
slot 14 index 0 rnti 6050 mcs 28
slot 15 index 0 rnti 6050 mcs 28
slot 16 index 0 rnti 6050 mcs 28
[EMURAN-DL-CSV] t=2.937 win_tbs=20 win_fail=1 win_bler=0.05000 mcs_last=28 mcs_min=28 mcs_max=28 r0=19 r1=1 r2=0 r3=0  f0=1 f1=0 f2=0 f3=0 tot_tbs=840 tot_fail=34 tot_bler=0.04048 tot_init=801 tot_retx=39
slot 4 index 0 rnti 6050 mcs 28
slot 5 index 0 rnti 6050 mcs 28
slot 6 index 0 rnti 6050 mcs 28
slot 14 index 0 rnti 6050 mcs 28
slot 15 index 0 rnti 6050 mcs 28
slot 16 index 0 rnti 6050 mcs 28
slot 4 index 0 rnti 6050 mcs 28
slot 5 index 0 rnti 6050 mcs 28
slot 6 index 0 rnti 6050 mcs 28
slot 14 index 0 rnti 6050 mcs 28
slot 15 index 0 rnti 6050 mcs 28
slot 16 index 0 rnti 6050 mcs 28
slot 4 index 0 rnti 6050 mcs 28
slot 5 index 0 rnti 6050 mcs 28
slot 6 index 0 rnti 6050 mcs 28
slot 14 index 0 rnti 6050 mcs 28
slot 15 index 0 rnti 6050 mcs 28
slot 16 index 0 rnti 6050 mcs 28
slot 4 index 0 rnti 6050 mcs 28
slot 5 index 0 rnti 6050 mcs 28
[EMURAN-DL-CSV] t=3.009 win_tbs=20 win_fail=2 win_bler=0.10000 mcs_last=28 mcs_min=28 mcs_max=28 r0=18 r1=2 r2=0 r3=0  f0=2 f1=0 f2=0 f3=0 tot_tbs=860 tot_fail=36 tot_bler=0.04186 tot_init=819 tot_retx=41
slot 6 index 0 rnti 6050 mcs 28
slot 14 index 0 rnti 6050 mcs 28
slot 15 index 0 rnti 6050 mcs 28
slot 16 index 0 rnti 6050 mcs 28
slot 4 index 0 rnti 6050 mcs 28
slot 5 index 0 rnti 6050 mcs 28
slot 6 index 0 rnti 6050 mcs 28
slot 14 index 0 rnti 6050 mcs 28
slot 15 index 0 rnti 6050 mcs 28
slot 16 index 0 rnti 6050 mcs 28
slot 4 index 0 rnti 6050 mcs 28
slot 5 index 0 rnti 6050 mcs 28
slot 6 index 0 rnti 6050 mcs 28
slot 14 index 0 rnti 6050 mcs 28
slot 15 index 0 rnti 6050 mcs 28
slot 16 index 0 rnti 6050 mcs 28
slot 4 index 0 rnti 6050 mcs 28
slot 5 index 0 rnti 6050 mcs 28
slot 6 index 0 rnti 6050 mcs 28
slot 14 index 0 rnti 6050 mcs 28
[EMURAN-DL-CSV] t=3.082 win_tbs=20 win_fail=1 win_bler=0.05000 mcs_last=28 mcs_min=28 mcs_max=28 r0=18 r1=2 r2=0 r3=0  f0=1 f1=0 f2=0 f3=0 tot_tbs=880 tot_fail=37 tot_bler=0.04205 tot_init=837 tot_retx=43
slot 15 index 0 rnti 6050 mcs 28
slot 16 index 0 rnti 6050 mcs 28
slot 4 index 0 rnti 6050 mcs 28
slot 5 index 0 rnti 6050 mcs 28
slot 6 index 0 rnti 6050 mcs 28
slot 14 index 0 rnti 6050 mcs 28
slot 15 index 0 rnti 6050 mcs 28
slot 16 index 0 rnti 6050 mcs 28
slot 4 index 0 rnti 6050 mcs 28
slot 5 index 0 rnti 6050 mcs 28
slot 6 index 0 rnti 6050 mcs 28
slot 14 index 0 rnti 6050 mcs 28
slot 15 index 0 rnti 6050 mcs 28
slot 16 index 0 rnti 6050 mcs 28
slot 4 index 0 rnti 6050 mcs 28
slot 5 index 0 rnti 6050 mcs 28
slot 6 index 0 rnti 6050 mcs 28
slot 14 index 0 rnti 6050 mcs 28
slot 15 index 0 rnti 6050 mcs 28
slot 16 index 0 rnti 6050 mcs 28
[EMURAN-DL-CSV] t=3.148 win_tbs=20 win_fail=2 win_bler=0.10000 mcs_last=28 mcs_min=28 mcs_max=28 r0=18 r1=1 r2=1 r3=0  f0=2 f1=0 f2=0 f3=0 tot_tbs=900 tot_fail=39 tot_bler=0.04333 tot_init=855 tot_retx=45
slot 4 index 0 rnti 6050 mcs 28
slot 5 index 0 rnti 6050 mcs 28
slot 6 index 0 rnti 6050 mcs 28
slot 14 index 0 rnti 6050 mcs 28
slot 15 index 0 rnti 6050 mcs 28
slot 16 index 0 rnti 6050 mcs 28
slot 4 index 0 rnti 6050 mcs 28
slot 5 index 0 rnti 6050 mcs 28
slot 6 index 0 rnti 6050 mcs 28
slot 14 index 0 rnti 6050 mcs 28
slot 15 index 0 rnti 6050 mcs 28
slot 16 index 0 rnti 6050 mcs 28
slot 4 index 0 rnti 6050 mcs 28
slot 5 index 0 rnti 6050 mcs 28
slot 6 index 0 rnti 6050 mcs 28
slot 14 index 0 rnti 6050 mcs 28
slot 15 index 0 rnti 6050 mcs 28
slot 16 index 0 rnti 6050 mcs 28
slot 4 index 0 rnti 6050 mcs 28
slot 5 index 0 rnti 6050 mcs 28
[EMURAN-DL-CSV] t=3.220 win_tbs=20 win_fail=0 win_bler=0.00000 mcs_last=28 mcs_min=28 mcs_max=28 r0=20 r1=0 r2=0 r3=0  f0=0 f1=0 f2=0 f3=0 tot_tbs=920 tot_fail=39 tot_bler=0.04239 tot_init=875 tot_retx=45
slot 6 index 0 rnti 6050 mcs 28
slot 14 index 0 rnti 6050 mcs 28
slot 15 index 0 rnti 6050 mcs 28
slot 16 index 0 rnti 6050 mcs 28
slot 4 index 0 rnti 6050 mcs 28
slot 5 index 0 rnti 6050 mcs 28
slot 6 index 0 rnti 6050 mcs 28
slot 14 index 0 rnti 6050 mcs 28
slot 15 index 0 rnti 6050 mcs 28
slot 16 index 0 rnti 6050 mcs 28
slot 4 index 0 rnti 6050 mcs 28
slot 5 index 0 rnti 6050 mcs 28
slot 6 index 0 rnti 6050 mcs 28
slot 14 index 0 rnti 6050 mcs 28
slot 15 index 0 rnti 6050 mcs 28
slot 16 index 0 rnti 6050 mcs 28
slot 4 index 0 rnti 6050 mcs 28
slot 5 index 0 rnti 6050 mcs 28
slot 6 index 0 rnti 6050 mcs 28
slot 14 index 0 rnti 6050 mcs 28
[EMURAN-DL-CSV] t=3.292 win_tbs=20 win_fail=4 win_bler=0.20000 mcs_last=28 mcs_min=28 mcs_max=28 r0=18 r1=2 r2=0 r3=0  f0=3 f1=1 f2=0 f3=0 tot_tbs=940 tot_fail=43 tot_bler=0.04574 tot_init=893 tot_retx=47
slot 15 index 0 rnti 6050 mcs 28
slot 16 index 0 rnti 6050 mcs 28
slot 4 index 0 rnti 6050 mcs 28
slot 5 index 0 rnti 6050 mcs 28
slot 6 index 0 rnti 6050 mcs 28
slot 14 index 0 rnti 6050 mcs 28
slot 15 index 0 rnti 6050 mcs 28
slot 16 index 0 rnti 6050 mcs 28
slot 4 index 0 rnti 6050 mcs 28
slot 5 index 0 rnti 6050 mcs 28
slot 6 index 0 rnti 6050 mcs 28
slot 14 index 0 rnti 6050 mcs 28
slot 15 index 0 rnti 6050 mcs 28
slot 16 index 0 rnti 6050 mcs 28
slot 4 index 0 rnti 6050 mcs 28
slot 5 index 0 rnti 6050 mcs 28
slot 6 index 0 rnti 6050 mcs 28
slot 14 index 0 rnti 6050 mcs 28
slot 15 index 0 rnti 6050 mcs 28
slot 16 index 0 rnti 6050 mcs 28
[EMURAN-DL-CSV] t=3.357 win_tbs=20 win_fail=0 win_bler=0.00000 mcs_last=28 mcs_min=28 mcs_max=28 r0=20 r1=0 r2=0 r3=0  f0=0 f1=0 f2=0 f3=0 tot_tbs=960 tot_fail=43 tot_bler=0.04479 tot_init=913 tot_retx=47
slot 4 index 0 rnti 6050 mcs 28
slot 5 index 0 rnti 6050 mcs 28
slot 6 index 0 rnti 6050 mcs 28
slot 14 index 0 rnti 6050 mcs 28
slot 15 index 0 rnti 6050 mcs 28
slot 16 index 0 rnti 6050 mcs 28
slot 4 index 0 rnti 6050 mcs 28
slot 5 index 0 rnti 6050 mcs 28
slot 6 index 0 rnti 6050 mcs 28
slot 14 index 0 rnti 6050 mcs 28
slot 15 index 0 rnti 6050 mcs 28
slot 16 index 0 rnti 6050 mcs 28
slot 4 index 0 rnti 6050 mcs 28
slot 5 index 0 rnti 6050 mcs 28
slot 6 index 0 rnti 6050 mcs 28
slot 14 index 0 rnti 6050 mcs 28
slot 15 index 0 rnti 6050 mcs 28
slot 16 index 0 rnti 6050 mcs 28
slot 4 index 0 rnti 6050 mcs 28
slot 5 index 0 rnti 6050 mcs 28
[EMURAN-DL-CSV] t=3.430 win_tbs=20 win_fail=1 win_bler=0.05000 mcs_last=28 mcs_min=28 mcs_max=28 r0=19 r1=1 r2=0 r3=0  f0=1 f1=0 f2=0 f3=0 tot_tbs=980 tot_fail=44 tot_bler=0.04490 tot_init=932 tot_retx=48
slot 6 index 0 rnti 6050 mcs 28
slot 14 index 0 rnti 6050 mcs 28
slot 15 index 0 rnti 6050 mcs 28
slot 16 index 0 rnti 6050 mcs 28
slot 4 index 0 rnti 6050 mcs 28
slot 5 index 0 rnti 6050 mcs 28
slot 6 index 0 rnti 6050 mcs 28
slot 14 index 0 rnti 6050 mcs 28
slot 15 index 0 rnti 6050 mcs 28
slot 16 index 0 rnti 6050 mcs 28
slot 4 index 0 rnti 6050 mcs 28
slot 5 index 0 rnti 6050 mcs 28
slot 6 index 0 rnti 6050 mcs 28
slot 14 index 0 rnti 6050 mcs 28
slot 15 index 0 rnti 6050 mcs 28
slot 16 index 0 rnti 6050 mcs 28
slot 4 index 0 rnti 6050 mcs 28
slot 5 index 0 rnti 6050 mcs 28
slot 6 index 0 rnti 6050 mcs 28
slot 14 index 0 rnti 6050 mcs 28
[EMURAN-DL-CSV] t=3.502 win_tbs=20 win_fail=1 win_bler=0.05000 mcs_last=28 mcs_min=28 mcs_max=28 r0=19 r1=1 r2=0 r3=0  f0=1 f1=0 f2=0 f3=0 tot_tbs=1000 tot_fail=45 tot_bler=0.04500 tot_init=951 tot_retx=49
slot 15 index 0 rnti 6050 mcs 28
slot 16 index 0 rnti 6050 mcs 28
slot 4 index 0 rnti 6050 mcs 28
slot 5 index 0 rnti 6050 mcs 28
slot 6 index 0 rnti 6050 mcs 28
slot 14 index 0 rnti 6050 mcs 28
slot 15 index 0 rnti 6050 mcs 28
slot 16 index 0 rnti 6050 mcs 28
slot 4 index 0 rnti 6050 mcs 28
slot 5 index 0 rnti 6050 mcs 28
slot 6 index 0 rnti 6050 mcs 28
slot 14 index 0 rnti 6050 mcs 28
slot 15 index 0 rnti 6050 mcs 28
slot 16 index 0 rnti 6050 mcs 28
slot 4 index 0 rnti 6050 mcs 28
slot 5 index 0 rnti 6050 mcs 28
slot 6 index 0 rnti 6050 mcs 28
slot 14 index 0 rnti 6050 mcs 28
slot 15 index 0 rnti 6050 mcs 28
slot 16 index 0 rnti 6050 mcs 28
[EMURAN-DL-CSV] t=3.568 win_tbs=20 win_fail=1 win_bler=0.05000 mcs_last=28 mcs_min=28 mcs_max=28 r0=20 r1=0 r2=0 r3=0  f0=1 f1=0 f2=0 f3=0 tot_tbs=1020 tot_fail=46 tot_bler=0.04510 tot_init=971 tot_retx=49
slot 4 index 0 rnti 6050 mcs 28
slot 5 index 0 rnti 6050 mcs 28
slot 6 index 0 rnti 6050 mcs 28
slot 14 index 0 rnti 6050 mcs 28
slot 15 index 0 rnti 6050 mcs 28
slot 16 index 0 rnti 6050 mcs 28
slot 4 index 0 rnti 6050 mcs 28
slot 5 index 0 rnti 6050 mcs 28
slot 6 index 0 rnti 6050 mcs 28
slot 14 index 0 rnti 6050 mcs 28
slot 15 index 0 rnti 6050 mcs 28
slot 16 index 0 rnti 6050 mcs 28
slot 4 index 0 rnti 6050 mcs 28
slot 5 index 0 rnti 6050 mcs 28
slot 6 index 0 rnti 6050 mcs 28
slot 14 index 0 rnti 6050 mcs 28
slot 15 index 0 rnti 6050 mcs 28
slot 16 index 0 rnti 6050 mcs 28
slot 4 index 0 rnti 6050 mcs 28
slot 5 index 0 rnti 6050 mcs 28
[EMURAN-DL-CSV] t=3.640 win_tbs=20 win_fail=0 win_bler=0.00000 mcs_last=28 mcs_min=28 mcs_max=28 r0=20 r1=0 r2=0 r3=0  f0=0 f1=0 f2=0 f3=0 tot_tbs=1040 tot_fail=46 tot_bler=0.04423 tot_init=991 tot_retx=49
slot 6 index 0 rnti 6050 mcs 28
slot 14 index 0 rnti 6050 mcs 28
slot 15 index 0 rnti 6050 mcs 28
slot 16 index 0 rnti 6050 mcs 28
slot 4 index 0 rnti 6050 mcs 28
slot 5 index 0 rnti 6050 mcs 28
slot 6 index 0 rnti 6050 mcs 28
slot 14 index 0 rnti 6050 mcs 28
slot 15 index 0 rnti 6050 mcs 28
slot 16 index 0 rnti 6050 mcs 28
slot 4 index 0 rnti 6050 mcs 28
slot 5 index 0 rnti 6050 mcs 28
slot 6 index 0 rnti 6050 mcs 28
slot 14 index 0 rnti 6050 mcs 28
slot 15 index 0 rnti 6050 mcs 28
slot 16 index 0 rnti 6050 mcs 28
slot 4 index 0 rnti 6050 mcs 28
slot 5 index 0 rnti 6050 mcs 28
slot 6 index 0 rnti 6050 mcs 28
slot 14 index 0 rnti 6050 mcs 28
[EMURAN-DL-CSV] t=3.713 win_tbs=20 win_fail=1 win_bler=0.05000 mcs_last=28 mcs_min=28 mcs_max=28 r0=19 r1=1 r2=0 r3=0  f0=1 f1=0 f2=0 f3=0 tot_tbs=1060 tot_fail=47 tot_bler=0.04434 tot_init=1010 tot_retx=50
slot 15 index 0 rnti 6050 mcs 28
slot 16 index 0 rnti 6050 mcs 28
slot 4 index 0 rnti 6050 mcs 28
slot 5 index 0 rnti 6050 mcs 28
slot 6 index 0 rnti 6050 mcs 28
slot 14 index 0 rnti 6050 mcs 28
slot 15 index 0 rnti 6050 mcs 28
slot 16 index 0 rnti 6050 mcs 28
slot 4 index 0 rnti 6050 mcs 28
slot 5 index 0 rnti 6050 mcs 28
slot 6 index 0 rnti 6050 mcs 28
slot 14 index 0 rnti 6050 mcs 28
slot 15 index 0 rnti 6050 mcs 28
slot 16 index 0 rnti 6050 mcs 28
slot 4 index 0 rnti 6050 mcs 28
slot 5 index 0 rnti 6050 mcs 28
slot 6 index 0 rnti 6050 mcs 28
slot 14 index 0 rnti 6050 mcs 28
slot 15 index 0 rnti 6050 mcs 28
slot 16 index 0 rnti 6050 mcs 28
[EMURAN-DL-CSV] t=3.778 win_tbs=20 win_fail=0 win_bler=0.00000 mcs_last=28 mcs_min=28 mcs_max=28 r0=19 r1=1 r2=0 r3=0  f0=0 f1=0 f2=0 f3=0 tot_tbs=1080 tot_fail=47 tot_bler=0.04352 tot_init=1029 tot_retx=51
slot 4 index 0 rnti 6050 mcs 28
slot 5 index 0 rnti 6050 mcs 28
slot 6 index 0 rnti 6050 mcs 28
slot 14 index 0 rnti 6050 mcs 28
slot 15 index 0 rnti 6050 mcs 28
slot 16 index 0 rnti 6050 mcs 28
slot 4 index 0 rnti 6050 mcs 28
slot 5 index 0 rnti 6050 mcs 28
slot 6 index 0 rnti 6050 mcs 28
slot 14 index 0 rnti 6050 mcs 28
slot 15 index 0 rnti 6050 mcs 28
slot 16 index 0 rnti 6050 mcs 28
slot 4 index 0 rnti 6050 mcs 28
slot 5 index 0 rnti 6050 mcs 28
slot 6 index 0 rnti 6050 mcs 28
slot 14 index 0 rnti 6050 mcs 28
slot 15 index 0 rnti 6050 mcs 28
slot 16 index 0 rnti 6050 mcs 28
slot 4 index 0 rnti 6050 mcs 28
slot 5 index 0 rnti 6050 mcs 28
[EMURAN-DL-CSV] t=3.851 win_tbs=20 win_fail=0 win_bler=0.00000 mcs_last=28 mcs_min=28 mcs_max=28 r0=20 r1=0 r2=0 r3=0  f0=0 f1=0 f2=0 f3=0 tot_tbs=1100 tot_fail=47 tot_bler=0.04273 tot_init=1049 tot_retx=51
slot 6 index 0 rnti 6050 mcs 28
slot 14 index 0 rnti 6050 mcs 28
slot 15 index 0 rnti 6050 mcs 28
slot 16 index 0 rnti 6050 mcs 28
slot 4 index 0 rnti 6050 mcs 28
slot 5 index 0 rnti 6050 mcs 28
slot 6 index 0 rnti 6050 mcs 28
slot 14 index 0 rnti 6050 mcs 28
slot 15 index 0 rnti 6050 mcs 28
slot 16 index 0 rnti 6050 mcs 28
slot 4 index 0 rnti 6050 mcs 28
slot 5 index 0 rnti 6050 mcs 28
slot 6 index 0 rnti 6050 mcs 28
slot 14 index 0 rnti 6050 mcs 28
slot 15 index 0 rnti 6050 mcs 28
slot 16 index 0 rnti 6050 mcs 28
[UE-STAT] frame=1000 dci_cnt=600 total_tbs=50385600 ack_real=485 nack_real=28 fb_missing=87 decode_cnt=600
slot 4 index 0 rnti 6050 mcs 28
slot 5 index 0 rnti 6050 mcs 28
slot 6 index 0 rnti 6050 mcs 28
slot 14 index 0 rnti 6050 mcs 28
[EMURAN-DL-CSV] t=3.923 win_tbs=20 win_fail=1 win_bler=0.05000 mcs_last=28 mcs_min=28 mcs_max=28 r0=19 r1=1 r2=0 r3=0  f0=1 f1=0 f2=0 f3=0 tot_tbs=1120 tot_fail=48 tot_bler=0.04286 tot_init=1068 tot_retx=52
slot 15 index 0 rnti 6050 mcs 28
slot 16 index 0 rnti 6050 mcs 28
slot 4 index 0 rnti 6050 mcs 28
slot 5 index 0 rnti 6050 mcs 28
slot 6 index 0 rnti 6050 mcs 28
slot 14 index 0 rnti 6050 mcs 28
slot 15 index 0 rnti 6050 mcs 28
slot 16 index 0 rnti 6050 mcs 28
slot 4 index 0 rnti 6050 mcs 28
slot 5 index 0 rnti 6050 mcs 28
slot 6 index 0 rnti 6050 mcs 28
slot 14 index 0 rnti 6050 mcs 28
slot 15 index 0 rnti 6050 mcs 28
slot 16 index 0 rnti 6050 mcs 28
slot 4 index 0 rnti 6050 mcs 28
slot 5 index 0 rnti 6050 mcs 28
slot 6 index 0 rnti 6050 mcs 28
slot 14 index 0 rnti 6050 mcs 28
slot 15 index 0 rnti 6050 mcs 28
slot 16 index 0 rnti 6050 mcs 28
[EMURAN-DL-CSV] t=3.988 win_tbs=20 win_fail=0 win_bler=0.00000 mcs_last=28 mcs_min=28 mcs_max=28 r0=20 r1=0 r2=0 r3=0  f0=0 f1=0 f2=0 f3=0 tot_tbs=1140 tot_fail=48 tot_bler=0.04211 tot_init=1088 tot_retx=52
slot 4 index 0 rnti 6050 mcs 28
slot 5 index 0 rnti 6050 mcs 28
slot 6 index 0 rnti 6050 mcs 28
slot 14 index 0 rnti 6050 mcs 28
slot 15 index 0 rnti 6050 mcs 28
slot 16 index 0 rnti 6050 mcs 28
slot 4 index 0 rnti 6050 mcs 28
slot 5 index 0 rnti 6050 mcs 28
slot 6 index 0 rnti 6050 mcs 28
slot 14 index 0 rnti 6050 mcs 28
slot 15 index 0 rnti 6050 mcs 28
slot 16 index 0 rnti 6050 mcs 28
slot 4 index 0 rnti 6050 mcs 28
slot 5 index 0 rnti 6050 mcs 28
slot 6 index 0 rnti 6050 mcs 28
slot 14 index 0 rnti 6050 mcs 28
slot 15 index 0 rnti 6050 mcs 28
slot 16 index 0 rnti 6050 mcs 28
slot 4 index 0 rnti 6050 mcs 28
slot 5 index 0 rnti 6050 mcs 28
[EMURAN-DL-CSV] t=4.061 win_tbs=20 win_fail=0 win_bler=0.00000 mcs_last=28 mcs_min=28 mcs_max=28 r0=20 r1=0 r2=0 r3=0  f0=0 f1=0 f2=0 f3=0 tot_tbs=1160 tot_fail=48 tot_bler=0.04138 tot_init=1108 tot_retx=52
slot 6 index 0 rnti 6050 mcs 28
slot 14 index 0 rnti 6050 mcs 28
slot 15 index 0 rnti 6050 mcs 28
slot 16 index 0 rnti 6050 mcs 28
slot 4 index 0 rnti 6050 mcs 28
slot 5 index 0 rnti 6050 mcs 28
slot 6 index 0 rnti 6050 mcs 28
slot 14 index 0 rnti 6050 mcs 28
slot 15 index 0 rnti 6050 mcs 28
slot 16 index 0 rnti 6050 mcs 28
slot 4 index 0 rnti 6050 mcs 28
slot 5 index 0 rnti 6050 mcs 28
slot 6 index 0 rnti 6050 mcs 28
slot 14 index 0 rnti 6050 mcs 28
slot 15 index 0 rnti 6050 mcs 28
slot 16 index 0 rnti 6050 mcs 28
slot 4 index 0 rnti 6050 mcs 28
slot 5 index 0 rnti 6050 mcs 28
slot 6 index 0 rnti 6050 mcs 28
slot 14 index 0 rnti 6050 mcs 28
[EMURAN-DL-CSV] t=4.134 win_tbs=20 win_fail=2 win_bler=0.10000 mcs_last=28 mcs_min=28 mcs_max=28 r0=17 r1=3 r2=0 r3=0  f0=1 f1=1 f2=0 f3=0 tot_tbs=1180 tot_fail=50 tot_bler=0.04237 tot_init=1125 tot_retx=55
slot 15 index 0 rnti 6050 mcs 28
slot 16 index 0 rnti 6050 mcs 28
slot 4 index 0 rnti 6050 mcs 28
slot 5 index 0 rnti 6050 mcs 28
slot 6 index 0 rnti 6050 mcs 28
slot 14 index 0 rnti 6050 mcs 28
slot 15 index 0 rnti 6050 mcs 28
slot 16 index 0 rnti 6050 mcs 28
slot 4 index 0 rnti 6050 mcs 28
slot 5 index 0 rnti 6050 mcs 28
slot 6 index 0 rnti 6050 mcs 28
slot 14 index 0 rnti 6050 mcs 28
slot 15 index 0 rnti 6050 mcs 28
slot 16 index 0 rnti 6050 mcs 28
slot 4 index 0 rnti 6050 mcs 28
slot 5 index 0 rnti 6050 mcs 28
slot 6 index 0 rnti 6050 mcs 28
slot 14 index 0 rnti 6050 mcs 28
slot 15 index 0 rnti 6050 mcs 28
slot 16 index 0 rnti 6050 mcs 28
[EMURAN-DL-CSV] t=4.199 win_tbs=20 win_fail=1 win_bler=0.05000 mcs_last=28 mcs_min=28 mcs_max=28 r0=19 r1=1 r2=0 r3=0  f0=1 f1=0 f2=0 f3=0 tot_tbs=1200 tot_fail=51 tot_bler=0.04250 tot_init=1144 tot_retx=56
slot 4 index 0 rnti 6050 mcs 28
slot 5 index 0 rnti 6050 mcs 28
slot 6 index 0 rnti 6050 mcs 28
slot 14 index 0 rnti 6050 mcs 28
slot 15 index 0 rnti 6050 mcs 28
slot 16 index 0 rnti 6050 mcs 28
slot 4 index 0 rnti 6050 mcs 28
slot 5 index 0 rnti 6050 mcs 28
slot 6 index 0 rnti 6050 mcs 28
slot 14 index 0 rnti 6050 mcs 28
slot 15 index 0 rnti 6050 mcs 28
slot 16 index 0 rnti 6050 mcs 28
slot 4 index 0 rnti 6050 mcs 28
slot 5 index 0 rnti 6050 mcs 28
slot 6 index 0 rnti 6050 mcs 28
slot 14 index 0 rnti 6050 mcs 28
slot 15 index 0 rnti 6050 mcs 28
slot 16 index 0 rnti 6050 mcs 28
slot 4 index 0 rnti 6050 mcs 28
slot 5 index 0 rnti 6050 mcs 28
[EMURAN-DL-CSV] t=4.271 win_tbs=20 win_fail=1 win_bler=0.05000 mcs_last=28 mcs_min=28 mcs_max=28 r0=19 r1=1 r2=0 r3=0  f0=1 f1=0 f2=0 f3=0 tot_tbs=1220 tot_fail=52 tot_bler=0.04262 tot_init=1163 tot_retx=57
slot 6 index 0 rnti 6050 mcs 28
slot 14 index 0 rnti 6050 mcs 28
slot 15 index 0 rnti 6050 mcs 28
slot 16 index 0 rnti 6050 mcs 28
slot 4 index 0 rnti 6050 mcs 28
slot 5 index 0 rnti 6050 mcs 28
slot 6 index 0 rnti 6050 mcs 28
slot 14 index 0 rnti 6050 mcs 28
slot 15 index 0 rnti 6050 mcs 28
slot 16 index 0 rnti 6050 mcs 28
slot 4 index 0 rnti 6050 mcs 28
slot 5 index 0 rnti 6050 mcs 28
slot 6 index 0 rnti 6050 mcs 28
slot 14 index 0 rnti 6050 mcs 28
slot 15 index 0 rnti 6050 mcs 28
slot 16 index 0 rnti 6050 mcs 28
slot 4 index 0 rnti 6050 mcs 28
slot 5 index 0 rnti 6050 mcs 28
slot 6 index 0 rnti 6050 mcs 28
slot 14 index 0 rnti 6050 mcs 28
[EMURAN-DL-CSV] t=4.344 win_tbs=20 win_fail=0 win_bler=0.00000 mcs_last=28 mcs_min=28 mcs_max=28 r0=20 r1=0 r2=0 r3=0  f0=0 f1=0 f2=0 f3=0 tot_tbs=1240 tot_fail=52 tot_bler=0.04194 tot_init=1183 tot_retx=57
slot 15 index 0 rnti 6050 mcs 28
slot 16 index 0 rnti 6050 mcs 28
slot 4 index 0 rnti 6050 mcs 28
slot 5 index 0 rnti 6050 mcs 28
slot 6 index 0 rnti 6050 mcs 28
slot 14 index 0 rnti 6050 mcs 28
slot 15 index 0 rnti 6050 mcs 28
slot 16 index 0 rnti 6050 mcs 28
slot 4 index 0 rnti 6050 mcs 28
slot 5 index 0 rnti 6050 mcs 28
slot 6 index 0 rnti 6050 mcs 28
slot 14 index 0 rnti 6050 mcs 28
slot 15 index 0 rnti 6050 mcs 28
slot 16 index 0 rnti 6050 mcs 28
slot 4 index 0 rnti 6050 mcs 28
slot 5 index 0 rnti 6050 mcs 28
slot 6 index 0 rnti 6050 mcs 28
slot 14 index 0 rnti 6050 mcs 28
slot 15 index 0 rnti 6050 mcs 28
slot 16 index 0 rnti 6050 mcs 28
[EMURAN-DL-CSV] t=4.409 win_tbs=20 win_fail=0 win_bler=0.00000 mcs_last=28 mcs_min=28 mcs_max=28 r0=20 r1=0 r2=0 r3=0  f0=0 f1=0 f2=0 f3=0 tot_tbs=1260 tot_fail=52 tot_bler=0.04127 tot_init=1203 tot_retx=57
[UE-STAT] frame=0 dci_cnt=144 total_tbs=12092544 ack_real=123 nack_real=4 fb_missing=17 decode_cnt=144
slot 4 index 0 rnti 6050 mcs 28
slot 5 index 0 rnti 6050 mcs 28
slot 6 index 0 rnti 6050 mcs 28
slot 14 index 0 rnti 6050 mcs 28
slot 15 index 0 rnti 6050 mcs 28
slot 16 index 0 rnti 6050 mcs 28
slot 4 index 0 rnti 6050 mcs 28
slot 5 index 0 rnti 6050 mcs 28
slot 6 index 0 rnti 6050 mcs 28
slot 14 index 0 rnti 6050 mcs 28
slot 15 index 0 rnti 6050 mcs 28
slot 16 index 0 rnti 6050 mcs 28
slot 4 index 0 rnti 6050 mcs 28
slot 5 index 0 rnti 6050 mcs 28
slot 6 index 0 rnti 6050 mcs 28
slot 14 index 0 rnti 6050 mcs 28
slot 15 index 0 rnti 6050 mcs 28
slot 16 index 0 rnti 6050 mcs 28
slot 4 index 0 rnti 6050 mcs 28
slot 5 index 0 rnti 6050 mcs 28
[EMURAN-DL-CSV] t=4.482 win_tbs=20 win_fail=0 win_bler=0.00000 mcs_last=28 mcs_min=28 mcs_max=28 r0=19 r1=1 r2=0 r3=0  f0=0 f1=0 f2=0 f3=0 tot_tbs=1280 tot_fail=52 tot_bler=0.04063 tot_init=1222 tot_retx=58
slot 6 index 0 rnti 6050 mcs 28
slot 14 index 0 rnti 6050 mcs 28
slot 15 index 0 rnti 6050 mcs 28
slot 16 index 0 rnti 6050 mcs 28
slot 4 index 0 rnti 6050 mcs 28
slot 5 index 0 rnti 6050 mcs 28
slot 6 index 0 rnti 6050 mcs 28
slot 14 index 0 rnti 6050 mcs 28
slot 15 index 0 rnti 6050 mcs 28
slot 16 index 0 rnti 6050 mcs 28
slot 4 index 0 rnti 6050 mcs 28
slot 5 index 0 rnti 6050 mcs 28
slot 6 index 0 rnti 6050 mcs 28
slot 14 index 0 rnti 6050 mcs 28
slot 15 index 0 rnti 6050 mcs 28
slot 16 index 0 rnti 6050 mcs 28
slot 4 index 0 rnti 6050 mcs 28
slot 5 index 0 rnti 6050 mcs 28
slot 6 index 0 rnti 6050 mcs 28
slot 14 index 0 rnti 6050 mcs 28
[EMURAN-DL-CSV] t=4.554 win_tbs=20 win_fail=2 win_bler=0.10000 mcs_last=28 mcs_min=28 mcs_max=28 r0=19 r1=1 r2=0 r3=0  f0=2 f1=0 f2=0 f3=0 tot_tbs=1300 tot_fail=54 tot_bler=0.04154 tot_init=1241 tot_retx=59
slot 15 index 0 rnti 6050 mcs 28
slot 16 index 0 rnti 6050 mcs 28
slot 4 index 0 rnti 6050 mcs 28
slot 5 index 0 rnti 6050 mcs 28
slot 6 index 0 rnti 6050 mcs 28
slot 14 index 0 rnti 6050 mcs 28
slot 15 index 0 rnti 6050 mcs 28
slot 16 index 0 rnti 6050 mcs 28
slot 4 index 0 rnti 6050 mcs 28
slot 5 index 0 rnti 6050 mcs 28
slot 6 index 0 rnti 6050 mcs 28
slot 14 index 0 rnti 6050 mcs 28
slot 15 index 0 rnti 6050 mcs 28
slot 16 index 0 rnti 6050 mcs 28
slot 4 index 0 rnti 6050 mcs 28
slot 5 index 0 rnti 6050 mcs 28
slot 6 index 0 rnti 6050 mcs 28
slot 14 index 0 rnti 6050 mcs 28
slot 15 index 0 rnti 6050 mcs 28
slot 16 index 0 rnti 6050 mcs 28
[EMURAN-DL-CSV] t=4.620 win_tbs=20 win_fail=0 win_bler=0.00000 mcs_last=28 mcs_min=28 mcs_max=28 r0=20 r1=0 r2=0 r3=0  f0=0 f1=0 f2=0 f3=0 tot_tbs=1320 tot_fail=54 tot_bler=0.04091 tot_init=1261 tot_retx=59
slot 4 index 0 rnti 6050 mcs 28
slot 5 index 0 rnti 6050 mcs 28
slot 6 index 0 rnti 6050 mcs 28
slot 14 index 0 rnti 6050 mcs 28
slot 15 index 0 rnti 6050 mcs 28
slot 16 index 0 rnti 6050 mcs 28
slot 4 index 0 rnti 6050 mcs 28
slot 5 index 0 rnti 6050 mcs 28
slot 6 index 0 rnti 6050 mcs 28
slot 14 index 0 rnti 6050 mcs 28
slot 15 index 0 rnti 6050 mcs 28
slot 16 index 0 rnti 6050 mcs 28
slot 4 index 0 rnti 6050 mcs 28
slot 5 index 0 rnti 6050 mcs 28
slot 6 index 0 rnti 6050 mcs 28
slot 14 index 0 rnti 6050 mcs 28
slot 15 index 0 rnti 6050 mcs 28
slot 16 index 0 rnti 6050 mcs 28
slot 4 index 0 rnti 6050 mcs 28
slot 5 index 0 rnti 6050 mcs 28
[EMURAN-DL-CSV] t=4.692 win_tbs=20 win_fail=0 win_bler=0.00000 mcs_last=28 mcs_min=28 mcs_max=28 r0=20 r1=0 r2=0 r3=0  f0=0 f1=0 f2=0 f3=0 tot_tbs=1340 tot_fail=54 tot_bler=0.04030 tot_init=1281 tot_retx=59
slot 6 index 0 rnti 6050 mcs 28
slot 14 index 0 rnti 6050 mcs 28
slot 15 index 0 rnti 6050 mcs 28
slot 16 index 0 rnti 6050 mcs 28
slot 4 index 0 rnti 6050 mcs 28
slot 5 index 0 rnti 6050 mcs 28
slot 6 index 0 rnti 6050 mcs 28
slot 14 index 0 rnti 6050 mcs 28
slot 15 index 0 rnti 6050 mcs 28
slot 16 index 0 rnti 6050 mcs 28
slot 4 index 0 rnti 6050 mcs 28
slot 5 index 0 rnti 6050 mcs 28
slot 6 index 0 rnti 6050 mcs 28
slot 14 index 0 rnti 6050 mcs 28
slot 15 index 0 rnti 6050 mcs 28
slot 16 index 0 rnti 6050 mcs 28
slot 4 index 0 rnti 6050 mcs 28
slot 5 index 0 rnti 6050 mcs 28
slot 6 index 0 rnti 6050 mcs 28
slot 14 index 0 rnti 6050 mcs 28
[EMURAN-DL-CSV] t=4.765 win_tbs=20 win_fail=0 win_bler=0.00000 mcs_last=28 mcs_min=28 mcs_max=28 r0=19 r1=1 r2=0 r3=0  f0=0 f1=0 f2=0 f3=0 tot_tbs=1360 tot_fail=54 tot_bler=0.03971 tot_init=1300 tot_retx=60
slot 15 index 0 rnti 6050 mcs 28
slot 16 index 0 rnti 6050 mcs 28
slot 4 index 0 rnti 6050 mcs 28
slot 5 index 0 rnti 6050 mcs 28
slot 6 index 0 rnti 6050 mcs 28
slot 14 index 0 rnti 6050 mcs 28
slot 15 index 0 rnti 6050 mcs 28
slot 16 index 0 rnti 6050 mcs 28
slot 4 index 0 rnti 6050 mcs 28
slot 5 index 0 rnti 6050 mcs 28
slot 6 index 0 rnti 6050 mcs 28
slot 14 index 0 rnti 6050 mcs 28
slot 15 index 0 rnti 6050 mcs 28
slot 16 index 0 rnti 6050 mcs 28
slot 4 index 0 rnti 6050 mcs 28
slot 5 index 0 rnti 6050 mcs 28
slot 6 index 0 rnti 6050 mcs 28
slot 14 index 0 rnti 6050 mcs 28
slot 15 index 0 rnti 6050 mcs 28
slot 16 index 0 rnti 6050 mcs 28
[EMURAN-DL-CSV] t=4.830 win_tbs=20 win_fail=0 win_bler=0.00000 mcs_last=28 mcs_min=28 mcs_max=28 r0=20 r1=0 r2=0 r3=0  f0=0 f1=0 f2=0 f3=0 tot_tbs=1380 tot_fail=54 tot_bler=0.03913 tot_init=1320 tot_retx=60
slot 4 index 0 rnti 6050 mcs 28
slot 5 index 0 rnti 6050 mcs 28
slot 6 index 0 rnti 6050 mcs 28
slot 14 index 0 rnti 6050 mcs 28
slot 15 index 0 rnti 6050 mcs 28
slot 16 index 0 rnti 6050 mcs 28
slot 4 index 0 rnti 6050 mcs 28
slot 5 index 0 rnti 6050 mcs 28
slot 6 index 0 rnti 6050 mcs 28
slot 14 index 0 rnti 6050 mcs 28
slot 15 index 0 rnti 6050 mcs 28
slot 16 index 0 rnti 6050 mcs 28
slot 4 index 0 rnti 6050 mcs 28
slot 5 index 0 rnti 6050 mcs 28
slot 6 index 0 rnti 6050 mcs 28
slot 14 index 0 rnti 6050 mcs 28
slot 15 index 0 rnti 6050 mcs 28
slot 16 index 0 rnti 6050 mcs 28
slot 4 index 0 rnti 6050 mcs 28
slot 5 index 0 rnti 6050 mcs 28
[EMURAN-DL-CSV] t=4.903 win_tbs=20 win_fail=1 win_bler=0.05000 mcs_last=28 mcs_min=28 mcs_max=28 r0=19 r1=1 r2=0 r3=0  f0=1 f1=0 f2=0 f3=0 tot_tbs=1400 tot_fail=55 tot_bler=0.03929 tot_init=1339 tot_retx=61
slot 6 index 0 rnti 6050 mcs 28
slot 14 index 0 rnti 6050 mcs 28
slot 15 index 0 rnti 6050 mcs 28
slot 16 index 0 rnti 6050 mcs 28
slot 4 index 0 rnti 6050 mcs 28
slot 5 index 0 rnti 6050 mcs 28
slot 6 index 0 rnti 6050 mcs 28
slot 14 index 0 rnti 6050 mcs 28
slot 15 index 0 rnti 6050 mcs 28
slot 16 index 0 rnti 6050 mcs 28
slot 4 index 0 rnti 6050 mcs 28
slot 5 index 0 rnti 6050 mcs 28
slot 6 index 0 rnti 6050 mcs 28
slot 14 index 0 rnti 6050 mcs 28
slot 15 index 0 rnti 6050 mcs 28
slot 16 index 0 rnti 6050 mcs 28
slot 4 index 0 rnti 6050 mcs 28
slot 5 index 0 rnti 6050 mcs 28
slot 6 index 0 rnti 6050 mcs 28
slot 14 index 0 rnti 6050 mcs 28
[EMURAN-DL-CSV] t=4.975 win_tbs=20 win_fail=2 win_bler=0.10000 mcs_last=28 mcs_min=28 mcs_max=28 r0=18 r1=1 r2=1 r3=0  f0=2 f1=0 f2=0 f3=0 tot_tbs=1420 tot_fail=57 tot_bler=0.04014 tot_init=1357 tot_retx=63
slot 15 index 0 rnti 6050 mcs 28
slot 16 index 0 rnti 6050 mcs 28
slot 4 index 0 rnti 6050 mcs 28
slot 5 index 0 rnti 6050 mcs 28
slot 6 index 0 rnti 6050 mcs 28
slot 14 index 0 rnti 6050 mcs 28
slot 15 index 0 rnti 6050 mcs 28
slot 16 index 0 rnti 6050 mcs 28
slot 4 index 0 rnti 6050 mcs 28
slot 5 index 0 rnti 6050 mcs 28
slot 6 index 0 rnti 6050 mcs 28
slot 14 index 0 rnti 6050 mcs 28
slot 15 index 0 rnti 6050 mcs 28
slot 16 index 0 rnti 6050 mcs 28
slot 4 index 0 rnti 6050 mcs 28
slot 5 index 0 rnti 6050 mcs 28
slot 6 index 0 rnti 6050 mcs 28
slot 14 index 0 rnti 6050 mcs 28
slot 15 index 0 rnti 6050 mcs 28
slot 16 index 0 rnti 6050 mcs 28
[EMURAN-DL-CSV] t=5.040 win_tbs=20 win_fail=1 win_bler=0.05000 mcs_last=28 mcs_min=28 mcs_max=28 r0=19 r1=1 r2=0 r3=0  f0=1 f1=0 f2=0 f3=0 tot_tbs=1440 tot_fail=58 tot_bler=0.04028 tot_init=1376 tot_retx=64
slot 4 index 0 rnti 6050 mcs 28
slot 5 index 0 rnti 6050 mcs 28
slot 6 index 0 rnti 6050 mcs 28
slot 14 index 0 rnti 6050 mcs 28
slot 15 index 0 rnti 6050 mcs 28
slot 16 index 0 rnti 6050 mcs 28
slot 4 index 0 rnti 6050 mcs 28
slot 5 index 0 rnti 6050 mcs 28
slot 6 index 0 rnti 6050 mcs 28
slot 14 index 0 rnti 6050 mcs 28
slot 15 index 0 rnti 6050 mcs 28
slot 16 index 0 rnti 6050 mcs 28
slot 4 index 0 rnti 6050 mcs 28
slot 5 index 0 rnti 6050 mcs 28
slot 6 index 0 rnti 6050 mcs 28
slot 14 index 0 rnti 6050 mcs 28
slot 15 index 0 rnti 6050 mcs 28
slot 16 index 0 rnti 6050 mcs 28
slot 4 index 0 rnti 6050 mcs 28
slot 5 index 0 rnti 6050 mcs 28
[EMURAN-DL-CSV] t=5.113 win_tbs=20 win_fail=2 win_bler=0.10000 mcs_last=28 mcs_min=28 mcs_max=28 r0=19 r1=1 r2=0 r3=0  f0=2 f1=0 f2=0 f3=0 tot_tbs=1460 tot_fail=60 tot_bler=0.04110 tot_init=1395 tot_retx=65
slot 6 index 0 rnti 6050 mcs 28
slot 14 index 0 rnti 6050 mcs 28
slot 15 index 0 rnti 6050 mcs 28
slot 16 index 0 rnti 6050 mcs 28
slot 4 index 0 rnti 6050 mcs 28
slot 5 index 0 rnti 6050 mcs 28
slot 6 index 0 rnti 6050 mcs 28
slot 14 index 0 rnti 6050 mcs 28
slot 15 index 0 rnti 6050 mcs 28
slot 16 index 0 rnti 6050 mcs 28
slot 4 index 0 rnti 6050 mcs 28
slot 5 index 0 rnti 6050 mcs 28
slot 6 index 0 rnti 6050 mcs 28
slot 14 index 0 rnti 6050 mcs 28
slot 15 index 0 rnti 6050 mcs 28
slot 16 index 0 rnti 6050 mcs 28
slot 4 index 0 rnti 6050 mcs 28
slot 5 index 0 rnti 6050 mcs 28
slot 6 index 0 rnti 6050 mcs 28
slot 14 index 0 rnti 6050 mcs 28
[EMURAN-DL-CSV] t=5.185 win_tbs=20 win_fail=0 win_bler=0.00000 mcs_last=28 mcs_min=28 mcs_max=28 r0=19 r1=1 r2=0 r3=0  f0=0 f1=0 f2=0 f3=0 tot_tbs=1480 tot_fail=60 tot_bler=0.04054 tot_init=1414 tot_retx=66
slot 15 index 0 rnti 6050 mcs 28
slot 16 index 0 rnti 6050 mcs 28
slot 4 index 0 rnti 6050 mcs 28
slot 5 index 0 rnti 6050 mcs 28
slot 6 index 0 rnti 6050 mcs 28
slot 14 index 0 rnti 6050 mcs 28
slot 15 index 0 rnti 6050 mcs 28
slot 16 index 0 rnti 6050 mcs 28
slot 4 index 0 rnti 6050 mcs 28
slot 5 index 0 rnti 6050 mcs 28
slot 6 index 0 rnti 6050 mcs 28
slot 14 index 0 rnti 6050 mcs 28
slot 15 index 0 rnti 6050 mcs 28
slot 16 index 0 rnti 6050 mcs 28
slot 4 index 0 rnti 6050 mcs 28
slot 5 index 0 rnti 6050 mcs 28
slot 6 index 0 rnti 6050 mcs 28
slot 14 index 0 rnti 6050 mcs 28
slot 15 index 0 rnti 6050 mcs 28
slot 16 index 0 rnti 6050 mcs 28
[EMURAN-DL-CSV] t=5.251 win_tbs=20 win_fail=0 win_bler=0.00000 mcs_last=28 mcs_min=28 mcs_max=28 r0=20 r1=0 r2=0 r3=0  f0=0 f1=0 f2=0 f3=0 tot_tbs=1500 tot_fail=60 tot_bler=0.04000 tot_init=1434 tot_retx=66
slot 4 index 0 rnti 6050 mcs 28
slot 5 index 0 rnti 6050 mcs 28
slot 6 index 0 rnti 6050 mcs 28
slot 14 index 0 rnti 6050 mcs 28
slot 15 index 0 rnti 6050 mcs 28
slot 16 index 0 rnti 6050 mcs 28
slot 4 index 0 rnti 6050 mcs 28
slot 5 index 0 rnti 6050 mcs 28
slot 6 index 0 rnti 6050 mcs 28
slot 14 index 0 rnti 6050 mcs 28
slot 15 index 0 rnti 6050 mcs 28
slot 16 index 0 rnti 6050 mcs 28
slot 4 index 0 rnti 6050 mcs 28
slot 5 index 0 rnti 6050 mcs 28
slot 6 index 0 rnti 6050 mcs 28
slot 14 index 0 rnti 6050 mcs 28
slot 15 index 0 rnti 6050 mcs 28
slot 16 index 0 rnti 6050 mcs 28
slot 4 index 0 rnti 6050 mcs 28
slot 5 index 0 rnti 6050 mcs 28
[EMURAN-DL-CSV] t=5.323 win_tbs=20 win_fail=2 win_bler=0.10000 mcs_last=28 mcs_min=28 mcs_max=28 r0=18 r1=2 r2=0 r3=0  f0=2 f1=0 f2=0 f3=0 tot_tbs=1520 tot_fail=62 tot_bler=0.04079 tot_init=1452 tot_retx=68
slot 6 index 0 rnti 6050 mcs 28
slot 14 index 0 rnti 6050 mcs 28
slot 15 index 0 rnti 6050 mcs 28
slot 16 index 0 rnti 6050 mcs 28
slot 4 index 0 rnti 6050 mcs 28
slot 5 index 0 rnti 6050 mcs 28
slot 6 index 0 rnti 6050 mcs 28
slot 14 index 0 rnti 6050 mcs 28
slot 15 index 0 rnti 6050 mcs 28
slot 16 index 0 rnti 6050 mcs 28
slot 4 index 0 rnti 6050 mcs 28
slot 5 index 0 rnti 6050 mcs 28
slot 6 index 0 rnti 6050 mcs 28
slot 14 index 0 rnti 6050 mcs 28
slot 15 index 0 rnti 6050 mcs 28
slot 16 index 0 rnti 6050 mcs 28
slot 4 index 0 rnti 6050 mcs 28
slot 5 index 0 rnti 6050 mcs 28
slot 6 index 0 rnti 6050 mcs 28
slot 14 index 0 rnti 6050 mcs 28
slot 15 index 0 rnti 6050 mcs 28
[EMURAN-DL-CSV] t=5.397 win_tbs=20 win_fail=0 win_bler=0.00000 mcs_last=28 mcs_min=28 mcs_max=28 r0=20 r1=0 r2=0 r3=0  f0=0 f1=0 f2=0 f3=0 tot_tbs=1540 tot_fail=62 tot_bler=0.04026 tot_init=1472 tot_retx=68
slot 16 index 0 rnti 6050 mcs 28
slot 4 index 0 rnti 6050 mcs 28
slot 5 index 0 rnti 6050 mcs 28
slot 6 index 0 rnti 6050 mcs 28
slot 14 index 0 rnti 6050 mcs 28
slot 15 index 0 rnti 6050 mcs 28
slot 16 index 0 rnti 6050 mcs 28
slot 4 index 0 rnti 6050 mcs 28
slot 5 index 0 rnti 6050 mcs 28
slot 6 index 0 rnti 6050 mcs 28
slot 14 index 0 rnti 6050 mcs 28
slot 15 index 0 rnti 6050 mcs 28
slot 16 index 0 rnti 6050 mcs 28
slot 4 index 0 rnti 6050 mcs 28
slot 5 index 0 rnti 6050 mcs 28
slot 6 index 0 rnti 6050 mcs 28
slot 14 index 0 rnti 6050 mcs 28
slot 15 index 0 rnti 6050 mcs 28
slot 16 index 0 rnti 6050 mcs 28
[EMURAN-DL-CSV] t=5.461 win_tbs=20 win_fail=3 win_bler=0.15000 mcs_last=28 mcs_min=28 mcs_max=28 r0=17 r1=3 r2=0 r3=0  f0=3 f1=0 f2=0 f3=0 tot_tbs=1560 tot_fail=65 tot_bler=0.04167 tot_init=1489 tot_retx=71
slot 4 index 0 rnti 6050 mcs 28
slot 5 index 0 rnti 6050 mcs 28
slot 6 index 0 rnti 6050 mcs 28
slot 14 index 0 rnti 6050 mcs 28
slot 15 index 0 rnti 6050 mcs 28
slot 16 index 0 rnti 6050 mcs 28
slot 4 index 0 rnti 6050 mcs 28
slot 5 index 0 rnti 6050 mcs 28
slot 6 index 0 rnti 6050 mcs 28
slot 14 index 0 rnti 6050 mcs 28
slot 15 index 0 rnti 6050 mcs 28
slot 16 index 0 rnti 6050 mcs 28
slot 4 index 0 rnti 6050 mcs 28
slot 5 index 0 rnti 6050 mcs 28
slot 6 index 0 rnti 6050 mcs 28
slot 14 index 0 rnti 6050 mcs 28
slot 15 index 0 rnti 6050 mcs 28
slot 16 index 0 rnti 6050 mcs 28
slot 4 index 0 rnti 6050 mcs 28
slot 5 index 0 rnti 6050 mcs 28
[EMURAN-DL-CSV] t=5.533 win_tbs=20 win_fail=2 win_bler=0.10000 mcs_last=28 mcs_min=28 mcs_max=28 r0=18 r1=2 r2=0 r3=0  f0=1 f1=1 f2=0 f3=0 tot_tbs=1580 tot_fail=67 tot_bler=0.04241 tot_init=1507 tot_retx=73
slot 6 index 0 rnti 6050 mcs 28
slot 14 index 0 rnti 6050 mcs 28
slot 15 index 0 rnti 6050 mcs 28
slot 16 index 0 rnti 6050 mcs 28
slot 4 index 0 rnti 6050 mcs 28
slot 5 index 0 rnti 6050 mcs 28
slot 6 index 0 rnti 6050 mcs 28
slot 14 index 0 rnti 6050 mcs 28
slot 15 index 0 rnti 6050 mcs 28
slot 16 index 0 rnti 6050 mcs 28
slot 4 index 0 rnti 6050 mcs 28
slot 5 index 0 rnti 6050 mcs 28
slot 6 index 0 rnti 6050 mcs 28
slot 14 index 0 rnti 6050 mcs 28
slot 15 index 0 rnti 6050 mcs 28
slot 16 index 0 rnti 6050 mcs 28
slot 4 index 0 rnti 6050 mcs 28
slot 5 index 0 rnti 6050 mcs 28
slot 6 index 0 rnti 6050 mcs 28
slot 14 index 0 rnti 6050 mcs 28
[EMURAN-DL-CSV] t=5.606 win_tbs=20 win_fail=0 win_bler=0.00000 mcs_last=28 mcs_min=28 mcs_max=28 r0=20 r1=0 r2=0 r3=0  f0=0 f1=0 f2=0 f3=0 tot_tbs=1600 tot_fail=67 tot_bler=0.04188 tot_init=1527 tot_retx=73
slot 15 index 0 rnti 6050 mcs 28
slot 16 index 0 rnti 6050 mcs 28
slot 4 index 0 rnti 6050 mcs 28
slot 5 index 0 rnti 6050 mcs 28
slot 6 index 0 rnti 6050 mcs 28
slot 14 index 0 rnti 6050 mcs 28
slot 15 index 0 rnti 6050 mcs 28
slot 16 index 0 rnti 6050 mcs 28
slot 4 index 0 rnti 6050 mcs 28
slot 5 index 0 rnti 6050 mcs 28
slot 6 index 0 rnti 6050 mcs 28
slot 14 index 0 rnti 6050 mcs 28
slot 15 index 0 rnti 6050 mcs 28
slot 16 index 0 rnti 6050 mcs 28
slot 4 index 0 rnti 6050 mcs 28
slot 5 index 0 rnti 6050 mcs 28
slot 6 index 0 rnti 6050 mcs 28
slot 14 index 0 rnti 6050 mcs 28
slot 15 index 0 rnti 6050 mcs 28
slot 16 index 0 rnti 6050 mcs 28
[EMURAN-DL-CSV] t=5.671 win_tbs=20 win_fail=0 win_bler=0.00000 mcs_last=28 mcs_min=28 mcs_max=28 r0=20 r1=0 r2=0 r3=0  f0=0 f1=0 f2=0 f3=0 tot_tbs=1620 tot_fail=67 tot_bler=0.04136 tot_init=1547 tot_retx=73
slot 4 index 0 rnti 6050 mcs 28
slot 5 index 0 rnti 6050 mcs 28
slot 6 index 0 rnti 6050 mcs 28
slot 14 index 0 rnti 6050 mcs 28
slot 15 index 0 rnti 6050 mcs 28
slot 16 index 0 rnti 6050 mcs 28
slot 4 index 0 rnti 6050 mcs 28
slot 5 index 0 rnti 6050 mcs 28
slot 6 index 0 rnti 6050 mcs 28
slot 14 index 0 rnti 6050 mcs 28
slot 15 index 0 rnti 6050 mcs 28
slot 16 index 0 rnti 6050 mcs 28
slot 4 index 0 rnti 6050 mcs 28
slot 5 index 0 rnti 6050 mcs 28
slot 6 index 0 rnti 6050 mcs 28
slot 14 index 0 rnti 6050 mcs 28
slot 15 index 0 rnti 6050 mcs 28
slot 16 index 0 rnti 6050 mcs 28
slot 4 index 0 rnti 6050 mcs 28
slot 5 index 0 rnti 6050 mcs 28
[EMURAN-DL-CSV] t=5.744 win_tbs=20 win_fail=1 win_bler=0.05000 mcs_last=28 mcs_min=28 mcs_max=28 r0=19 r1=1 r2=0 r3=0  f0=1 f1=0 f2=0 f3=0 tot_tbs=1640 tot_fail=68 tot_bler=0.04146 tot_init=1566 tot_retx=74
slot 6 index 0 rnti 6050 mcs 28
slot 14 index 0 rnti 6050 mcs 28
slot 15 index 0 rnti 6050 mcs 28
slot 16 index 0 rnti 6050 mcs 28
slot 4 index 0 rnti 6050 mcs 28
slot 5 index 0 rnti 6050 mcs 28
slot 6 index 0 rnti 6050 mcs 28
slot 14 index 0 rnti 6050 mcs 28
slot 15 index 0 rnti 6050 mcs 28
slot 16 index 0 rnti 6050 mcs 28
slot 4 index 0 rnti 6050 mcs 28
slot 5 index 0 rnti 6050 mcs 28
slot 6 index 0 rnti 6050 mcs 28
slot 14 index 0 rnti 6050 mcs 28
slot 15 index 0 rnti 6050 mcs 28
slot 16 index 0 rnti 6050 mcs 28
slot 4 index 0 rnti 6050 mcs 28
slot 5 index 0 rnti 6050 mcs 28
slot 6 index 0 rnti 6050 mcs 28
slot 14 index 0 rnti 6050 mcs 28
[EMURAN-DL-CSV] t=5.816 win_tbs=20 win_fail=0 win_bler=0.00000 mcs_last=28 mcs_min=28 mcs_max=28 r0=19 r1=1 r2=0 r3=0  f0=0 f1=0 f2=0 f3=0 tot_tbs=1660 tot_fail=68 tot_bler=0.04096 tot_init=1585 tot_retx=75
slot 15 index 0 rnti 6050 mcs 28
slot 16 index 0 rnti 6050 mcs 28
slot 4 index 0 rnti 6050 mcs 28
slot 5 index 0 rnti 6050 mcs 28
slot 6 index 0 rnti 6050 mcs 28
slot 14 index 0 rnti 6050 mcs 28
slot 15 index 0 rnti 6050 mcs 28
slot 16 index 0 rnti 6050 mcs 28
slot 4 index 0 rnti 6050 mcs 28
slot 5 index 0 rnti 6050 mcs 28
slot 6 index 0 rnti 6050 mcs 28
slot 14 index 0 rnti 6050 mcs 28
slot 15 index 0 rnti 6050 mcs 28
slot 16 index 0 rnti 6050 mcs 28
slot 4 index 0 rnti 6050 mcs 28
slot 5 index 0 rnti 6050 mcs 28
slot 6 index 0 rnti 6050 mcs 28
slot 14 index 0 rnti 6050 mcs 28
slot 15 index 0 rnti 6050 mcs 28
slot 16 index 0 rnti 6050 mcs 28
[EMURAN-DL-CSV] t=5.882 win_tbs=20 win_fail=1 win_bler=0.05000 mcs_last=28 mcs_min=28 mcs_max=28 r0=20 r1=0 r2=0 r3=0  f0=1 f1=0 f2=0 f3=0 tot_tbs=1680 tot_fail=69 tot_bler=0.04107 tot_init=1605 tot_retx=75
slot 4 index 0 rnti 6050 mcs 28
slot 5 index 0 rnti 6050 mcs 28
slot 6 index 0 rnti 6050 mcs 28
slot 14 index 0 rnti 6050 mcs 28
slot 15 index 0 rnti 6050 mcs 28
slot 16 index 0 rnti 6050 mcs 28
slot 4 index 0 rnti 6050 mcs 28
slot 5 index 0 rnti 6050 mcs 28
slot 6 index 0 rnti 6050 mcs 28
slot 14 index 0 rnti 6050 mcs 28
slot 15 index 0 rnti 6050 mcs 28
slot 16 index 0 rnti 6050 mcs 28
slot 4 index 0 rnti 6050 mcs 28
slot 5 index 0 rnti 6050 mcs 28
slot 6 index 0 rnti 6050 mcs 28
slot 14 index 0 rnti 6050 mcs 28
slot 15 index 0 rnti 6050 mcs 28
slot 16 index 0 rnti 6050 mcs 28
slot 4 index 0 rnti 6050 mcs 28
slot 5 index 0 rnti 6050 mcs 28
[EMURAN-DL-CSV] t=5.954 win_tbs=20 win_fail=1 win_bler=0.05000 mcs_last=28 mcs_min=28 mcs_max=28 r0=20 r1=0 r2=0 r3=0  f0=1 f1=0 f2=0 f3=0 tot_tbs=1700 tot_fail=70 tot_bler=0.04118 tot_init=1625 tot_retx=75
slot 6 index 0 rnti 6050 mcs 28
slot 14 index 0 rnti 6050 mcs 28
slot 15 index 0 rnti 6050 mcs 28
slot 16 index 0 rnti 6050 mcs 28
slot 4 index 0 rnti 6050 mcs 28
slot 5 index 0 rnti 6050 mcs 28
slot 6 index 0 rnti 6050 mcs 28
slot 14 index 0 rnti 6050 mcs 28
slot 15 index 0 rnti 6050 mcs 28
slot 16 index 0 rnti 6050 mcs 28
slot 4 index 0 rnti 6050 mcs 28
slot 5 index 0 rnti 6050 mcs 28
slot 6 index 0 rnti 6050 mcs 28
slot 14 index 0 rnti 6050 mcs 28
slot 15 index 0 rnti 6050 mcs 28
slot 16 index 0 rnti 6050 mcs 28
slot 4 index 0 rnti 6050 mcs 28
slot 5 index 0 rnti 6050 mcs 28
slot 6 index 0 rnti 6050 mcs 28
slot 14 index 0 rnti 6050 mcs 28
[EMURAN-DL-CSV] t=6.027 win_tbs=20 win_fail=2 win_bler=0.10000 mcs_last=28 mcs_min=28 mcs_max=28 r0=19 r1=1 r2=0 r3=0  f0=2 f1=0 f2=0 f3=0 tot_tbs=1720 tot_fail=72 tot_bler=0.04186 tot_init=1644 tot_retx=76
slot 15 index 0 rnti 6050 mcs 28
slot 16 index 0 rnti 6050 mcs 28
slot 4 index 0 rnti 6050 mcs 28
slot 5 index 0 rnti 6050 mcs 28
slot 6 index 0 rnti 6050 mcs 28
slot 14 index 0 rnti 6050 mcs 28
slot 15 index 0 rnti 6050 mcs 28
slot 16 index 0 rnti 6050 mcs 28
slot 4 index 0 rnti 6050 mcs 28
slot 5 index 0 rnti 6050 mcs 28
slot 6 index 0 rnti 6050 mcs 28
slot 14 index 0 rnti 6050 mcs 28
slot 15 index 0 rnti 6050 mcs 28
slot 16 index 0 rnti 6050 mcs 28
slot 4 index 0 rnti 6050 mcs 28
slot 5 index 0 rnti 6050 mcs 28
slot 6 index 0 rnti 6050 mcs 28
slot 14 index 0 rnti 6050 mcs 28
slot 15 index 0 rnti 6050 mcs 28
slot 16 index 0 rnti 6050 mcs 28
[EMURAN-DL-CSV] t=6.092 win_tbs=20 win_fail=2 win_bler=0.10000 mcs_last=28 mcs_min=28 mcs_max=28 r0=18 r1=2 r2=0 r3=0  f0=2 f1=0 f2=0 f3=0 tot_tbs=1740 tot_fail=74 tot_bler=0.04253 tot_init=1662 tot_retx=78
slot 4 index 0 rnti 6050 mcs 28
slot 5 index 0 rnti 6050 mcs 28
slot 6 index 0 rnti 6050 mcs 28
slot 14 index 0 rnti 6050 mcs 28
slot 15 index 0 rnti 6050 mcs 28
slot 16 index 0 rnti 6050 mcs 28
slot 4 index 0 rnti 6050 mcs 28
slot 5 index 0 rnti 6050 mcs 28
slot 6 index 0 rnti 6050 mcs 28
slot 14 index 0 rnti 6050 mcs 28
slot 15 index 0 rnti 6050 mcs 28
slot 16 index 0 rnti 6050 mcs 28
slot 4 index 0 rnti 6050 mcs 28
slot 5 index 0 rnti 6050 mcs 28
slot 6 index 0 rnti 6050 mcs 28
slot 14 index 0 rnti 6050 mcs 28
slot 15 index 0 rnti 6050 mcs 28
slot 16 index 0 rnti 6050 mcs 28
slot 4 index 0 rnti 6050 mcs 28
slot 5 index 0 rnti 6050 mcs 28
[EMURAN-DL-CSV] t=6.165 win_tbs=20 win_fail=3 win_bler=0.15000 mcs_last=28 mcs_min=28 mcs_max=28 r0=17 r1=3 r2=0 r3=0  f0=3 f1=0 f2=0 f3=0 tot_tbs=1760 tot_fail=77 tot_bler=0.04375 tot_init=1679 tot_retx=81
slot 6 index 0 rnti 6050 mcs 28
slot 14 index 0 rnti 6050 mcs 28
slot 15 index 0 rnti 6050 mcs 28
slot 16 index 0 rnti 6050 mcs 28
slot 4 index 0 rnti 6050 mcs 28
slot 5 index 0 rnti 6050 mcs 28
slot 6 index 0 rnti 6050 mcs 28
slot 14 index 0 rnti 6050 mcs 28
slot 15 index 0 rnti 6050 mcs 28
slot 16 index 0 rnti 6050 mcs 28
slot 4 index 0 rnti 6050 mcs 28
slot 5 index 0 rnti 6050 mcs 28
slot 6 index 0 rnti 6050 mcs 28
slot 14 index 0 rnti 6050 mcs 28
slot 15 index 0 rnti 6050 mcs 28
slot 16 index 0 rnti 6050 mcs 28
slot 4 index 0 rnti 6050 mcs 28
slot 5 index 0 rnti 6050 mcs 28
slot 6 index 0 rnti 6050 mcs 28
slot 14 index 0 rnti 6050 mcs 28
[EMURAN-DL-CSV] t=6.237 win_tbs=20 win_fail=1 win_bler=0.05000 mcs_last=28 mcs_min=28 mcs_max=28 r0=19 r1=1 r2=0 r3=0  f0=1 f1=0 f2=0 f3=0 tot_tbs=1780 tot_fail=78 tot_bler=0.04382 tot_init=1698 tot_retx=82
slot 15 index 0 rnti 6050 mcs 28
slot 16 index 0 rnti 6050 mcs 28
slot 4 index 0 rnti 6050 mcs 28
slot 5 index 0 rnti 6050 mcs 28
slot 6 index 0 rnti 6050 mcs 28
slot 14 index 0 rnti 6050 mcs 28
slot 15 index 0 rnti 6050 mcs 28
slot 16 index 0 rnti 6050 mcs 28
slot 4 index 0 rnti 6050 mcs 28
slot 5 index 0 rnti 6050 mcs 28
slot 6 index 0 rnti 6050 mcs 28
slot 14 index 0 rnti 6050 mcs 28
slot 15 index 0 rnti 6050 mcs 28
slot 16 index 0 rnti 6050 mcs 28
slot 4 index 0 rnti 6050 mcs 28
slot 5 index 0 rnti 6050 mcs 28
slot 6 index 0 rnti 6050 mcs 28
slot 14 index 0 rnti 6050 mcs 28
slot 15 index 0 rnti 6050 mcs 28
slot 16 index 0 rnti 6050 mcs 28
[EMURAN-DL-CSV] t=6.302 win_tbs=20 win_fail=1 win_bler=0.05000 mcs_last=28 mcs_min=28 mcs_max=28 r0=20 r1=0 r2=0 r3=0  f0=1 f1=0 f2=0 f3=0 tot_tbs=1800 tot_fail=79 tot_bler=0.04389 tot_init=1718 tot_retx=82
slot 4 index 0 rnti 6050 mcs 28
slot 5 index 0 rnti 6050 mcs 28
slot 6 index 0 rnti 6050 mcs 28
slot 14 index 0 rnti 6050 mcs 28
slot 15 index 0 rnti 6050 mcs 28
slot 16 index 0 rnti 6050 mcs 28
slot 4 index 0 rnti 6050 mcs 28
slot 5 index 0 rnti 6050 mcs 28
slot 6 index 0 rnti 6050 mcs 28
slot 14 index 0 rnti 6050 mcs 28
slot 15 index 0 rnti 6050 mcs 28
slot 16 index 0 rnti 6050 mcs 28
slot 4 index 0 rnti 6050 mcs 28
slot 5 index 0 rnti 6050 mcs 28
slot 6 index 0 rnti 6050 mcs 28
slot 14 index 0 rnti 6050 mcs 28
slot 15 index 0 rnti 6050 mcs 28
slot 16 index 0 rnti 6050 mcs 28
slot 4 index 0 rnti 6050 mcs 28
slot 5 index 0 rnti 6050 mcs 28
slot 6 index 0 rnti 6050 mcs 28
[EMURAN-DL-CSV] t=6.376 win_tbs=20 win_fail=0 win_bler=0.00000 mcs_last=28 mcs_min=28 mcs_max=28 r0=20 r1=0 r2=0 r3=0  f0=0 f1=0 f2=0 f3=0 tot_tbs=1820 tot_fail=79 tot_bler=0.04341 tot_init=1738 tot_retx=82
slot 14 index 0 rnti 6050 mcs 28
slot 15 index 0 rnti 6050 mcs 28
slot 16 index 0 rnti 6050 mcs 28
slot 4 index 0 rnti 6050 mcs 28
slot 5 index 0 rnti 6050 mcs 28
slot 6 index 0 rnti 6050 mcs 28
slot 14 index 0 rnti 6050 mcs 28
slot 15 index 0 rnti 6050 mcs 28
slot 16 index 0 rnti 6050 mcs 28
slot 4 index 0 rnti 6050 mcs 28
slot 5 index 0 rnti 6050 mcs 28
slot 6 index 0 rnti 6050 mcs 28
slot 14 index 0 rnti 6050 mcs 28
slot 15 index 0 rnti 6050 mcs 28
slot 16 index 0 rnti 6050 mcs 28
slot 4 index 0 rnti 6050 mcs 28
slot 5 index 0 rnti 6050 mcs 28
slot 6 index 0 rnti 6050 mcs 28
slot 14 index 0 rnti 6050 mcs 28
[EMURAN-DL-CSV] t=6.448 win_tbs=20 win_fail=0 win_bler=0.00000 mcs_last=28 mcs_min=28 mcs_max=28 r0=19 r1=1 r2=0 r3=0  f0=0 f1=0 f2=0 f3=0 tot_tbs=1840 tot_fail=79 tot_bler=0.04293 tot_init=1757 tot_retx=83
slot 15 index 0 rnti 6050 mcs 28
slot 16 index 0 rnti 6050 mcs 28
slot 4 index 0 rnti 6050 mcs 28
slot 5 index 0 rnti 6050 mcs 28
slot 6 index 0 rnti 6050 mcs 28
slot 14 index 0 rnti 6050 mcs 28
slot 15 index 0 rnti 6050 mcs 28
slot 16 index 0 rnti 6050 mcs 28
slot 4 index 0 rnti 6050 mcs 28
slot 5 index 0 rnti 6050 mcs 28
slot 6 index 0 rnti 6050 mcs 28
slot 14 index 0 rnti 6050 mcs 28
slot 15 index 0 rnti 6050 mcs 28
slot 16 index 0 rnti 6050 mcs 28
slot 4 index 0 rnti 6050 mcs 28
slot 5 index 0 rnti 6050 mcs 28
slot 6 index 0 rnti 6050 mcs 28
slot 14 index 0 rnti 6050 mcs 28
slot 15 index 0 rnti 6050 mcs 28
slot 16 index 0 rnti 6050 mcs 28
[EMURAN-DL-CSV] t=6.513 win_tbs=20 win_fail=0 win_bler=0.00000 mcs_last=28 mcs_min=28 mcs_max=28 r0=20 r1=0 r2=0 r3=0  f0=0 f1=0 f2=0 f3=0 tot_tbs=1860 tot_fail=79 tot_bler=0.04247 tot_init=1777 tot_retx=83
[UE-STAT] frame=100 dci_cnt=600 total_tbs=50385600 ack_real=495 nack_real=20 fb_missing=85 decode_cnt=600
slot 4 index 0 rnti 6050 mcs 28
slot 5 index 0 rnti 6050 mcs 28
slot 6 index 0 rnti 6050 mcs 28
slot 14 index 0 rnti 6050 mcs 28
slot 15 index 0 rnti 6050 mcs 28
slot 16 index 0 rnti 6050 mcs 28
slot 4 index 0 rnti 6050 mcs 28
slot 5 index 0 rnti 6050 mcs 28
slot 6 index 0 rnti 6050 mcs 28
slot 14 index 0 rnti 6050 mcs 28
slot 15 index 0 rnti 6050 mcs 28
slot 16 index 0 rnti 6050 mcs 28
slot 4 index 0 rnti 6050 mcs 28
slot 5 index 0 rnti 6050 mcs 28
slot 6 index 0 rnti 6050 mcs 28
slot 14 index 0 rnti 6050 mcs 28
slot 15 index 0 rnti 6050 mcs 28
slot 16 index 0 rnti 6050 mcs 28
slot 4 index 0 rnti 6050 mcs 28
slot 5 index 0 rnti 6050 mcs 28
[EMURAN-DL-CSV] t=6.585 win_tbs=20 win_fail=1 win_bler=0.05000 mcs_last=28 mcs_min=28 mcs_max=28 r0=20 r1=0 r2=0 r3=0  f0=1 f1=0 f2=0 f3=0 tot_tbs=1880 tot_fail=80 tot_bler=0.04255 tot_init=1797 tot_retx=83
slot 6 index 0 rnti 6050 mcs 28
slot 14 index 0 rnti 6050 mcs 28
slot 15 index 0 rnti 6050 mcs 28
slot 16 index 0 rnti 6050 mcs 28
slot 4 index 0 rnti 6050 mcs 28
slot 5 index 0 rnti 6050 mcs 28
slot 6 index 0 rnti 6050 mcs 28
slot 14 index 0 rnti 6050 mcs 28
slot 15 index 0 rnti 6050 mcs 28
slot 16 index 0 rnti 6050 mcs 28
slot 4 index 0 rnti 6050 mcs 28
slot 5 index 0 rnti 6050 mcs 28
slot 6 index 0 rnti 6050 mcs 28
slot 14 index 0 rnti 6050 mcs 28
slot 15 index 0 rnti 6050 mcs 28
slot 16 index 0 rnti 6050 mcs 28
slot 4 index 0 rnti 6050 mcs 28
slot 5 index 0 rnti 6050 mcs 28
slot 6 index 0 rnti 6050 mcs 28
slot 14 index 0 rnti 6050 mcs 28
slot 15 index 0 rnti 6050 mcs 28
[EMURAN-DL-CSV] t=6.659 win_tbs=20 win_fail=0 win_bler=0.00000 mcs_last=28 mcs_min=28 mcs_max=28 r0=19 r1=1 r2=0 r3=0  f0=0 f1=0 f2=0 f3=0 tot_tbs=1900 tot_fail=80 tot_bler=0.04211 tot_init=1816 tot_retx=84
slot 16 index 0 rnti 6050 mcs 28
slot 4 index 0 rnti 6050 mcs 28
slot 5 index 0 rnti 6050 mcs 28
slot 6 index 0 rnti 6050 mcs 28
slot 14 index 0 rnti 6050 mcs 28
slot 15 index 0 rnti 6050 mcs 28
slot 16 index 0 rnti 6050 mcs 28
slot 4 index 0 rnti 6050 mcs 28
slot 5 index 0 rnti 6050 mcs 28
slot 6 index 0 rnti 6050 mcs 28
slot 14 index 0 rnti 6050 mcs 28
slot 15 index 0 rnti 6050 mcs 28
slot 16 index 0 rnti 6050 mcs 28
slot 4 index 0 rnti 6050 mcs 28
slot 5 index 0 rnti 6050 mcs 28
slot 6 index 0 rnti 6050 mcs 28
slot 14 index 0 rnti 6050 mcs 28
slot 15 index 0 rnti 6050 mcs 28
slot 16 index 0 rnti 6050 mcs 28
[EMURAN-DL-CSV] t=6.723 win_tbs=20 win_fail=0 win_bler=0.00000 mcs_last=28 mcs_min=28 mcs_max=28 r0=20 r1=0 r2=0 r3=0  f0=0 f1=0 f2=0 f3=0 tot_tbs=1920 tot_fail=80 tot_bler=0.04167 tot_init=1836 tot_retx=84
slot 4 index 0 rnti 6050 mcs 28
slot 5 index 0 rnti 6050 mcs 28
slot 6 index 0 rnti 6050 mcs 28
slot 14 index 0 rnti 6050 mcs 28
slot 15 index 0 rnti 6050 mcs 28
slot 16 index 0 rnti 6050 mcs 28
slot 4 index 0 rnti 6050 mcs 28
slot 5 index 0 rnti 6050 mcs 28
slot 6 index 0 rnti 6050 mcs 28
slot 14 index 0 rnti 6050 mcs 28
slot 15 index 0 rnti 6050 mcs 28
slot 16 index 0 rnti 6050 mcs 28
slot 4 index 0 rnti 6050 mcs 28
slot 5 index 0 rnti 6050 mcs 28
slot 6 index 0 rnti 6050 mcs 28
slot 14 index 0 rnti 6050 mcs 28
slot 15 index 0 rnti 6050 mcs 28
slot 16 index 0 rnti 6050 mcs 28
slot 4 index 0 rnti 6050 mcs 28
slot 5 index 0 rnti 6050 mcs 28
[EMURAN-DL-CSV] t=6.796 win_tbs=20 win_fail=1 win_bler=0.05000 mcs_last=28 mcs_min=28 mcs_max=28 r0=18 r1=2 r2=0 r3=0  f0=1 f1=0 f2=0 f3=0 tot_tbs=1940 tot_fail=81 tot_bler=0.04175 tot_init=1854 tot_retx=86
slot 6 index 0 rnti 6050 mcs 28
slot 14 index 0 rnti 6050 mcs 28
slot 15 index 0 rnti 6050 mcs 28
slot 16 index 0 rnti 6050 mcs 28
slot 4 index 0 rnti 6050 mcs 28
slot 5 index 0 rnti 6050 mcs 28
slot 6 index 0 rnti 6050 mcs 28
slot 14 index 0 rnti 6050 mcs 28
slot 15 index 0 rnti 6050 mcs 28
slot 16 index 0 rnti 6050 mcs 28
slot 4 index 0 rnti 6050 mcs 28
slot 5 index 0 rnti 6050 mcs 28
slot 6 index 0 rnti 6050 mcs 28
slot 14 index 0 rnti 6050 mcs 28
slot 15 index 0 rnti 6050 mcs 28
slot 16 index 0 rnti 6050 mcs 28
slot 4 index 0 rnti 6050 mcs 28
slot 5 index 0 rnti 6050 mcs 28
slot 6 index 0 rnti 6050 mcs 28
slot 14 index 0 rnti 6050 mcs 28
slot 15 index 0 rnti 6050 mcs 28
[EMURAN-DL-CSV] t=6.869 win_tbs=20 win_fail=2 win_bler=0.10000 mcs_last=28 mcs_min=28 mcs_max=28 r0=18 r1=2 r2=0 r3=0  f0=2 f1=0 f2=0 f3=0 tot_tbs=1960 tot_fail=83 tot_bler=0.04235 tot_init=1872 tot_retx=88
slot 16 index 0 rnti 6050 mcs 28
slot 4 index 0 rnti 6050 mcs 28
slot 5 index 0 rnti 6050 mcs 28
slot 6 index 0 rnti 6050 mcs 28
slot 14 index 0 rnti 6050 mcs 28
slot 15 index 0 rnti 6050 mcs 28
slot 16 index 0 rnti 6050 mcs 28
slot 4 index 0 rnti 6050 mcs 28
slot 5 index 0 rnti 6050 mcs 28
slot 6 index 0 rnti 6050 mcs 28
slot 14 index 0 rnti 6050 mcs 28
slot 15 index 0 rnti 6050 mcs 28
slot 16 index 0 rnti 6050 mcs 28
slot 4 index 0 rnti 6050 mcs 28
slot 5 index 0 rnti 6050 mcs 28
slot 6 index 0 rnti 6050 mcs 28
slot 14 index 0 rnti 6050 mcs 28
slot 15 index 0 rnti 6050 mcs 28
slot 16 index 0 rnti 6050 mcs 28
[EMURAN-DL-CSV] t=6.933 win_tbs=20 win_fail=1 win_bler=0.05000 mcs_last=28 mcs_min=28 mcs_max=28 r0=19 r1=1 r2=0 r3=0  f0=1 f1=0 f2=0 f3=0 tot_tbs=1980 tot_fail=84 tot_bler=0.04242 tot_init=1891 tot_retx=89
slot 4 index 0 rnti 6050 mcs 28
slot 5 index 0 rnti 6050 mcs 28
slot 6 index 0 rnti 6050 mcs 28
slot 14 index 0 rnti 6050 mcs 28
slot 15 index 0 rnti 6050 mcs 28
slot 16 index 0 rnti 6050 mcs 28
slot 4 index 0 rnti 6050 mcs 28
slot 5 index 0 rnti 6050 mcs 28
slot 6 index 0 rnti 6050 mcs 28
slot 14 index 0 rnti 6050 mcs 28
slot 15 index 0 rnti 6050 mcs 28
slot 16 index 0 rnti 6050 mcs 28
slot 4 index 0 rnti 6050 mcs 28
slot 5 index 0 rnti 6050 mcs 28
slot 6 index 0 rnti 6050 mcs 28
slot 14 index 0 rnti 6050 mcs 28
slot 15 index 0 rnti 6050 mcs 28
slot 16 index 0 rnti 6050 mcs 28
slot 4 index 0 rnti 6050 mcs 28
slot 5 index 0 rnti 6050 mcs 28
[EMURAN-DL-CSV] t=7.006 win_tbs=20 win_fail=0 win_bler=0.00000 mcs_last=28 mcs_min=28 mcs_max=28 r0=20 r1=0 r2=0 r3=0  f0=0 f1=0 f2=0 f3=0 tot_tbs=2000 tot_fail=84 tot_bler=0.04200 tot_init=1911 tot_retx=89
slot 6 index 0 rnti 6050 mcs 28
slot 14 index 0 rnti 6050 mcs 28
slot 15 index 0 rnti 6050 mcs 28
slot 16 index 0 rnti 6050 mcs 28
slot 4 index 0 rnti 6050 mcs 28
slot 5 index 0 rnti 6050 mcs 28
slot 6 index 0 rnti 6050 mcs 28
slot 14 index 0 rnti 6050 mcs 28
slot 15 index 0 rnti 6050 mcs 28
slot 16 index 0 rnti 6050 mcs 28
slot 4 index 0 rnti 6050 mcs 28
slot 5 index 0 rnti 6050 mcs 28
slot 6 index 0 rnti 6050 mcs 28
slot 14 index 0 rnti 6050 mcs 28
slot 15 index 0 rnti 6050 mcs 28
slot 16 index 0 rnti 6050 mcs 28
slot 4 index 0 rnti 6050 mcs 28
slot 5 index 0 rnti 6050 mcs 28
slot 6 index 0 rnti 6050 mcs 28
slot 14 index 0 rnti 6050 mcs 28
[EMURAN-DL-CSV] t=7.079 win_tbs=20 win_fail=2 win_bler=0.10000 mcs_last=28 mcs_min=28 mcs_max=28 r0=19 r1=1 r2=0 r3=0  f0=2 f1=0 f2=0 f3=0 tot_tbs=2020 tot_fail=86 tot_bler=0.04257 tot_init=1930 tot_retx=90
slot 15 index 0 rnti 6050 mcs 28
slot 16 index 0 rnti 6050 mcs 28
slot 4 index 0 rnti 6050 mcs 28
slot 5 index 0 rnti 6050 mcs 28
slot 6 index 0 rnti 6050 mcs 28
slot 14 index 0 rnti 6050 mcs 28
slot 15 index 0 rnti 6050 mcs 28
slot 16 index 0 rnti 6050 mcs 28
slot 4 index 0 rnti 6050 mcs 28
slot 5 index 0 rnti 6050 mcs 28
slot 6 index 0 rnti 6050 mcs 28
slot 14 index 0 rnti 6050 mcs 28
slot 15 index 0 rnti 6050 mcs 28
slot 16 index 0 rnti 6050 mcs 28
slot 4 index 0 rnti 6050 mcs 28
slot 5 index 0 rnti 6050 mcs 28
slot 6 index 0 rnti 6050 mcs 28
slot 14 index 0 rnti 6050 mcs 28
slot 15 index 0 rnti 6050 mcs 28
slot 16 index 0 rnti 6050 mcs 28
[EMURAN-DL-CSV] t=7.144 win_tbs=20 win_fail=2 win_bler=0.10000 mcs_last=28 mcs_min=28 mcs_max=28 r0=17 r1=3 r2=0 r3=0  f0=2 f1=0 f2=0 f3=0 tot_tbs=2040 tot_fail=88 tot_bler=0.04314 tot_init=1947 tot_retx=93
slot 4 index 0 rnti 6050 mcs 28
slot 5 index 0 rnti 6050 mcs 28
slot 6 index 0 rnti 6050 mcs 28
slot 14 index 0 rnti 6050 mcs 28
slot 15 index 0 rnti 6050 mcs 28
slot 16 index 0 rnti 6050 mcs 28
slot 4 index 0 rnti 6050 mcs 28
slot 5 index 0 rnti 6050 mcs 28
slot 6 index 0 rnti 6050 mcs 28
slot 14 index 0 rnti 6050 mcs 28
slot 15 index 0 rnti 6050 mcs 28
slot 16 index 0 rnti 6050 mcs 28
slot 4 index 0 rnti 6050 mcs 28
slot 5 index 0 rnti 6050 mcs 28
slot 6 index 0 rnti 6050 mcs 28
slot 14 index 0 rnti 6050 mcs 28
slot 15 index 0 rnti 6050 mcs 28
slot 16 index 0 rnti 6050 mcs 28
slot 4 index 0 rnti 6050 mcs 28
slot 5 index 0 rnti 6050 mcs 28
[EMURAN-DL-CSV] t=7.216 win_tbs=20 win_fail=0 win_bler=0.00000 mcs_last=28 mcs_min=28 mcs_max=28 r0=20 r1=0 r2=0 r3=0  f0=0 f1=0 f2=0 f3=0 tot_tbs=2060 tot_fail=88 tot_bler=0.04272 tot_init=1967 tot_retx=93
slot 6 index 0 rnti 6050 mcs 28
slot 14 index 0 rnti 6050 mcs 28
slot 15 index 0 rnti 6050 mcs 28
slot 16 index 0 rnti 6050 mcs 28
slot 4 index 0 rnti 6050 mcs 28
slot 5 index 0 rnti 6050 mcs 28
slot 6 index 0 rnti 6050 mcs 28
slot 14 index 0 rnti 6050 mcs 28
slot 15 index 0 rnti 6050 mcs 28
slot 16 index 0 rnti 6050 mcs 28
slot 4 index 0 rnti 6050 mcs 28
slot 5 index 0 rnti 6050 mcs 28
slot 6 index 0 rnti 6050 mcs 28
slot 14 index 0 rnti 6050 mcs 28
slot 15 index 0 rnti 6050 mcs 28
slot 16 index 0 rnti 6050 mcs 28
slot 4 index 0 rnti 6050 mcs 28
slot 5 index 0 rnti 6050 mcs 28
slot 6 index 0 rnti 6050 mcs 28
slot 14 index 0 rnti 6050 mcs 28
[EMURAN-DL-CSV] t=7.289 win_tbs=20 win_fail=1 win_bler=0.05000 mcs_last=28 mcs_min=28 mcs_max=28 r0=19 r1=1 r2=0 r3=0  f0=1 f1=0 f2=0 f3=0 tot_tbs=2080 tot_fail=89 tot_bler=0.04279 tot_init=1986 tot_retx=94
slot 15 index 0 rnti 6050 mcs 28
slot 16 index 0 rnti 6050 mcs 28
slot 4 index 0 rnti 6050 mcs 28
slot 5 index 0 rnti 6050 mcs 28
slot 6 index 0 rnti 6050 mcs 28
slot 14 index 0 rnti 6050 mcs 28
slot 15 index 0 rnti 6050 mcs 28
slot 16 index 0 rnti 6050 mcs 28
slot 4 index 0 rnti 6050 mcs 28
slot 5 index 0 rnti 6050 mcs 28
slot 6 index 0 rnti 6050 mcs 28
slot 14 index 0 rnti 6050 mcs 28
slot 15 index 0 rnti 6050 mcs 28
slot 16 index 0 rnti 6050 mcs 28
slot 4 index 0 rnti 6050 mcs 28
slot 5 index 0 rnti 6050 mcs 28
slot 6 index 0 rnti 6050 mcs 28
slot 14 index 0 rnti 6050 mcs 28
slot 15 index 0 rnti 6050 mcs 28
slot 16 index 0 rnti 6050 mcs 28
[EMURAN-DL-CSV] t=7.354 win_tbs=20 win_fail=1 win_bler=0.05000 mcs_last=28 mcs_min=28 mcs_max=28 r0=19 r1=1 r2=0 r3=0  f0=1 f1=0 f2=0 f3=0 tot_tbs=2100 tot_fail=90 tot_bler=0.04286 tot_init=2005 tot_retx=95
slot 4 index 0 rnti 6050 mcs 28
slot 5 index 0 rnti 6050 mcs 28
slot 6 index 0 rnti 6050 mcs 28
slot 14 index 0 rnti 6050 mcs 28
slot 15 index 0 rnti 6050 mcs 28
slot 16 index 0 rnti 6050 mcs 28
slot 4 index 0 rnti 6050 mcs 28
slot 5 index 0 rnti 6050 mcs 28
slot 6 index 0 rnti 6050 mcs 28
slot 14 index 0 rnti 6050 mcs 28
slot 15 index 0 rnti 6050 mcs 28
slot 16 index 0 rnti 6050 mcs 28
slot 4 index 0 rnti 6050 mcs 28
slot 5 index 0 rnti 6050 mcs 28
slot 6 index 0 rnti 6050 mcs 28
slot 14 index 0 rnti 6050 mcs 28
slot 15 index 0 rnti 6050 mcs 28
slot 16 index 0 rnti 6050 mcs 28
slot 4 index 0 rnti 6050 mcs 28
slot 5 index 0 rnti 6050 mcs 28
[EMURAN-DL-CSV] t=7.427 win_tbs=20 win_fail=0 win_bler=0.00000 mcs_last=28 mcs_min=28 mcs_max=28 r0=20 r1=0 r2=0 r3=0  f0=0 f1=0 f2=0 f3=0 tot_tbs=2120 tot_fail=90 tot_bler=0.04245 tot_init=2025 tot_retx=95
slot 6 index 0 rnti 6050 mcs 28
slot 14 index 0 rnti 6050 mcs 28
slot 15 index 0 rnti 6050 mcs 28
slot 16 index 0 rnti 6050 mcs 28
slot 4 index 0 rnti 6050 mcs 28
slot 5 index 0 rnti 6050 mcs 28
slot 6 index 0 rnti 6050 mcs 28
slot 14 index 0 rnti 6050 mcs 28
slot 15 index 0 rnti 6050 mcs 28
slot 16 index 0 rnti 6050 mcs 28
slot 4 index 0 rnti 6050 mcs 28
slot 5 index 0 rnti 6050 mcs 28
slot 6 index 0 rnti 6050 mcs 28
slot 14 index 0 rnti 6050 mcs 28
slot 15 index 0 rnti 6050 mcs 28
slot 16 index 0 rnti 6050 mcs 28
slot 4 index 0 rnti 6050 mcs 28
slot 5 index 0 rnti 6050 mcs 28
slot 6 index 0 rnti 6050 mcs 28
slot 14 index 0 rnti 6050 mcs 28
slot 15 index 0 rnti 6050 mcs 28
[EMURAN-DL-CSV] t=7.500 win_tbs=20 win_fail=0 win_bler=0.00000 mcs_last=28 mcs_min=28 mcs_max=28 r0=19 r1=1 r2=0 r3=0  f0=0 f1=0 f2=0 f3=0 tot_tbs=2140 tot_fail=90 tot_bler=0.04206 tot_init=2044 tot_retx=96
slot 16 index 0 rnti 6050 mcs 28
slot 4 index 0 rnti 6050 mcs 28
slot 5 index 0 rnti 6050 mcs 28
slot 6 index 0 rnti 6050 mcs 28
slot 14 index 0 rnti 6050 mcs 28
slot 15 index 0 rnti 6050 mcs 28
slot 16 index 0 rnti 6050 mcs 28
slot 4 index 0 rnti 6050 mcs 28
slot 5 index 0 rnti 6050 mcs 28
slot 6 index 0 rnti 6050 mcs 28
slot 14 index 0 rnti 6050 mcs 28
slot 15 index 0 rnti 6050 mcs 28
slot 16 index 0 rnti 6050 mcs 28
slot 4 index 0 rnti 6050 mcs 28
slot 5 index 0 rnti 6050 mcs 28
slot 6 index 0 rnti 6050 mcs 28
slot 14 index 0 rnti 6050 mcs 28
slot 15 index 0 rnti 6050 mcs 28
slot 16 index 0 rnti 6050 mcs 28
[EMURAN-DL-CSV] t=7.565 win_tbs=20 win_fail=1 win_bler=0.05000 mcs_last=28 mcs_min=28 mcs_max=28 r0=20 r1=0 r2=0 r3=0  f0=1 f1=0 f2=0 f3=0 tot_tbs=2160 tot_fail=91 tot_bler=0.04213 tot_init=2064 tot_retx=96
slot 4 index 0 rnti 6050 mcs 28
slot 5 index 0 rnti 6050 mcs 28
slot 6 index 0 rnti 6050 mcs 28
slot 14 index 0 rnti 6050 mcs 28
slot 15 index 0 rnti 6050 mcs 28
slot 16 index 0 rnti 6050 mcs 28
slot 4 index 0 rnti 6050 mcs 28
slot 5 index 0 rnti 6050 mcs 28
slot 6 index 0 rnti 6050 mcs 28
slot 14 index 0 rnti 6050 mcs 28
slot 15 index 0 rnti 6050 mcs 28
slot 16 index 0 rnti 6050 mcs 28
slot 4 index 0 rnti 6050 mcs 28
slot 5 index 0 rnti 6050 mcs 28
slot 6 index 0 rnti 6050 mcs 28
slot 14 index 0 rnti 6050 mcs 28
slot 15 index 0 rnti 6050 mcs 28
slot 16 index 0 rnti 6050 mcs 28
slot 4 index 0 rnti 6050 mcs 28
slot 5 index 0 rnti 6050 mcs 28
[EMURAN-DL-CSV] t=7.637 win_tbs=20 win_fail=0 win_bler=0.00000 mcs_last=28 mcs_min=28 mcs_max=28 r0=20 r1=0 r2=0 r3=0  f0=0 f1=0 f2=0 f3=0 tot_tbs=2180 tot_fail=91 tot_bler=0.04174 tot_init=2084 tot_retx=96
slot 6 index 0 rnti 6050 mcs 28
slot 14 index 0 rnti 6050 mcs 28
slot 15 index 0 rnti 6050 mcs 28
slot 16 index 0 rnti 6050 mcs 28
slot 4 index 0 rnti 6050 mcs 28
slot 5 index 0 rnti 6050 mcs 28
slot 6 index 0 rnti 6050 mcs 28
slot 14 index 0 rnti 6050 mcs 28
slot 15 index 0 rnti 6050 mcs 28
slot 16 index 0 rnti 6050 mcs 28
slot 4 index 0 rnti 6050 mcs 28
slot 5 index 0 rnti 6050 mcs 28
slot 6 index 0 rnti 6050 mcs 28
slot 14 index 0 rnti 6050 mcs 28
slot 15 index 0 rnti 6050 mcs 28
slot 16 index 0 rnti 6050 mcs 28
slot 4 index 0 rnti 6050 mcs 28
slot 5 index 0 rnti 6050 mcs 28
slot 6 index 0 rnti 6050 mcs 28
slot 14 index 0 rnti 6050 mcs 28
[EMURAN-DL-CSV] t=7.710 win_tbs=20 win_fail=1 win_bler=0.05000 mcs_last=28 mcs_min=28 mcs_max=28 r0=19 r1=1 r2=0 r3=0  f0=1 f1=0 f2=0 f3=0 tot_tbs=2200 tot_fail=92 tot_bler=0.04182 tot_init=2103 tot_retx=97
slot 15 index 0 rnti 6050 mcs 28
slot 16 index 0 rnti 6050 mcs 28
slot 4 index 0 rnti 6050 mcs 28
slot 5 index 0 rnti 6050 mcs 28
slot 6 index 0 rnti 6050 mcs 28
slot 14 index 0 rnti 6050 mcs 28
slot 15 index 0 rnti 6050 mcs 28
slot 16 index 0 rnti 6050 mcs 28
slot 4 index 0 rnti 6050 mcs 28
slot 5 index 0 rnti 6050 mcs 28
slot 6 index 0 rnti 6050 mcs 28
slot 14 index 0 rnti 6050 mcs 28
slot 15 index 0 rnti 6050 mcs 28
slot 16 index 0 rnti 6050 mcs 28
slot 4 index 0 rnti 6050 mcs 28
slot 5 index 0 rnti 6050 mcs 28
slot 6 index 0 rnti 6050 mcs 28
slot 14 index 0 rnti 6050 mcs 28
slot 15 index 0 rnti 6050 mcs 28
slot 16 index 0 rnti 6050 mcs 28
[EMURAN-DL-CSV] t=7.775 win_tbs=20 win_fail=0 win_bler=0.00000 mcs_last=28 mcs_min=28 mcs_max=28 r0=20 r1=0 r2=0 r3=0  f0=0 f1=0 f2=0 f3=0 tot_tbs=2220 tot_fail=92 tot_bler=0.04144 tot_init=2123 tot_retx=97
slot 4 index 0 rnti 6050 mcs 28
slot 5 index 0 rnti 6050 mcs 28
slot 6 index 0 rnti 6050 mcs 28
slot 14 index 0 rnti 6050 mcs 28
slot 15 index 0 rnti 6050 mcs 28
slot 16 index 0 rnti 6050 mcs 28
slot 4 index 0 rnti 6050 mcs 28
slot 5 index 0 rnti 6050 mcs 28
slot 6 index 0 rnti 6050 mcs 28
slot 14 index 0 rnti 6050 mcs 28
slot 15 index 0 rnti 6050 mcs 28
slot 16 index 0 rnti 6050 mcs 28
slot 4 index 0 rnti 6050 mcs 28
slot 5 index 0 rnti 6050 mcs 28
slot 6 index 0 rnti 6050 mcs 28
slot 14 index 0 rnti 6050 mcs 28
slot 15 index 0 rnti 6050 mcs 28
slot 16 index 0 rnti 6050 mcs 28
slot 4 index 0 rnti 6050 mcs 28
slot 5 index 0 rnti 6050 mcs 28
[EMURAN-DL-CSV] t=7.847 win_tbs=20 win_fail=3 win_bler=0.15000 mcs_last=28 mcs_min=28 mcs_max=28 r0=17 r1=3 r2=0 r3=0  f0=3 f1=0 f2=0 f3=0 tot_tbs=2240 tot_fail=95 tot_bler=0.04241 tot_init=2140 tot_retx=100
slot 6 index 0 rnti 6050 mcs 28
slot 14 index 0 rnti 6050 mcs 28
slot 15 index 0 rnti 6050 mcs 28
slot 16 index 0 rnti 6050 mcs 28
slot 4 index 0 rnti 6050 mcs 28
slot 5 index 0 rnti 6050 mcs 28
slot 6 index 0 rnti 6050 mcs 28
slot 14 index 0 rnti 6050 mcs 28
slot 15 index 0 rnti 6050 mcs 28
slot 16 index 0 rnti 6050 mcs 28
slot 4 index 0 rnti 6050 mcs 28
slot 5 index 0 rnti 6050 mcs 28
slot 6 index 0 rnti 6050 mcs 28
slot 14 index 0 rnti 6050 mcs 28
slot 15 index 0 rnti 6050 mcs 28
slot 16 index 0 rnti 6050 mcs 28
slot 4 index 0 rnti 6050 mcs 28
slot 5 index 0 rnti 6050 mcs 28
slot 6 index 0 rnti 6050 mcs 28
slot 14 index 0 rnti 6050 mcs 28
[EMURAN-DL-CSV] t=7.920 win_tbs=20 win_fail=1 win_bler=0.05000 mcs_last=28 mcs_min=28 mcs_max=28 r0=19 r1=1 r2=0 r3=0  f0=1 f1=0 f2=0 f3=0 tot_tbs=2260 tot_fail=96 tot_bler=0.04248 tot_init=2159 tot_retx=101
slot 15 index 0 rnti 6050 mcs 28
slot 16 index 0 rnti 6050 mcs 28
slot 4 index 0 rnti 6050 mcs 28
slot 5 index 0 rnti 6050 mcs 28
slot 6 index 0 rnti 6050 mcs 28
slot 14 index 0 rnti 6050 mcs 28
slot 15 index 0 rnti 6050 mcs 28
slot 16 index 0 rnti 6050 mcs 28
slot 4 index 0 rnti 6050 mcs 28
slot 5 index 0 rnti 6050 mcs 28
slot 6 index 0 rnti 6050 mcs 28
slot 14 index 0 rnti 6050 mcs 28
slot 15 index 0 rnti 6050 mcs 28
slot 16 index 0 rnti 6050 mcs 28
slot 4 index 0 rnti 6050 mcs 28
slot 5 index 0 rnti 6050 mcs 28
slot 6 index 0 rnti 6050 mcs 28
slot 14 index 0 rnti 6050 mcs 28
slot 15 index 0 rnti 6050 mcs 28
slot 16 index 0 rnti 6050 mcs 28
[EMURAN-DL-CSV] t=7.985 win_tbs=20 win_fail=2 win_bler=0.10000 mcs_last=28 mcs_min=28 mcs_max=28 r0=18 r1=2 r2=0 r3=0  f0=2 f1=0 f2=0 f3=0 tot_tbs=2280 tot_fail=98 tot_bler=0.04298 tot_init=2177 tot_retx=103
slot 4 index 0 rnti 6050 mcs 28
slot 5 index 0 rnti 6050 mcs 28
slot 6 index 0 rnti 6050 mcs 28
slot 14 index 0 rnti 6050 mcs 28
slot 15 index 0 rnti 6050 mcs 28
slot 16 index 0 rnti 6050 mcs 28
slot 4 index 0 rnti 6050 mcs 28
slot 5 index 0 rnti 6050 mcs 28
slot 6 index 0 rnti 6050 mcs 28
slot 14 index 0 rnti 6050 mcs 28
slot 15 index 0 rnti 6050 mcs 28
slot 16 index 0 rnti 6050 mcs 28
slot 4 index 0 rnti 6050 mcs 28
slot 5 index 0 rnti 6050 mcs 28
slot 6 index 0 rnti 6050 mcs 28
slot 14 index 0 rnti 6050 mcs 28
slot 15 index 0 rnti 6050 mcs 28
slot 16 index 0 rnti 6050 mcs 28
slot 4 index 0 rnti 6050 mcs 28
slot 5 index 0 rnti 6050 mcs 28
[EMURAN-DL-CSV] t=8.058 win_tbs=20 win_fail=1 win_bler=0.05000 mcs_last=28 mcs_min=28 mcs_max=28 r0=19 r1=1 r2=0 r3=0  f0=1 f1=0 f2=0 f3=0 tot_tbs=2300 tot_fail=99 tot_bler=0.04304 tot_init=2196 tot_retx=104
slot 6 index 0 rnti 6050 mcs 28
slot 14 index 0 rnti 6050 mcs 28
slot 15 index 0 rnti 6050 mcs 28
slot 16 index 0 rnti 6050 mcs 28
slot 4 index 0 rnti 6050 mcs 28
slot 5 index 0 rnti 6050 mcs 28
slot 6 index 0 rnti 6050 mcs 28
slot 14 index 0 rnti 6050 mcs 28
slot 15 index 0 rnti 6050 mcs 28
slot 16 index 0 rnti 6050 mcs 28
slot 4 index 0 rnti 6050 mcs 28
slot 5 index 0 rnti 6050 mcs 28
slot 6 index 0 rnti 6050 mcs 28
slot 14 index 0 rnti 6050 mcs 28
slot 15 index 0 rnti 6050 mcs 28
slot 16 index 0 rnti 6050 mcs 28
slot 4 index 0 rnti 6050 mcs 28
slot 5 index 0 rnti 6050 mcs 28
slot 6 index 0 rnti 6050 mcs 28
slot 14 index 0 rnti 6050 mcs 28
[EMURAN-DL-CSV] t=8.130 win_tbs=20 win_fail=0 win_bler=0.00000 mcs_last=28 mcs_min=28 mcs_max=28 r0=19 r1=1 r2=0 r3=0  f0=0 f1=0 f2=0 f3=0 tot_tbs=2320 tot_fail=99 tot_bler=0.04267 tot_init=2215 tot_retx=105
slot 15 index 0 rnti 6050 mcs 28
slot 16 index 0 rnti 6050 mcs 28
slot 4 index 0 rnti 6050 mcs 28
slot 5 index 0 rnti 6050 mcs 28
slot 6 index 0 rnti 6050 mcs 28
slot 14 index 0 rnti 6050 mcs 28
slot 15 index 0 rnti 6050 mcs 28
slot 16 index 0 rnti 6050 mcs 28
slot 4 index 0 rnti 6050 mcs 28
slot 5 index 0 rnti 6050 mcs 28
slot 6 index 0 rnti 6050 mcs 28
slot 14 index 0 rnti 6050 mcs 28
slot 15 index 0 rnti 6050 mcs 28
slot 16 index 0 rnti 6050 mcs 28
slot 4 index 0 rnti 6050 mcs 28
slot 5 index 0 rnti 6050 mcs 28
slot 6 index 0 rnti 6050 mcs 28
slot 14 index 0 rnti 6050 mcs 28
slot 15 index 0 rnti 6050 mcs 28
slot 16 index 0 rnti 6050 mcs 28
[EMURAN-DL-CSV] t=8.195 win_tbs=20 win_fail=1 win_bler=0.05000 mcs_last=28 mcs_min=28 mcs_max=28 r0=20 r1=0 r2=0 r3=0  f0=1 f1=0 f2=0 f3=0 tot_tbs=2340 tot_fail=100 tot_bler=0.04274 tot_init=2235 tot_retx=105
slot 4 index 0 rnti 6050 mcs 28
slot 5 index 0 rnti 6050 mcs 28
slot 6 index 0 rnti 6050 mcs 28
slot 14 index 0 rnti 6050 mcs 28
slot 15 index 0 rnti 6050 mcs 28
slot 16 index 0 rnti 6050 mcs 28
slot 4 index 0 rnti 6050 mcs 28
slot 5 index 0 rnti 6050 mcs 28
slot 6 index 0 rnti 6050 mcs 28
slot 14 index 0 rnti 6050 mcs 28
slot 15 index 0 rnti 6050 mcs 28
slot 16 index 0 rnti 6050 mcs 28
slot 4 index 0 rnti 6050 mcs 28
slot 5 index 0 rnti 6050 mcs 28
slot 6 index 0 rnti 6050 mcs 28
slot 14 index 0 rnti 6050 mcs 28
slot 15 index 0 rnti 6050 mcs 28
slot 16 index 0 rnti 6050 mcs 28
slot 4 index 0 rnti 6050 mcs 28
slot 5 index 0 rnti 6050 mcs 28
[EMURAN-DL-CSV] t=8.268 win_tbs=20 win_fail=0 win_bler=0.00000 mcs_last=28 mcs_min=28 mcs_max=28 r0=20 r1=0 r2=0 r3=0  f0=0 f1=0 f2=0 f3=0 tot_tbs=2360 tot_fail=100 tot_bler=0.04237 tot_init=2255 tot_retx=105
slot 6 index 0 rnti 6050 mcs 28
slot 14 index 0 rnti 6050 mcs 28
slot 15 index 0 rnti 6050 mcs 28
slot 16 index 0 rnti 6050 mcs 28
slot 4 index 0 rnti 6050 mcs 28
slot 5 index 0 rnti 6050 mcs 28
slot 6 index 0 rnti 6050 mcs 28
slot 14 index 0 rnti 6050 mcs 28
slot 15 index 0 rnti 6050 mcs 28
slot 16 index 0 rnti 6050 mcs 28
slot 4 index 0 rnti 6050 mcs 28
slot 5 index 0 rnti 6050 mcs 28
slot 6 index 0 rnti 6050 mcs 28
slot 14 index 0 rnti 6050 mcs 28
slot 15 index 0 rnti 6050 mcs 28
slot 16 index 0 rnti 6050 mcs 28
slot 4 index 0 rnti 6050 mcs 28
slot 5 index 0 rnti 6050 mcs 28
slot 6 index 0 rnti 6050 mcs 28
slot 14 index 0 rnti 6050 mcs 28
[EMURAN-DL-CSV] t=8.341 win_tbs=20 win_fail=2 win_bler=0.10000 mcs_last=28 mcs_min=28 mcs_max=28 r0=19 r1=1 r2=0 r3=0  f0=2 f1=0 f2=0 f3=0 tot_tbs=2380 tot_fail=102 tot_bler=0.04286 tot_init=2274 tot_retx=106
slot 15 index 0 rnti 6050 mcs 28
slot 16 index 0 rnti 6050 mcs 28
slot 4 index 0 rnti 6050 mcs 28
slot 5 index 0 rnti 6050 mcs 28
slot 6 index 0 rnti 6050 mcs 28
slot 14 index 0 rnti 6050 mcs 28
slot 15 index 0 rnti 6050 mcs 28
slot 16 index 0 rnti 6050 mcs 28
slot 4 index 0 rnti 6050 mcs 28
slot 5 index 0 rnti 6050 mcs 28
slot 6 index 0 rnti 6050 mcs 28
slot 14 index 0 rnti 6050 mcs 28
slot 15 index 0 rnti 6050 mcs 28
slot 16 index 0 rnti 6050 mcs 28
slot 4 index 0 rnti 6050 mcs 28
slot 5 index 0 rnti 6050 mcs 28
slot 6 index 0 rnti 6050 mcs 28
slot 14 index 0 rnti 6050 mcs 28
slot 15 index 0 rnti 6050 mcs 28
slot 16 index 0 rnti 6050 mcs 28
[EMURAN-DL-CSV] t=8.407 win_tbs=20 win_fail=1 win_bler=0.05000 mcs_last=28 mcs_min=28 mcs_max=28 r0=19 r1=1 r2=0 r3=0  f0=1 f1=0 f2=0 f3=0 tot_tbs=2400 tot_fail=103 tot_bler=0.04292 tot_init=2293 tot_retx=107
slot 4 index 0 rnti 6050 mcs 28
slot 5 index 0 rnti 6050 mcs 28
slot 6 index 0 rnti 6050 mcs 28
slot 14 index 0 rnti 6050 mcs 28
slot 15 index 0 rnti 6050 mcs 28
slot 16 index 0 rnti 6050 mcs 28
slot 4 index 0 rnti 6050 mcs 28
slot 5 index 0 rnti 6050 mcs 28
slot 6 index 0 rnti 6050 mcs 28
slot 14 index 0 rnti 6050 mcs 28
slot 15 index 0 rnti 6050 mcs 28
slot 16 index 0 rnti 6050 mcs 28
slot 4 index 0 rnti 6050 mcs 28
slot 5 index 0 rnti 6050 mcs 28
slot 6 index 0 rnti 6050 mcs 28
slot 14 index 0 rnti 6050 mcs 28
slot 15 index 0 rnti 6050 mcs 28
slot 16 index 0 rnti 6050 mcs 28
slot 4 index 0 rnti 6050 mcs 28
slot 5 index 0 rnti 6050 mcs 28
slot 6 index 0 rnti 6050 mcs 28
[EMURAN-DL-CSV] t=8.479 win_tbs=20 win_fail=1 win_bler=0.05000 mcs_last=28 mcs_min=28 mcs_max=28 r0=18 r1=2 r2=0 r3=0  f0=1 f1=0 f2=0 f3=0 tot_tbs=2420 tot_fail=104 tot_bler=0.04298 tot_init=2311 tot_retx=109
slot 14 index 0 rnti 6050 mcs 28
slot 15 index 0 rnti 6050 mcs 28
slot 16 index 0 rnti 6050 mcs 28
slot 4 index 0 rnti 6050 mcs 28
slot 5 index 0 rnti 6050 mcs 28
slot 6 index 0 rnti 6050 mcs 28
slot 14 index 0 rnti 6050 mcs 28
slot 15 index 0 rnti 6050 mcs 28
slot 16 index 0 rnti 6050 mcs 28
slot 4 index 0 rnti 6050 mcs 28
slot 5 index 0 rnti 6050 mcs 28
slot 6 index 0 rnti 6050 mcs 28
slot 14 index 0 rnti 6050 mcs 28
slot 15 index 0 rnti 6050 mcs 28
slot 16 index 0 rnti 6050 mcs 28
slot 4 index 0 rnti 6050 mcs 28
slot 5 index 0 rnti 6050 mcs 28
slot 6 index 0 rnti 6050 mcs 28
slot 14 index 0 rnti 6050 mcs 28
[EMURAN-DL-CSV] t=8.551 win_tbs=20 win_fail=0 win_bler=0.00000 mcs_last=28 mcs_min=28 mcs_max=28 r0=20 r1=0 r2=0 r3=0  f0=0 f1=0 f2=0 f3=0 tot_tbs=2440 tot_fail=104 tot_bler=0.04262 tot_init=2331 tot_retx=109
slot 15 index 0 rnti 6050 mcs 28
slot 16 index 0 rnti 6050 mcs 28
slot 4 index 0 rnti 6050 mcs 28
slot 5 index 0 rnti 6050 mcs 28
slot 6 index 0 rnti 6050 mcs 28
slot 14 index 0 rnti 6050 mcs 28
slot 15 index 0 rnti 6050 mcs 28
slot 16 index 0 rnti 6050 mcs 28
slot 4 index 0 rnti 6050 mcs 28
slot 5 index 0 rnti 6050 mcs 28
slot 6 index 0 rnti 6050 mcs 28
slot 14 index 0 rnti 6050 mcs 28
slot 15 index 0 rnti 6050 mcs 28
slot 16 index 0 rnti 6050 mcs 28
slot 4 index 0 rnti 6050 mcs 28
slot 5 index 0 rnti 6050 mcs 28
slot 6 index 0 rnti 6050 mcs 28
slot 14 index 0 rnti 6050 mcs 28
slot 15 index 0 rnti 6050 mcs 28
slot 16 index 0 rnti 6050 mcs 28
[EMURAN-DL-CSV] t=8.616 win_tbs=20 win_fail=2 win_bler=0.10000 mcs_last=28 mcs_min=28 mcs_max=28 r0=18 r1=2 r2=0 r3=0  f0=2 f1=0 f2=0 f3=0 tot_tbs=2460 tot_fail=106 tot_bler=0.04309 tot_init=2349 tot_retx=111
[UE-STAT] frame=200 dci_cnt=600 total_tbs=50385600 ack_real=504 nack_real=22 fb_missing=74 decode_cnt=600
slot 4 index 0 rnti 6050 mcs 28
slot 5 index 0 rnti 6050 mcs 28
slot 6 index 0 rnti 6050 mcs 28
slot 14 index 0 rnti 6050 mcs 28
slot 15 index 0 rnti 6050 mcs 28
slot 16 index 0 rnti 6050 mcs 28
slot 4 index 0 rnti 6050 mcs 28
slot 5 index 0 rnti 6050 mcs 28
slot 6 index 0 rnti 6050 mcs 28
slot 14 index 0 rnti 6050 mcs 28
slot 15 index 0 rnti 6050 mcs 28
slot 16 index 0 rnti 6050 mcs 28
slot 4 index 0 rnti 6050 mcs 28
slot 5 index 0 rnti 6050 mcs 28
slot 6 index 0 rnti 6050 mcs 28
slot 14 index 0 rnti 6050 mcs 28
slot 15 index 0 rnti 6050 mcs 28
slot 16 index 0 rnti 6050 mcs 28
slot 4 index 0 rnti 6050 mcs 28
slot 5 index 0 rnti 6050 mcs 28
slot 6 index 0 rnti 6050 mcs 28
[EMURAN-DL-CSV] t=8.690 win_tbs=20 win_fail=1 win_bler=0.05000 mcs_last=28 mcs_min=28 mcs_max=28 r0=19 r1=1 r2=0 r3=0  f0=1 f1=0 f2=0 f3=0 tot_tbs=2480 tot_fail=107 tot_bler=0.04315 tot_init=2368 tot_retx=112
slot 14 index 0 rnti 6050 mcs 28
slot 15 index 0 rnti 6050 mcs 28
slot 16 index 0 rnti 6050 mcs 28
slot 4 index 0 rnti 6050 mcs 28
slot 5 index 0 rnti 6050 mcs 28
slot 6 index 0 rnti 6050 mcs 28
slot 14 index 0 rnti 6050 mcs 28
slot 15 index 0 rnti 6050 mcs 28
slot 16 index 0 rnti 6050 mcs 28
slot 4 index 0 rnti 6050 mcs 28
slot 5 index 0 rnti 6050 mcs 28
slot 6 index 0 rnti 6050 mcs 28
slot 14 index 0 rnti 6050 mcs 28
slot 15 index 0 rnti 6050 mcs 28
slot 16 index 0 rnti 6050 mcs 28
slot 4 index 0 rnti 6050 mcs 28
slot 5 index 0 rnti 6050 mcs 28
slot 6 index 0 rnti 6050 mcs 28
slot 14 index 0 rnti 6050 mcs 28
[EMURAN-DL-CSV] t=8.761 win_tbs=20 win_fail=1 win_bler=0.05000 mcs_last=28 mcs_min=28 mcs_max=28 r0=19 r1=1 r2=0 r3=0  f0=1 f1=0 f2=0 f3=0 tot_tbs=2500 tot_fail=108 tot_bler=0.04320 tot_init=2387 tot_retx=113
slot 15 index 0 rnti 6050 mcs 28
slot 16 index 0 rnti 6050 mcs 28
slot 4 index 0 rnti 6050 mcs 28
slot 5 index 0 rnti 6050 mcs 28
slot 6 index 0 rnti 6050 mcs 28
slot 14 index 0 rnti 6050 mcs 28
slot 15 index 0 rnti 6050 mcs 28
slot 16 index 0 rnti 6050 mcs 28
slot 4 index 0 rnti 6050 mcs 28
slot 5 index 0 rnti 6050 mcs 28
slot 6 index 0 rnti 6050 mcs 28
slot 14 index 0 rnti 6050 mcs 28
slot 15 index 0 rnti 6050 mcs 28
slot 16 index 0 rnti 6050 mcs 28
slot 4 index 0 rnti 6050 mcs 28
slot 5 index 0 rnti 6050 mcs 28
slot 6 index 0 rnti 6050 mcs 28
slot 14 index 0 rnti 6050 mcs 28
slot 15 index 0 rnti 6050 mcs 28
slot 16 index 0 rnti 6050 mcs 28
[EMURAN-DL-CSV] t=8.827 win_tbs=20 win_fail=1 win_bler=0.05000 mcs_last=28 mcs_min=28 mcs_max=28 r0=18 r1=2 r2=0 r3=0  f0=1 f1=0 f2=0 f3=0 tot_tbs=2520 tot_fail=109 tot_bler=0.04325 tot_init=2405 tot_retx=115
slot 4 index 0 rnti 6050 mcs 28
slot 5 index 0 rnti 6050 mcs 28
slot 6 index 0 rnti 6050 mcs 28
slot 14 index 0 rnti 6050 mcs 28
slot 15 index 0 rnti 6050 mcs 28
slot 16 index 0 rnti 6050 mcs 28
slot 4 index 0 rnti 6050 mcs 28
slot 5 index 0 rnti 6050 mcs 28
slot 6 index 0 rnti 6050 mcs 28
slot 14 index 0 rnti 6050 mcs 28
slot 15 index 0 rnti 6050 mcs 28
slot 16 index 0 rnti 6050 mcs 28
slot 4 index 0 rnti 6050 mcs 28
slot 5 index 0 rnti 6050 mcs 28
slot 6 index 0 rnti 6050 mcs 28
slot 14 index 0 rnti 6050 mcs 28
slot 15 index 0 rnti 6050 mcs 28
slot 16 index 0 rnti 6050 mcs 28
slot 4 index 0 rnti 6050 mcs 28
slot 5 index 0 rnti 6050 mcs 28
[EMURAN-DL-CSV] t=8.899 win_tbs=20 win_fail=0 win_bler=0.00000 mcs_last=28 mcs_min=28 mcs_max=28 r0=20 r1=0 r2=0 r3=0  f0=0 f1=0 f2=0 f3=0 tot_tbs=2540 tot_fail=109 tot_bler=0.04291 tot_init=2425 tot_retx=115
slot 6 index 0 rnti 6050 mcs 28
slot 14 index 0 rnti 6050 mcs 28
slot 15 index 0 rnti 6050 mcs 28
slot 16 index 0 rnti 6050 mcs 28
slot 4 index 0 rnti 6050 mcs 28
slot 5 index 0 rnti 6050 mcs 28
slot 6 index 0 rnti 6050 mcs 28
slot 14 index 0 rnti 6050 mcs 28
slot 15 index 0 rnti 6050 mcs 28
slot 16 index 0 rnti 6050 mcs 28
slot 4 index 0 rnti 6050 mcs 28
slot 5 index 0 rnti 6050 mcs 28
slot 6 index 0 rnti 6050 mcs 28
slot 14 index 0 rnti 6050 mcs 28
slot 15 index 0 rnti 6050 mcs 28
slot 16 index 0 rnti 6050 mcs 28
slot 4 index 0 rnti 6050 mcs 28
slot 5 index 0 rnti 6050 mcs 28
slot 6 index 0 rnti 6050 mcs 28
slot 14 index 0 rnti 6050 mcs 28
[EMURAN-DL-CSV] t=8.972 win_tbs=20 win_fail=1 win_bler=0.05000 mcs_last=28 mcs_min=28 mcs_max=28 r0=19 r1=1 r2=0 r3=0  f0=1 f1=0 f2=0 f3=0 tot_tbs=2560 tot_fail=110 tot_bler=0.04297 tot_init=2444 tot_retx=116
slot 15 index 0 rnti 6050 mcs 28
slot 16 index 0 rnti 6050 mcs 28
slot 4 index 0 rnti 6050 mcs 28
slot 5 index 0 rnti 6050 mcs 28
slot 6 index 0 rnti 6050 mcs 28
slot 14 index 0 rnti 6050 mcs 28
slot 15 index 0 rnti 6050 mcs 28
slot 16 index 0 rnti 6050 mcs 28
slot 4 index 0 rnti 6050 mcs 28
slot 5 index 0 rnti 6050 mcs 28
slot 6 index 0 rnti 6050 mcs 28
slot 14 index 0 rnti 6050 mcs 28
slot 15 index 0 rnti 6050 mcs 28
slot 16 index 0 rnti 6050 mcs 28
slot 4 index 0 rnti 6050 mcs 28
slot 5 index 0 rnti 6050 mcs 28
slot 6 index 0 rnti 6050 mcs 28
slot 14 index 0 rnti 6050 mcs 28
slot 15 index 0 rnti 6050 mcs 28
slot 16 index 0 rnti 6050 mcs 28
[EMURAN-DL-CSV] t=9.037 win_tbs=20 win_fail=1 win_bler=0.05000 mcs_last=28 mcs_min=28 mcs_max=28 r0=19 r1=1 r2=0 r3=0  f0=1 f1=0 f2=0 f3=0 tot_tbs=2580 tot_fail=111 tot_bler=0.04302 tot_init=2463 tot_retx=117
slot 4 index 0 rnti 6050 mcs 28
slot 5 index 0 rnti 6050 mcs 28
slot 6 index 0 rnti 6050 mcs 28
slot 14 index 0 rnti 6050 mcs 28
slot 15 index 0 rnti 6050 mcs 28
slot 16 index 0 rnti 6050 mcs 28
slot 4 index 0 rnti 6050 mcs 28
slot 5 index 0 rnti 6050 mcs 28
slot 6 index 0 rnti 6050 mcs 28
slot 14 index 0 rnti 6050 mcs 28
slot 15 index 0 rnti 6050 mcs 28
slot 16 index 0 rnti 6050 mcs 28
slot 4 index 0 rnti 6050 mcs 28
slot 5 index 0 rnti 6050 mcs 28
slot 6 index 0 rnti 6050 mcs 28
slot 14 index 0 rnti 6050 mcs 28
slot 15 index 0 rnti 6050 mcs 28
slot 16 index 0 rnti 6050 mcs 28
slot 4 index 0 rnti 6050 mcs 28
slot 5 index 0 rnti 6050 mcs 28
[EMURAN-DL-CSV] t=9.109 win_tbs=20 win_fail=0 win_bler=0.00000 mcs_last=28 mcs_min=28 mcs_max=28 r0=20 r1=0 r2=0 r3=0  f0=0 f1=0 f2=0 f3=0 tot_tbs=2600 tot_fail=111 tot_bler=0.04269 tot_init=2483 tot_retx=117
slot 6 index 0 rnti 6050 mcs 28
slot 14 index 0 rnti 6050 mcs 28
slot 15 index 0 rnti 6050 mcs 28
slot 16 index 0 rnti 6050 mcs 28
slot 4 index 0 rnti 6050 mcs 28
slot 5 index 0 rnti 6050 mcs 28
slot 6 index 0 rnti 6050 mcs 28
slot 14 index 0 rnti 6050 mcs 28
slot 15 index 0 rnti 6050 mcs 28
slot 16 index 0 rnti 6050 mcs 28
slot 4 index 0 rnti 6050 mcs 28
slot 5 index 0 rnti 6050 mcs 28
slot 6 index 0 rnti 6050 mcs 28
slot 14 index 0 rnti 6050 mcs 28
slot 15 index 0 rnti 6050 mcs 28
slot 16 index 0 rnti 6050 mcs 28
slot 4 index 0 rnti 6050 mcs 28
slot 5 index 0 rnti 6050 mcs 28
slot 6 index 0 rnti 6050 mcs 28
slot 14 index 0 rnti 6050 mcs 28
[EMURAN-DL-CSV] t=9.182 win_tbs=20 win_fail=2 win_bler=0.10000 mcs_last=28 mcs_min=28 mcs_max=28 r0=17 r1=3 r2=0 r3=0  f0=2 f1=0 f2=0 f3=0 tot_tbs=2620 tot_fail=113 tot_bler=0.04313 tot_init=2500 tot_retx=120
slot 15 index 0 rnti 6050 mcs 28
slot 16 index 0 rnti 6050 mcs 28
slot 4 index 0 rnti 6050 mcs 28
slot 5 index 0 rnti 6050 mcs 28
slot 6 index 0 rnti 6050 mcs 28
slot 14 index 0 rnti 6050 mcs 28
slot 15 index 0 rnti 6050 mcs 28
slot 16 index 0 rnti 6050 mcs 28
slot 4 index 0 rnti 6050 mcs 28
slot 5 index 0 rnti 6050 mcs 28
slot 6 index 0 rnti 6050 mcs 28
slot 14 index 0 rnti 6050 mcs 28
slot 15 index 0 rnti 6050 mcs 28
slot 16 index 0 rnti 6050 mcs 28
slot 4 index 0 rnti 6050 mcs 28
slot 5 index 0 rnti 6050 mcs 28
slot 6 index 0 rnti 6050 mcs 28
slot 14 index 0 rnti 6050 mcs 28
slot 15 index 0 rnti 6050 mcs 28
slot 16 index 0 rnti 6050 mcs 28
[EMURAN-DL-CSV] t=9.247 win_tbs=20 win_fail=0 win_bler=0.00000 mcs_last=28 mcs_min=28 mcs_max=28 r0=20 r1=0 r2=0 r3=0  f0=0 f1=0 f2=0 f3=0 tot_tbs=2640 tot_fail=113 tot_bler=0.04280 tot_init=2520 tot_retx=120
slot 4 index 0 rnti 6050 mcs 28
slot 5 index 0 rnti 6050 mcs 28
slot 6 index 0 rnti 6050 mcs 28
slot 14 index 0 rnti 6050 mcs 28
slot 15 index 0 rnti 6050 mcs 28
slot 16 index 0 rnti 6050 mcs 28
slot 4 index 0 rnti 6050 mcs 28
slot 5 index 0 rnti 6050 mcs 28
slot 6 index 0 rnti 6050 mcs 28
slot 14 index 0 rnti 6050 mcs 28
slot 15 index 0 rnti 6050 mcs 28
slot 16 index 0 rnti 6050 mcs 28
slot 4 index 0 rnti 6050 mcs 28
slot 5 index 0 rnti 6050 mcs 28
slot 6 index 0 rnti 6050 mcs 28
slot 14 index 0 rnti 6050 mcs 28
slot 15 index 0 rnti 6050 mcs 28
slot 16 index 0 rnti 6050 mcs 28
slot 4 index 0 rnti 6050 mcs 28
slot 5 index 0 rnti 6050 mcs 28
slot 6 index 0 rnti 6050 mcs 28
[EMURAN-DL-CSV] t=9.321 win_tbs=20 win_fail=1 win_bler=0.05000 mcs_last=28 mcs_min=28 mcs_max=28 r0=19 r1=1 r2=0 r3=0  f0=1 f1=0 f2=0 f3=0 tot_tbs=2660 tot_fail=114 tot_bler=0.04286 tot_init=2539 tot_retx=121
slot 14 index 0 rnti 6050 mcs 28
slot 15 index 0 rnti 6050 mcs 28
slot 16 index 0 rnti 6050 mcs 28
slot 4 index 0 rnti 6050 mcs 28
slot 5 index 0 rnti 6050 mcs 28
slot 6 index 0 rnti 6050 mcs 28
slot 14 index 0 rnti 6050 mcs 28
slot 15 index 0 rnti 6050 mcs 28
slot 16 index 0 rnti 6050 mcs 28
slot 4 index 0 rnti 6050 mcs 28
slot 5 index 0 rnti 6050 mcs 28
slot 6 index 0 rnti 6050 mcs 28
slot 14 index 0 rnti 6050 mcs 28
slot 15 index 0 rnti 6050 mcs 28
slot 16 index 0 rnti 6050 mcs 28
slot 4 index 0 rnti 6050 mcs 28
slot 5 index 0 rnti 6050 mcs 28
slot 6 index 0 rnti 6050 mcs 28
slot 14 index 0 rnti 6050 mcs 28
[EMURAN-DL-CSV] t=9.392 win_tbs=20 win_fail=1 win_bler=0.05000 mcs_last=28 mcs_min=28 mcs_max=28 r0=20 r1=0 r2=0 r3=0  f0=1 f1=0 f2=0 f3=0 tot_tbs=2680 tot_fail=115 tot_bler=0.04291 tot_init=2559 tot_retx=121
slot 15 index 0 rnti 6050 mcs 28
slot 16 index 0 rnti 6050 mcs 28
slot 4 index 0 rnti 6050 mcs 28
slot 5 index 0 rnti 6050 mcs 28
slot 6 index 0 rnti 6050 mcs 28
slot 14 index 0 rnti 6050 mcs 28
slot 15 index 0 rnti 6050 mcs 28
slot 16 index 0 rnti 6050 mcs 28
slot 4 index 0 rnti 6050 mcs 28
slot 5 index 0 rnti 6050 mcs 28
slot 6 index 0 rnti 6050 mcs 28
slot 14 index 0 rnti 6050 mcs 28
slot 15 index 0 rnti 6050 mcs 28
slot 16 index 0 rnti 6050 mcs 28
slot 4 index 0 rnti 6050 mcs 28
slot 5 index 0 rnti 6050 mcs 28
slot 6 index 0 rnti 6050 mcs 28
slot 14 index 0 rnti 6050 mcs 28
slot 15 index 0 rnti 6050 mcs 28
slot 16 index 0 rnti 6050 mcs 28
[EMURAN-DL-CSV] t=9.457 win_tbs=20 win_fail=1 win_bler=0.05000 mcs_last=28 mcs_min=28 mcs_max=28 r0=19 r1=1 r2=0 r3=0  f0=1 f1=0 f2=0 f3=0 tot_tbs=2700 tot_fail=116 tot_bler=0.04296 tot_init=2578 tot_retx=122
slot 4 index 0 rnti 6050 mcs 28
slot 5 index 0 rnti 6050 mcs 28
slot 6 index 0 rnti 6050 mcs 28
slot 14 index 0 rnti 6050 mcs 28
slot 15 index 0 rnti 6050 mcs 28
slot 16 index 0 rnti 6050 mcs 28
slot 4 index 0 rnti 6050 mcs 28
slot 5 index 0 rnti 6050 mcs 28
slot 6 index 0 rnti 6050 mcs 28
slot 14 index 0 rnti 6050 mcs 28
slot 15 index 0 rnti 6050 mcs 28
slot 16 index 0 rnti 6050 mcs 28
slot 4 index 0 rnti 6050 mcs 28
slot 5 index 0 rnti 6050 mcs 28
slot 6 index 0 rnti 6050 mcs 28
slot 14 index 0 rnti 6050 mcs 28
slot 15 index 0 rnti 6050 mcs 28
slot 16 index 0 rnti 6050 mcs 28
slot 4 index 0 rnti 6050 mcs 28
slot 5 index 0 rnti 6050 mcs 28
slot 6 index 0 rnti 6050 mcs 28
[EMURAN-DL-CSV] t=9.531 win_tbs=20 win_fail=0 win_bler=0.00000 mcs_last=28 mcs_min=28 mcs_max=28 r0=19 r1=1 r2=0 r3=0  f0=0 f1=0 f2=0 f3=0 tot_tbs=2720 tot_fail=116 tot_bler=0.04265 tot_init=2597 tot_retx=123
slot 14 index 0 rnti 6050 mcs 28
slot 15 index 0 rnti 6050 mcs 28
slot 16 index 0 rnti 6050 mcs 28
slot 4 index 0 rnti 6050 mcs 28
slot 5 index 0 rnti 6050 mcs 28
slot 6 index 0 rnti 6050 mcs 28
slot 14 index 0 rnti 6050 mcs 28
slot 15 index 0 rnti 6050 mcs 28
slot 16 index 0 rnti 6050 mcs 28
slot 4 index 0 rnti 6050 mcs 28
slot 5 index 0 rnti 6050 mcs 28
slot 6 index 0 rnti 6050 mcs 28
slot 14 index 0 rnti 6050 mcs 28
slot 15 index 0 rnti 6050 mcs 28
slot 16 index 0 rnti 6050 mcs 28
slot 4 index 0 rnti 6050 mcs 28
slot 5 index 0 rnti 6050 mcs 28
slot 6 index 0 rnti 6050 mcs 28
slot 14 index 0 rnti 6050 mcs 28
[EMURAN-DL-CSV] t=9.603 win_tbs=20 win_fail=2 win_bler=0.10000 mcs_last=28 mcs_min=28 mcs_max=28 r0=18 r1=2 r2=0 r3=0  f0=2 f1=0 f2=0 f3=0 tot_tbs=2740 tot_fail=118 tot_bler=0.04307 tot_init=2615 tot_retx=125
slot 15 index 0 rnti 6050 mcs 28
slot 16 index 0 rnti 6050 mcs 28
slot 4 index 0 rnti 6050 mcs 28
slot 5 index 0 rnti 6050 mcs 28
slot 6 index 0 rnti 6050 mcs 28
slot 14 index 0 rnti 6050 mcs 28
slot 15 index 0 rnti 6050 mcs 28
slot 16 index 0 rnti 6050 mcs 28
slot 4 index 0 rnti 6050 mcs 28
slot 5 index 0 rnti 6050 mcs 28
slot 6 index 0 rnti 6050 mcs 28
slot 14 index 0 rnti 6050 mcs 28
slot 15 index 0 rnti 6050 mcs 28
slot 16 index 0 rnti 6050 mcs 28
slot 4 index 0 rnti 6050 mcs 28
slot 5 index 0 rnti 6050 mcs 28
slot 6 index 0 rnti 6050 mcs 28
slot 14 index 0 rnti 6050 mcs 28
slot 15 index 0 rnti 6050 mcs 28
slot 16 index 0 rnti 6050 mcs 28
[EMURAN-DL-CSV] t=9.669 win_tbs=20 win_fail=0 win_bler=0.00000 mcs_last=28 mcs_min=28 mcs_max=28 r0=20 r1=0 r2=0 r3=0  f0=0 f1=0 f2=0 f3=0 tot_tbs=2760 tot_fail=118 tot_bler=0.04275 tot_init=2635 tot_retx=125
slot 4 index 0 rnti 6050 mcs 28
slot 5 index 0 rnti 6050 mcs 28
slot 6 index 0 rnti 6050 mcs 28
slot 14 index 0 rnti 6050 mcs 28
slot 15 index 0 rnti 6050 mcs 28
slot 16 index 0 rnti 6050 mcs 28
slot 4 index 0 rnti 6050 mcs 28
slot 5 index 0 rnti 6050 mcs 28
slot 6 index 0 rnti 6050 mcs 28
slot 14 index 0 rnti 6050 mcs 28
slot 15 index 0 rnti 6050 mcs 28
slot 16 index 0 rnti 6050 mcs 28
slot 4 index 0 rnti 6050 mcs 28
slot 5 index 0 rnti 6050 mcs 28
slot 6 index 0 rnti 6050 mcs 28
slot 14 index 0 rnti 6050 mcs 28
slot 15 index 0 rnti 6050 mcs 28
slot 16 index 0 rnti 6050 mcs 28
slot 4 index 0 rnti 6050 mcs 28
slot 5 index 0 rnti 6050 mcs 28
[EMURAN-DL-CSV] t=9.741 win_tbs=20 win_fail=0 win_bler=0.00000 mcs_last=28 mcs_min=28 mcs_max=28 r0=20 r1=0 r2=0 r3=0  f0=0 f1=0 f2=0 f3=0 tot_tbs=2780 tot_fail=118 tot_bler=0.04245 tot_init=2655 tot_retx=125
slot 6 index 0 rnti 6050 mcs 28
slot 14 index 0 rnti 6050 mcs 28
slot 15 index 0 rnti 6050 mcs 28
slot 16 index 0 rnti 6050 mcs 28
slot 4 index 0 rnti 6050 mcs 28
slot 5 index 0 rnti 6050 mcs 28
slot 6 index 0 rnti 6050 mcs 28
slot 14 index 0 rnti 6050 mcs 28
slot 15 index 0 rnti 6050 mcs 28
slot 16 index 0 rnti 6050 mcs 28
slot 4 index 0 rnti 6050 mcs 28
slot 5 index 0 rnti 6050 mcs 28
slot 6 index 0 rnti 6050 mcs 28
slot 14 index 0 rnti 6050 mcs 28
slot 15 index 0 rnti 6050 mcs 28
slot 16 index 0 rnti 6050 mcs 28
slot 4 index 0 rnti 6050 mcs 28
slot 5 index 0 rnti 6050 mcs 28
slot 6 index 0 rnti 6050 mcs 28
slot 14 index 0 rnti 6050 mcs 28
[EMURAN-DL-CSV] t=9.813 win_tbs=20 win_fail=0 win_bler=0.00000 mcs_last=28 mcs_min=28 mcs_max=28 r0=19 r1=1 r2=0 r3=0  f0=0 f1=0 f2=0 f3=0 tot_tbs=2800 tot_fail=118 tot_bler=0.04214 tot_init=2674 tot_retx=126
slot 15 index 0 rnti 6050 mcs 28
slot 16 index 0 rnti 6050 mcs 28
slot 4 index 0 rnti 6050 mcs 28
slot 5 index 0 rnti 6050 mcs 28
slot 6 index 0 rnti 6050 mcs 28
slot 14 index 0 rnti 6050 mcs 28
slot 15 index 0 rnti 6050 mcs 28
slot 16 index 0 rnti 6050 mcs 28
slot 4 index 0 rnti 6050 mcs 28
slot 5 index 0 rnti 6050 mcs 28
slot 6 index 0 rnti 6050 mcs 28
slot 14 index 0 rnti 6050 mcs 28
slot 15 index 0 rnti 6050 mcs 28
slot 16 index 0 rnti 6050 mcs 28
slot 4 index 0 rnti 6050 mcs 28
slot 5 index 0 rnti 6050 mcs 28
slot 6 index 0 rnti 6050 mcs 28
slot 14 index 0 rnti 6050 mcs 28
slot 15 index 0 rnti 6050 mcs 28
slot 16 index 0 rnti 6050 mcs 28
[EMURAN-DL-CSV] t=9.879 win_tbs=20 win_fail=1 win_bler=0.05000 mcs_last=28 mcs_min=28 mcs_max=28 r0=19 r1=1 r2=0 r3=0  f0=1 f1=0 f2=0 f3=0 tot_tbs=2820 tot_fail=119 tot_bler=0.04220 tot_init=2693 tot_retx=127
slot 4 index 0 rnti 6050 mcs 28
slot 5 index 0 rnti 6050 mcs 28
slot 6 index 0 rnti 6050 mcs 28
slot 14 index 0 rnti 6050 mcs 28
slot 15 index 0 rnti 6050 mcs 28
slot 16 index 0 rnti 6050 mcs 28
slot 4 index 0 rnti 6050 mcs 28
slot 5 index 0 rnti 6050 mcs 28
slot 6 index 0 rnti 6050 mcs 28
slot 14 index 0 rnti 6050 mcs 28
slot 15 index 0 rnti 6050 mcs 28
slot 16 index 0 rnti 6050 mcs 28
slot 4 index 0 rnti 6050 mcs 28
slot 5 index 0 rnti 6050 mcs 28
slot 6 index 0 rnti 6050 mcs 28
slot 14 index 0 rnti 6050 mcs 28
slot 15 index 0 rnti 6050 mcs 28
slot 16 index 0 rnti 6050 mcs 28
slot 4 index 0 rnti 6050 mcs 28
slot 5 index 0 rnti 6050 mcs 28
[EMURAN-DL-CSV] t=9.951 win_tbs=20 win_fail=2 win_bler=0.10000 mcs_last=28 mcs_min=28 mcs_max=28 r0=18 r1=2 r2=0 r3=0  f0=2 f1=0 f2=0 f3=0 tot_tbs=2840 tot_fail=121 tot_bler=0.04261 tot_init=2711 tot_retx=129
slot 6 index 0 rnti 6050 mcs 28
slot 14 index 0 rnti 6050 mcs 28
slot 15 index 0 rnti 6050 mcs 28
slot 16 index 0 rnti 6050 mcs 28
slot 4 index 0 rnti 6050 mcs 28
slot 5 index 0 rnti 6050 mcs 28
slot 6 index 0 rnti 6050 mcs 28
slot 14 index 0 rnti 6050 mcs 28
slot 15 index 0 rnti 6050 mcs 28
slot 16 index 0 rnti 6050 mcs 28
slot 4 index 0 rnti 6050 mcs 28
slot 5 index 0 rnti 6050 mcs 28
slot 6 index 0 rnti 6050 mcs 28
slot 14 index 0 rnti 6050 mcs 28
slot 15 index 0 rnti 6050 mcs 28
slot 16 index 0 rnti 6050 mcs 28
slot 4 index 0 rnti 6050 mcs 28
slot 5 index 0 rnti 6050 mcs 28
slot 6 index 0 rnti 6050 mcs 28
slot 14 index 0 rnti 6050 mcs 28
[EMURAN-DL-CSV] t=10.024 win_tbs=20 win_fail=0 win_bler=0.00000 mcs_last=28 mcs_min=28 mcs_max=28 r0=20 r1=0 r2=0 r3=0  f0=0 f1=0 f2=0 f3=0 tot_tbs=2860 tot_fail=121 tot_bler=0.04231 tot_init=2731 tot_retx=129
slot 15 index 0 rnti 6050 mcs 28
slot 16 index 0 rnti 6050 mcs 28
slot 4 index 0 rnti 6050 mcs 28
slot 5 index 0 rnti 6050 mcs 28
slot 6 index 0 rnti 6050 mcs 28
slot 14 index 0 rnti 6050 mcs 28
slot 15 index 0 rnti 6050 mcs 28
slot 16 index 0 rnti 6050 mcs 28
slot 4 index 0 rnti 6050 mcs 28
slot 5 index 0 rnti 6050 mcs 28
slot 6 index 0 rnti 6050 mcs 28
slot 14 index 0 rnti 6050 mcs 28
slot 15 index 0 rnti 6050 mcs 28
slot 16 index 0 rnti 6050 mcs 28
slot 4 index 0 rnti 6050 mcs 28
slot 5 index 0 rnti 6050 mcs 28
slot 6 index 0 rnti 6050 mcs 28
slot 14 index 0 rnti 6050 mcs 28
slot 15 index 0 rnti 6050 mcs 28
slot 16 index 0 rnti 6050 mcs 28
[EMURAN-DL-CSV] t=10.090 win_tbs=20 win_fail=0 win_bler=0.00000 mcs_last=28 mcs_min=28 mcs_max=28 r0=20 r1=0 r2=0 r3=0  f0=0 f1=0 f2=0 f3=0 tot_tbs=2880 tot_fail=121 tot_bler=0.04201 tot_init=2751 tot_retx=129
slot 4 index 0 rnti 6050 mcs 28
slot 5 index 0 rnti 6050 mcs 28
slot 6 index 0 rnti 6050 mcs 28
slot 14 index 0 rnti 6050 mcs 28
slot 15 index 0 rnti 6050 mcs 28
slot 16 index 0 rnti 6050 mcs 28
slot 4 index 0 rnti 6050 mcs 28
slot 5 index 0 rnti 6050 mcs 28
slot 6 index 0 rnti 6050 mcs 28
slot 14 index 0 rnti 6050 mcs 28
slot 15 index 0 rnti 6050 mcs 28
slot 16 index 0 rnti 6050 mcs 28
slot 4 index 0 rnti 6050 mcs 28
slot 5 index 0 rnti 6050 mcs 28
slot 6 index 0 rnti 6050 mcs 28
slot 14 index 0 rnti 6050 mcs 28
slot 15 index 0 rnti 6050 mcs 28
slot 16 index 0 rnti 6050 mcs 28
slot 4 index 0 rnti 6050 mcs 28
slot 5 index 0 rnti 6050 mcs 28
slot 6 index 0 rnti 6050 mcs 28
[EMURAN-DL-CSV] t=10.162 win_tbs=20 win_fail=1 win_bler=0.05000 mcs_last=28 mcs_min=28 mcs_max=28 r0=18 r1=2 r2=0 r3=0  f0=1 f1=0 f2=0 f3=0 tot_tbs=2900 tot_fail=122 tot_bler=0.04207 tot_init=2769 tot_retx=131
slot 14 index 0 rnti 6050 mcs 28
slot 15 index 0 rnti 6050 mcs 28
slot 16 index 0 rnti 6050 mcs 28
slot 4 index 0 rnti 6050 mcs 28
slot 5 index 0 rnti 6050 mcs 28
slot 6 index 0 rnti 6050 mcs 28
slot 14 index 0 rnti 6050 mcs 28
slot 15 index 0 rnti 6050 mcs 28
slot 16 index 0 rnti 6050 mcs 28
slot 4 index 0 rnti 6050 mcs 28
slot 5 index 0 rnti 6050 mcs 28
slot 6 index 0 rnti 6050 mcs 28
slot 14 index 0 rnti 6050 mcs 28
slot 15 index 0 rnti 6050 mcs 28
slot 16 index 0 rnti 6050 mcs 28
slot 4 index 0 rnti 6050 mcs 28
slot 5 index 0 rnti 6050 mcs 28
slot 6 index 0 rnti 6050 mcs 28
slot 14 index 0 rnti 6050 mcs 28
[EMURAN-DL-CSV] t=10.234 win_tbs=20 win_fail=2 win_bler=0.10000 mcs_last=28 mcs_min=28 mcs_max=28 r0=18 r1=2 r2=0 r3=0  f0=1 f1=1 f2=0 f3=0 tot_tbs=2920 tot_fail=124 tot_bler=0.04247 tot_init=2787 tot_retx=133
slot 15 index 0 rnti 6050 mcs 28
slot 16 index 0 rnti 6050 mcs 28
slot 4 index 0 rnti 6050 mcs 28
slot 5 index 0 rnti 6050 mcs 28
slot 6 index 0 rnti 6050 mcs 28
slot 14 index 0 rnti 6050 mcs 28
slot 15 index 0 rnti 6050 mcs 28
slot 16 index 0 rnti 6050 mcs 28
slot 4 index 0 rnti 6050 mcs 28
slot 5 index 0 rnti 6050 mcs 28
slot 6 index 0 rnti 6050 mcs 28
slot 14 index 0 rnti 6050 mcs 28
slot 15 index 0 rnti 6050 mcs 28
slot 16 index 0 rnti 6050 mcs 28
slot 4 index 0 rnti 6050 mcs 28
slot 5 index 0 rnti 6050 mcs 28
slot 6 index 0 rnti 6050 mcs 28
slot 14 index 0 rnti 6050 mcs 28
slot 15 index 0 rnti 6050 mcs 28
slot 16 index 0 rnti 6050 mcs 28
[EMURAN-DL-CSV] t=10.300 win_tbs=20 win_fail=1 win_bler=0.05000 mcs_last=28 mcs_min=28 mcs_max=28 r0=19 r1=1 r2=0 r3=0  f0=1 f1=0 f2=0 f3=0 tot_tbs=2940 tot_fail=125 tot_bler=0.04252 tot_init=2806 tot_retx=134
slot 4 index 0 rnti 6050 mcs 28
slot 5 index 0 rnti 6050 mcs 28
slot 6 index 0 rnti 6050 mcs 28
slot 14 index 0 rnti 6050 mcs 28
slot 15 index 0 rnti 6050 mcs 28
slot 16 index 0 rnti 6050 mcs 28
slot 4 index 0 rnti 6050 mcs 28
slot 5 index 0 rnti 6050 mcs 28
slot 6 index 0 rnti 6050 mcs 28
slot 14 index 0 rnti 6050 mcs 28
slot 15 index 0 rnti 6050 mcs 28
slot 16 index 0 rnti 6050 mcs 28
slot 4 index 0 rnti 6050 mcs 28
slot 5 index 0 rnti 6050 mcs 28
slot 6 index 0 rnti 6050 mcs 28
slot 14 index 0 rnti 6050 mcs 28
slot 15 index 0 rnti 6050 mcs 28
slot 16 index 0 rnti 6050 mcs 28
slot 4 index 0 rnti 6050 mcs 28
slot 5 index 0 rnti 6050 mcs 28
slot 6 index 0 rnti 6050 mcs 28
[EMURAN-DL-CSV] t=10.373 win_tbs=20 win_fail=0 win_bler=0.00000 mcs_last=28 mcs_min=28 mcs_max=28 r0=20 r1=0 r2=0 r3=0  f0=0 f1=0 f2=0 f3=0 tot_tbs=2960 tot_fail=125 tot_bler=0.04223 tot_init=2826 tot_retx=134
slot 14 index 0 rnti 6050 mcs 28
slot 15 index 0 rnti 6050 mcs 28
slot 16 index 0 rnti 6050 mcs 28
slot 4 index 0 rnti 6050 mcs 28
slot 5 index 0 rnti 6050 mcs 28
slot 6 index 0 rnti 6050 mcs 28
slot 14 index 0 rnti 6050 mcs 28
slot 15 index 0 rnti 6050 mcs 28
slot 16 index 0 rnti 6050 mcs 28
slot 4 index 0 rnti 6050 mcs 28
slot 5 index 0 rnti 6050 mcs 28
slot 6 index 0 rnti 6050 mcs 28
slot 14 index 0 rnti 6050 mcs 28
slot 15 index 0 rnti 6050 mcs 28
slot 16 index 0 rnti 6050 mcs 28
slot 4 index 0 rnti 6050 mcs 28
slot 5 index 0 rnti 6050 mcs 28
slot 6 index 0 rnti 6050 mcs 28
slot 14 index 0 rnti 6050 mcs 28
[EMURAN-DL-CSV] t=10.444 win_tbs=20 win_fail=1 win_bler=0.05000 mcs_last=28 mcs_min=28 mcs_max=28 r0=19 r1=1 r2=0 r3=0  f0=1 f1=0 f2=0 f3=0 tot_tbs=2980 tot_fail=126 tot_bler=0.04228 tot_init=2845 tot_retx=135
slot 15 index 0 rnti 6050 mcs 28
slot 16 index 0 rnti 6050 mcs 28
slot 4 index 0 rnti 6050 mcs 28
slot 5 index 0 rnti 6050 mcs 28
slot 6 index 0 rnti 6050 mcs 28
slot 14 index 0 rnti 6050 mcs 28
slot 15 index 0 rnti 6050 mcs 28
slot 16 index 0 rnti 6050 mcs 28
slot 4 index 0 rnti 6050 mcs 28
slot 5 index 0 rnti 6050 mcs 28
slot 6 index 0 rnti 6050 mcs 28
slot 14 index 0 rnti 6050 mcs 28
slot 15 index 0 rnti 6050 mcs 28
slot 16 index 0 rnti 6050 mcs 28
slot 4 index 0 rnti 6050 mcs 28
slot 5 index 0 rnti 6050 mcs 28
slot 6 index 0 rnti 6050 mcs 28
slot 14 index 0 rnti 6050 mcs 28
slot 15 index 0 rnti 6050 mcs 28
slot 16 index 0 rnti 6050 mcs 28
[EMURAN-DL-CSV] t=10.511 win_tbs=20 win_fail=1 win_bler=0.05000 mcs_last=28 mcs_min=28 mcs_max=28 r0=18 r1=2 r2=0 r3=0  f0=1 f1=0 f2=0 f3=0 tot_tbs=3000 tot_fail=127 tot_bler=0.04233 tot_init=2863 tot_retx=137
slot 4 index 0 rnti 6050 mcs 28
slot 5 index 0 rnti 6050 mcs 28
slot 6 index 0 rnti 6050 mcs 28
slot 14 index 0 rnti 6050 mcs 28
slot 15 index 0 rnti 6050 mcs 28
slot 16 index 0 rnti 6050 mcs 28
slot 4 index 0 rnti 6050 mcs 28
slot 5 index 0 rnti 6050 mcs 28
slot 6 index 0 rnti 6050 mcs 28
slot 14 index 0 rnti 6050 mcs 28
slot 15 index 0 rnti 6050 mcs 28
slot 16 index 0 rnti 6050 mcs 28
slot 4 index 0 rnti 6050 mcs 28
slot 5 index 0 rnti 6050 mcs 28
slot 6 index 0 rnti 6050 mcs 28
slot 14 index 0 rnti 6050 mcs 28
slot 15 index 0 rnti 6050 mcs 28
slot 16 index 0 rnti 6050 mcs 28
slot 4 index 0 rnti 6050 mcs 28
slot 5 index 0 rnti 6050 mcs 28
[EMURAN-DL-CSV] t=10.582 win_tbs=20 win_fail=1 win_bler=0.05000 mcs_last=28 mcs_min=28 mcs_max=28 r0=20 r1=0 r2=0 r3=0  f0=1 f1=0 f2=0 f3=0 tot_tbs=3020 tot_fail=128 tot_bler=0.04238 tot_init=2883 tot_retx=137
slot 6 index 0 rnti 6050 mcs 28
slot 14 index 0 rnti 6050 mcs 28
slot 15 index 0 rnti 6050 mcs 28
slot 16 index 0 rnti 6050 mcs 28
slot 4 index 0 rnti 6050 mcs 28
slot 5 index 0 rnti 6050 mcs 28
slot 6 index 0 rnti 6050 mcs 28
slot 14 index 0 rnti 6050 mcs 28
slot 15 index 0 rnti 6050 mcs 28
slot 16 index 0 rnti 6050 mcs 28
slot 4 index 0 rnti 6050 mcs 28
slot 5 index 0 rnti 6050 mcs 28
slot 6 index 0 rnti 6050 mcs 28
slot 14 index 0 rnti 6050 mcs 28
slot 15 index 0 rnti 6050 mcs 28
slot 16 index 0 rnti 6050 mcs 28
slot 4 index 0 rnti 6050 mcs 28
slot 5 index 0 rnti 6050 mcs 28
slot 6 index 0 rnti 6050 mcs 28
slot 14 index 0 rnti 6050 mcs 28
[EMURAN-DL-CSV] t=10.655 win_tbs=20 win_fail=0 win_bler=0.00000 mcs_last=28 mcs_min=28 mcs_max=28 r0=19 r1=1 r2=0 r3=0  f0=0 f1=0 f2=0 f3=0 tot_tbs=3040 tot_fail=128 tot_bler=0.04211 tot_init=2902 tot_retx=138
slot 15 index 0 rnti 6050 mcs 28
slot 16 index 0 rnti 6050 mcs 28
slot 4 index 0 rnti 6050 mcs 28
slot 5 index 0 rnti 6050 mcs 28
slot 6 index 0 rnti 6050 mcs 28
slot 14 index 0 rnti 6050 mcs 28
slot 15 index 0 rnti 6050 mcs 28
slot 16 index 0 rnti 6050 mcs 28
slot 4 index 0 rnti 6050 mcs 28
slot 5 index 0 rnti 6050 mcs 28
slot 6 index 0 rnti 6050 mcs 28
slot 14 index 0 rnti 6050 mcs 28
slot 15 index 0 rnti 6050 mcs 28
slot 16 index 0 rnti 6050 mcs 28
slot 4 index 0 rnti 6050 mcs 28
slot 5 index 0 rnti 6050 mcs 28
slot 6 index 0 rnti 6050 mcs 28
slot 14 index 0 rnti 6050 mcs 28
slot 15 index 0 rnti 6050 mcs 28
slot 16 index 0 rnti 6050 mcs 28
[EMURAN-DL-CSV] t=10.720 win_tbs=20 win_fail=1 win_bler=0.05000 mcs_last=28 mcs_min=28 mcs_max=28 r0=19 r1=1 r2=0 r3=0  f0=1 f1=0 f2=0 f3=0 tot_tbs=3060 tot_fail=129 tot_bler=0.04216 tot_init=2921 tot_retx=139
[UE-STAT] frame=300 dci_cnt=600 total_tbs=50385600 ack_real=492 nack_real=22 fb_missing=86 decode_cnt=600
slot 4 index 0 rnti 6050 mcs 28
slot 5 index 0 rnti 6050 mcs 28
slot 6 index 0 rnti 6050 mcs 28
slot 14 index 0 rnti 6050 mcs 28
slot 15 index 0 rnti 6050 mcs 28
slot 16 index 0 rnti 6050 mcs 28
slot 4 index 0 rnti 6050 mcs 28
slot 5 index 0 rnti 6050 mcs 28
slot 6 index 0 rnti 6050 mcs 28
slot 14 index 0 rnti 6050 mcs 28
slot 15 index 0 rnti 6050 mcs 28
slot 16 index 0 rnti 6050 mcs 28
slot 4 index 0 rnti 6050 mcs 28
slot 5 index 0 rnti 6050 mcs 28
slot 6 index 0 rnti 6050 mcs 28
slot 14 index 0 rnti 6050 mcs 28
slot 15 index 0 rnti 6050 mcs 28
slot 16 index 0 rnti 6050 mcs 28
slot 4 index 0 rnti 6050 mcs 28
slot 5 index 0 rnti 6050 mcs 28
[EMURAN-DL-CSV] t=10.792 win_tbs=20 win_fail=2 win_bler=0.10000 mcs_last=28 mcs_min=28 mcs_max=28 r0=19 r1=1 r2=0 r3=0  f0=2 f1=0 f2=0 f3=0 tot_tbs=3080 tot_fail=131 tot_bler=0.04253 tot_init=2940 tot_retx=140
slot 6 index 0 rnti 6050 mcs 28
slot 14 index 0 rnti 6050 mcs 28
slot 15 index 0 rnti 6050 mcs 28
slot 16 index 0 rnti 6050 mcs 28
slot 4 index 0 rnti 6050 mcs 28
slot 5 index 0 rnti 6050 mcs 28
slot 6 index 0 rnti 6050 mcs 28
slot 14 index 0 rnti 6050 mcs 28
slot 15 index 0 rnti 6050 mcs 28
slot 16 index 0 rnti 6050 mcs 28
slot 4 index 0 rnti 6050 mcs 28
slot 5 index 0 rnti 6050 mcs 28
slot 6 index 0 rnti 6050 mcs 28
slot 14 index 0 rnti 6050 mcs 28
slot 15 index 0 rnti 6050 mcs 28
slot 16 index 0 rnti 6050 mcs 28
slot 4 index 0 rnti 6050 mcs 28
slot 5 index 0 rnti 6050 mcs 28
slot 6 index 0 rnti 6050 mcs 28
slot 14 index 0 rnti 6050 mcs 28
[EMURAN-DL-CSV] t=10.865 win_tbs=20 win_fail=0 win_bler=0.00000 mcs_last=28 mcs_min=28 mcs_max=28 r0=19 r1=1 r2=0 r3=0  f0=0 f1=0 f2=0 f3=0 tot_tbs=3100 tot_fail=131 tot_bler=0.04226 tot_init=2959 tot_retx=141
slot 15 index 0 rnti 6050 mcs 28
slot 16 index 0 rnti 6050 mcs 28
slot 4 index 0 rnti 6050 mcs 28
slot 5 index 0 rnti 6050 mcs 28
slot 6 index 0 rnti 6050 mcs 28
slot 14 index 0 rnti 6050 mcs 28
slot 15 index 0 rnti 6050 mcs 28
slot 16 index 0 rnti 6050 mcs 28
slot 4 index 0 rnti 6050 mcs 28
slot 5 index 0 rnti 6050 mcs 28
slot 6 index 0 rnti 6050 mcs 28
slot 14 index 0 rnti 6050 mcs 28
slot 15 index 0 rnti 6050 mcs 28
slot 16 index 0 rnti 6050 mcs 28
slot 4 index 0 rnti 6050 mcs 28
slot 5 index 0 rnti 6050 mcs 28
slot 6 index 0 rnti 6050 mcs 28
slot 14 index 0 rnti 6050 mcs 28
slot 15 index 0 rnti 6050 mcs 28
slot 16 index 0 rnti 6050 mcs 28
[EMURAN-DL-CSV] t=10.930 win_tbs=20 win_fail=1 win_bler=0.05000 mcs_last=28 mcs_min=28 mcs_max=28 r0=19 r1=1 r2=0 r3=0  f0=1 f1=0 f2=0 f3=0 tot_tbs=3120 tot_fail=132 tot_bler=0.04231 tot_init=2978 tot_retx=142
slot 4 index 0 rnti 6050 mcs 28
slot 5 index 0 rnti 6050 mcs 28
slot 6 index 0 rnti 6050 mcs 28
slot 14 index 0 rnti 6050 mcs 28
slot 15 index 0 rnti 6050 mcs 28
slot 16 index 0 rnti 6050 mcs 28
slot 4 index 0 rnti 6050 mcs 28
slot 5 index 0 rnti 6050 mcs 28
slot 6 index 0 rnti 6050 mcs 28
slot 14 index 0 rnti 6050 mcs 28
slot 15 index 0 rnti 6050 mcs 28
slot 16 index 0 rnti 6050 mcs 28
slot 4 index 0 rnti 6050 mcs 28
slot 5 index 0 rnti 6050 mcs 28
slot 6 index 0 rnti 6050 mcs 28
slot 14 index 0 rnti 6050 mcs 28
slot 15 index 0 rnti 6050 mcs 28
slot 16 index 0 rnti 6050 mcs 28
slot 4 index 0 rnti 6050 mcs 28
slot 5 index 0 rnti 6050 mcs 28
[EMURAN-DL-CSV] t=11.003 win_tbs=20 win_fail=1 win_bler=0.05000 mcs_last=28 mcs_min=28 mcs_max=28 r0=20 r1=0 r2=0 r3=0  f0=1 f1=0 f2=0 f3=0 tot_tbs=3140 tot_fail=133 tot_bler=0.04236 tot_init=2998 tot_retx=142
slot 6 index 0 rnti 6050 mcs 28
slot 14 index 0 rnti 6050 mcs 28
slot 15 index 0 rnti 6050 mcs 28
slot 16 index 0 rnti 6050 mcs 28
slot 4 index 0 rnti 6050 mcs 28
slot 5 index 0 rnti 6050 mcs 28
slot 6 index 0 rnti 6050 mcs 28
slot 14 index 0 rnti 6050 mcs 28
slot 15 index 0 rnti 6050 mcs 28
slot 16 index 0 rnti 6050 mcs 28
slot 4 index 0 rnti 6050 mcs 28
slot 5 index 0 rnti 6050 mcs 28
slot 6 index 0 rnti 6050 mcs 28
slot 14 index 0 rnti 6050 mcs 28
slot 15 index 0 rnti 6050 mcs 28
slot 16 index 0 rnti 6050 mcs 28
slot 4 index 0 rnti 6050 mcs 28
slot 5 index 0 rnti 6050 mcs 28
slot 6 index 0 rnti 6050 mcs 28
slot 14 index 0 rnti 6050 mcs 28
[EMURAN-DL-CSV] t=11.075 win_tbs=20 win_fail=0 win_bler=0.00000 mcs_last=28 mcs_min=28 mcs_max=28 r0=20 r1=0 r2=0 r3=0  f0=0 f1=0 f2=0 f3=0 tot_tbs=3160 tot_fail=133 tot_bler=0.04209 tot_init=3018 tot_retx=142
slot 15 index 0 rnti 6050 mcs 28
slot 16 index 0 rnti 6050 mcs 28
slot 4 index 0 rnti 6050 mcs 28
slot 5 index 0 rnti 6050 mcs 28
slot 6 index 0 rnti 6050 mcs 28
slot 14 index 0 rnti 6050 mcs 28
slot 15 index 0 rnti 6050 mcs 28
slot 16 index 0 rnti 6050 mcs 28
slot 4 index 0 rnti 6050 mcs 28
slot 5 index 0 rnti 6050 mcs 28
slot 6 index 0 rnti 6050 mcs 28
slot 14 index 0 rnti 6050 mcs 28
slot 15 index 0 rnti 6050 mcs 28
slot 16 index 0 rnti 6050 mcs 28
slot 4 index 0 rnti 6050 mcs 28
slot 5 index 0 rnti 6050 mcs 28
slot 6 index 0 rnti 6050 mcs 28
slot 14 index 0 rnti 6050 mcs 28
slot 15 index 0 rnti 6050 mcs 28
slot 16 index 0 rnti 6050 mcs 28
[EMURAN-DL-CSV] t=11.141 win_tbs=20 win_fail=1 win_bler=0.05000 mcs_last=28 mcs_min=28 mcs_max=28 r0=19 r1=1 r2=0 r3=0  f0=1 f1=0 f2=0 f3=0 tot_tbs=3180 tot_fail=134 tot_bler=0.04214 tot_init=3037 tot_retx=143
slot 4 index 0 rnti 6050 mcs 28
slot 5 index 0 rnti 6050 mcs 28
slot 6 index 0 rnti 6050 mcs 28
slot 14 index 0 rnti 6050 mcs 28
slot 15 index 0 rnti 6050 mcs 28
slot 16 index 0 rnti 6050 mcs 28
slot 4 index 0 rnti 6050 mcs 28
slot 5 index 0 rnti 6050 mcs 28
slot 6 index 0 rnti 6050 mcs 28
slot 14 index 0 rnti 6050 mcs 28
slot 15 index 0 rnti 6050 mcs 28
slot 16 index 0 rnti 6050 mcs 28
slot 4 index 0 rnti 6050 mcs 28
slot 5 index 0 rnti 6050 mcs 28
slot 6 index 0 rnti 6050 mcs 28
slot 14 index 0 rnti 6050 mcs 28
slot 15 index 0 rnti 6050 mcs 28
slot 16 index 0 rnti 6050 mcs 28
slot 4 index 0 rnti 6050 mcs 28
slot 5 index 0 rnti 6050 mcs 28
[EMURAN-DL-CSV] t=11.213 win_tbs=20 win_fail=0 win_bler=0.00000 mcs_last=28 mcs_min=28 mcs_max=28 r0=19 r1=1 r2=0 r3=0  f0=0 f1=0 f2=0 f3=0 tot_tbs=3200 tot_fail=134 tot_bler=0.04188 tot_init=3056 tot_retx=144
slot 6 index 0 rnti 6050 mcs 28
slot 14 index 0 rnti 6050 mcs 28
slot 15 index 0 rnti 6050 mcs 28
slot 16 index 0 rnti 6050 mcs 28
slot 4 index 0 rnti 6050 mcs 28
slot 5 index 0 rnti 6050 mcs 28
slot 6 index 0 rnti 6050 mcs 28
slot 14 index 0 rnti 6050 mcs 28
slot 15 index 0 rnti 6050 mcs 28
slot 16 index 0 rnti 6050 mcs 28
slot 4 index 0 rnti 6050 mcs 28
slot 5 index 0 rnti 6050 mcs 28
slot 6 index 0 rnti 6050 mcs 28
slot 14 index 0 rnti 6050 mcs 28
slot 15 index 0 rnti 6050 mcs 28
slot 16 index 0 rnti 6050 mcs 28
slot 4 index 0 rnti 6050 mcs 28
slot 5 index 0 rnti 6050 mcs 28
slot 6 index 0 rnti 6050 mcs 28
slot 14 index 0 rnti 6050 mcs 28
slot 15 index 0 rnti 6050 mcs 28
[EMURAN-DL-CSV] t=11.287 win_tbs=20 win_fail=0 win_bler=0.00000 mcs_last=28 mcs_min=28 mcs_max=28 r0=20 r1=0 r2=0 r3=0  f0=0 f1=0 f2=0 f3=0 tot_tbs=3220 tot_fail=134 tot_bler=0.04161 tot_init=3076 tot_retx=144
slot 16 index 0 rnti 6050 mcs 28
slot 4 index 0 rnti 6050 mcs 28
slot 5 index 0 rnti 6050 mcs 28
slot 6 index 0 rnti 6050 mcs 28
slot 14 index 0 rnti 6050 mcs 28
slot 15 index 0 rnti 6050 mcs 28
slot 16 index 0 rnti 6050 mcs 28
slot 4 index 0 rnti 6050 mcs 28
slot 5 index 0 rnti 6050 mcs 28
slot 6 index 0 rnti 6050 mcs 28
slot 14 index 0 rnti 6050 mcs 28
slot 15 index 0 rnti 6050 mcs 28
slot 16 index 0 rnti 6050 mcs 28
slot 4 index 0 rnti 6050 mcs 28
slot 5 index 0 rnti 6050 mcs 28
slot 6 index 0 rnti 6050 mcs 28
slot 14 index 0 rnti 6050 mcs 28
slot 15 index 0 rnti 6050 mcs 28
slot 16 index 0 rnti 6050 mcs 28
[EMURAN-DL-CSV] t=11.351 win_tbs=20 win_fail=5 win_bler=0.25000 mcs_last=28 mcs_min=28 mcs_max=28 r0=15 r1=5 r2=0 r3=0  f0=4 f1=1 f2=0 f3=0 tot_tbs=3240 tot_fail=139 tot_bler=0.04290 tot_init=3091 tot_retx=149
slot 4 index 0 rnti 6050 mcs 28
slot 5 index 0 rnti 6050 mcs 28
slot 6 index 0 rnti 6050 mcs 28
slot 14 index 0 rnti 6050 mcs 28
slot 15 index 0 rnti 6050 mcs 28
slot 16 index 0 rnti 6050 mcs 28
slot 4 index 0 rnti 6050 mcs 28
slot 5 index 0 rnti 6050 mcs 28
slot 6 index 0 rnti 6050 mcs 28
slot 14 index 0 rnti 6050 mcs 28
slot 15 index 0 rnti 6050 mcs 28
slot 16 index 0 rnti 6050 mcs 28
slot 4 index 0 rnti 6050 mcs 28
slot 5 index 0 rnti 6050 mcs 28
slot 6 index 0 rnti 6050 mcs 28
slot 14 index 0 rnti 6050 mcs 28
slot 15 index 0 rnti 6050 mcs 28
slot 16 index 0 rnti 6050 mcs 28
slot 4 index 0 rnti 6050 mcs 28
slot 5 index 0 rnti 6050 mcs 28
slot 6 index 0 rnti 6050 mcs 28
[EMURAN-DL-CSV] t=11.425 win_tbs=20 win_fail=1 win_bler=0.05000 mcs_last=28 mcs_min=28 mcs_max=28 r0=20 r1=0 r2=0 r3=0  f0=1 f1=0 f2=0 f3=0 tot_tbs=3260 tot_fail=140 tot_bler=0.04294 tot_init=3111 tot_retx=149
slot 14 index 0 rnti 6050 mcs 28
slot 15 index 0 rnti 6050 mcs 28
slot 16 index 0 rnti 6050 mcs 28
slot 4 index 0 rnti 6050 mcs 28
slot 5 index 0 rnti 6050 mcs 28
slot 6 index 0 rnti 6050 mcs 28
slot 14 index 0 rnti 6050 mcs 28
slot 15 index 0 rnti 6050 mcs 28
slot 16 index 0 rnti 6050 mcs 28
slot 4 index 0 rnti 6050 mcs 28
slot 5 index 0 rnti 6050 mcs 28
slot 6 index 0 rnti 6050 mcs 28
slot 14 index 0 rnti 6050 mcs 28
slot 15 index 0 rnti 6050 mcs 28
slot 16 index 0 rnti 6050 mcs 28
slot 4 index 0 rnti 6050 mcs 28
slot 5 index 0 rnti 6050 mcs 28
slot 6 index 0 rnti 6050 mcs 28
slot 14 index 0 rnti 6050 mcs 28
[EMURAN-DL-CSV] t=11.496 win_tbs=20 win_fail=0 win_bler=0.00000 mcs_last=28 mcs_min=28 mcs_max=28 r0=19 r1=1 r2=0 r3=0  f0=0 f1=0 f2=0 f3=0 tot_tbs=3280 tot_fail=140 tot_bler=0.04268 tot_init=3130 tot_retx=150
slot 15 index 0 rnti 6050 mcs 28
slot 16 index 0 rnti 6050 mcs 28
slot 4 index 0 rnti 6050 mcs 28
slot 5 index 0 rnti 6050 mcs 28
slot 6 index 0 rnti 6050 mcs 28
slot 14 index 0 rnti 6050 mcs 28
slot 15 index 0 rnti 6050 mcs 28
slot 16 index 0 rnti 6050 mcs 28
slot 4 index 0 rnti 6050 mcs 28
slot 5 index 0 rnti 6050 mcs 28
slot 6 index 0 rnti 6050 mcs 28
slot 14 index 0 rnti 6050 mcs 28
slot 15 index 0 rnti 6050 mcs 28
slot 16 index 0 rnti 6050 mcs 28
slot 4 index 0 rnti 6050 mcs 28
slot 5 index 0 rnti 6050 mcs 28
slot 6 index 0 rnti 6050 mcs 28
slot 14 index 0 rnti 6050 mcs 28
slot 15 index 0 rnti 6050 mcs 28
slot 16 index 0 rnti 6050 mcs 28
[EMURAN-DL-CSV] t=11.561 win_tbs=20 win_fail=0 win_bler=0.00000 mcs_last=28 mcs_min=28 mcs_max=28 r0=20 r1=0 r2=0 r3=0  f0=0 f1=0 f2=0 f3=0 tot_tbs=3300 tot_fail=140 tot_bler=0.04242 tot_init=3150 tot_retx=150
slot 4 index 0 rnti 6050 mcs 28
slot 5 index 0 rnti 6050 mcs 28
slot 6 index 0 rnti 6050 mcs 28
slot 14 index 0 rnti 6050 mcs 28
slot 15 index 0 rnti 6050 mcs 28
slot 16 index 0 rnti 6050 mcs 28
slot 4 index 0 rnti 6050 mcs 28
slot 5 index 0 rnti 6050 mcs 28
slot 6 index 0 rnti 6050 mcs 28
slot 14 index 0 rnti 6050 mcs 28
slot 15 index 0 rnti 6050 mcs 28
slot 16 index 0 rnti 6050 mcs 28
slot 4 index 0 rnti 6050 mcs 28
slot 5 index 0 rnti 6050 mcs 28
slot 6 index 0 rnti 6050 mcs 28
slot 14 index 0 rnti 6050 mcs 28
slot 15 index 0 rnti 6050 mcs 28
slot 16 index 0 rnti 6050 mcs 28
slot 4 index 0 rnti 6050 mcs 28
slot 5 index 0 rnti 6050 mcs 28
[EMURAN-DL-CSV] t=11.634 win_tbs=20 win_fail=1 win_bler=0.05000 mcs_last=28 mcs_min=28 mcs_max=28 r0=20 r1=0 r2=0 r3=0  f0=1 f1=0 f2=0 f3=0 tot_tbs=3320 tot_fail=141 tot_bler=0.04247 tot_init=3170 tot_retx=150
slot 6 index 0 rnti 6050 mcs 28
slot 14 index 0 rnti 6050 mcs 28
slot 15 index 0 rnti 6050 mcs 28
slot 16 index 0 rnti 6050 mcs 28
slot 4 index 0 rnti 6050 mcs 28
slot 5 index 0 rnti 6050 mcs 28
slot 6 index 0 rnti 6050 mcs 28
slot 14 index 0 rnti 6050 mcs 28
slot 15 index 0 rnti 6050 mcs 28
slot 16 index 0 rnti 6050 mcs 28
slot 4 index 0 rnti 6050 mcs 28
slot 5 index 0 rnti 6050 mcs 28
slot 6 index 0 rnti 6050 mcs 28
slot 14 index 0 rnti 6050 mcs 28
slot 15 index 0 rnti 6050 mcs 28
slot 16 index 0 rnti 6050 mcs 28
slot 4 index 0 rnti 6050 mcs 28
slot 5 index 0 rnti 6050 mcs 28
slot 6 index 0 rnti 6050 mcs 28
slot 14 index 0 rnti 6050 mcs 28
[EMURAN-DL-CSV] t=11.707 win_tbs=20 win_fail=0 win_bler=0.00000 mcs_last=28 mcs_min=28 mcs_max=28 r0=20 r1=0 r2=0 r3=0  f0=0 f1=0 f2=0 f3=0 tot_tbs=3340 tot_fail=141 tot_bler=0.04222 tot_init=3190 tot_retx=150
slot 15 index 0 rnti 6050 mcs 28
slot 16 index 0 rnti 6050 mcs 28
slot 4 index 0 rnti 6050 mcs 28
slot 5 index 0 rnti 6050 mcs 28
slot 6 index 0 rnti 6050 mcs 28
slot 14 index 0 rnti 6050 mcs 28
slot 15 index 0 rnti 6050 mcs 28
slot 16 index 0 rnti 6050 mcs 28
slot 4 index 0 rnti 6050 mcs 28
slot 5 index 0 rnti 6050 mcs 28
slot 6 index 0 rnti 6050 mcs 28
slot 14 index 0 rnti 6050 mcs 28
slot 15 index 0 rnti 6050 mcs 28
slot 16 index 0 rnti 6050 mcs 28
slot 4 index 0 rnti 6050 mcs 28
slot 5 index 0 rnti 6050 mcs 28
slot 6 index 0 rnti 6050 mcs 28
slot 14 index 0 rnti 6050 mcs 28
slot 15 index 0 rnti 6050 mcs 28
slot 16 index 0 rnti 6050 mcs 28
[EMURAN-DL-CSV] t=11.772 win_tbs=20 win_fail=1 win_bler=0.05000 mcs_last=28 mcs_min=28 mcs_max=28 r0=19 r1=1 r2=0 r3=0  f0=1 f1=0 f2=0 f3=0 tot_tbs=3360 tot_fail=142 tot_bler=0.04226 tot_init=3209 tot_retx=151
slot 4 index 0 rnti 6050 mcs 28
slot 5 index 0 rnti 6050 mcs 28
slot 6 index 0 rnti 6050 mcs 28
slot 14 index 0 rnti 6050 mcs 28
slot 15 index 0 rnti 6050 mcs 28
slot 16 index 0 rnti 6050 mcs 28
slot 4 index 0 rnti 6050 mcs 28
slot 5 index 0 rnti 6050 mcs 28
slot 6 index 0 rnti 6050 mcs 28
slot 14 index 0 rnti 6050 mcs 28
slot 15 index 0 rnti 6050 mcs 28
slot 16 index 0 rnti 6050 mcs 28
slot 4 index 0 rnti 6050 mcs 28
slot 5 index 0 rnti 6050 mcs 28
slot 6 index 0 rnti 6050 mcs 28
slot 14 index 0 rnti 6050 mcs 28
slot 15 index 0 rnti 6050 mcs 28
slot 16 index 0 rnti 6050 mcs 28
slot 4 index 0 rnti 6050 mcs 28
slot 5 index 0 rnti 6050 mcs 28
[EMURAN-DL-CSV] t=11.844 win_tbs=20 win_fail=2 win_bler=0.10000 mcs_last=28 mcs_min=28 mcs_max=28 r0=18 r1=2 r2=0 r3=0  f0=2 f1=0 f2=0 f3=0 tot_tbs=3380 tot_fail=144 tot_bler=0.04260 tot_init=3227 tot_retx=153
slot 6 index 0 rnti 6050 mcs 28
slot 14 index 0 rnti 6050 mcs 28
slot 15 index 0 rnti 6050 mcs 28
slot 16 index 0 rnti 6050 mcs 28
slot 4 index 0 rnti 6050 mcs 28
slot 5 index 0 rnti 6050 mcs 28
slot 6 index 0 rnti 6050 mcs 28
slot 14 index 0 rnti 6050 mcs 28
slot 15 index 0 rnti 6050 mcs 28
slot 16 index 0 rnti 6050 mcs 28
slot 4 index 0 rnti 6050 mcs 28
slot 5 index 0 rnti 6050 mcs 28
slot 6 index 0 rnti 6050 mcs 28
slot 14 index 0 rnti 6050 mcs 28
slot 15 index 0 rnti 6050 mcs 28
slot 16 index 0 rnti 6050 mcs 28
slot 4 index 0 rnti 6050 mcs 28
slot 5 index 0 rnti 6050 mcs 28
slot 6 index 0 rnti 6050 mcs 28
slot 14 index 0 rnti 6050 mcs 28
[EMURAN-DL-CSV] t=11.917 win_tbs=20 win_fail=2 win_bler=0.10000 mcs_last=28 mcs_min=28 mcs_max=28 r0=18 r1=1 r2=1 r3=0  f0=2 f1=0 f2=0 f3=0 tot_tbs=3400 tot_fail=146 tot_bler=0.04294 tot_init=3245 tot_retx=155
slot 15 index 0 rnti 6050 mcs 28
slot 16 index 0 rnti 6050 mcs 28
slot 4 index 0 rnti 6050 mcs 28
slot 5 index 0 rnti 6050 mcs 28
slot 6 index 0 rnti 6050 mcs 28
slot 14 index 0 rnti 6050 mcs 28
slot 15 index 0 rnti 6050 mcs 28
slot 16 index 0 rnti 6050 mcs 28
slot 4 index 0 rnti 6050 mcs 28
slot 5 index 0 rnti 6050 mcs 28
slot 6 index 0 rnti 6050 mcs 28
slot 14 index 0 rnti 6050 mcs 28
slot 15 index 0 rnti 6050 mcs 28
slot 16 index 0 rnti 6050 mcs 28
slot 4 index 0 rnti 6050 mcs 28
slot 5 index 0 rnti 6050 mcs 28
slot 6 index 0 rnti 6050 mcs 28
slot 14 index 0 rnti 6050 mcs 28
slot 15 index 0 rnti 6050 mcs 28
slot 16 index 0 rnti 6050 mcs 28
[EMURAN-DL-CSV] t=11.983 win_tbs=20 win_fail=1 win_bler=0.05000 mcs_last=28 mcs_min=28 mcs_max=28 r0=19 r1=1 r2=0 r3=0  f0=1 f1=0 f2=0 f3=0 tot_tbs=3420 tot_fail=147 tot_bler=0.04298 tot_init=3264 tot_retx=156
slot 4 index 0 rnti 6050 mcs 28
slot 5 index 0 rnti 6050 mcs 28
slot 6 index 0 rnti 6050 mcs 28
slot 14 index 0 rnti 6050 mcs 28
slot 15 index 0 rnti 6050 mcs 28
slot 16 index 0 rnti 6050 mcs 28
slot 4 index 0 rnti 6050 mcs 28
slot 5 index 0 rnti 6050 mcs 28
slot 6 index 0 rnti 6050 mcs 28
slot 14 index 0 rnti 6050 mcs 28
slot 15 index 0 rnti 6050 mcs 28
slot 16 index 0 rnti 6050 mcs 28
slot 4 index 0 rnti 6050 mcs 28
slot 5 index 0 rnti 6050 mcs 28
slot 6 index 0 rnti 6050 mcs 28
slot 14 index 0 rnti 6050 mcs 28
slot 15 index 0 rnti 6050 mcs 28
slot 16 index 0 rnti 6050 mcs 28
slot 4 index 0 rnti 6050 mcs 28
slot 5 index 0 rnti 6050 mcs 28
[EMURAN-DL-CSV] t=12.055 win_tbs=20 win_fail=1 win_bler=0.05000 mcs_last=28 mcs_min=28 mcs_max=28 r0=20 r1=0 r2=0 r3=0  f0=1 f1=0 f2=0 f3=0 tot_tbs=3440 tot_fail=148 tot_bler=0.04302 tot_init=3284 tot_retx=156
slot 6 index 0 rnti 6050 mcs 28
slot 14 index 0 rnti 6050 mcs 28
slot 15 index 0 rnti 6050 mcs 28
slot 16 index 0 rnti 6050 mcs 28
slot 4 index 0 rnti 6050 mcs 28
slot 5 index 0 rnti 6050 mcs 28
slot 6 index 0 rnti 6050 mcs 28
slot 14 index 0 rnti 6050 mcs 28
slot 15 index 0 rnti 6050 mcs 28
slot 16 index 0 rnti 6050 mcs 28
slot 4 index 0 rnti 6050 mcs 28
slot 5 index 0 rnti 6050 mcs 28
slot 6 index 0 rnti 6050 mcs 28
slot 14 index 0 rnti 6050 mcs 28
slot 15 index 0 rnti 6050 mcs 28
slot 16 index 0 rnti 6050 mcs 28
slot 4 index 0 rnti 6050 mcs 28
slot 5 index 0 rnti 6050 mcs 28
slot 6 index 0 rnti 6050 mcs 28
slot 14 index 0 rnti 6050 mcs 28
[EMURAN-DL-CSV] t=12.128 win_tbs=20 win_fail=0 win_bler=0.00000 mcs_last=28 mcs_min=28 mcs_max=28 r0=20 r1=0 r2=0 r3=0  f0=0 f1=0 f2=0 f3=0 tot_tbs=3460 tot_fail=148 tot_bler=0.04277 tot_init=3304 tot_retx=156
slot 15 index 0 rnti 6050 mcs 28
slot 16 index 0 rnti 6050 mcs 28
slot 4 index 0 rnti 6050 mcs 28
slot 5 index 0 rnti 6050 mcs 28
slot 6 index 0 rnti 6050 mcs 28
slot 14 index 0 rnti 6050 mcs 28
slot 15 index 0 rnti 6050 mcs 28
slot 16 index 0 rnti 6050 mcs 28
slot 4 index 0 rnti 6050 mcs 28
slot 5 index 0 rnti 6050 mcs 28
slot 6 index 0 rnti 6050 mcs 28
slot 14 index 0 rnti 6050 mcs 28
slot 15 index 0 rnti 6050 mcs 28
slot 16 index 0 rnti 6050 mcs 28
slot 4 index 0 rnti 6050 mcs 28
slot 5 index 0 rnti 6050 mcs 28
slot 6 index 0 rnti 6050 mcs 28
slot 14 index 0 rnti 6050 mcs 28
slot 15 index 0 rnti 6050 mcs 28
slot 16 index 0 rnti 6050 mcs 28
[EMURAN-DL-CSV] t=12.194 win_tbs=20 win_fail=0 win_bler=0.00000 mcs_last=28 mcs_min=28 mcs_max=28 r0=19 r1=1 r2=0 r3=0  f0=0 f1=0 f2=0 f3=0 tot_tbs=3480 tot_fail=148 tot_bler=0.04253 tot_init=3323 tot_retx=157
slot 4 index 0 rnti 6050 mcs 28
slot 5 index 0 rnti 6050 mcs 28
slot 6 index 0 rnti 6050 mcs 28
slot 14 index 0 rnti 6050 mcs 28
slot 15 index 0 rnti 6050 mcs 28
slot 16 index 0 rnti 6050 mcs 28
slot 4 index 0 rnti 6050 mcs 28
slot 5 index 0 rnti 6050 mcs 28
slot 6 index 0 rnti 6050 mcs 28
slot 14 index 0 rnti 6050 mcs 28
slot 15 index 0 rnti 6050 mcs 28
slot 16 index 0 rnti 6050 mcs 28
slot 4 index 0 rnti 6050 mcs 28
slot 5 index 0 rnti 6050 mcs 28
slot 6 index 0 rnti 6050 mcs 28
slot 14 index 0 rnti 6050 mcs 28
slot 15 index 0 rnti 6050 mcs 28
slot 16 index 0 rnti 6050 mcs 28
slot 4 index 0 rnti 6050 mcs 28
slot 5 index 0 rnti 6050 mcs 28
[EMURAN-DL-CSV] t=12.265 win_tbs=20 win_fail=2 win_bler=0.10000 mcs_last=28 mcs_min=28 mcs_max=28 r0=18 r1=2 r2=0 r3=0  f0=2 f1=0 f2=0 f3=0 tot_tbs=3500 tot_fail=150 tot_bler=0.04286 tot_init=3341 tot_retx=159
slot 6 index 0 rnti 6050 mcs 28
slot 14 index 0 rnti 6050 mcs 28
slot 15 index 0 rnti 6050 mcs 28
slot 16 index 0 rnti 6050 mcs 28
slot 4 index 0 rnti 6050 mcs 28
slot 5 index 0 rnti 6050 mcs 28
slot 6 index 0 rnti 6050 mcs 28
slot 14 index 0 rnti 6050 mcs 28
slot 15 index 0 rnti 6050 mcs 28
slot 16 index 0 rnti 6050 mcs 28
slot 4 index 0 rnti 6050 mcs 28
slot 5 index 0 rnti 6050 mcs 28
slot 6 index 0 rnti 6050 mcs 28
slot 14 index 0 rnti 6050 mcs 28
slot 15 index 0 rnti 6050 mcs 28
slot 16 index 0 rnti 6050 mcs 28
slot 4 index 0 rnti 6050 mcs 28
slot 5 index 0 rnti 6050 mcs 28
slot 6 index 0 rnti 6050 mcs 28
slot 14 index 0 rnti 6050 mcs 28
[EMURAN-DL-CSV] t=12.338 win_tbs=20 win_fail=0 win_bler=0.00000 mcs_last=28 mcs_min=28 mcs_max=28 r0=20 r1=0 r2=0 r3=0  f0=0 f1=0 f2=0 f3=0 tot_tbs=3520 tot_fail=150 tot_bler=0.04261 tot_init=3361 tot_retx=159
slot 15 index 0 rnti 6050 mcs 28
slot 16 index 0 rnti 6050 mcs 28
slot 4 index 0 rnti 6050 mcs 28
slot 5 index 0 rnti 6050 mcs 28
slot 6 index 0 rnti 6050 mcs 28
slot 14 index 0 rnti 6050 mcs 28
slot 15 index 0 rnti 6050 mcs 28
slot 16 index 0 rnti 6050 mcs 28
slot 4 index 0 rnti 6050 mcs 28
slot 5 index 0 rnti 6050 mcs 28
slot 6 index 0 rnti 6050 mcs 28
slot 14 index 0 rnti 6050 mcs 28
slot 15 index 0 rnti 6050 mcs 28
slot 16 index 0 rnti 6050 mcs 28
slot 4 index 0 rnti 6050 mcs 28
slot 5 index 0 rnti 6050 mcs 28
slot 6 index 0 rnti 6050 mcs 28
slot 14 index 0 rnti 6050 mcs 28
slot 15 index 0 rnti 6050 mcs 28
slot 16 index 0 rnti 6050 mcs 28
[EMURAN-DL-CSV] t=12.403 win_tbs=20 win_fail=1 win_bler=0.05000 mcs_last=28 mcs_min=28 mcs_max=28 r0=20 r1=0 r2=0 r3=0  f0=1 f1=0 f2=0 f3=0 tot_tbs=3540 tot_fail=151 tot_bler=0.04266 tot_init=3381 tot_retx=159
slot 4 index 0 rnti 6050 mcs 28
slot 5 index 0 rnti 6050 mcs 28
slot 6 index 0 rnti 6050 mcs 28
slot 14 index 0 rnti 6050 mcs 28
slot 15 index 0 rnti 6050 mcs 28
slot 16 index 0 rnti 6050 mcs 28
slot 4 index 0 rnti 6050 mcs 28
slot 5 index 0 rnti 6050 mcs 28
slot 6 index 0 rnti 6050 mcs 28
slot 14 index 0 rnti 6050 mcs 28
slot 15 index 0 rnti 6050 mcs 28
slot 16 index 0 rnti 6050 mcs 28
slot 4 index 0 rnti 6050 mcs 28
slot 5 index 0 rnti 6050 mcs 28
slot 6 index 0 rnti 6050 mcs 28
slot 14 index 0 rnti 6050 mcs 28
slot 15 index 0 rnti 6050 mcs 28
slot 16 index 0 rnti 6050 mcs 28
slot 4 index 0 rnti 6050 mcs 28
slot 5 index 0 rnti 6050 mcs 28
[EMURAN-DL-CSV] t=12.476 win_tbs=20 win_fail=1 win_bler=0.05000 mcs_last=28 mcs_min=28 mcs_max=28 r0=18 r1=2 r2=0 r3=0  f0=1 f1=0 f2=0 f3=0 tot_tbs=3560 tot_fail=152 tot_bler=0.04270 tot_init=3399 tot_retx=161
slot 6 index 0 rnti 6050 mcs 28
slot 14 index 0 rnti 6050 mcs 28
slot 15 index 0 rnti 6050 mcs 28
slot 16 index 0 rnti 6050 mcs 28
slot 4 index 0 rnti 6050 mcs 28
slot 5 index 0 rnti 6050 mcs 28
slot 6 index 0 rnti 6050 mcs 28
slot 14 index 0 rnti 6050 mcs 28
slot 15 index 0 rnti 6050 mcs 28
slot 16 index 0 rnti 6050 mcs 28
slot 4 index 0 rnti 6050 mcs 28
slot 5 index 0 rnti 6050 mcs 28
slot 6 index 0 rnti 6050 mcs 28
slot 14 index 0 rnti 6050 mcs 28
slot 15 index 0 rnti 6050 mcs 28
slot 16 index 0 rnti 6050 mcs 28
slot 4 index 0 rnti 6050 mcs 28
slot 5 index 0 rnti 6050 mcs 28
slot 6 index 0 rnti 6050 mcs 28
slot 14 index 0 rnti 6050 mcs 28
[EMURAN-DL-CSV] t=12.548 win_tbs=20 win_fail=0 win_bler=0.00000 mcs_last=28 mcs_min=28 mcs_max=28 r0=19 r1=1 r2=0 r3=0  f0=0 f1=0 f2=0 f3=0 tot_tbs=3580 tot_fail=152 tot_bler=0.04246 tot_init=3418 tot_retx=162
slot 15 index 0 rnti 6050 mcs 28
slot 16 index 0 rnti 6050 mcs 28
slot 4 index 0 rnti 6050 mcs 28
slot 5 index 0 rnti 6050 mcs 28
slot 6 index 0 rnti 6050 mcs 28
slot 14 index 0 rnti 6050 mcs 28
slot 15 index 0 rnti 6050 mcs 28
slot 16 index 0 rnti 6050 mcs 28
slot 4 index 0 rnti 6050 mcs 28
slot 5 index 0 rnti 6050 mcs 28
slot 6 index 0 rnti 6050 mcs 28
slot 14 index 0 rnti 6050 mcs 28
slot 15 index 0 rnti 6050 mcs 28
slot 16 index 0 rnti 6050 mcs 28
slot 4 index 0 rnti 6050 mcs 28
slot 5 index 0 rnti 6050 mcs 28
slot 6 index 0 rnti 6050 mcs 28
slot 14 index 0 rnti 6050 mcs 28
slot 15 index 0 rnti 6050 mcs 28
slot 16 index 0 rnti 6050 mcs 28
[EMURAN-DL-CSV] t=12.614 win_tbs=20 win_fail=1 win_bler=0.05000 mcs_last=28 mcs_min=28 mcs_max=28 r0=19 r1=1 r2=0 r3=0  f0=1 f1=0 f2=0 f3=0 tot_tbs=3600 tot_fail=153 tot_bler=0.04250 tot_init=3437 tot_retx=163
slot 4 index 0 rnti 6050 mcs 28
slot 5 index 0 rnti 6050 mcs 28
slot 6 index 0 rnti 6050 mcs 28
slot 14 index 0 rnti 6050 mcs 28
slot 15 index 0 rnti 6050 mcs 28
slot 16 index 0 rnti 6050 mcs 28
slot 4 index 0 rnti 6050 mcs 28
slot 5 index 0 rnti 6050 mcs 28
slot 6 index 0 rnti 6050 mcs 28
slot 14 index 0 rnti 6050 mcs 28
slot 15 index 0 rnti 6050 mcs 28
slot 16 index 0 rnti 6050 mcs 28
slot 4 index 0 rnti 6050 mcs 28
slot 5 index 0 rnti 6050 mcs 28
slot 6 index 0 rnti 6050 mcs 28
slot 14 index 0 rnti 6050 mcs 28
slot 15 index 0 rnti 6050 mcs 28
slot 16 index 0 rnti 6050 mcs 28
slot 4 index 0 rnti 6050 mcs 28
slot 5 index 0 rnti 6050 mcs 28
[EMURAN-DL-CSV] t=12.686 win_tbs=20 win_fail=0 win_bler=0.00000 mcs_last=28 mcs_min=28 mcs_max=28 r0=20 r1=0 r2=0 r3=0  f0=0 f1=0 f2=0 f3=0 tot_tbs=3620 tot_fail=153 tot_bler=0.04227 tot_init=3457 tot_retx=163
slot 6 index 0 rnti 6050 mcs 28
slot 14 index 0 rnti 6050 mcs 28
slot 15 index 0 rnti 6050 mcs 28
slot 16 index 0 rnti 6050 mcs 28
slot 4 index 0 rnti 6050 mcs 28
slot 5 index 0 rnti 6050 mcs 28
slot 6 index 0 rnti 6050 mcs 28
slot 14 index 0 rnti 6050 mcs 28
slot 15 index 0 rnti 6050 mcs 28
slot 16 index 0 rnti 6050 mcs 28
slot 4 index 0 rnti 6050 mcs 28
slot 5 index 0 rnti 6050 mcs 28
slot 6 index 0 rnti 6050 mcs 28
slot 14 index 0 rnti 6050 mcs 28
slot 15 index 0 rnti 6050 mcs 28
slot 16 index 0 rnti 6050 mcs 28
slot 4 index 0 rnti 6050 mcs 28
slot 5 index 0 rnti 6050 mcs 28
slot 6 index 0 rnti 6050 mcs 28
slot 14 index 0 rnti 6050 mcs 28
[EMURAN-DL-CSV] t=12.759 win_tbs=20 win_fail=0 win_bler=0.00000 mcs_last=28 mcs_min=28 mcs_max=28 r0=20 r1=0 r2=0 r3=0  f0=0 f1=0 f2=0 f3=0 tot_tbs=3640 tot_fail=153 tot_bler=0.04203 tot_init=3477 tot_retx=163
slot 15 index 0 rnti 6050 mcs 28
slot 16 index 0 rnti 6050 mcs 28
slot 4 index 0 rnti 6050 mcs 28
slot 5 index 0 rnti 6050 mcs 28
slot 6 index 0 rnti 6050 mcs 28
slot 14 index 0 rnti 6050 mcs 28
slot 15 index 0 rnti 6050 mcs 28
slot 16 index 0 rnti 6050 mcs 28
slot 4 index 0 rnti 6050 mcs 28
slot 5 index 0 rnti 6050 mcs 28
slot 6 index 0 rnti 6050 mcs 28
slot 14 index 0 rnti 6050 mcs 28
slot 15 index 0 rnti 6050 mcs 28
slot 16 index 0 rnti 6050 mcs 28
slot 4 index 0 rnti 6050 mcs 28
slot 5 index 0 rnti 6050 mcs 28
slot 6 index 0 rnti 6050 mcs 28
slot 14 index 0 rnti 6050 mcs 28
slot 15 index 0 rnti 6050 mcs 28
slot 16 index 0 rnti 6050 mcs 28
[EMURAN-DL-CSV] t=12.824 win_tbs=20 win_fail=4 win_bler=0.20000 mcs_last=28 mcs_min=28 mcs_max=28 r0=17 r1=3 r2=0 r3=0  f0=3 f1=1 f2=0 f3=0 tot_tbs=3660 tot_fail=157 tot_bler=0.04290 tot_init=3494 tot_retx=166
[UE-STAT] frame=400 dci_cnt=600 total_tbs=50385600 ack_real=499 nack_real=21 fb_missing=80 decode_cnt=600
slot 4 index 0 rnti 6050 mcs 28
slot 5 index 0 rnti 6050 mcs 28
slot 6 index 0 rnti 6050 mcs 28
slot 14 index 0 rnti 6050 mcs 28
slot 15 index 0 rnti 6050 mcs 28
slot 16 index 0 rnti 6050 mcs 28
slot 4 index 0 rnti 6050 mcs 28
slot 5 index 0 rnti 6050 mcs 28
slot 6 index 0 rnti 6050 mcs 28
slot 14 index 0 rnti 6050 mcs 28
slot 15 index 0 rnti 6050 mcs 28
slot 16 index 0 rnti 6050 mcs 28
slot 4 index 0 rnti 6050 mcs 28
slot 5 index 0 rnti 6050 mcs 28
slot 6 index 0 rnti 6050 mcs 28
slot 14 index 0 rnti 6050 mcs 28
slot 15 index 0 rnti 6050 mcs 28
slot 16 index 0 rnti 6050 mcs 28
slot 4 index 0 rnti 6050 mcs 28
slot 5 index 0 rnti 6050 mcs 28
[EMURAN-DL-CSV] t=12.897 win_tbs=20 win_fail=0 win_bler=0.00000 mcs_last=28 mcs_min=28 mcs_max=28 r0=19 r1=1 r2=0 r3=0  f0=0 f1=0 f2=0 f3=0 tot_tbs=3680 tot_fail=157 tot_bler=0.04266 tot_init=3513 tot_retx=167
slot 6 index 0 rnti 6050 mcs 28
slot 14 index 0 rnti 6050 mcs 28
slot 15 index 0 rnti 6050 mcs 28
slot 16 index 0 rnti 6050 mcs 28
slot 4 index 0 rnti 6050 mcs 28
slot 5 index 0 rnti 6050 mcs 28
slot 6 index 0 rnti 6050 mcs 28
slot 14 index 0 rnti 6050 mcs 28
slot 15 index 0 rnti 6050 mcs 28
slot 16 index 0 rnti 6050 mcs 28
slot 4 index 0 rnti 6050 mcs 28
slot 5 index 0 rnti 6050 mcs 28
slot 6 index 0 rnti 6050 mcs 28
slot 14 index 0 rnti 6050 mcs 28
slot 15 index 0 rnti 6050 mcs 28
slot 16 index 0 rnti 6050 mcs 28
slot 4 index 0 rnti 6050 mcs 28
slot 5 index 0 rnti 6050 mcs 28
slot 6 index 0 rnti 6050 mcs 28
slot 14 index 0 rnti 6050 mcs 28
slot 15 index 0 rnti 6050 mcs 28
[EMURAN-DL-CSV] t=12.970 win_tbs=20 win_fail=0 win_bler=0.00000 mcs_last=28 mcs_min=28 mcs_max=28 r0=20 r1=0 r2=0 r3=0  f0=0 f1=0 f2=0 f3=0 tot_tbs=3700 tot_fail=157 tot_bler=0.04243 tot_init=3533 tot_retx=167
slot 16 index 0 rnti 6050 mcs 28
slot 4 index 0 rnti 6050 mcs 28
slot 5 index 0 rnti 6050 mcs 28
slot 6 index 0 rnti 6050 mcs 28
slot 14 index 0 rnti 6050 mcs 28
slot 15 index 0 rnti 6050 mcs 28
slot 16 index 0 rnti 6050 mcs 28
slot 4 index 0 rnti 6050 mcs 28
slot 5 index 0 rnti 6050 mcs 28
slot 6 index 0 rnti 6050 mcs 28
slot 14 index 0 rnti 6050 mcs 28
slot 15 index 0 rnti 6050 mcs 28
slot 16 index 0 rnti 6050 mcs 28
slot 4 index 0 rnti 6050 mcs 28
slot 5 index 0 rnti 6050 mcs 28
slot 6 index 0 rnti 6050 mcs 28
slot 14 index 0 rnti 6050 mcs 28
slot 15 index 0 rnti 6050 mcs 28
slot 16 index 0 rnti 6050 mcs 28
[EMURAN-DL-CSV] t=13.035 win_tbs=20 win_fail=0 win_bler=0.00000 mcs_last=28 mcs_min=28 mcs_max=28 r0=20 r1=0 r2=0 r3=0  f0=0 f1=0 f2=0 f3=0 tot_tbs=3720 tot_fail=157 tot_bler=0.04220 tot_init=3553 tot_retx=167
slot 4 index 0 rnti 6050 mcs 28
slot 5 index 0 rnti 6050 mcs 28
slot 6 index 0 rnti 6050 mcs 28
slot 14 index 0 rnti 6050 mcs 28
slot 15 index 0 rnti 6050 mcs 28
slot 16 index 0 rnti 6050 mcs 28
slot 4 index 0 rnti 6050 mcs 28
slot 5 index 0 rnti 6050 mcs 28
slot 6 index 0 rnti 6050 mcs 28
slot 14 index 0 rnti 6050 mcs 28
slot 15 index 0 rnti 6050 mcs 28
slot 16 index 0 rnti 6050 mcs 28
slot 4 index 0 rnti 6050 mcs 28
slot 5 index 0 rnti 6050 mcs 28
slot 6 index 0 rnti 6050 mcs 28
slot 14 index 0 rnti 6050 mcs 28
slot 15 index 0 rnti 6050 mcs 28
slot 16 index 0 rnti 6050 mcs 28
slot 4 index 0 rnti 6050 mcs 28
slot 5 index 0 rnti 6050 mcs 28
[EMURAN-DL-CSV] t=13.107 win_tbs=20 win_fail=1 win_bler=0.05000 mcs_last=28 mcs_min=28 mcs_max=28 r0=19 r1=1 r2=0 r3=0  f0=1 f1=0 f2=0 f3=0 tot_tbs=3740 tot_fail=158 tot_bler=0.04225 tot_init=3572 tot_retx=168
slot 6 index 0 rnti 6050 mcs 28
slot 14 index 0 rnti 6050 mcs 28
slot 15 index 0 rnti 6050 mcs 28
slot 16 index 0 rnti 6050 mcs 28
slot 4 index 0 rnti 6050 mcs 28
slot 5 index 0 rnti 6050 mcs 28
slot 6 index 0 rnti 6050 mcs 28
slot 14 index 0 rnti 6050 mcs 28
slot 15 index 0 rnti 6050 mcs 28
slot 16 index 0 rnti 6050 mcs 28
slot 4 index 0 rnti 6050 mcs 28
slot 5 index 0 rnti 6050 mcs 28
slot 6 index 0 rnti 6050 mcs 28
slot 14 index 0 rnti 6050 mcs 28
slot 15 index 0 rnti 6050 mcs 28
slot 16 index 0 rnti 6050 mcs 28
slot 4 index 0 rnti 6050 mcs 28
slot 5 index 0 rnti 6050 mcs 28
slot 6 index 0 rnti 6050 mcs 28
slot 14 index 0 rnti 6050 mcs 28
[EMURAN-DL-CSV] t=13.180 win_tbs=20 win_fail=1 win_bler=0.05000 mcs_last=28 mcs_min=28 mcs_max=28 r0=19 r1=1 r2=0 r3=0  f0=1 f1=0 f2=0 f3=0 tot_tbs=3760 tot_fail=159 tot_bler=0.04229 tot_init=3591 tot_retx=169
slot 15 index 0 rnti 6050 mcs 28
slot 16 index 0 rnti 6050 mcs 28
slot 4 index 0 rnti 6050 mcs 28
slot 5 index 0 rnti 6050 mcs 28
slot 6 index 0 rnti 6050 mcs 28
slot 14 index 0 rnti 6050 mcs 28
slot 15 index 0 rnti 6050 mcs 28
slot 16 index 0 rnti 6050 mcs 28
slot 4 index 0 rnti 6050 mcs 28
slot 5 index 0 rnti 6050 mcs 28
slot 6 index 0 rnti 6050 mcs 28
slot 14 index 0 rnti 6050 mcs 28
slot 15 index 0 rnti 6050 mcs 28
slot 16 index 0 rnti 6050 mcs 28
slot 4 index 0 rnti 6050 mcs 28
slot 5 index 0 rnti 6050 mcs 28
slot 6 index 0 rnti 6050 mcs 28
slot 14 index 0 rnti 6050 mcs 28
slot 15 index 0 rnti 6050 mcs 28
slot 16 index 0 rnti 6050 mcs 28
[EMURAN-DL-CSV] t=13.246 win_tbs=20 win_fail=1 win_bler=0.05000 mcs_last=28 mcs_min=28 mcs_max=28 r0=19 r1=1 r2=0 r3=0  f0=1 f1=0 f2=0 f3=0 tot_tbs=3780 tot_fail=160 tot_bler=0.04233 tot_init=3610 tot_retx=170
slot 4 index 0 rnti 6050 mcs 28
slot 5 index 0 rnti 6050 mcs 28
slot 6 index 0 rnti 6050 mcs 28
slot 14 index 0 rnti 6050 mcs 28
slot 15 index 0 rnti 6050 mcs 28
slot 16 index 0 rnti 6050 mcs 28
slot 4 index 0 rnti 6050 mcs 28
slot 5 index 0 rnti 6050 mcs 28
slot 6 index 0 rnti 6050 mcs 28
slot 14 index 0 rnti 6050 mcs 28
slot 15 index 0 rnti 6050 mcs 28
slot 16 index 0 rnti 6050 mcs 28
slot 4 index 0 rnti 6050 mcs 28
slot 5 index 0 rnti 6050 mcs 28
slot 6 index 0 rnti 6050 mcs 28
slot 14 index 0 rnti 6050 mcs 28
slot 15 index 0 rnti 6050 mcs 28
slot 16 index 0 rnti 6050 mcs 28
slot 4 index 0 rnti 6050 mcs 28
slot 5 index 0 rnti 6050 mcs 28
slot 6 index 0 rnti 6050 mcs 28
[EMURAN-DL-CSV] t=13.318 win_tbs=20 win_fail=0 win_bler=0.00000 mcs_last=28 mcs_min=28 mcs_max=28 r0=20 r1=0 r2=0 r3=0  f0=0 f1=0 f2=0 f3=0 tot_tbs=3800 tot_fail=160 tot_bler=0.04211 tot_init=3630 tot_retx=170
slot 14 index 0 rnti 6050 mcs 28
slot 15 index 0 rnti 6050 mcs 28
slot 16 index 0 rnti 6050 mcs 28
slot 4 index 0 rnti 6050 mcs 28
slot 5 index 0 rnti 6050 mcs 28
slot 6 index 0 rnti 6050 mcs 28
slot 14 index 0 rnti 6050 mcs 28
slot 15 index 0 rnti 6050 mcs 28
slot 16 index 0 rnti 6050 mcs 28
slot 4 index 0 rnti 6050 mcs 28
slot 5 index 0 rnti 6050 mcs 28
slot 6 index 0 rnti 6050 mcs 28
slot 14 index 0 rnti 6050 mcs 28
slot 15 index 0 rnti 6050 mcs 28
slot 16 index 0 rnti 6050 mcs 28
slot 4 index 0 rnti 6050 mcs 28
slot 5 index 0 rnti 6050 mcs 28
slot 6 index 0 rnti 6050 mcs 28
slot 14 index 0 rnti 6050 mcs 28
[EMURAN-DL-CSV] t=13.390 win_tbs=20 win_fail=0 win_bler=0.00000 mcs_last=28 mcs_min=28 mcs_max=28 r0=20 r1=0 r2=0 r3=0  f0=0 f1=0 f2=0 f3=0 tot_tbs=3820 tot_fail=160 tot_bler=0.04188 tot_init=3650 tot_retx=170
slot 15 index 0 rnti 6050 mcs 28
slot 16 index 0 rnti 6050 mcs 28
slot 4 index 0 rnti 6050 mcs 28
slot 5 index 0 rnti 6050 mcs 28
slot 6 index 0 rnti 6050 mcs 28
slot 14 index 0 rnti 6050 mcs 28
slot 15 index 0 rnti 6050 mcs 28
slot 16 index 0 rnti 6050 mcs 28
slot 4 index 0 rnti 6050 mcs 28
slot 5 index 0 rnti 6050 mcs 28
slot 6 index 0 rnti 6050 mcs 28
slot 14 index 0 rnti 6050 mcs 28
slot 15 index 0 rnti 6050 mcs 28
slot 16 index 0 rnti 6050 mcs 28
slot 4 index 0 rnti 6050 mcs 28
slot 5 index 0 rnti 6050 mcs 28
slot 6 index 0 rnti 6050 mcs 28
slot 14 index 0 rnti 6050 mcs 28
slot 15 index 0 rnti 6050 mcs 28
slot 16 index 0 rnti 6050 mcs 28
[EMURAN-DL-CSV] t=13.456 win_tbs=20 win_fail=1 win_bler=0.05000 mcs_last=28 mcs_min=28 mcs_max=28 r0=19 r1=1 r2=0 r3=0  f0=1 f1=0 f2=0 f3=0 tot_tbs=3840 tot_fail=161 tot_bler=0.04193 tot_init=3669 tot_retx=171
slot 4 index 0 rnti 6050 mcs 28
slot 5 index 0 rnti 6050 mcs 28
slot 6 index 0 rnti 6050 mcs 28
slot 14 index 0 rnti 6050 mcs 28
slot 15 index 0 rnti 6050 mcs 28
slot 16 index 0 rnti 6050 mcs 28
slot 4 index 0 rnti 6050 mcs 28
slot 5 index 0 rnti 6050 mcs 28
slot 6 index 0 rnti 6050 mcs 28
slot 14 index 0 rnti 6050 mcs 28
slot 15 index 0 rnti 6050 mcs 28
slot 16 index 0 rnti 6050 mcs 28
slot 4 index 0 rnti 6050 mcs 28
slot 5 index 0 rnti 6050 mcs 28
slot 6 index 0 rnti 6050 mcs 28
slot 14 index 0 rnti 6050 mcs 28
slot 15 index 0 rnti 6050 mcs 28
slot 16 index 0 rnti 6050 mcs 28
slot 4 index 0 rnti 6050 mcs 28
slot 5 index 0 rnti 6050 mcs 28
[EMURAN-DL-CSV] t=13.528 win_tbs=20 win_fail=0 win_bler=0.00000 mcs_last=28 mcs_min=28 mcs_max=28 r0=19 r1=1 r2=0 r3=0  f0=0 f1=0 f2=0 f3=0 tot_tbs=3860 tot_fail=161 tot_bler=0.04171 tot_init=3688 tot_retx=172
slot 6 index 0 rnti 6050 mcs 28
slot 14 index 0 rnti 6050 mcs 28
slot 15 index 0 rnti 6050 mcs 28
slot 16 index 0 rnti 6050 mcs 28
slot 4 index 0 rnti 6050 mcs 28
slot 5 index 0 rnti 6050 mcs 28
slot 6 index 0 rnti 6050 mcs 28
slot 14 index 0 rnti 6050 mcs 28
slot 15 index 0 rnti 6050 mcs 28
slot 16 index 0 rnti 6050 mcs 28
slot 4 index 0 rnti 6050 mcs 28
slot 5 index 0 rnti 6050 mcs 28
slot 6 index 0 rnti 6050 mcs 28
slot 14 index 0 rnti 6050 mcs 28
slot 15 index 0 rnti 6050 mcs 28
slot 16 index 0 rnti 6050 mcs 28
slot 4 index 0 rnti 6050 mcs 28
slot 5 index 0 rnti 6050 mcs 28
slot 6 index 0 rnti 6050 mcs 28
slot 14 index 0 rnti 6050 mcs 28
[EMURAN-DL-CSV] t=13.600 win_tbs=20 win_fail=0 win_bler=0.00000 mcs_last=28 mcs_min=28 mcs_max=28 r0=20 r1=0 r2=0 r3=0  f0=0 f1=0 f2=0 f3=0 tot_tbs=3880 tot_fail=161 tot_bler=0.04149 tot_init=3708 tot_retx=172
slot 15 index 0 rnti 6050 mcs 28
slot 16 index 0 rnti 6050 mcs 28
slot 4 index 0 rnti 6050 mcs 28
slot 5 index 0 rnti 6050 mcs 28
slot 6 index 0 rnti 6050 mcs 28
slot 14 index 0 rnti 6050 mcs 28
slot 15 index 0 rnti 6050 mcs 28
slot 16 index 0 rnti 6050 mcs 28
slot 4 index 0 rnti 6050 mcs 28
slot 5 index 0 rnti 6050 mcs 28
slot 6 index 0 rnti 6050 mcs 28
slot 14 index 0 rnti 6050 mcs 28
slot 15 index 0 rnti 6050 mcs 28
slot 16 index 0 rnti 6050 mcs 28
slot 4 index 0 rnti 6050 mcs 28
slot 5 index 0 rnti 6050 mcs 28
slot 6 index 0 rnti 6050 mcs 28
slot 14 index 0 rnti 6050 mcs 28
slot 15 index 0 rnti 6050 mcs 28
slot 16 index 0 rnti 6050 mcs 28
[EMURAN-DL-CSV] t=13.666 win_tbs=20 win_fail=2 win_bler=0.10000 mcs_last=28 mcs_min=28 mcs_max=28 r0=18 r1=2 r2=0 r3=0  f0=2 f1=0 f2=0 f3=0 tot_tbs=3900 tot_fail=163 tot_bler=0.04179 tot_init=3726 tot_retx=174
slot 4 index 0 rnti 6050 mcs 28
slot 5 index 0 rnti 6050 mcs 28
slot 6 index 0 rnti 6050 mcs 28
slot 14 index 0 rnti 6050 mcs 28
slot 15 index 0 rnti 6050 mcs 28
slot 16 index 0 rnti 6050 mcs 28
slot 4 index 0 rnti 6050 mcs 28
slot 5 index 0 rnti 6050 mcs 28
slot 6 index 0 rnti 6050 mcs 28
slot 14 index 0 rnti 6050 mcs 28
slot 15 index 0 rnti 6050 mcs 28
slot 16 index 0 rnti 6050 mcs 28
slot 4 index 0 rnti 6050 mcs 28
slot 5 index 0 rnti 6050 mcs 28
slot 6 index 0 rnti 6050 mcs 28
slot 14 index 0 rnti 6050 mcs 28
slot 15 index 0 rnti 6050 mcs 28
slot 16 index 0 rnti 6050 mcs 28
slot 4 index 0 rnti 6050 mcs 28
slot 5 index 0 rnti 6050 mcs 28
slot 6 index 0 rnti 6050 mcs 28
[EMURAN-DL-CSV] t=13.739 win_tbs=20 win_fail=3 win_bler=0.15000 mcs_last=28 mcs_min=28 mcs_max=28 r0=17 r1=3 r2=0 r3=0  f0=2 f1=1 f2=0 f3=0 tot_tbs=3920 tot_fail=166 tot_bler=0.04235 tot_init=3743 tot_retx=177
slot 14 index 0 rnti 6050 mcs 28
slot 15 index 0 rnti 6050 mcs 28
slot 16 index 0 rnti 6050 mcs 28
slot 4 index 0 rnti 6050 mcs 28
slot 5 index 0 rnti 6050 mcs 28
slot 6 index 0 rnti 6050 mcs 28
slot 14 index 0 rnti 6050 mcs 28
slot 15 index 0 rnti 6050 mcs 28
slot 16 index 0 rnti 6050 mcs 28
slot 4 index 0 rnti 6050 mcs 28
slot 5 index 0 rnti 6050 mcs 28
slot 6 index 0 rnti 6050 mcs 28
slot 14 index 0 rnti 6050 mcs 28
slot 15 index 0 rnti 6050 mcs 28
slot 16 index 0 rnti 6050 mcs 28
slot 4 index 0 rnti 6050 mcs 28
slot 5 index 0 rnti 6050 mcs 28
slot 6 index 0 rnti 6050 mcs 28
slot 14 index 0 rnti 6050 mcs 28
[EMURAN-DL-CSV] t=13.811 win_tbs=20 win_fail=1 win_bler=0.05000 mcs_last=28 mcs_min=28 mcs_max=28 r0=19 r1=1 r2=0 r3=0  f0=1 f1=0 f2=0 f3=0 tot_tbs=3940 tot_fail=167 tot_bler=0.04239 tot_init=3762 tot_retx=178
slot 15 index 0 rnti 6050 mcs 28
slot 16 index 0 rnti 6050 mcs 28
slot 4 index 0 rnti 6050 mcs 28
slot 5 index 0 rnti 6050 mcs 28
slot 6 index 0 rnti 6050 mcs 28
slot 14 index 0 rnti 6050 mcs 28
slot 15 index 0 rnti 6050 mcs 28
slot 16 index 0 rnti 6050 mcs 28
slot 4 index 0 rnti 6050 mcs 28
slot 5 index 0 rnti 6050 mcs 28
slot 6 index 0 rnti 6050 mcs 28
slot 14 index 0 rnti 6050 mcs 28
slot 15 index 0 rnti 6050 mcs 28
slot 16 index 0 rnti 6050 mcs 28
slot 4 index 0 rnti 6050 mcs 28
slot 5 index 0 rnti 6050 mcs 28
slot 6 index 0 rnti 6050 mcs 28
slot 14 index 0 rnti 6050 mcs 28
slot 15 index 0 rnti 6050 mcs 28
slot 16 index 0 rnti 6050 mcs 28
[EMURAN-DL-CSV] t=13.876 win_tbs=20 win_fail=1 win_bler=0.05000 mcs_last=28 mcs_min=28 mcs_max=28 r0=18 r1=2 r2=0 r3=0  f0=0 f1=1 f2=0 f3=0 tot_tbs=3960 tot_fail=168 tot_bler=0.04242 tot_init=3780 tot_retx=180
slot 4 index 0 rnti 6050 mcs 28
slot 5 index 0 rnti 6050 mcs 28
slot 6 index 0 rnti 6050 mcs 28
slot 14 index 0 rnti 6050 mcs 28
slot 15 index 0 rnti 6050 mcs 28
slot 16 index 0 rnti 6050 mcs 28
slot 4 index 0 rnti 6050 mcs 28
slot 5 index 0 rnti 6050 mcs 28
slot 6 index 0 rnti 6050 mcs 28
slot 14 index 0 rnti 6050 mcs 28
slot 15 index 0 rnti 6050 mcs 28
slot 16 index 0 rnti 6050 mcs 28
slot 4 index 0 rnti 6050 mcs 28
slot 5 index 0 rnti 6050 mcs 28
slot 6 index 0 rnti 6050 mcs 28
slot 14 index 0 rnti 6050 mcs 28
slot 15 index 0 rnti 6050 mcs 28
slot 16 index 0 rnti 6050 mcs 28
slot 4 index 0 rnti 6050 mcs 28
slot 5 index 0 rnti 6050 mcs 28
slot 6 index 0 rnti 6050 mcs 28
[EMURAN-DL-CSV] t=13.950 win_tbs=20 win_fail=2 win_bler=0.10000 mcs_last=28 mcs_min=28 mcs_max=28 r0=18 r1=2 r2=0 r3=0  f0=2 f1=0 f2=0 f3=0 tot_tbs=3980 tot_fail=170 tot_bler=0.04271 tot_init=3798 tot_retx=182
slot 14 index 0 rnti 6050 mcs 28
slot 15 index 0 rnti 6050 mcs 28
slot 16 index 0 rnti 6050 mcs 28
slot 4 index 0 rnti 6050 mcs 28
slot 5 index 0 rnti 6050 mcs 28
slot 6 index 0 rnti 6050 mcs 28
slot 14 index 0 rnti 6050 mcs 28
slot 15 index 0 rnti 6050 mcs 28
slot 16 index 0 rnti 6050 mcs 28
slot 4 index 0 rnti 6050 mcs 28
slot 5 index 0 rnti 6050 mcs 28
slot 6 index 0 rnti 6050 mcs 28
slot 14 index 0 rnti 6050 mcs 28
slot 15 index 0 rnti 6050 mcs 28
slot 16 index 0 rnti 6050 mcs 28
slot 4 index 0 rnti 6050 mcs 28
slot 5 index 0 rnti 6050 mcs 28
slot 6 index 0 rnti 6050 mcs 28
slot 14 index 0 rnti 6050 mcs 28
[EMURAN-DL-CSV] t=14.021 win_tbs=20 win_fail=1 win_bler=0.05000 mcs_last=28 mcs_min=28 mcs_max=28 r0=19 r1=1 r2=0 r3=0  f0=1 f1=0 f2=0 f3=0 tot_tbs=4000 tot_fail=171 tot_bler=0.04275 tot_init=3817 tot_retx=183
slot 15 index 0 rnti 6050 mcs 28
slot 16 index 0 rnti 6050 mcs 28
slot 4 index 0 rnti 6050 mcs 28
slot 5 index 0 rnti 6050 mcs 28
slot 6 index 0 rnti 6050 mcs 28
slot 14 index 0 rnti 6050 mcs 28
slot 15 index 0 rnti 6050 mcs 28
slot 16 index 0 rnti 6050 mcs 28
slot 4 index 0 rnti 6050 mcs 28
slot 5 index 0 rnti 6050 mcs 28
slot 6 index 0 rnti 6050 mcs 28
slot 14 index 0 rnti 6050 mcs 28
slot 15 index 0 rnti 6050 mcs 28
slot 16 index 0 rnti 6050 mcs 28
slot 4 index 0 rnti 6050 mcs 28
slot 5 index 0 rnti 6050 mcs 28
slot 6 index 0 rnti 6050 mcs 28
slot 14 index 0 rnti 6050 mcs 28
slot 15 index 0 rnti 6050 mcs 28
slot 16 index 0 rnti 6050 mcs 28
[EMURAN-DL-CSV] t=14.087 win_tbs=20 win_fail=1 win_bler=0.05000 mcs_last=28 mcs_min=28 mcs_max=28 r0=20 r1=0 r2=0 r3=0  f0=1 f1=0 f2=0 f3=0 tot_tbs=4020 tot_fail=172 tot_bler=0.04279 tot_init=3837 tot_retx=183
slot 4 index 0 rnti 6050 mcs 28
slot 5 index 0 rnti 6050 mcs 28
slot 6 index 0 rnti 6050 mcs 28
slot 14 index 0 rnti 6050 mcs 28
slot 15 index 0 rnti 6050 mcs 28
slot 16 index 0 rnti 6050 mcs 28
slot 4 index 0 rnti 6050 mcs 28
slot 5 index 0 rnti 6050 mcs 28
slot 6 index 0 rnti 6050 mcs 28
slot 14 index 0 rnti 6050 mcs 28
slot 15 index 0 rnti 6050 mcs 28
slot 16 index 0 rnti 6050 mcs 28
slot 4 index 0 rnti 6050 mcs 28
slot 5 index 0 rnti 6050 mcs 28
slot 6 index 0 rnti 6050 mcs 28
slot 14 index 0 rnti 6050 mcs 28
slot 15 index 0 rnti 6050 mcs 28
slot 16 index 0 rnti 6050 mcs 28
slot 4 index 0 rnti 6050 mcs 28
slot 5 index 0 rnti 6050 mcs 28
[EMURAN-DL-CSV] t=14.159 win_tbs=20 win_fail=0 win_bler=0.00000 mcs_last=28 mcs_min=28 mcs_max=28 r0=20 r1=0 r2=0 r3=0  f0=0 f1=0 f2=0 f3=0 tot_tbs=4040 tot_fail=172 tot_bler=0.04257 tot_init=3857 tot_retx=183
slot 6 index 0 rnti 6050 mcs 28
slot 14 index 0 rnti 6050 mcs 28
slot 15 index 0 rnti 6050 mcs 28
slot 16 index 0 rnti 6050 mcs 28
slot 4 index 0 rnti 6050 mcs 28
slot 5 index 0 rnti 6050 mcs 28
slot 6 index 0 rnti 6050 mcs 28
slot 14 index 0 rnti 6050 mcs 28
slot 15 index 0 rnti 6050 mcs 28
slot 16 index 0 rnti 6050 mcs 28
slot 4 index 0 rnti 6050 mcs 28
slot 5 index 0 rnti 6050 mcs 28
slot 6 index 0 rnti 6050 mcs 28
slot 14 index 0 rnti 6050 mcs 28
slot 15 index 0 rnti 6050 mcs 28
slot 16 index 0 rnti 6050 mcs 28
slot 4 index 0 rnti 6050 mcs 28
slot 5 index 0 rnti 6050 mcs 28
slot 6 index 0 rnti 6050 mcs 28
slot 14 index 0 rnti 6050 mcs 28
[EMURAN-DL-CSV] t=14.232 win_tbs=20 win_fail=1 win_bler=0.05000 mcs_last=28 mcs_min=28 mcs_max=28 r0=18 r1=2 r2=0 r3=0  f0=1 f1=0 f2=0 f3=0 tot_tbs=4060 tot_fail=173 tot_bler=0.04261 tot_init=3875 tot_retx=185
slot 15 index 0 rnti 6050 mcs 28
slot 16 index 0 rnti 6050 mcs 28
slot 4 index 0 rnti 6050 mcs 28
slot 5 index 0 rnti 6050 mcs 28
slot 6 index 0 rnti 6050 mcs 28
slot 14 index 0 rnti 6050 mcs 28
slot 15 index 0 rnti 6050 mcs 28
slot 16 index 0 rnti 6050 mcs 28
slot 4 index 0 rnti 6050 mcs 28
slot 5 index 0 rnti 6050 mcs 28
slot 6 index 0 rnti 6050 mcs 28
slot 14 index 0 rnti 6050 mcs 28
slot 15 index 0 rnti 6050 mcs 28
slot 16 index 0 rnti 6050 mcs 28
slot 4 index 0 rnti 6050 mcs 28
slot 5 index 0 rnti 6050 mcs 28
slot 6 index 0 rnti 6050 mcs 28
slot 14 index 0 rnti 6050 mcs 28
slot 15 index 0 rnti 6050 mcs 28
slot 16 index 0 rnti 6050 mcs 28
[EMURAN-DL-CSV] t=14.297 win_tbs=20 win_fail=0 win_bler=0.00000 mcs_last=28 mcs_min=28 mcs_max=28 r0=20 r1=0 r2=0 r3=0  f0=0 f1=0 f2=0 f3=0 tot_tbs=4080 tot_fail=173 tot_bler=0.04240 tot_init=3895 tot_retx=185
slot 4 index 0 rnti 6050 mcs 28
slot 5 index 0 rnti 6050 mcs 28
slot 6 index 0 rnti 6050 mcs 28
slot 14 index 0 rnti 6050 mcs 28
slot 15 index 0 rnti 6050 mcs 28
slot 16 index 0 rnti 6050 mcs 28
slot 4 index 0 rnti 6050 mcs 28
slot 5 index 0 rnti 6050 mcs 28
slot 6 index 0 rnti 6050 mcs 28
slot 14 index 0 rnti 6050 mcs 28
slot 15 index 0 rnti 6050 mcs 28
slot 16 index 0 rnti 6050 mcs 28
slot 4 index 0 rnti 6050 mcs 28
slot 5 index 0 rnti 6050 mcs 28
slot 6 index 0 rnti 6050 mcs 28
slot 14 index 0 rnti 6050 mcs 28
slot 15 index 0 rnti 6050 mcs 28
slot 16 index 0 rnti 6050 mcs 28
slot 4 index 0 rnti 6050 mcs 28
slot 5 index 0 rnti 6050 mcs 28
[EMURAN-DL-CSV] t=14.369 win_tbs=20 win_fail=0 win_bler=0.00000 mcs_last=28 mcs_min=28 mcs_max=28 r0=20 r1=0 r2=0 r3=0  f0=0 f1=0 f2=0 f3=0 tot_tbs=4100 tot_fail=173 tot_bler=0.04220 tot_init=3915 tot_retx=185
slot 6 index 0 rnti 6050 mcs 28
slot 14 index 0 rnti 6050 mcs 28
slot 15 index 0 rnti 6050 mcs 28
slot 16 index 0 rnti 6050 mcs 28
slot 4 index 0 rnti 6050 mcs 28
slot 5 index 0 rnti 6050 mcs 28
slot 6 index 0 rnti 6050 mcs 28
slot 14 index 0 rnti 6050 mcs 28
slot 15 index 0 rnti 6050 mcs 28
slot 16 index 0 rnti 6050 mcs 28
slot 4 index 0 rnti 6050 mcs 28
slot 5 index 0 rnti 6050 mcs 28
slot 6 index 0 rnti 6050 mcs 28
slot 14 index 0 rnti 6050 mcs 28
slot 15 index 0 rnti 6050 mcs 28
slot 16 index 0 rnti 6050 mcs 28
slot 4 index 0 rnti 6050 mcs 28
slot 5 index 0 rnti 6050 mcs 28
slot 6 index 0 rnti 6050 mcs 28
slot 14 index 0 rnti 6050 mcs 28
[EMURAN-DL-CSV] t=14.442 win_tbs=20 win_fail=0 win_bler=0.00000 mcs_last=28 mcs_min=28 mcs_max=28 r0=20 r1=0 r2=0 r3=0  f0=0 f1=0 f2=0 f3=0 tot_tbs=4120 tot_fail=173 tot_bler=0.04199 tot_init=3935 tot_retx=185
slot 15 index 0 rnti 6050 mcs 28
slot 16 index 0 rnti 6050 mcs 28
slot 4 index 0 rnti 6050 mcs 28
slot 5 index 0 rnti 6050 mcs 28
slot 6 index 0 rnti 6050 mcs 28
slot 14 index 0 rnti 6050 mcs 28
slot 15 index 0 rnti 6050 mcs 28
slot 16 index 0 rnti 6050 mcs 28
slot 4 index 0 rnti 6050 mcs 28
slot 5 index 0 rnti 6050 mcs 28
slot 6 index 0 rnti 6050 mcs 28
slot 14 index 0 rnti 6050 mcs 28
slot 15 index 0 rnti 6050 mcs 28
slot 16 index 0 rnti 6050 mcs 28
slot 4 index 0 rnti 6050 mcs 28
slot 5 index 0 rnti 6050 mcs 28
slot 6 index 0 rnti 6050 mcs 28
slot 14 index 0 rnti 6050 mcs 28
slot 15 index 0 rnti 6050 mcs 28
slot 16 index 0 rnti 6050 mcs 28
[EMURAN-DL-CSV] t=14.507 win_tbs=20 win_fail=1 win_bler=0.05000 mcs_last=28 mcs_min=28 mcs_max=28 r0=19 r1=1 r2=0 r3=0  f0=1 f1=0 f2=0 f3=0 tot_tbs=4140 tot_fail=174 tot_bler=0.04203 tot_init=3954 tot_retx=186
slot 4 index 0 rnti 6050 mcs 28
slot 5 index 0 rnti 6050 mcs 28
slot 6 index 0 rnti 6050 mcs 28
slot 14 index 0 rnti 6050 mcs 28
slot 15 index 0 rnti 6050 mcs 28
slot 16 index 0 rnti 6050 mcs 28
slot 4 index 0 rnti 6050 mcs 28
slot 5 index 0 rnti 6050 mcs 28
slot 6 index 0 rnti 6050 mcs 28
slot 14 index 0 rnti 6050 mcs 28
slot 15 index 0 rnti 6050 mcs 28
slot 16 index 0 rnti 6050 mcs 28
slot 4 index 0 rnti 6050 mcs 28
slot 5 index 0 rnti 6050 mcs 28
slot 6 index 0 rnti 6050 mcs 28
slot 14 index 0 rnti 6050 mcs 28
slot 15 index 0 rnti 6050 mcs 28
slot 16 index 0 rnti 6050 mcs 28
slot 4 index 0 rnti 6050 mcs 28
slot 5 index 0 rnti 6050 mcs 28
[EMURAN-DL-CSV] t=14.580 win_tbs=20 win_fail=2 win_bler=0.10000 mcs_last=28 mcs_min=28 mcs_max=28 r0=17 r1=3 r2=0 r3=0  f0=2 f1=0 f2=0 f3=0 tot_tbs=4160 tot_fail=176 tot_bler=0.04231 tot_init=3971 tot_retx=189
slot 6 index 0 rnti 6050 mcs 28
slot 14 index 0 rnti 6050 mcs 28
slot 15 index 0 rnti 6050 mcs 28
slot 16 index 0 rnti 6050 mcs 28
slot 4 index 0 rnti 6050 mcs 28
slot 5 index 0 rnti 6050 mcs 28
slot 6 index 0 rnti 6050 mcs 28
slot 14 index 0 rnti 6050 mcs 28
slot 15 index 0 rnti 6050 mcs 28
slot 16 index 0 rnti 6050 mcs 28
slot 4 index 0 rnti 6050 mcs 28
slot 5 index 0 rnti 6050 mcs 28
slot 6 index 0 rnti 6050 mcs 28
slot 14 index 0 rnti 6050 mcs 28
slot 15 index 0 rnti 6050 mcs 28
slot 16 index 0 rnti 6050 mcs 28
slot 4 index 0 rnti 6050 mcs 28
slot 5 index 0 rnti 6050 mcs 28
slot 6 index 0 rnti 6050 mcs 28
slot 14 index 0 rnti 6050 mcs 28
[EMURAN-DL-CSV] t=14.652 win_tbs=20 win_fail=1 win_bler=0.05000 mcs_last=28 mcs_min=28 mcs_max=28 r0=19 r1=1 r2=0 r3=0  f0=1 f1=0 f2=0 f3=0 tot_tbs=4180 tot_fail=177 tot_bler=0.04234 tot_init=3990 tot_retx=190
slot 15 index 0 rnti 6050 mcs 28
slot 16 index 0 rnti 6050 mcs 28
slot 4 index 0 rnti 6050 mcs 28
slot 5 index 0 rnti 6050 mcs 28
slot 6 index 0 rnti 6050 mcs 28
slot 14 index 0 rnti 6050 mcs 28
slot 15 index 0 rnti 6050 mcs 28
slot 16 index 0 rnti 6050 mcs 28
slot 4 index 0 rnti 6050 mcs 28
slot 5 index 0 rnti 6050 mcs 28
slot 6 index 0 rnti 6050 mcs 28
slot 14 index 0 rnti 6050 mcs 28
slot 15 index 0 rnti 6050 mcs 28
slot 16 index 0 rnti 6050 mcs 28
slot 4 index 0 rnti 6050 mcs 28
slot 5 index 0 rnti 6050 mcs 28
slot 6 index 0 rnti 6050 mcs 28
slot 14 index 0 rnti 6050 mcs 28
slot 15 index 0 rnti 6050 mcs 28
slot 16 index 0 rnti 6050 mcs 28
[EMURAN-DL-CSV] t=14.718 win_tbs=20 win_fail=1 win_bler=0.05000 mcs_last=28 mcs_min=28 mcs_max=28 r0=19 r1=1 r2=0 r3=0  f0=1 f1=0 f2=0 f3=0 tot_tbs=4200 tot_fail=178 tot_bler=0.04238 tot_init=4009 tot_retx=191
slot 4 index 0 rnti 6050 mcs 28
slot 5 index 0 rnti 6050 mcs 28
slot 6 index 0 rnti 6050 mcs 28
slot 14 index 0 rnti 6050 mcs 28
slot 15 index 0 rnti 6050 mcs 28
slot 16 index 0 rnti 6050 mcs 28
slot 4 index 0 rnti 6050 mcs 28
slot 5 index 0 rnti 6050 mcs 28
slot 6 index 0 rnti 6050 mcs 28
slot 14 index 0 rnti 6050 mcs 28
slot 15 index 0 rnti 6050 mcs 28
slot 16 index 0 rnti 6050 mcs 28
slot 4 index 0 rnti 6050 mcs 28
slot 5 index 0 rnti 6050 mcs 28
slot 6 index 0 rnti 6050 mcs 28
slot 14 index 0 rnti 6050 mcs 28
slot 15 index 0 rnti 6050 mcs 28
slot 16 index 0 rnti 6050 mcs 28
slot 4 index 0 rnti 6050 mcs 28
slot 5 index 0 rnti 6050 mcs 28
slot 6 index 0 rnti 6050 mcs 28
[EMURAN-DL-CSV] t=14.791 win_tbs=20 win_fail=3 win_bler=0.15000 mcs_last=28 mcs_min=28 mcs_max=28 r0=18 r1=2 r2=0 r3=0  f0=3 f1=0 f2=0 f3=0 tot_tbs=4220 tot_fail=181 tot_bler=0.04289 tot_init=4027 tot_retx=193
slot 14 index 0 rnti 6050 mcs 28
slot 15 index 0 rnti 6050 mcs 28
slot 16 index 0 rnti 6050 mcs 28
slot 4 index 0 rnti 6050 mcs 28
slot 5 index 0 rnti 6050 mcs 28
slot 6 index 0 rnti 6050 mcs 28
slot 14 index 0 rnti 6050 mcs 28
slot 15 index 0 rnti 6050 mcs 28
slot 16 index 0 rnti 6050 mcs 28
slot 4 index 0 rnti 6050 mcs 28
slot 5 index 0 rnti 6050 mcs 28
slot 6 index 0 rnti 6050 mcs 28
slot 14 index 0 rnti 6050 mcs 28
slot 15 index 0 rnti 6050 mcs 28
slot 16 index 0 rnti 6050 mcs 28
slot 4 index 0 rnti 6050 mcs 28
slot 5 index 0 rnti 6050 mcs 28
slot 6 index 0 rnti 6050 mcs 28
slot 14 index 0 rnti 6050 mcs 28
[EMURAN-DL-CSV] t=14.863 win_tbs=20 win_fail=1 win_bler=0.05000 mcs_last=28 mcs_min=28 mcs_max=28 r0=18 r1=2 r2=0 r3=0  f0=1 f1=0 f2=0 f3=0 tot_tbs=4240 tot_fail=182 tot_bler=0.04292 tot_init=4045 tot_retx=195
slot 15 index 0 rnti 6050 mcs 28
slot 16 index 0 rnti 6050 mcs 28
slot 4 index 0 rnti 6050 mcs 28
slot 5 index 0 rnti 6050 mcs 28
slot 6 index 0 rnti 6050 mcs 28
slot 14 index 0 rnti 6050 mcs 28
slot 15 index 0 rnti 6050 mcs 28
slot 16 index 0 rnti 6050 mcs 28
slot 4 index 0 rnti 6050 mcs 28
slot 5 index 0 rnti 6050 mcs 28
slot 6 index 0 rnti 6050 mcs 28
slot 14 index 0 rnti 6050 mcs 28
slot 15 index 0 rnti 6050 mcs 28
slot 16 index 0 rnti 6050 mcs 28
slot 4 index 0 rnti 6050 mcs 28
slot 5 index 0 rnti 6050 mcs 28
slot 6 index 0 rnti 6050 mcs 28
slot 14 index 0 rnti 6050 mcs 28
slot 15 index 0 rnti 6050 mcs 28
slot 16 index 0 rnti 6050 mcs 28
[EMURAN-DL-CSV] t=14.928 win_tbs=20 win_fail=1 win_bler=0.05000 mcs_last=28 mcs_min=28 mcs_max=28 r0=19 r1=1 r2=0 r3=0  f0=1 f1=0 f2=0 f3=0 tot_tbs=4260 tot_fail=183 tot_bler=0.04296 tot_init=4064 tot_retx=196
[UE-STAT] frame=500 dci_cnt=600 total_tbs=50385600 ack_real=497 nack_real=23 fb_missing=80 decode_cnt=600
slot 4 index 0 rnti 6050 mcs 28
slot 5 index 0 rnti 6050 mcs 28
slot 6 index 0 rnti 6050 mcs 28
slot 14 index 0 rnti 6050 mcs 28
slot 15 index 0 rnti 6050 mcs 28
slot 16 index 0 rnti 6050 mcs 28
slot 4 index 0 rnti 6050 mcs 28
slot 5 index 0 rnti 6050 mcs 28
slot 6 index 0 rnti 6050 mcs 28
slot 14 index 0 rnti 6050 mcs 28
slot 15 index 0 rnti 6050 mcs 28
slot 16 index 0 rnti 6050 mcs 28
slot 4 index 0 rnti 6050 mcs 28
slot 5 index 0 rnti 6050 mcs 28
slot 6 index 0 rnti 6050 mcs 28
slot 14 index 0 rnti 6050 mcs 28
slot 15 index 0 rnti 6050 mcs 28
slot 16 index 0 rnti 6050 mcs 28
slot 4 index 0 rnti 6050 mcs 28
slot 5 index 0 rnti 6050 mcs 28
slot 6 index 0 rnti 6050 mcs 28
[EMURAN-DL-CSV] t=15.001 win_tbs=20 win_fail=1 win_bler=0.05000 mcs_last=28 mcs_min=28 mcs_max=28 r0=19 r1=1 r2=0 r3=0  f0=1 f1=0 f2=0 f3=0 tot_tbs=4280 tot_fail=184 tot_bler=0.04299 tot_init=4083 tot_retx=197
slot 14 index 0 rnti 6050 mcs 28
slot 15 index 0 rnti 6050 mcs 28
slot 16 index 0 rnti 6050 mcs 28
slot 4 index 0 rnti 6050 mcs 28
slot 5 index 0 rnti 6050 mcs 28
slot 6 index 0 rnti 6050 mcs 28
slot 14 index 0 rnti 6050 mcs 28
slot 15 index 0 rnti 6050 mcs 28
slot 16 index 0 rnti 6050 mcs 28
slot 4 index 0 rnti 6050 mcs 28
slot 5 index 0 rnti 6050 mcs 28
slot 6 index 0 rnti 6050 mcs 28
slot 14 index 0 rnti 6050 mcs 28
slot 15 index 0 rnti 6050 mcs 28
slot 16 index 0 rnti 6050 mcs 28
slot 4 index 0 rnti 6050 mcs 28
slot 5 index 0 rnti 6050 mcs 28
slot 6 index 0 rnti 6050 mcs 28
slot 14 index 0 rnti 6050 mcs 28
slot 15 index 0 rnti 6050 mcs 28
[EMURAN-DL-CSV] t=15.074 win_tbs=20 win_fail=2 win_bler=0.10000 mcs_last=28 mcs_min=28 mcs_max=28 r0=18 r1=2 r2=0 r3=0  f0=2 f1=0 f2=0 f3=0 tot_tbs=4300 tot_fail=186 tot_bler=0.04326 tot_init=4101 tot_retx=199
slot 16 index 0 rnti 6050 mcs 28
slot 4 index 0 rnti 6050 mcs 28
slot 5 index 0 rnti 6050 mcs 28
slot 6 index 0 rnti 6050 mcs 28
slot 14 index 0 rnti 6050 mcs 28
slot 15 index 0 rnti 6050 mcs 28
slot 16 index 0 rnti 6050 mcs 28
slot 4 index 0 rnti 6050 mcs 28
slot 5 index 0 rnti 6050 mcs 28
slot 6 index 0 rnti 6050 mcs 28
slot 14 index 0 rnti 6050 mcs 28
slot 15 index 0 rnti 6050 mcs 28
slot 16 index 0 rnti 6050 mcs 28
slot 4 index 0 rnti 6050 mcs 28
slot 5 index 0 rnti 6050 mcs 28
slot 6 index 0 rnti 6050 mcs 28
slot 14 index 0 rnti 6050 mcs 28
slot 15 index 0 rnti 6050 mcs 28
slot 16 index 0 rnti 6050 mcs 28
[EMURAN-DL-CSV] t=15.138 win_tbs=20 win_fail=0 win_bler=0.00000 mcs_last=28 mcs_min=28 mcs_max=28 r0=20 r1=0 r2=0 r3=0  f0=0 f1=0 f2=0 f3=0 tot_tbs=4320 tot_fail=186 tot_bler=0.04306 tot_init=4121 tot_retx=199
slot 4 index 0 rnti 6050 mcs 28
slot 5 index 0 rnti 6050 mcs 28
slot 6 index 0 rnti 6050 mcs 28
slot 14 index 0 rnti 6050 mcs 28
slot 15 index 0 rnti 6050 mcs 28
slot 16 index 0 rnti 6050 mcs 28
slot 4 index 0 rnti 6050 mcs 28
slot 5 index 0 rnti 6050 mcs 28
slot 6 index 0 rnti 6050 mcs 28
slot 14 index 0 rnti 6050 mcs 28
slot 15 index 0 rnti 6050 mcs 28
slot 16 index 0 rnti 6050 mcs 28
slot 4 index 0 rnti 6050 mcs 28
slot 5 index 0 rnti 6050 mcs 28
slot 6 index 0 rnti 6050 mcs 28
slot 14 index 0 rnti 6050 mcs 28
slot 15 index 0 rnti 6050 mcs 28
slot 16 index 0 rnti 6050 mcs 28
slot 4 index 0 rnti 6050 mcs 28
slot 5 index 0 rnti 6050 mcs 28
[EMURAN-DL-CSV] t=15.211 win_tbs=20 win_fail=0 win_bler=0.00000 mcs_last=28 mcs_min=28 mcs_max=28 r0=19 r1=1 r2=0 r3=0  f0=0 f1=0 f2=0 f3=0 tot_tbs=4340 tot_fail=186 tot_bler=0.04286 tot_init=4140 tot_retx=200
slot 6 index 0 rnti 6050 mcs 28
slot 14 index 0 rnti 6050 mcs 28
slot 15 index 0 rnti 6050 mcs 28
slot 16 index 0 rnti 6050 mcs 28
slot 4 index 0 rnti 6050 mcs 28
slot 5 index 0 rnti 6050 mcs 28
slot 6 index 0 rnti 6050 mcs 28
slot 14 index 0 rnti 6050 mcs 28
slot 15 index 0 rnti 6050 mcs 28
slot 16 index 0 rnti 6050 mcs 28
slot 4 index 0 rnti 6050 mcs 28
slot 5 index 0 rnti 6050 mcs 28
slot 6 index 0 rnti 6050 mcs 28
slot 14 index 0 rnti 6050 mcs 28
slot 15 index 0 rnti 6050 mcs 28
slot 16 index 0 rnti 6050 mcs 28
slot 4 index 0 rnti 6050 mcs 28
slot 5 index 0 rnti 6050 mcs 28
slot 6 index 0 rnti 6050 mcs 28
slot 14 index 0 rnti 6050 mcs 28
slot 15 index 0 rnti 6050 mcs 28
[EMURAN-DL-CSV] t=15.284 win_tbs=20 win_fail=0 win_bler=0.00000 mcs_last=28 mcs_min=28 mcs_max=28 r0=20 r1=0 r2=0 r3=0  f0=0 f1=0 f2=0 f3=0 tot_tbs=4360 tot_fail=186 tot_bler=0.04266 tot_init=4160 tot_retx=200
slot 16 index 0 rnti 6050 mcs 28
slot 4 index 0 rnti 6050 mcs 28
slot 5 index 0 rnti 6050 mcs 28
slot 6 index 0 rnti 6050 mcs 28
slot 14 index 0 rnti 6050 mcs 28
slot 15 index 0 rnti 6050 mcs 28
slot 16 index 0 rnti 6050 mcs 28
slot 4 index 0 rnti 6050 mcs 28
slot 5 index 0 rnti 6050 mcs 28
slot 6 index 0 rnti 6050 mcs 28
slot 14 index 0 rnti 6050 mcs 28
slot 15 index 0 rnti 6050 mcs 28
slot 16 index 0 rnti 6050 mcs 28
slot 4 index 0 rnti 6050 mcs 28
slot 5 index 0 rnti 6050 mcs 28
slot 6 index 0 rnti 6050 mcs 28
slot 14 index 0 rnti 6050 mcs 28
slot 15 index 0 rnti 6050 mcs 28
slot 16 index 0 rnti 6050 mcs 28
[EMURAN-DL-CSV] t=15.349 win_tbs=20 win_fail=2 win_bler=0.10000 mcs_last=28 mcs_min=28 mcs_max=28 r0=18 r1=2 r2=0 r3=0  f0=2 f1=0 f2=0 f3=0 tot_tbs=4380 tot_fail=188 tot_bler=0.04292 tot_init=4178 tot_retx=202
slot 4 index 0 rnti 6050 mcs 28
slot 5 index 0 rnti 6050 mcs 28
slot 6 index 0 rnti 6050 mcs 28
slot 14 index 0 rnti 6050 mcs 28
slot 15 index 0 rnti 6050 mcs 28
slot 16 index 0 rnti 6050 mcs 28
slot 4 index 0 rnti 6050 mcs 28
slot 5 index 0 rnti 6050 mcs 28
slot 6 index 0 rnti 6050 mcs 28
slot 14 index 0 rnti 6050 mcs 28
slot 15 index 0 rnti 6050 mcs 28
slot 16 index 0 rnti 6050 mcs 28
slot 4 index 0 rnti 6050 mcs 28
slot 5 index 0 rnti 6050 mcs 28
slot 6 index 0 rnti 6050 mcs 28
slot 14 index 0 rnti 6050 mcs 28
slot 15 index 0 rnti 6050 mcs 28
slot 16 index 0 rnti 6050 mcs 28
slot 4 index 0 rnti 6050 mcs 28
slot 5 index 0 rnti 6050 mcs 28
[EMURAN-DL-CSV] t=15.421 win_tbs=20 win_fail=0 win_bler=0.00000 mcs_last=28 mcs_min=28 mcs_max=28 r0=20 r1=0 r2=0 r3=0  f0=0 f1=0 f2=0 f3=0 tot_tbs=4400 tot_fail=188 tot_bler=0.04273 tot_init=4198 tot_retx=202
slot 6 index 0 rnti 6050 mcs 28
slot 14 index 0 rnti 6050 mcs 28
slot 15 index 0 rnti 6050 mcs 28
slot 16 index 0 rnti 6050 mcs 28
slot 4 index 0 rnti 6050 mcs 28
slot 5 index 0 rnti 6050 mcs 28
slot 6 index 0 rnti 6050 mcs 28
slot 14 index 0 rnti 6050 mcs 28
slot 15 index 0 rnti 6050 mcs 28
slot 16 index 0 rnti 6050 mcs 28
slot 4 index 0 rnti 6050 mcs 28
slot 5 index 0 rnti 6050 mcs 28
slot 6 index 0 rnti 6050 mcs 28
slot 14 index 0 rnti 6050 mcs 28
slot 15 index 0 rnti 6050 mcs 28
slot 16 index 0 rnti 6050 mcs 28
slot 4 index 0 rnti 6050 mcs 28
slot 5 index 0 rnti 6050 mcs 28
slot 6 index 0 rnti 6050 mcs 28
slot 14 index 0 rnti 6050 mcs 28
[EMURAN-DL-CSV] t=15.494 win_tbs=20 win_fail=0 win_bler=0.00000 mcs_last=28 mcs_min=28 mcs_max=28 r0=20 r1=0 r2=0 r3=0  f0=0 f1=0 f2=0 f3=0 tot_tbs=4420 tot_fail=188 tot_bler=0.04253 tot_init=4218 tot_retx=202
slot 15 index 0 rnti 6050 mcs 28
slot 16 index 0 rnti 6050 mcs 28
slot 4 index 0 rnti 6050 mcs 28
slot 5 index 0 rnti 6050 mcs 28
slot 6 index 0 rnti 6050 mcs 28
slot 14 index 0 rnti 6050 mcs 28
slot 15 index 0 rnti 6050 mcs 28
slot 16 index 0 rnti 6050 mcs 28
slot 4 index 0 rnti 6050 mcs 28
slot 5 index 0 rnti 6050 mcs 28
slot 6 index 0 rnti 6050 mcs 28
slot 14 index 0 rnti 6050 mcs 28
slot 15 index 0 rnti 6050 mcs 28
slot 16 index 0 rnti 6050 mcs 28
slot 4 index 0 rnti 6050 mcs 28
slot 5 index 0 rnti 6050 mcs 28
slot 6 index 0 rnti 6050 mcs 28
slot 14 index 0 rnti 6050 mcs 28
slot 15 index 0 rnti 6050 mcs 28
slot 16 index 0 rnti 6050 mcs 28
[EMURAN-DL-CSV] t=15.559 win_tbs=20 win_fail=2 win_bler=0.10000 mcs_last=28 mcs_min=28 mcs_max=28 r0=18 r1=2 r2=0 r3=0  f0=2 f1=0 f2=0 f3=0 tot_tbs=4440 tot_fail=190 tot_bler=0.04279 tot_init=4236 tot_retx=204
slot 4 index 0 rnti 6050 mcs 28
slot 5 index 0 rnti 6050 mcs 28
slot 6 index 0 rnti 6050 mcs 28
slot 14 index 0 rnti 6050 mcs 28
slot 15 index 0 rnti 6050 mcs 28
slot 16 index 0 rnti 6050 mcs 28
slot 4 index 0 rnti 6050 mcs 28
slot 5 index 0 rnti 6050 mcs 28
slot 6 index 0 rnti 6050 mcs 28
slot 14 index 0 rnti 6050 mcs 28
slot 15 index 0 rnti 6050 mcs 28
slot 16 index 0 rnti 6050 mcs 28
slot 4 index 0 rnti 6050 mcs 28
slot 5 index 0 rnti 6050 mcs 28
slot 6 index 0 rnti 6050 mcs 28
slot 14 index 0 rnti 6050 mcs 28
slot 15 index 0 rnti 6050 mcs 28
slot 16 index 0 rnti 6050 mcs 28
slot 4 index 0 rnti 6050 mcs 28
slot 5 index 0 rnti 6050 mcs 28
[EMURAN-DL-CSV] t=15.632 win_tbs=20 win_fail=1 win_bler=0.05000 mcs_last=28 mcs_min=28 mcs_max=28 r0=19 r1=1 r2=0 r3=0  f0=1 f1=0 f2=0 f3=0 tot_tbs=4460 tot_fail=191 tot_bler=0.04283 tot_init=4255 tot_retx=205
slot 6 index 0 rnti 6050 mcs 28
slot 14 index 0 rnti 6050 mcs 28
slot 15 index 0 rnti 6050 mcs 28
slot 16 index 0 rnti 6050 mcs 28
slot 4 index 0 rnti 6050 mcs 28
slot 5 index 0 rnti 6050 mcs 28
slot 6 index 0 rnti 6050 mcs 28
slot 14 index 0 rnti 6050 mcs 28
slot 15 index 0 rnti 6050 mcs 28
slot 16 index 0 rnti 6050 mcs 28
slot 4 index 0 rnti 6050 mcs 28
slot 5 index 0 rnti 6050 mcs 28
slot 6 index 0 rnti 6050 mcs 28
slot 14 index 0 rnti 6050 mcs 28
slot 15 index 0 rnti 6050 mcs 28
slot 16 index 0 rnti 6050 mcs 28
slot 4 index 0 rnti 6050 mcs 28
slot 5 index 0 rnti 6050 mcs 28
slot 6 index 0 rnti 6050 mcs 28
slot 14 index 0 rnti 6050 mcs 28
[EMURAN-DL-CSV] t=15.704 win_tbs=20 win_fail=0 win_bler=0.00000 mcs_last=28 mcs_min=28 mcs_max=28 r0=20 r1=0 r2=0 r3=0  f0=0 f1=0 f2=0 f3=0 tot_tbs=4480 tot_fail=191 tot_bler=0.04263 tot_init=4275 tot_retx=205
slot 15 index 0 rnti 6050 mcs 28
slot 16 index 0 rnti 6050 mcs 28
slot 4 index 0 rnti 6050 mcs 28
slot 5 index 0 rnti 6050 mcs 28
slot 6 index 0 rnti 6050 mcs 28
slot 14 index 0 rnti 6050 mcs 28
slot 15 index 0 rnti 6050 mcs 28
slot 16 index 0 rnti 6050 mcs 28
slot 4 index 0 rnti 6050 mcs 28
slot 5 index 0 rnti 6050 mcs 28
slot 6 index 0 rnti 6050 mcs 28
slot 14 index 0 rnti 6050 mcs 28
slot 15 index 0 rnti 6050 mcs 28
slot 16 index 0 rnti 6050 mcs 28
slot 4 index 0 rnti 6050 mcs 28
slot 5 index 0 rnti 6050 mcs 28
slot 6 index 0 rnti 6050 mcs 28
slot 14 index 0 rnti 6050 mcs 28
slot 15 index 0 rnti 6050 mcs 28
slot 16 index 0 rnti 6050 mcs 28
[EMURAN-DL-CSV] t=15.769 win_tbs=20 win_fail=1 win_bler=0.05000 mcs_last=28 mcs_min=28 mcs_max=28 r0=20 r1=0 r2=0 r3=0  f0=1 f1=0 f2=0 f3=0 tot_tbs=4500 tot_fail=192 tot_bler=0.04267 tot_init=4295 tot_retx=205
slot 4 index 0 rnti 6050 mcs 28
slot 5 index 0 rnti 6050 mcs 28
slot 6 index 0 rnti 6050 mcs 28
slot 14 index 0 rnti 6050 mcs 28
slot 15 index 0 rnti 6050 mcs 28
slot 16 index 0 rnti 6050 mcs 28
slot 4 index 0 rnti 6050 mcs 28
slot 5 index 0 rnti 6050 mcs 28
slot 6 index 0 rnti 6050 mcs 28
slot 14 index 0 rnti 6050 mcs 28
slot 15 index 0 rnti 6050 mcs 28
slot 16 index 0 rnti 6050 mcs 28
slot 4 index 0 rnti 6050 mcs 28
slot 5 index 0 rnti 6050 mcs 28
slot 6 index 0 rnti 6050 mcs 28
slot 14 index 0 rnti 6050 mcs 28
slot 15 index 0 rnti 6050 mcs 28
slot 16 index 0 rnti 6050 mcs 28
slot 4 index 0 rnti 6050 mcs 28
slot 5 index 0 rnti 6050 mcs 28
[EMURAN-DL-CSV] t=15.842 win_tbs=20 win_fail=0 win_bler=0.00000 mcs_last=28 mcs_min=28 mcs_max=28 r0=19 r1=1 r2=0 r3=0  f0=0 f1=0 f2=0 f3=0 tot_tbs=4520 tot_fail=192 tot_bler=0.04248 tot_init=4314 tot_retx=206
slot 6 index 0 rnti 6050 mcs 28
slot 14 index 0 rnti 6050 mcs 28
slot 15 index 0 rnti 6050 mcs 28
slot 16 index 0 rnti 6050 mcs 28
slot 4 index 0 rnti 6050 mcs 28
slot 5 index 0 rnti 6050 mcs 28
slot 6 index 0 rnti 6050 mcs 28
slot 14 index 0 rnti 6050 mcs 28
slot 15 index 0 rnti 6050 mcs 28
slot 16 index 0 rnti 6050 mcs 28
slot 4 index 0 rnti 6050 mcs 28
slot 5 index 0 rnti 6050 mcs 28
slot 6 index 0 rnti 6050 mcs 28
slot 14 index 0 rnti 6050 mcs 28
slot 15 index 0 rnti 6050 mcs 28
slot 16 index 0 rnti 6050 mcs 28
slot 4 index 0 rnti 6050 mcs 28
slot 5 index 0 rnti 6050 mcs 28
slot 6 index 0 rnti 6050 mcs 28
slot 14 index 0 rnti 6050 mcs 28
[EMURAN-DL-CSV] t=15.915 win_tbs=20 win_fail=2 win_bler=0.10000 mcs_last=28 mcs_min=28 mcs_max=28 r0=17 r1=3 r2=0 r3=0  f0=2 f1=0 f2=0 f3=0 tot_tbs=4540 tot_fail=194 tot_bler=0.04273 tot_init=4331 tot_retx=209
slot 15 index 0 rnti 6050 mcs 28
slot 16 index 0 rnti 6050 mcs 28
slot 4 index 0 rnti 6050 mcs 28
slot 5 index 0 rnti 6050 mcs 28
slot 6 index 0 rnti 6050 mcs 28
slot 14 index 0 rnti 6050 mcs 28
slot 15 index 0 rnti 6050 mcs 28
slot 16 index 0 rnti 6050 mcs 28
slot 4 index 0 rnti 6050 mcs 28
slot 5 index 0 rnti 6050 mcs 28
slot 6 index 0 rnti 6050 mcs 28
slot 14 index 0 rnti 6050 mcs 28
slot 15 index 0 rnti 6050 mcs 28
slot 16 index 0 rnti 6050 mcs 28
slot 4 index 0 rnti 6050 mcs 28
slot 5 index 0 rnti 6050 mcs 28
slot 6 index 0 rnti 6050 mcs 28
slot 14 index 0 rnti 6050 mcs 28
slot 15 index 0 rnti 6050 mcs 28
slot 16 index 0 rnti 6050 mcs 28
[EMURAN-DL-CSV] t=15.980 win_tbs=20 win_fail=1 win_bler=0.05000 mcs_last=28 mcs_min=28 mcs_max=28 r0=19 r1=1 r2=0 r3=0  f0=1 f1=0 f2=0 f3=0 tot_tbs=4560 tot_fail=195 tot_bler=0.04276 tot_init=4350 tot_retx=210
slot 4 index 0 rnti 6050 mcs 28
slot 5 index 0 rnti 6050 mcs 28
slot 6 index 0 rnti 6050 mcs 28
slot 14 index 0 rnti 6050 mcs 28
slot 15 index 0 rnti 6050 mcs 28
slot 16 index 0 rnti 6050 mcs 28
slot 4 index 0 rnti 6050 mcs 28
slot 5 index 0 rnti 6050 mcs 28
slot 6 index 0 rnti 6050 mcs 28
slot 14 index 0 rnti 6050 mcs 28
slot 15 index 0 rnti 6050 mcs 28
slot 16 index 0 rnti 6050 mcs 28
slot 4 index 0 rnti 6050 mcs 28
slot 5 index 0 rnti 6050 mcs 28
slot 6 index 0 rnti 6050 mcs 28
slot 14 index 0 rnti 6050 mcs 28
slot 15 index 0 rnti 6050 mcs 28
slot 16 index 0 rnti 6050 mcs 28
slot 4 index 0 rnti 6050 mcs 28
slot 5 index 0 rnti 6050 mcs 28
[EMURAN-DL-CSV] t=16.052 win_tbs=20 win_fail=0 win_bler=0.00000 mcs_last=28 mcs_min=28 mcs_max=28 r0=20 r1=0 r2=0 r3=0  f0=0 f1=0 f2=0 f3=0 tot_tbs=4580 tot_fail=195 tot_bler=0.04258 tot_init=4370 tot_retx=210
slot 6 index 0 rnti 6050 mcs 28
slot 14 index 0 rnti 6050 mcs 28
slot 15 index 0 rnti 6050 mcs 28
slot 16 index 0 rnti 6050 mcs 28
slot 4 index 0 rnti 6050 mcs 28
slot 5 index 0 rnti 6050 mcs 28
slot 6 index 0 rnti 6050 mcs 28
slot 14 index 0 rnti 6050 mcs 28
slot 15 index 0 rnti 6050 mcs 28
slot 16 index 0 rnti 6050 mcs 28
slot 4 index 0 rnti 6050 mcs 28
slot 5 index 0 rnti 6050 mcs 28
slot 6 index 0 rnti 6050 mcs 28
slot 14 index 0 rnti 6050 mcs 28
slot 15 index 0 rnti 6050 mcs 28
slot 16 index 0 rnti 6050 mcs 28
slot 4 index 0 rnti 6050 mcs 28
slot 5 index 0 rnti 6050 mcs 28
slot 6 index 0 rnti 6050 mcs 28
slot 14 index 0 rnti 6050 mcs 28
[EMURAN-DL-CSV] t=16.125 win_tbs=20 win_fail=2 win_bler=0.10000 mcs_last=28 mcs_min=28 mcs_max=28 r0=19 r1=1 r2=0 r3=0  f0=2 f1=0 f2=0 f3=0 tot_tbs=4600 tot_fail=197 tot_bler=0.04283 tot_init=4389 tot_retx=211
slot 15 index 0 rnti 6050 mcs 28
slot 16 index 0 rnti 6050 mcs 28
slot 4 index 0 rnti 6050 mcs 28
slot 5 index 0 rnti 6050 mcs 28
slot 6 index 0 rnti 6050 mcs 28
slot 14 index 0 rnti 6050 mcs 28
slot 15 index 0 rnti 6050 mcs 28
slot 16 index 0 rnti 6050 mcs 28
slot 4 index 0 rnti 6050 mcs 28
slot 5 index 0 rnti 6050 mcs 28
slot 6 index 0 rnti 6050 mcs 28
slot 14 index 0 rnti 6050 mcs 28
slot 15 index 0 rnti 6050 mcs 28
slot 16 index 0 rnti 6050 mcs 28
slot 4 index 0 rnti 6050 mcs 28
slot 5 index 0 rnti 6050 mcs 28
slot 6 index 0 rnti 6050 mcs 28
slot 14 index 0 rnti 6050 mcs 28
slot 15 index 0 rnti 6050 mcs 28
slot 16 index 0 rnti 6050 mcs 28
[EMURAN-DL-CSV] t=16.191 win_tbs=20 win_fail=0 win_bler=0.00000 mcs_last=28 mcs_min=28 mcs_max=28 r0=20 r1=0 r2=0 r3=0  f0=0 f1=0 f2=0 f3=0 tot_tbs=4620 tot_fail=197 tot_bler=0.04264 tot_init=4409 tot_retx=211
slot 4 index 0 rnti 6050 mcs 28
slot 5 index 0 rnti 6050 mcs 28
slot 6 index 0 rnti 6050 mcs 28
slot 14 index 0 rnti 6050 mcs 28
slot 15 index 0 rnti 6050 mcs 28
slot 16 index 0 rnti 6050 mcs 28
slot 4 index 0 rnti 6050 mcs 28
slot 5 index 0 rnti 6050 mcs 28
slot 6 index 0 rnti 6050 mcs 28
slot 14 index 0 rnti 6050 mcs 28
slot 15 index 0 rnti 6050 mcs 28
slot 16 index 0 rnti 6050 mcs 28
slot 4 index 0 rnti 6050 mcs 28
slot 5 index 0 rnti 6050 mcs 28
slot 6 index 0 rnti 6050 mcs 28
slot 14 index 0 rnti 6050 mcs 28
slot 15 index 0 rnti 6050 mcs 28
slot 16 index 0 rnti 6050 mcs 28
slot 4 index 0 rnti 6050 mcs 28
slot 5 index 0 rnti 6050 mcs 28
[EMURAN-DL-CSV] t=16.263 win_tbs=20 win_fail=0 win_bler=0.00000 mcs_last=28 mcs_min=28 mcs_max=28 r0=19 r1=1 r2=0 r3=0  f0=0 f1=0 f2=0 f3=0 tot_tbs=4640 tot_fail=197 tot_bler=0.04246 tot_init=4428 tot_retx=212
slot 6 index 0 rnti 6050 mcs 28
slot 14 index 0 rnti 6050 mcs 28
slot 15 index 0 rnti 6050 mcs 28
slot 16 index 0 rnti 6050 mcs 28
slot 4 index 0 rnti 6050 mcs 28
slot 5 index 0 rnti 6050 mcs 28
slot 6 index 0 rnti 6050 mcs 28
slot 14 index 0 rnti 6050 mcs 28
slot 15 index 0 rnti 6050 mcs 28
slot 16 index 0 rnti 6050 mcs 28
slot 4 index 0 rnti 6050 mcs 28
slot 5 index 0 rnti 6050 mcs 28
slot 6 index 0 rnti 6050 mcs 28
slot 14 index 0 rnti 6050 mcs 28
slot 15 index 0 rnti 6050 mcs 28
slot 16 index 0 rnti 6050 mcs 28
slot 4 index 0 rnti 6050 mcs 28
slot 5 index 0 rnti 6050 mcs 28
slot 6 index 0 rnti 6050 mcs 28
slot 14 index 0 rnti 6050 mcs 28
[EMURAN-DL-CSV] t=16.335 win_tbs=20 win_fail=0 win_bler=0.00000 mcs_last=28 mcs_min=28 mcs_max=28 r0=20 r1=0 r2=0 r3=0  f0=0 f1=0 f2=0 f3=0 tot_tbs=4660 tot_fail=197 tot_bler=0.04227 tot_init=4448 tot_retx=212
slot 15 index 0 rnti 6050 mcs 28
slot 16 index 0 rnti 6050 mcs 28
slot 4 index 0 rnti 6050 mcs 28
slot 5 index 0 rnti 6050 mcs 28
slot 6 index 0 rnti 6050 mcs 28
slot 14 index 0 rnti 6050 mcs 28
slot 15 index 0 rnti 6050 mcs 28
slot 16 index 0 rnti 6050 mcs 28
slot 4 index 0 rnti 6050 mcs 28
slot 5 index 0 rnti 6050 mcs 28
slot 6 index 0 rnti 6050 mcs 28
slot 14 index 0 rnti 6050 mcs 28
slot 15 index 0 rnti 6050 mcs 28
slot 16 index 0 rnti 6050 mcs 28
slot 4 index 0 rnti 6050 mcs 28
slot 5 index 0 rnti 6050 mcs 28
slot 6 index 0 rnti 6050 mcs 28
slot 14 index 0 rnti 6050 mcs 28
slot 15 index 0 rnti 6050 mcs 28
slot 16 index 0 rnti 6050 mcs 28
[EMURAN-DL-CSV] t=16.401 win_tbs=20 win_fail=3 win_bler=0.15000 mcs_last=28 mcs_min=28 mcs_max=28 r0=18 r1=1 r2=1 r3=0  f0=2 f1=1 f2=0 f3=0 tot_tbs=4680 tot_fail=200 tot_bler=0.04274 tot_init=4466 tot_retx=214
slot 4 index 0 rnti 6050 mcs 28
slot 5 index 0 rnti 6050 mcs 28
slot 6 index 0 rnti 6050 mcs 28
slot 14 index 0 rnti 6050 mcs 28
slot 15 index 0 rnti 6050 mcs 28
slot 16 index 0 rnti 6050 mcs 28
slot 4 index 0 rnti 6050 mcs 28
slot 5 index 0 rnti 6050 mcs 28
slot 6 index 0 rnti 6050 mcs 28
slot 14 index 0 rnti 6050 mcs 28
slot 15 index 0 rnti 6050 mcs 28
slot 16 index 0 rnti 6050 mcs 28
slot 4 index 0 rnti 6050 mcs 28
slot 5 index 0 rnti 6050 mcs 28
slot 6 index 0 rnti 6050 mcs 28
slot 14 index 0 rnti 6050 mcs 28
slot 15 index 0 rnti 6050 mcs 28
slot 16 index 0 rnti 6050 mcs 28
slot 4 index 0 rnti 6050 mcs 28
slot 5 index 0 rnti 6050 mcs 28
[EMURAN-DL-CSV] t=16.473 win_tbs=20 win_fail=1 win_bler=0.05000 mcs_last=28 mcs_min=28 mcs_max=28 r0=19 r1=1 r2=0 r3=0  f0=1 f1=0 f2=0 f3=0 tot_tbs=4700 tot_fail=201 tot_bler=0.04277 tot_init=4485 tot_retx=215
slot 6 index 0 rnti 6050 mcs 28
slot 14 index 0 rnti 6050 mcs 28
slot 15 index 0 rnti 6050 mcs 28
slot 16 index 0 rnti 6050 mcs 28
slot 4 index 0 rnti 6050 mcs 28
slot 5 index 0 rnti 6050 mcs 28
slot 6 index 0 rnti 6050 mcs 28
slot 14 index 0 rnti 6050 mcs 28
slot 15 index 0 rnti 6050 mcs 28
slot 16 index 0 rnti 6050 mcs 28
slot 4 index 0 rnti 6050 mcs 28
slot 5 index 0 rnti 6050 mcs 28
slot 6 index 0 rnti 6050 mcs 28
slot 14 index 0 rnti 6050 mcs 28
slot 15 index 0 rnti 6050 mcs 28
slot 16 index 0 rnti 6050 mcs 28
slot 4 index 0 rnti 6050 mcs 28
slot 5 index 0 rnti 6050 mcs 28
slot 6 index 0 rnti 6050 mcs 28
slot 14 index 0 rnti 6050 mcs 28
slot 15 index 0 rnti 6050 mcs 28
[EMURAN-DL-CSV] t=16.547 win_tbs=20 win_fail=1 win_bler=0.05000 mcs_last=28 mcs_min=28 mcs_max=28 r0=18 r1=2 r2=0 r3=0  f0=1 f1=0 f2=0 f3=0 tot_tbs=4720 tot_fail=202 tot_bler=0.04280 tot_init=4503 tot_retx=217
slot 16 index 0 rnti 6050 mcs 28
slot 4 index 0 rnti 6050 mcs 28
slot 5 index 0 rnti 6050 mcs 28
slot 6 index 0 rnti 6050 mcs 28
slot 14 index 0 rnti 6050 mcs 28
slot 15 index 0 rnti 6050 mcs 28
slot 16 index 0 rnti 6050 mcs 28
slot 4 index 0 rnti 6050 mcs 28
slot 5 index 0 rnti 6050 mcs 28
slot 6 index 0 rnti 6050 mcs 28
slot 14 index 0 rnti 6050 mcs 28
slot 15 index 0 rnti 6050 mcs 28
slot 16 index 0 rnti 6050 mcs 28
slot 4 index 0 rnti 6050 mcs 28
slot 5 index 0 rnti 6050 mcs 28
slot 6 index 0 rnti 6050 mcs 28
slot 14 index 0 rnti 6050 mcs 28
slot 15 index 0 rnti 6050 mcs 28
slot 16 index 0 rnti 6050 mcs 28
[EMURAN-DL-CSV] t=16.611 win_tbs=20 win_fail=3 win_bler=0.15000 mcs_last=28 mcs_min=28 mcs_max=28 r0=17 r1=3 r2=0 r3=0  f0=2 f1=1 f2=0 f3=0 tot_tbs=4740 tot_fail=205 tot_bler=0.04325 tot_init=4520 tot_retx=220
slot 4 index 0 rnti 6050 mcs 28
slot 5 index 0 rnti 6050 mcs 28
slot 6 index 0 rnti 6050 mcs 28
slot 14 index 0 rnti 6050 mcs 28
slot 15 index 0 rnti 6050 mcs 28
slot 16 index 0 rnti 6050 mcs 28
slot 4 index 0 rnti 6050 mcs 28
slot 5 index 0 rnti 6050 mcs 28
slot 6 index 0 rnti 6050 mcs 28
slot 14 index 0 rnti 6050 mcs 28
slot 15 index 0 rnti 6050 mcs 28
slot 16 index 0 rnti 6050 mcs 28
slot 4 index 0 rnti 6050 mcs 28
slot 5 index 0 rnti 6050 mcs 28
slot 6 index 0 rnti 6050 mcs 28
slot 14 index 0 rnti 6050 mcs 28
slot 15 index 0 rnti 6050 mcs 28
slot 16 index 0 rnti 6050 mcs 28
slot 4 index 0 rnti 6050 mcs 28
slot 5 index 0 rnti 6050 mcs 28
[EMURAN-DL-CSV] t=16.683 win_tbs=20 win_fail=0 win_bler=0.00000 mcs_last=28 mcs_min=28 mcs_max=28 r0=20 r1=0 r2=0 r3=0  f0=0 f1=0 f2=0 f3=0 tot_tbs=4760 tot_fail=205 tot_bler=0.04307 tot_init=4540 tot_retx=220
slot 6 index 0 rnti 6050 mcs 28
slot 14 index 0 rnti 6050 mcs 28
slot 15 index 0 rnti 6050 mcs 28
slot 16 index 0 rnti 6050 mcs 28
slot 4 index 0 rnti 6050 mcs 28
slot 5 index 0 rnti 6050 mcs 28
slot 6 index 0 rnti 6050 mcs 28
slot 14 index 0 rnti 6050 mcs 28
slot 15 index 0 rnti 6050 mcs 28
slot 16 index 0 rnti 6050 mcs 28
slot 4 index 0 rnti 6050 mcs 28
slot 5 index 0 rnti 6050 mcs 28
slot 6 index 0 rnti 6050 mcs 28
slot 14 index 0 rnti 6050 mcs 28
slot 15 index 0 rnti 6050 mcs 28
slot 16 index 0 rnti 6050 mcs 28
slot 4 index 0 rnti 6050 mcs 28
slot 5 index 0 rnti 6050 mcs 28
slot 6 index 0 rnti 6050 mcs 28
slot 14 index 0 rnti 6050 mcs 28
[EMURAN-DL-CSV] t=16.756 win_tbs=20 win_fail=1 win_bler=0.05000 mcs_last=28 mcs_min=28 mcs_max=28 r0=19 r1=1 r2=0 r3=0  f0=1 f1=0 f2=0 f3=0 tot_tbs=4780 tot_fail=206 tot_bler=0.04310 tot_init=4559 tot_retx=221
slot 15 index 0 rnti 6050 mcs 28
slot 16 index 0 rnti 6050 mcs 28
slot 4 index 0 rnti 6050 mcs 28
slot 5 index 0 rnti 6050 mcs 28
slot 6 index 0 rnti 6050 mcs 28
slot 14 index 0 rnti 6050 mcs 28
slot 15 index 0 rnti 6050 mcs 28
slot 16 index 0 rnti 6050 mcs 28
slot 4 index 0 rnti 6050 mcs 28
slot 5 index 0 rnti 6050 mcs 28
slot 6 index 0 rnti 6050 mcs 28
slot 14 index 0 rnti 6050 mcs 28
slot 15 index 0 rnti 6050 mcs 28
slot 16 index 0 rnti 6050 mcs 28
slot 4 index 0 rnti 6050 mcs 28
slot 5 index 0 rnti 6050 mcs 28
slot 6 index 0 rnti 6050 mcs 28
slot 14 index 0 rnti 6050 mcs 28
slot 15 index 0 rnti 6050 mcs 28
slot 16 index 0 rnti 6050 mcs 28
[EMURAN-DL-CSV] t=16.821 win_tbs=20 win_fail=2 win_bler=0.10000 mcs_last=28 mcs_min=28 mcs_max=28 r0=18 r1=2 r2=0 r3=0  f0=1 f1=1 f2=0 f3=0 tot_tbs=4800 tot_fail=208 tot_bler=0.04333 tot_init=4577 tot_retx=223
slot 4 index 0 rnti 6050 mcs 28
slot 5 index 0 rnti 6050 mcs 28
slot 6 index 0 rnti 6050 mcs 28
slot 14 index 0 rnti 6050 mcs 28
slot 15 index 0 rnti 6050 mcs 28
slot 16 index 0 rnti 6050 mcs 28
slot 4 index 0 rnti 6050 mcs 28
slot 5 index 0 rnti 6050 mcs 28
slot 6 index 0 rnti 6050 mcs 28
slot 14 index 0 rnti 6050 mcs 28
slot 15 index 0 rnti 6050 mcs 28
slot 16 index 0 rnti 6050 mcs 28
slot 4 index 0 rnti 6050 mcs 28
slot 5 index 0 rnti 6050 mcs 28
slot 6 index 0 rnti 6050 mcs 28
slot 14 index 0 rnti 6050 mcs 28
slot 15 index 0 rnti 6050 mcs 28
slot 16 index 0 rnti 6050 mcs 28
slot 4 index 0 rnti 6050 mcs 28
slot 5 index 0 rnti 6050 mcs 28
[EMURAN-DL-CSV] t=16.894 win_tbs=20 win_fail=0 win_bler=0.00000 mcs_last=28 mcs_min=28 mcs_max=28 r0=19 r1=1 r2=0 r3=0  f0=0 f1=0 f2=0 f3=0 tot_tbs=4820 tot_fail=208 tot_bler=0.04315 tot_init=4596 tot_retx=224
slot 6 index 0 rnti 6050 mcs 28
slot 14 index 0 rnti 6050 mcs 28
slot 15 index 0 rnti 6050 mcs 28
slot 16 index 0 rnti 6050 mcs 28
slot 4 index 0 rnti 6050 mcs 28
slot 5 index 0 rnti 6050 mcs 28
slot 6 index 0 rnti 6050 mcs 28
slot 14 index 0 rnti 6050 mcs 28
slot 15 index 0 rnti 6050 mcs 28
slot 16 index 0 rnti 6050 mcs 28
slot 4 index 0 rnti 6050 mcs 28
slot 5 index 0 rnti 6050 mcs 28
slot 6 index 0 rnti 6050 mcs 28
slot 14 index 0 rnti 6050 mcs 28
slot 15 index 0 rnti 6050 mcs 28
slot 16 index 0 rnti 6050 mcs 28
slot 4 index 0 rnti 6050 mcs 28
slot 5 index 0 rnti 6050 mcs 28
slot 6 index 0 rnti 6050 mcs 28
slot 14 index 0 rnti 6050 mcs 28
[EMURAN-DL-CSV] t=16.966 win_tbs=20 win_fail=2 win_bler=0.10000 mcs_last=28 mcs_min=28 mcs_max=28 r0=18 r1=2 r2=0 r3=0  f0=1 f1=1 f2=0 f3=0 tot_tbs=4840 tot_fail=210 tot_bler=0.04339 tot_init=4614 tot_retx=226
slot 15 index 0 rnti 6050 mcs 28
slot 16 index 0 rnti 6050 mcs 28
slot 4 index 0 rnti 6050 mcs 28
slot 5 index 0 rnti 6050 mcs 28
slot 6 index 0 rnti 6050 mcs 28
slot 14 index 0 rnti 6050 mcs 28
slot 15 index 0 rnti 6050 mcs 28
slot 16 index 0 rnti 6050 mcs 28
slot 4 index 0 rnti 6050 mcs 28
slot 5 index 0 rnti 6050 mcs 28
slot 6 index 0 rnti 6050 mcs 28
slot 14 index 0 rnti 6050 mcs 28
slot 15 index 0 rnti 6050 mcs 28
slot 16 index 0 rnti 6050 mcs 28
slot 4 index 0 rnti 6050 mcs 28
slot 5 index 0 rnti 6050 mcs 28
slot 6 index 0 rnti 6050 mcs 28
slot 14 index 0 rnti 6050 mcs 28
slot 15 index 0 rnti 6050 mcs 28
slot 16 index 0 rnti 6050 mcs 28
[EMURAN-DL-CSV] t=17.032 win_tbs=20 win_fail=1 win_bler=0.05000 mcs_last=28 mcs_min=28 mcs_max=28 r0=19 r1=1 r2=0 r3=0  f0=1 f1=0 f2=0 f3=0 tot_tbs=4860 tot_fail=211 tot_bler=0.04342 tot_init=4633 tot_retx=227
[UE-STAT] frame=600 dci_cnt=600 total_tbs=50385600 ack_real=494 nack_real=25 fb_missing=81 decode_cnt=600
slot 4 index 0 rnti 6050 mcs 28
slot 5 index 0 rnti 6050 mcs 28
slot 6 index 0 rnti 6050 mcs 28
slot 14 index 0 rnti 6050 mcs 28
slot 15 index 0 rnti 6050 mcs 28
slot 16 index 0 rnti 6050 mcs 28
slot 4 index 0 rnti 6050 mcs 28
slot 5 index 0 rnti 6050 mcs 28
slot 6 index 0 rnti 6050 mcs 28
slot 14 index 0 rnti 6050 mcs 28
slot 15 index 0 rnti 6050 mcs 28
slot 16 index 0 rnti 6050 mcs 28
slot 4 index 0 rnti 6050 mcs 28
slot 5 index 0 rnti 6050 mcs 28
slot 6 index 0 rnti 6050 mcs 28
slot 14 index 0 rnti 6050 mcs 28
slot 15 index 0 rnti 6050 mcs 28
slot 16 index 0 rnti 6050 mcs 28
slot 4 index 0 rnti 6050 mcs 28
slot 5 index 0 rnti 6050 mcs 28
[EMURAN-DL-CSV] t=17.104 win_tbs=20 win_fail=2 win_bler=0.10000 mcs_last=28 mcs_min=28 mcs_max=28 r0=19 r1=1 r2=0 r3=0  f0=2 f1=0 f2=0 f3=0 tot_tbs=4880 tot_fail=213 tot_bler=0.04365 tot_init=4652 tot_retx=228
slot 6 index 0 rnti 6050 mcs 28
slot 14 index 0 rnti 6050 mcs 28
slot 15 index 0 rnti 6050 mcs 28
slot 16 index 0 rnti 6050 mcs 28
slot 4 index 0 rnti 6050 mcs 28
slot 5 index 0 rnti 6050 mcs 28
slot 6 index 0 rnti 6050 mcs 28
slot 14 index 0 rnti 6050 mcs 28
slot 15 index 0 rnti 6050 mcs 28
slot 16 index 0 rnti 6050 mcs 28
slot 4 index 0 rnti 6050 mcs 28
slot 5 index 0 rnti 6050 mcs 28
slot 6 index 0 rnti 6050 mcs 28
slot 14 index 0 rnti 6050 mcs 28
slot 15 index 0 rnti 6050 mcs 28
slot 16 index 0 rnti 6050 mcs 28
slot 4 index 0 rnti 6050 mcs 28
slot 5 index 0 rnti 6050 mcs 28
slot 6 index 0 rnti 6050 mcs 28
slot 14 index 0 rnti 6050 mcs 28
[EMURAN-DL-CSV] t=17.177 win_tbs=20 win_fail=0 win_bler=0.00000 mcs_last=28 mcs_min=28 mcs_max=28 r0=19 r1=1 r2=0 r3=0  f0=0 f1=0 f2=0 f3=0 tot_tbs=4900 tot_fail=213 tot_bler=0.04347 tot_init=4671 tot_retx=229
slot 15 index 0 rnti 6050 mcs 28
slot 16 index 0 rnti 6050 mcs 28
slot 4 index 0 rnti 6050 mcs 28
slot 5 index 0 rnti 6050 mcs 28
slot 6 index 0 rnti 6050 mcs 28
slot 14 index 0 rnti 6050 mcs 28
slot 15 index 0 rnti 6050 mcs 28
slot 16 index 0 rnti 6050 mcs 28
slot 4 index 0 rnti 6050 mcs 28
slot 5 index 0 rnti 6050 mcs 28
slot 6 index 0 rnti 6050 mcs 28
slot 14 index 0 rnti 6050 mcs 28
slot 15 index 0 rnti 6050 mcs 28
slot 16 index 0 rnti 6050 mcs 28
slot 4 index 0 rnti 6050 mcs 28
slot 5 index 0 rnti 6050 mcs 28
slot 6 index 0 rnti 6050 mcs 28
slot 14 index 0 rnti 6050 mcs 28
slot 15 index 0 rnti 6050 mcs 28
slot 16 index 0 rnti 6050 mcs 28
[EMURAN-DL-CSV] t=17.242 win_tbs=20 win_fail=0 win_bler=0.00000 mcs_last=28 mcs_min=28 mcs_max=28 r0=19 r1=1 r2=0 r3=0  f0=0 f1=0 f2=0 f3=0 tot_tbs=4920 tot_fail=213 tot_bler=0.04329 tot_init=4690 tot_retx=230
slot 4 index 0 rnti 6050 mcs 28
slot 5 index 0 rnti 6050 mcs 28
slot 6 index 0 rnti 6050 mcs 28
slot 14 index 0 rnti 6050 mcs 28
slot 15 index 0 rnti 6050 mcs 28
slot 16 index 0 rnti 6050 mcs 28
slot 4 index 0 rnti 6050 mcs 28
slot 5 index 0 rnti 6050 mcs 28
slot 6 index 0 rnti 6050 mcs 28
slot 14 index 0 rnti 6050 mcs 28
slot 15 index 0 rnti 6050 mcs 28
slot 16 index 0 rnti 6050 mcs 28
slot 4 index 0 rnti 6050 mcs 28
slot 5 index 0 rnti 6050 mcs 28
slot 6 index 0 rnti 6050 mcs 28
slot 14 index 0 rnti 6050 mcs 28
slot 15 index 0 rnti 6050 mcs 28
slot 16 index 0 rnti 6050 mcs 28
slot 4 index 0 rnti 6050 mcs 28
slot 5 index 0 rnti 6050 mcs 28
[EMURAN-DL-CSV] t=17.315 win_tbs=20 win_fail=1 win_bler=0.05000 mcs_last=28 mcs_min=28 mcs_max=28 r0=19 r1=1 r2=0 r3=0  f0=1 f1=0 f2=0 f3=0 tot_tbs=4940 tot_fail=214 tot_bler=0.04332 tot_init=4709 tot_retx=231
slot 6 index 0 rnti 6050 mcs 28
slot 14 index 0 rnti 6050 mcs 28
slot 15 index 0 rnti 6050 mcs 28
slot 16 index 0 rnti 6050 mcs 28
slot 4 index 0 rnti 6050 mcs 28
slot 5 index 0 rnti 6050 mcs 28
slot 6 index 0 rnti 6050 mcs 28
slot 14 index 0 rnti 6050 mcs 28
slot 15 index 0 rnti 6050 mcs 28
slot 16 index 0 rnti 6050 mcs 28
slot 4 index 0 rnti 6050 mcs 28
slot 5 index 0 rnti 6050 mcs 28
slot 6 index 0 rnti 6050 mcs 28
slot 14 index 0 rnti 6050 mcs 28
slot 15 index 0 rnti 6050 mcs 28
slot 16 index 0 rnti 6050 mcs 28
slot 4 index 0 rnti 6050 mcs 28
slot 5 index 0 rnti 6050 mcs 28
slot 6 index 0 rnti 6050 mcs 28
slot 14 index 0 rnti 6050 mcs 28
[EMURAN-DL-CSV] t=17.387 win_tbs=20 win_fail=0 win_bler=0.00000 mcs_last=28 mcs_min=28 mcs_max=28 r0=20 r1=0 r2=0 r3=0  f0=0 f1=0 f2=0 f3=0 tot_tbs=4960 tot_fail=214 tot_bler=0.04315 tot_init=4729 tot_retx=231
slot 15 index 0 rnti 6050 mcs 28
slot 16 index 0 rnti 6050 mcs 28
slot 4 index 0 rnti 6050 mcs 28
slot 5 index 0 rnti 6050 mcs 28
slot 6 index 0 rnti 6050 mcs 28
slot 14 index 0 rnti 6050 mcs 28
slot 15 index 0 rnti 6050 mcs 28
slot 16 index 0 rnti 6050 mcs 28
slot 4 index 0 rnti 6050 mcs 28
slot 5 index 0 rnti 6050 mcs 28
slot 6 index 0 rnti 6050 mcs 28
slot 14 index 0 rnti 6050 mcs 28
slot 15 index 0 rnti 6050 mcs 28
slot 16 index 0 rnti 6050 mcs 28
slot 4 index 0 rnti 6050 mcs 28
slot 5 index 0 rnti 6050 mcs 28
slot 6 index 0 rnti 6050 mcs 28
slot 14 index 0 rnti 6050 mcs 28
slot 15 index 0 rnti 6050 mcs 28
slot 16 index 0 rnti 6050 mcs 28
[EMURAN-DL-CSV] t=17.453 win_tbs=20 win_fail=2 win_bler=0.10000 mcs_last=28 mcs_min=28 mcs_max=28 r0=18 r1=2 r2=0 r3=0  f0=1 f1=1 f2=0 f3=0 tot_tbs=4980 tot_fail=216 tot_bler=0.04337 tot_init=4747 tot_retx=233
slot 4 index 0 rnti 6050 mcs 28
slot 5 index 0 rnti 6050 mcs 28
slot 6 index 0 rnti 6050 mcs 28
slot 14 index 0 rnti 6050 mcs 28
slot 15 index 0 rnti 6050 mcs 28
slot 16 index 0 rnti 6050 mcs 28
slot 4 index 0 rnti 6050 mcs 28
slot 5 index 0 rnti 6050 mcs 28
slot 6 index 0 rnti 6050 mcs 28
slot 14 index 0 rnti 6050 mcs 28
slot 15 index 0 rnti 6050 mcs 28
slot 16 index 0 rnti 6050 mcs 28
slot 4 index 0 rnti 6050 mcs 28
slot 5 index 0 rnti 6050 mcs 28
slot 6 index 0 rnti 6050 mcs 28
slot 14 index 0 rnti 6050 mcs 28
slot 15 index 0 rnti 6050 mcs 28
slot 16 index 0 rnti 6050 mcs 28
slot 4 index 0 rnti 6050 mcs 28
slot 5 index 0 rnti 6050 mcs 28
[EMURAN-DL-CSV] t=17.525 win_tbs=20 win_fail=4 win_bler=0.20000 mcs_last=28 mcs_min=28 mcs_max=28 r0=16 r1=4 r2=0 r3=0  f0=4 f1=0 f2=0 f3=0 tot_tbs=5000 tot_fail=220 tot_bler=0.04400 tot_init=4763 tot_retx=237
slot 6 index 0 rnti 6050 mcs 28
slot 14 index 0 rnti 6050 mcs 28
slot 15 index 0 rnti 6050 mcs 28
slot 16 index 0 rnti 6050 mcs 28
slot 4 index 0 rnti 6050 mcs 28
slot 5 index 0 rnti 6050 mcs 28
slot 6 index 0 rnti 6050 mcs 28
slot 14 index 0 rnti 6050 mcs 28
slot 15 index 0 rnti 6050 mcs 28
slot 16 index 0 rnti 6050 mcs 28
slot 4 index 0 rnti 6050 mcs 28
slot 5 index 0 rnti 6050 mcs 28
slot 6 index 0 rnti 6050 mcs 28
slot 14 index 0 rnti 6050 mcs 28
slot 15 index 0 rnti 6050 mcs 28
slot 16 index 0 rnti 6050 mcs 28
slot 4 index 0 rnti 6050 mcs 28
slot 5 index 0 rnti 6050 mcs 28
slot 6 index 0 rnti 6050 mcs 28
slot 14 index 0 rnti 6050 mcs 28
[EMURAN-DL-CSV] t=17.598 win_tbs=20 win_fail=2 win_bler=0.10000 mcs_last=28 mcs_min=28 mcs_max=28 r0=17 r1=3 r2=0 r3=0  f0=2 f1=0 f2=0 f3=0 tot_tbs=5020 tot_fail=222 tot_bler=0.04422 tot_init=4780 tot_retx=240
slot 15 index 0 rnti 6050 mcs 28
slot 16 index 0 rnti 6050 mcs 28
slot 4 index 0 rnti 6050 mcs 28
slot 5 index 0 rnti 6050 mcs 28
slot 6 index 0 rnti 6050 mcs 28
slot 14 index 0 rnti 6050 mcs 28
slot 15 index 0 rnti 6050 mcs 28
slot 16 index 0 rnti 6050 mcs 28
slot 4 index 0 rnti 6050 mcs 28
slot 5 index 0 rnti 6050 mcs 28
slot 6 index 0 rnti 6050 mcs 28
slot 14 index 0 rnti 6050 mcs 28
slot 15 index 0 rnti 6050 mcs 28
slot 16 index 0 rnti 6050 mcs 28
slot 4 index 0 rnti 6050 mcs 28
slot 5 index 0 rnti 6050 mcs 28
slot 6 index 0 rnti 6050 mcs 28
slot 14 index 0 rnti 6050 mcs 28
slot 15 index 0 rnti 6050 mcs 28
slot 16 index 0 rnti 6050 mcs 28
[EMURAN-DL-CSV] t=17.664 win_tbs=20 win_fail=2 win_bler=0.10000 mcs_last=28 mcs_min=28 mcs_max=28 r0=18 r1=2 r2=0 r3=0  f0=2 f1=0 f2=0 f3=0 tot_tbs=5040 tot_fail=224 tot_bler=0.04444 tot_init=4798 tot_retx=242
slot 4 index 0 rnti 6050 mcs 28
slot 5 index 0 rnti 6050 mcs 28
slot 6 index 0 rnti 6050 mcs 28
slot 14 index 0 rnti 6050 mcs 28
slot 15 index 0 rnti 6050 mcs 28
slot 16 index 0 rnti 6050 mcs 28
slot 4 index 0 rnti 6050 mcs 28
slot 5 index 0 rnti 6050 mcs 28
slot 6 index 0 rnti 6050 mcs 28
slot 14 index 0 rnti 6050 mcs 28
slot 15 index 0 rnti 6050 mcs 28
slot 16 index 0 rnti 6050 mcs 28
slot 4 index 0 rnti 6050 mcs 28
slot 5 index 0 rnti 6050 mcs 28
slot 6 index 0 rnti 6050 mcs 28
slot 14 index 0 rnti 6050 mcs 28
slot 15 index 0 rnti 6050 mcs 28
slot 16 index 0 rnti 6050 mcs 28
slot 4 index 0 rnti 6050 mcs 28
slot 5 index 0 rnti 6050 mcs 28
[EMURAN-DL-CSV] t=17.736 win_tbs=20 win_fail=1 win_bler=0.05000 mcs_last=28 mcs_min=28 mcs_max=28 r0=19 r1=1 r2=0 r3=0  f0=1 f1=0 f2=0 f3=0 tot_tbs=5060 tot_fail=225 tot_bler=0.04447 tot_init=4817 tot_retx=243
slot 6 index 0 rnti 6050 mcs 28
slot 14 index 0 rnti 6050 mcs 28
slot 15 index 0 rnti 6050 mcs 28
slot 16 index 0 rnti 6050 mcs 28
slot 4 index 0 rnti 6050 mcs 28
slot 5 index 0 rnti 6050 mcs 28
slot 6 index 0 rnti 6050 mcs 28
slot 14 index 0 rnti 6050 mcs 28
slot 15 index 0 rnti 6050 mcs 28
slot 16 index 0 rnti 6050 mcs 28
slot 4 index 0 rnti 6050 mcs 28
slot 5 index 0 rnti 6050 mcs 28
slot 6 index 0 rnti 6050 mcs 28
slot 14 index 0 rnti 6050 mcs 28
slot 15 index 0 rnti 6050 mcs 28
slot 16 index 0 rnti 6050 mcs 28
slot 4 index 0 rnti 6050 mcs 28
slot 5 index 0 rnti 6050 mcs 28
slot 6 index 0 rnti 6050 mcs 28
slot 14 index 0 rnti 6050 mcs 28
[EMURAN-DL-CSV] t=17.808 win_tbs=20 win_fail=1 win_bler=0.05000 mcs_last=28 mcs_min=28 mcs_max=28 r0=19 r1=1 r2=0 r3=0  f0=1 f1=0 f2=0 f3=0 tot_tbs=5080 tot_fail=226 tot_bler=0.04449 tot_init=4836 tot_retx=244
slot 15 index 0 rnti 6050 mcs 28
slot 16 index 0 rnti 6050 mcs 28
slot 4 index 0 rnti 6050 mcs 28
slot 5 index 0 rnti 6050 mcs 28
slot 6 index 0 rnti 6050 mcs 28
slot 14 index 0 rnti 6050 mcs 28
slot 15 index 0 rnti 6050 mcs 28
slot 16 index 0 rnti 6050 mcs 28
slot 4 index 0 rnti 6050 mcs 28
slot 5 index 0 rnti 6050 mcs 28
slot 6 index 0 rnti 6050 mcs 28
slot 14 index 0 rnti 6050 mcs 28
slot 15 index 0 rnti 6050 mcs 28
slot 16 index 0 rnti 6050 mcs 28
slot 4 index 0 rnti 6050 mcs 28
slot 5 index 0 rnti 6050 mcs 28
slot 6 index 0 rnti 6050 mcs 28
slot 14 index 0 rnti 6050 mcs 28
slot 15 index 0 rnti 6050 mcs 28
slot 16 index 0 rnti 6050 mcs 28
[EMURAN-DL-CSV] t=17.874 win_tbs=20 win_fail=2 win_bler=0.10000 mcs_last=28 mcs_min=28 mcs_max=28 r0=18 r1=2 r2=0 r3=0  f0=2 f1=0 f2=0 f3=0 tot_tbs=5100 tot_fail=228 tot_bler=0.04471 tot_init=4854 tot_retx=246
slot 4 index 0 rnti 6050 mcs 28
slot 5 index 0 rnti 6050 mcs 28
slot 6 index 0 rnti 6050 mcs 28
slot 14 index 0 rnti 6050 mcs 28
slot 15 index 0 rnti 6050 mcs 28
slot 16 index 0 rnti 6050 mcs 28
slot 4 index 0 rnti 6050 mcs 28
slot 5 index 0 rnti 6050 mcs 28
slot 6 index 0 rnti 6050 mcs 28
slot 14 index 0 rnti 6050 mcs 28
slot 15 index 0 rnti 6050 mcs 28
slot 16 index 0 rnti 6050 mcs 28
slot 4 index 0 rnti 6050 mcs 28
slot 5 index 0 rnti 6050 mcs 28
slot 6 index 0 rnti 6050 mcs 28
slot 14 index 0 rnti 6050 mcs 28
slot 15 index 0 rnti 6050 mcs 28
slot 16 index 0 rnti 6050 mcs 28
slot 4 index 0 rnti 6050 mcs 28
slot 5 index 0 rnti 6050 mcs 28
[EMURAN-DL-CSV] t=17.946 win_tbs=20 win_fail=1 win_bler=0.05000 mcs_last=28 mcs_min=28 mcs_max=28 r0=19 r1=1 r2=0 r3=0  f0=1 f1=0 f2=0 f3=0 tot_tbs=5120 tot_fail=229 tot_bler=0.04473 tot_init=4873 tot_retx=247
slot 6 index 0 rnti 6050 mcs 28
slot 14 index 0 rnti 6050 mcs 28
slot 15 index 0 rnti 6050 mcs 28
slot 16 index 0 rnti 6050 mcs 28
slot 4 index 0 rnti 6050 mcs 28
slot 5 index 0 rnti 6050 mcs 28
slot 6 index 0 rnti 6050 mcs 28
slot 14 index 0 rnti 6050 mcs 28
slot 15 index 0 rnti 6050 mcs 28
slot 16 index 0 rnti 6050 mcs 28
slot 4 index 0 rnti 6050 mcs 28
slot 5 index 0 rnti 6050 mcs 28
slot 6 index 0 rnti 6050 mcs 28
slot 14 index 0 rnti 6050 mcs 28
slot 15 index 0 rnti 6050 mcs 28
slot 16 index 0 rnti 6050 mcs 28
slot 4 index 0 rnti 6050 mcs 28
slot 5 index 0 rnti 6050 mcs 28
slot 6 index 0 rnti 6050 mcs 28
slot 14 index 0 rnti 6050 mcs 28
[EMURAN-DL-CSV] t=18.019 win_tbs=20 win_fail=1 win_bler=0.05000 mcs_last=28 mcs_min=28 mcs_max=28 r0=20 r1=0 r2=0 r3=0  f0=1 f1=0 f2=0 f3=0 tot_tbs=5140 tot_fail=230 tot_bler=0.04475 tot_init=4893 tot_retx=247
slot 15 index 0 rnti 6050 mcs 28
slot 16 index 0 rnti 6050 mcs 28
slot 4 index 0 rnti 6050 mcs 28
slot 5 index 0 rnti 6050 mcs 28
slot 6 index 0 rnti 6050 mcs 28
slot 14 index 0 rnti 6050 mcs 28
slot 15 index 0 rnti 6050 mcs 28
slot 16 index 0 rnti 6050 mcs 28
slot 4 index 0 rnti 6050 mcs 28
slot 5 index 0 rnti 6050 mcs 28
slot 6 index 0 rnti 6050 mcs 28
slot 14 index 0 rnti 6050 mcs 28
slot 15 index 0 rnti 6050 mcs 28
slot 16 index 0 rnti 6050 mcs 28
slot 4 index 0 rnti 6050 mcs 28
slot 5 index 0 rnti 6050 mcs 28
slot 6 index 0 rnti 6050 mcs 28
slot 14 index 0 rnti 6050 mcs 28
slot 15 index 0 rnti 6050 mcs 28
slot 16 index 0 rnti 6050 mcs 28
[EMURAN-DL-CSV] t=18.084 win_tbs=20 win_fail=0 win_bler=0.00000 mcs_last=28 mcs_min=28 mcs_max=28 r0=20 r1=0 r2=0 r3=0  f0=0 f1=0 f2=0 f3=0 tot_tbs=5160 tot_fail=230 tot_bler=0.04457 tot_init=4913 tot_retx=247
slot 4 index 0 rnti 6050 mcs 28
slot 5 index 0 rnti 6050 mcs 28
slot 6 index 0 rnti 6050 mcs 28
slot 14 index 0 rnti 6050 mcs 28
slot 15 index 0 rnti 6050 mcs 28
slot 16 index 0 rnti 6050 mcs 28
slot 4 index 0 rnti 6050 mcs 28
slot 5 index 0 rnti 6050 mcs 28
slot 6 index 0 rnti 6050 mcs 28
slot 14 index 0 rnti 6050 mcs 28
slot 15 index 0 rnti 6050 mcs 28
slot 16 index 0 rnti 6050 mcs 28
slot 4 index 0 rnti 6050 mcs 28
slot 5 index 0 rnti 6050 mcs 28
slot 6 index 0 rnti 6050 mcs 28
slot 14 index 0 rnti 6050 mcs 28
slot 15 index 0 rnti 6050 mcs 28
slot 16 index 0 rnti 6050 mcs 28
slot 4 index 0 rnti 6050 mcs 28
slot 5 index 0 rnti 6050 mcs 28
[EMURAN-DL-CSV] t=18.156 win_tbs=20 win_fail=1 win_bler=0.05000 mcs_last=28 mcs_min=28 mcs_max=28 r0=20 r1=0 r2=0 r3=0  f0=1 f1=0 f2=0 f3=0 tot_tbs=5180 tot_fail=231 tot_bler=0.04459 tot_init=4933 tot_retx=247
slot 6 index 0 rnti 6050 mcs 28
slot 14 index 0 rnti 6050 mcs 28
slot 15 index 0 rnti 6050 mcs 28
slot 16 index 0 rnti 6050 mcs 28
slot 4 index 0 rnti 6050 mcs 28
slot 5 index 0 rnti 6050 mcs 28
slot 6 index 0 rnti 6050 mcs 28
slot 14 index 0 rnti 6050 mcs 28
slot 15 index 0 rnti 6050 mcs 28
slot 16 index 0 rnti 6050 mcs 28
slot 4 index 0 rnti 6050 mcs 28
slot 5 index 0 rnti 6050 mcs 28
slot 6 index 0 rnti 6050 mcs 28
slot 14 index 0 rnti 6050 mcs 28
slot 15 index 0 rnti 6050 mcs 28
slot 16 index 0 rnti 6050 mcs 28
slot 4 index 0 rnti 6050 mcs 28
slot 5 index 0 rnti 6050 mcs 28
slot 6 index 0 rnti 6050 mcs 28
slot 14 index 0 rnti 6050 mcs 28
[EMURAN-DL-CSV] t=18.229 win_tbs=20 win_fail=1 win_bler=0.05000 mcs_last=28 mcs_min=28 mcs_max=28 r0=18 r1=2 r2=0 r3=0  f0=1 f1=0 f2=0 f3=0 tot_tbs=5200 tot_fail=232 tot_bler=0.04462 tot_init=4951 tot_retx=249
slot 15 index 0 rnti 6050 mcs 28
slot 16 index 0 rnti 6050 mcs 28
slot 4 index 0 rnti 6050 mcs 28
slot 5 index 0 rnti 6050 mcs 28
slot 6 index 0 rnti 6050 mcs 28
slot 14 index 0 rnti 6050 mcs 28
slot 15 index 0 rnti 6050 mcs 28
slot 16 index 0 rnti 6050 mcs 28
slot 4 index 0 rnti 6050 mcs 28
slot 5 index 0 rnti 6050 mcs 28
slot 6 index 0 rnti 6050 mcs 28
slot 14 index 0 rnti 6050 mcs 28
slot 15 index 0 rnti 6050 mcs 28
slot 16 index 0 rnti 6050 mcs 28
slot 4 index 0 rnti 6050 mcs 28
slot 5 index 0 rnti 6050 mcs 28
slot 6 index 0 rnti 6050 mcs 28
slot 14 index 0 rnti 6050 mcs 28
slot 15 index 0 rnti 6050 mcs 28
slot 16 index 0 rnti 6050 mcs 28
[EMURAN-DL-CSV] t=18.294 win_tbs=20 win_fail=1 win_bler=0.05000 mcs_last=28 mcs_min=28 mcs_max=28 r0=19 r1=1 r2=0 r3=0  f0=1 f1=0 f2=0 f3=0 tot_tbs=5220 tot_fail=233 tot_bler=0.04464 tot_init=4970 tot_retx=250
slot 4 index 0 rnti 6050 mcs 28
slot 5 index 0 rnti 6050 mcs 28
slot 6 index 0 rnti 6050 mcs 28
slot 14 index 0 rnti 6050 mcs 28
slot 15 index 0 rnti 6050 mcs 28
slot 16 index 0 rnti 6050 mcs 28
slot 4 index 0 rnti 6050 mcs 28
slot 5 index 0 rnti 6050 mcs 28
slot 6 index 0 rnti 6050 mcs 28
slot 14 index 0 rnti 6050 mcs 28
slot 15 index 0 rnti 6050 mcs 28
slot 16 index 0 rnti 6050 mcs 28
slot 4 index 0 rnti 6050 mcs 28
slot 5 index 0 rnti 6050 mcs 28
slot 6 index 0 rnti 6050 mcs 28
slot 14 index 0 rnti 6050 mcs 28
slot 15 index 0 rnti 6050 mcs 28
slot 16 index 0 rnti 6050 mcs 28
slot 4 index 0 rnti 6050 mcs 28
slot 5 index 0 rnti 6050 mcs 28
[EMURAN-DL-CSV] t=18.367 win_tbs=20 win_fail=1 win_bler=0.05000 mcs_last=28 mcs_min=28 mcs_max=28 r0=20 r1=0 r2=0 r3=0  f0=1 f1=0 f2=0 f3=0 tot_tbs=5240 tot_fail=234 tot_bler=0.04466 tot_init=4990 tot_retx=250
slot 6 index 0 rnti 6050 mcs 28
slot 14 index 0 rnti 6050 mcs 28
slot 15 index 0 rnti 6050 mcs 28
slot 16 index 0 rnti 6050 mcs 28
slot 4 index 0 rnti 6050 mcs 28
slot 5 index 0 rnti 6050 mcs 28
slot 6 index 0 rnti 6050 mcs 28
slot 14 index 0 rnti 6050 mcs 28
slot 15 index 0 rnti 6050 mcs 28
slot 16 index 0 rnti 6050 mcs 28
slot 4 index 0 rnti 6050 mcs 28
slot 5 index 0 rnti 6050 mcs 28
slot 6 index 0 rnti 6050 mcs 28
slot 14 index 0 rnti 6050 mcs 28
slot 15 index 0 rnti 6050 mcs 28
slot 16 index 0 rnti 6050 mcs 28
slot 4 index 0 rnti 6050 mcs 28
slot 5 index 0 rnti 6050 mcs 28
slot 6 index 0 rnti 6050 mcs 28
slot 14 index 0 rnti 6050 mcs 28
[EMURAN-DL-CSV] t=18.439 win_tbs=20 win_fail=0 win_bler=0.00000 mcs_last=28 mcs_min=28 mcs_max=28 r0=20 r1=0 r2=0 r3=0  f0=0 f1=0 f2=0 f3=0 tot_tbs=5260 tot_fail=234 tot_bler=0.04449 tot_init=5010 tot_retx=250
slot 15 index 0 rnti 6050 mcs 28
slot 16 index 0 rnti 6050 mcs 28
slot 4 index 0 rnti 6050 mcs 28
slot 5 index 0 rnti 6050 mcs 28
slot 6 index 0 rnti 6050 mcs 28
slot 14 index 0 rnti 6050 mcs 28
slot 15 index 0 rnti 6050 mcs 28
slot 16 index 0 rnti 6050 mcs 28
slot 4 index 0 rnti 6050 mcs 28
slot 5 index 0 rnti 6050 mcs 28
slot 6 index 0 rnti 6050 mcs 28
slot 14 index 0 rnti 6050 mcs 28
slot 15 index 0 rnti 6050 mcs 28
slot 16 index 0 rnti 6050 mcs 28
slot 4 index 0 rnti 6050 mcs 28
slot 5 index 0 rnti 6050 mcs 28
slot 6 index 0 rnti 6050 mcs 28
slot 14 index 0 rnti 6050 mcs 28
slot 15 index 0 rnti 6050 mcs 28
slot 16 index 0 rnti 6050 mcs 28
[EMURAN-DL-CSV] t=18.505 win_tbs=20 win_fail=1 win_bler=0.05000 mcs_last=28 mcs_min=28 mcs_max=28 r0=19 r1=1 r2=0 r3=0  f0=1 f1=0 f2=0 f3=0 tot_tbs=5280 tot_fail=235 tot_bler=0.04451 tot_init=5029 tot_retx=251
slot 4 index 0 rnti 6050 mcs 28
slot 5 index 0 rnti 6050 mcs 28
slot 6 index 0 rnti 6050 mcs 28
slot 14 index 0 rnti 6050 mcs 28
slot 15 index 0 rnti 6050 mcs 28
slot 16 index 0 rnti 6050 mcs 28
slot 4 index 0 rnti 6050 mcs 28
slot 5 index 0 rnti 6050 mcs 28
slot 6 index 0 rnti 6050 mcs 28
slot 14 index 0 rnti 6050 mcs 28
slot 15 index 0 rnti 6050 mcs 28
slot 16 index 0 rnti 6050 mcs 28
slot 4 index 0 rnti 6050 mcs 28
slot 5 index 0 rnti 6050 mcs 28
slot 6 index 0 rnti 6050 mcs 28
slot 14 index 0 rnti 6050 mcs 28
slot 15 index 0 rnti 6050 mcs 28
slot 16 index 0 rnti 6050 mcs 28
slot 4 index 0 rnti 6050 mcs 28
slot 5 index 0 rnti 6050 mcs 28
[EMURAN-DL-CSV] t=18.577 win_tbs=20 win_fail=0 win_bler=0.00000 mcs_last=28 mcs_min=28 mcs_max=28 r0=19 r1=1 r2=0 r3=0  f0=0 f1=0 f2=0 f3=0 tot_tbs=5300 tot_fail=235 tot_bler=0.04434 tot_init=5048 tot_retx=252
slot 6 index 0 rnti 6050 mcs 28
slot 14 index 0 rnti 6050 mcs 28
slot 15 index 0 rnti 6050 mcs 28
slot 16 index 0 rnti 6050 mcs 28
slot 4 index 0 rnti 6050 mcs 28
slot 5 index 0 rnti 6050 mcs 28
slot 6 index 0 rnti 6050 mcs 28
slot 14 index 0 rnti 6050 mcs 28
slot 15 index 0 rnti 6050 mcs 28
slot 16 index 0 rnti 6050 mcs 28
slot 4 index 0 rnti 6050 mcs 28
slot 5 index 0 rnti 6050 mcs 28
slot 6 index 0 rnti 6050 mcs 28
slot 14 index 0 rnti 6050 mcs 28
slot 15 index 0 rnti 6050 mcs 28
slot 16 index 0 rnti 6050 mcs 28
slot 4 index 0 rnti 6050 mcs 28
slot 5 index 0 rnti 6050 mcs 28
slot 6 index 0 rnti 6050 mcs 28
slot 14 index 0 rnti 6050 mcs 28
[EMURAN-DL-CSV] t=18.650 win_tbs=20 win_fail=0 win_bler=0.00000 mcs_last=28 mcs_min=28 mcs_max=28 r0=20 r1=0 r2=0 r3=0  f0=0 f1=0 f2=0 f3=0 tot_tbs=5320 tot_fail=235 tot_bler=0.04417 tot_init=5068 tot_retx=252
slot 15 index 0 rnti 6050 mcs 28
slot 16 index 0 rnti 6050 mcs 28
slot 4 index 0 rnti 6050 mcs 28
slot 5 index 0 rnti 6050 mcs 28
slot 6 index 0 rnti 6050 mcs 28
slot 14 index 0 rnti 6050 mcs 28
slot 15 index 0 rnti 6050 mcs 28
slot 16 index 0 rnti 6050 mcs 28
slot 4 index 0 rnti 6050 mcs 28
slot 5 index 0 rnti 6050 mcs 28
slot 6 index 0 rnti 6050 mcs 28
slot 14 index 0 rnti 6050 mcs 28
slot 15 index 0 rnti 6050 mcs 28
slot 16 index 0 rnti 6050 mcs 28
slot 4 index 0 rnti 6050 mcs 28
slot 5 index 0 rnti 6050 mcs 28
slot 6 index 0 rnti 6050 mcs 28
slot 14 index 0 rnti 6050 mcs 28
slot 15 index 0 rnti 6050 mcs 28
slot 16 index 0 rnti 6050 mcs 28
[EMURAN-DL-CSV] t=18.715 win_tbs=20 win_fail=2 win_bler=0.10000 mcs_last=28 mcs_min=28 mcs_max=28 r0=18 r1=2 r2=0 r3=0  f0=2 f1=0 f2=0 f3=0 tot_tbs=5340 tot_fail=237 tot_bler=0.04438 tot_init=5086 tot_retx=254
slot 4 index 0 rnti 6050 mcs 28
slot 5 index 0 rnti 6050 mcs 28
slot 6 index 0 rnti 6050 mcs 28
slot 14 index 0 rnti 6050 mcs 28
slot 15 index 0 rnti 6050 mcs 28
slot 16 index 0 rnti 6050 mcs 28
slot 4 index 0 rnti 6050 mcs 28
slot 5 index 0 rnti 6050 mcs 28
slot 6 index 0 rnti 6050 mcs 28
slot 14 index 0 rnti 6050 mcs 28
slot 15 index 0 rnti 6050 mcs 28
slot 16 index 0 rnti 6050 mcs 28
slot 4 index 0 rnti 6050 mcs 28
slot 5 index 0 rnti 6050 mcs 28
slot 6 index 0 rnti 6050 mcs 28
slot 14 index 0 rnti 6050 mcs 28
slot 15 index 0 rnti 6050 mcs 28
slot 16 index 0 rnti 6050 mcs 28
slot 4 index 0 rnti 6050 mcs 28
slot 5 index 0 rnti 6050 mcs 28
[EMURAN-DL-CSV] t=18.787 win_tbs=20 win_fail=1 win_bler=0.05000 mcs_last=28 mcs_min=28 mcs_max=28 r0=19 r1=1 r2=0 r3=0  f0=1 f1=0 f2=0 f3=0 tot_tbs=5360 tot_fail=238 tot_bler=0.04440 tot_init=5105 tot_retx=255
slot 6 index 0 rnti 6050 mcs 28
slot 14 index 0 rnti 6050 mcs 28
slot 15 index 0 rnti 6050 mcs 28
slot 16 index 0 rnti 6050 mcs 28
slot 4 index 0 rnti 6050 mcs 28
slot 5 index 0 rnti 6050 mcs 28
slot 6 index 0 rnti 6050 mcs 28
slot 14 index 0 rnti 6050 mcs 28
slot 15 index 0 rnti 6050 mcs 28
slot 16 index 0 rnti 6050 mcs 28
slot 4 index 0 rnti 6050 mcs 28
slot 5 index 0 rnti 6050 mcs 28
slot 6 index 0 rnti 6050 mcs 28
slot 14 index 0 rnti 6050 mcs 28
slot 15 index 0 rnti 6050 mcs 28
slot 16 index 0 rnti 6050 mcs 28
slot 4 index 0 rnti 6050 mcs 28
slot 5 index 0 rnti 6050 mcs 28
slot 6 index 0 rnti 6050 mcs 28
slot 14 index 0 rnti 6050 mcs 28
slot 15 index 0 rnti 6050 mcs 28
[EMURAN-DL-CSV] t=18.861 win_tbs=20 win_fail=0 win_bler=0.00000 mcs_last=28 mcs_min=28 mcs_max=28 r0=20 r1=0 r2=0 r3=0  f0=0 f1=0 f2=0 f3=0 tot_tbs=5380 tot_fail=238 tot_bler=0.04424 tot_init=5125 tot_retx=255
slot 16 index 0 rnti 6050 mcs 28
slot 4 index 0 rnti 6050 mcs 28
slot 5 index 0 rnti 6050 mcs 28
slot 6 index 0 rnti 6050 mcs 28
slot 14 index 0 rnti 6050 mcs 28
slot 15 index 0 rnti 6050 mcs 28
slot 16 index 0 rnti 6050 mcs 28
slot 4 index 0 rnti 6050 mcs 28
slot 5 index 0 rnti 6050 mcs 28
slot 6 index 0 rnti 6050 mcs 28
slot 14 index 0 rnti 6050 mcs 28
slot 15 index 0 rnti 6050 mcs 28
slot 16 index 0 rnti 6050 mcs 28
slot 4 index 0 rnti 6050 mcs 28
slot 5 index 0 rnti 6050 mcs 28
slot 6 index 0 rnti 6050 mcs 28
slot 14 index 0 rnti 6050 mcs 28
slot 15 index 0 rnti 6050 mcs 28
slot 16 index 0 rnti 6050 mcs 28
[EMURAN-DL-CSV] t=18.926 win_tbs=20 win_fail=1 win_bler=0.05000 mcs_last=28 mcs_min=28 mcs_max=28 r0=18 r1=2 r2=0 r3=0  f0=1 f1=0 f2=0 f3=0 tot_tbs=5400 tot_fail=239 tot_bler=0.04426 tot_init=5143 tot_retx=257
slot 4 index 0 rnti 6050 mcs 28
slot 5 index 0 rnti 6050 mcs 28
slot 6 index 0 rnti 6050 mcs 28
slot 14 index 0 rnti 6050 mcs 28
slot 15 index 0 rnti 6050 mcs 28
slot 16 index 0 rnti 6050 mcs 28
slot 4 index 0 rnti 6050 mcs 28
slot 5 index 0 rnti 6050 mcs 28
slot 6 index 0 rnti 6050 mcs 28
slot 14 index 0 rnti 6050 mcs 28
slot 15 index 0 rnti 6050 mcs 28
slot 16 index 0 rnti 6050 mcs 28
slot 4 index 0 rnti 6050 mcs 28
slot 5 index 0 rnti 6050 mcs 28
slot 6 index 0 rnti 6050 mcs 28
slot 14 index 0 rnti 6050 mcs 28
slot 15 index 0 rnti 6050 mcs 28
slot 16 index 0 rnti 6050 mcs 28
slot 4 index 0 rnti 6050 mcs 28
slot 5 index 0 rnti 6050 mcs 28
[EMURAN-DL-CSV] t=18.998 win_tbs=20 win_fail=3 win_bler=0.15000 mcs_last=28 mcs_min=28 mcs_max=28 r0=18 r1=1 r2=1 r3=0  f0=3 f1=0 f2=0 f3=0 tot_tbs=5420 tot_fail=242 tot_bler=0.04465 tot_init=5161 tot_retx=259
slot 6 index 0 rnti 6050 mcs 28
slot 14 index 0 rnti 6050 mcs 28
slot 15 index 0 rnti 6050 mcs 28
slot 16 index 0 rnti 6050 mcs 28
slot 4 index 0 rnti 6050 mcs 28
slot 5 index 0 rnti 6050 mcs 28
slot 6 index 0 rnti 6050 mcs 28
slot 14 index 0 rnti 6050 mcs 28
slot 15 index 0 rnti 6050 mcs 28
slot 16 index 0 rnti 6050 mcs 28
slot 4 index 0 rnti 6050 mcs 28
slot 5 index 0 rnti 6050 mcs 28
slot 6 index 0 rnti 6050 mcs 28
slot 14 index 0 rnti 6050 mcs 28
slot 15 index 0 rnti 6050 mcs 28
slot 16 index 0 rnti 6050 mcs 28
slot 4 index 0 rnti 6050 mcs 28
slot 5 index 0 rnti 6050 mcs 28
slot 6 index 0 rnti 6050 mcs 28
slot 14 index 0 rnti 6050 mcs 28
[EMURAN-DL-CSV] t=19.070 win_tbs=20 win_fail=0 win_bler=0.00000 mcs_last=28 mcs_min=28 mcs_max=28 r0=20 r1=0 r2=0 r3=0  f0=0 f1=0 f2=0 f3=0 tot_tbs=5440 tot_fail=242 tot_bler=0.04449 tot_init=5181 tot_retx=259
slot 15 index 0 rnti 6050 mcs 28
slot 16 index 0 rnti 6050 mcs 28
slot 4 index 0 rnti 6050 mcs 28
slot 5 index 0 rnti 6050 mcs 28
slot 6 index 0 rnti 6050 mcs 28
slot 14 index 0 rnti 6050 mcs 28
slot 15 index 0 rnti 6050 mcs 28
slot 16 index 0 rnti 6050 mcs 28
slot 4 index 0 rnti 6050 mcs 28
slot 5 index 0 rnti 6050 mcs 28
slot 6 index 0 rnti 6050 mcs 28
slot 14 index 0 rnti 6050 mcs 28
slot 15 index 0 rnti 6050 mcs 28
slot 16 index 0 rnti 6050 mcs 28
slot 4 index 0 rnti 6050 mcs 28
slot 5 index 0 rnti 6050 mcs 28
slot 6 index 0 rnti 6050 mcs 28
slot 14 index 0 rnti 6050 mcs 28
slot 15 index 0 rnti 6050 mcs 28
slot 16 index 0 rnti 6050 mcs 28
[EMURAN-DL-CSV] t=19.136 win_tbs=20 win_fail=1 win_bler=0.05000 mcs_last=28 mcs_min=28 mcs_max=28 r0=19 r1=1 r2=0 r3=0  f0=1 f1=0 f2=0 f3=0 tot_tbs=5460 tot_fail=243 tot_bler=0.04451 tot_init=5200 tot_retx=260
[UE-STAT] frame=700 dci_cnt=600 total_tbs=50385600 ack_real=493 nack_real=27 fb_missing=80 decode_cnt=600
slot 4 index 0 rnti 6050 mcs 28
slot 5 index 0 rnti 6050 mcs 28
slot 6 index 0 rnti 6050 mcs 28
slot 14 index 0 rnti 6050 mcs 28
slot 15 index 0 rnti 6050 mcs 28
slot 16 index 0 rnti 6050 mcs 28
slot 4 index 0 rnti 6050 mcs 28
slot 5 index 0 rnti 6050 mcs 28
slot 6 index 0 rnti 6050 mcs 28
slot 14 index 0 rnti 6050 mcs 28
slot 15 index 0 rnti 6050 mcs 28
slot 16 index 0 rnti 6050 mcs 28
slot 4 index 0 rnti 6050 mcs 28
slot 5 index 0 rnti 6050 mcs 28
slot 6 index 0 rnti 6050 mcs 28
slot 14 index 0 rnti 6050 mcs 28
slot 15 index 0 rnti 6050 mcs 28
slot 16 index 0 rnti 6050 mcs 28
slot 4 index 0 rnti 6050 mcs 28
slot 5 index 0 rnti 6050 mcs 28
[EMURAN-DL-CSV] t=19.208 win_tbs=20 win_fail=1 win_bler=0.05000 mcs_last=28 mcs_min=28 mcs_max=28 r0=19 r1=0 r2=1 r3=0  f0=1 f1=0 f2=0 f3=0 tot_tbs=5480 tot_fail=244 tot_bler=0.04453 tot_init=5219 tot_retx=261
slot 6 index 0 rnti 6050 mcs 28
slot 14 index 0 rnti 6050 mcs 28
slot 15 index 0 rnti 6050 mcs 28
slot 16 index 0 rnti 6050 mcs 28
slot 4 index 0 rnti 6050 mcs 28
slot 5 index 0 rnti 6050 mcs 28
slot 6 index 0 rnti 6050 mcs 28
slot 14 index 0 rnti 6050 mcs 28
slot 15 index 0 rnti 6050 mcs 28
slot 16 index 0 rnti 6050 mcs 28
slot 4 index 0 rnti 6050 mcs 28
slot 5 index 0 rnti 6050 mcs 28
slot 6 index 0 rnti 6050 mcs 28
slot 14 index 0 rnti 6050 mcs 28
slot 15 index 0 rnti 6050 mcs 28
slot 16 index 0 rnti 6050 mcs 28
slot 4 index 0 rnti 6050 mcs 28
slot 5 index 0 rnti 6050 mcs 28
slot 6 index 0 rnti 6050 mcs 28
slot 14 index 0 rnti 6050 mcs 28
[EMURAN-DL-CSV] t=19.281 win_tbs=20 win_fail=2 win_bler=0.10000 mcs_last=28 mcs_min=28 mcs_max=28 r0=18 r1=1 r2=1 r3=0  f0=2 f1=0 f2=0 f3=0 tot_tbs=5500 tot_fail=246 tot_bler=0.04473 tot_init=5237 tot_retx=263
slot 15 index 0 rnti 6050 mcs 28
slot 16 index 0 rnti 6050 mcs 28
slot 4 index 0 rnti 6050 mcs 28
slot 5 index 0 rnti 6050 mcs 28
slot 6 index 0 rnti 6050 mcs 28
slot 14 index 0 rnti 6050 mcs 28
slot 15 index 0 rnti 6050 mcs 28
slot 16 index 0 rnti 6050 mcs 28
slot 4 index 0 rnti 6050 mcs 28
slot 5 index 0 rnti 6050 mcs 28
slot 6 index 0 rnti 6050 mcs 28
slot 14 index 0 rnti 6050 mcs 28
slot 15 index 0 rnti 6050 mcs 28
slot 16 index 0 rnti 6050 mcs 28
slot 4 index 0 rnti 6050 mcs 28
slot 5 index 0 rnti 6050 mcs 28
slot 6 index 0 rnti 6050 mcs 28
slot 14 index 0 rnti 6050 mcs 28
slot 15 index 0 rnti 6050 mcs 28
slot 16 index 0 rnti 6050 mcs 28
[EMURAN-DL-CSV] t=19.347 win_tbs=20 win_fail=1 win_bler=0.05000 mcs_last=28 mcs_min=28 mcs_max=28 r0=19 r1=1 r2=0 r3=0  f0=1 f1=0 f2=0 f3=0 tot_tbs=5520 tot_fail=247 tot_bler=0.04475 tot_init=5256 tot_retx=264
slot 4 index 0 rnti 6050 mcs 28
slot 5 index 0 rnti 6050 mcs 28
slot 6 index 0 rnti 6050 mcs 28
slot 14 index 0 rnti 6050 mcs 28
slot 15 index 0 rnti 6050 mcs 28
slot 16 index 0 rnti 6050 mcs 28
slot 4 index 0 rnti 6050 mcs 28
slot 5 index 0 rnti 6050 mcs 28
slot 6 index 0 rnti 6050 mcs 28
slot 14 index 0 rnti 6050 mcs 28
slot 15 index 0 rnti 6050 mcs 28
slot 16 index 0 rnti 6050 mcs 28
slot 4 index 0 rnti 6050 mcs 28
slot 5 index 0 rnti 6050 mcs 28
slot 6 index 0 rnti 6050 mcs 28
slot 14 index 0 rnti 6050 mcs 28
slot 15 index 0 rnti 6050 mcs 28
slot 16 index 0 rnti 6050 mcs 28
slot 4 index 0 rnti 6050 mcs 28
slot 5 index 0 rnti 6050 mcs 28
[EMURAN-DL-CSV] t=19.419 win_tbs=20 win_fail=2 win_bler=0.10000 mcs_last=28 mcs_min=28 mcs_max=28 r0=18 r1=2 r2=0 r3=0  f0=2 f1=0 f2=0 f3=0 tot_tbs=5540 tot_fail=249 tot_bler=0.04495 tot_init=5274 tot_retx=266
slot 6 index 0 rnti 6050 mcs 28
slot 14 index 0 rnti 6050 mcs 28
slot 15 index 0 rnti 6050 mcs 28
slot 16 index 0 rnti 6050 mcs 28
slot 4 index 0 rnti 6050 mcs 28
slot 5 index 0 rnti 6050 mcs 28
slot 6 index 0 rnti 6050 mcs 28
slot 14 index 0 rnti 6050 mcs 28
slot 15 index 0 rnti 6050 mcs 28
slot 16 index 0 rnti 6050 mcs 28
slot 4 index 0 rnti 6050 mcs 28
slot 5 index 0 rnti 6050 mcs 28
slot 6 index 0 rnti 6050 mcs 28
slot 14 index 0 rnti 6050 mcs 28
slot 15 index 0 rnti 6050 mcs 28
slot 16 index 0 rnti 6050 mcs 28
slot 4 index 0 rnti 6050 mcs 28
slot 5 index 0 rnti 6050 mcs 28
slot 6 index 0 rnti 6050 mcs 28
slot 14 index 0 rnti 6050 mcs 28
[EMURAN-DL-CSV] t=19.491 win_tbs=20 win_fail=1 win_bler=0.05000 mcs_last=28 mcs_min=28 mcs_max=28 r0=20 r1=0 r2=0 r3=0  f0=1 f1=0 f2=0 f3=0 tot_tbs=5560 tot_fail=250 tot_bler=0.04496 tot_init=5294 tot_retx=266
slot 15 index 0 rnti 6050 mcs 28
slot 16 index 0 rnti 6050 mcs 28
slot 4 index 0 rnti 6050 mcs 28
slot 5 index 0 rnti 6050 mcs 28
slot 6 index 0 rnti 6050 mcs 28
slot 14 index 0 rnti 6050 mcs 28
slot 15 index 0 rnti 6050 mcs 28
slot 16 index 0 rnti 6050 mcs 28
slot 4 index 0 rnti 6050 mcs 28
slot 5 index 0 rnti 6050 mcs 28
slot 6 index 0 rnti 6050 mcs 28
slot 14 index 0 rnti 6050 mcs 28
slot 15 index 0 rnti 6050 mcs 28
slot 16 index 0 rnti 6050 mcs 28
slot 4 index 0 rnti 6050 mcs 28
slot 5 index 0 rnti 6050 mcs 28
slot 6 index 0 rnti 6050 mcs 28
slot 14 index 0 rnti 6050 mcs 28
slot 15 index 0 rnti 6050 mcs 28
slot 16 index 0 rnti 6050 mcs 28
[EMURAN-DL-CSV] t=19.557 win_tbs=20 win_fail=1 win_bler=0.05000 mcs_last=28 mcs_min=28 mcs_max=28 r0=20 r1=0 r2=0 r3=0  f0=1 f1=0 f2=0 f3=0 tot_tbs=5580 tot_fail=251 tot_bler=0.04498 tot_init=5314 tot_retx=266
slot 4 index 0 rnti 6050 mcs 28
slot 5 index 0 rnti 6050 mcs 28
slot 6 index 0 rnti 6050 mcs 28
slot 14 index 0 rnti 6050 mcs 28
slot 15 index 0 rnti 6050 mcs 28
slot 16 index 0 rnti 6050 mcs 28
slot 4 index 0 rnti 6050 mcs 28
slot 5 index 0 rnti 6050 mcs 28
slot 6 index 0 rnti 6050 mcs 28
slot 14 index 0 rnti 6050 mcs 28
slot 15 index 0 rnti 6050 mcs 28
slot 16 index 0 rnti 6050 mcs 28
slot 4 index 0 rnti 6050 mcs 28
slot 5 index 0 rnti 6050 mcs 28
slot 6 index 0 rnti 6050 mcs 28
slot 14 index 0 rnti 6050 mcs 28
slot 15 index 0 rnti 6050 mcs 28
slot 16 index 0 rnti 6050 mcs 28
slot 4 index 0 rnti 6050 mcs 28
slot 5 index 0 rnti 6050 mcs 28
[EMURAN-DL-CSV] t=19.629 win_tbs=20 win_fail=2 win_bler=0.10000 mcs_last=28 mcs_min=28 mcs_max=28 r0=19 r1=1 r2=0 r3=0  f0=2 f1=0 f2=0 f3=0 tot_tbs=5600 tot_fail=253 tot_bler=0.04518 tot_init=5333 tot_retx=267
slot 6 index 0 rnti 6050 mcs 28
slot 14 index 0 rnti 6050 mcs 28
slot 15 index 0 rnti 6050 mcs 28
slot 16 index 0 rnti 6050 mcs 28
slot 4 index 0 rnti 6050 mcs 28
slot 5 index 0 rnti 6050 mcs 28
slot 6 index 0 rnti 6050 mcs 28
slot 14 index 0 rnti 6050 mcs 28
slot 15 index 0 rnti 6050 mcs 28
slot 16 index 0 rnti 6050 mcs 28
slot 4 index 0 rnti 6050 mcs 28
slot 5 index 0 rnti 6050 mcs 28
slot 6 index 0 rnti 6050 mcs 28
slot 14 index 0 rnti 6050 mcs 28
slot 15 index 0 rnti 6050 mcs 28
slot 16 index 0 rnti 6050 mcs 28
slot 4 index 0 rnti 6050 mcs 28
slot 5 index 0 rnti 6050 mcs 28
slot 6 index 0 rnti 6050 mcs 28
slot 14 index 0 rnti 6050 mcs 28
[EMURAN-DL-CSV] t=19.702 win_tbs=20 win_fail=0 win_bler=0.00000 mcs_last=28 mcs_min=28 mcs_max=28 r0=19 r1=1 r2=0 r3=0  f0=0 f1=0 f2=0 f3=0 tot_tbs=5620 tot_fail=253 tot_bler=0.04502 tot_init=5352 tot_retx=268
slot 15 index 0 rnti 6050 mcs 28
slot 16 index 0 rnti 6050 mcs 28
slot 4 index 0 rnti 6050 mcs 28
slot 5 index 0 rnti 6050 mcs 28
slot 6 index 0 rnti 6050 mcs 28
slot 14 index 0 rnti 6050 mcs 28
slot 15 index 0 rnti 6050 mcs 28
slot 16 index 0 rnti 6050 mcs 28
slot 4 index 0 rnti 6050 mcs 28
slot 5 index 0 rnti 6050 mcs 28
slot 6 index 0 rnti 6050 mcs 28
slot 14 index 0 rnti 6050 mcs 28
slot 15 index 0 rnti 6050 mcs 28
slot 16 index 0 rnti 6050 mcs 28
slot 4 index 0 rnti 6050 mcs 28
slot 5 index 0 rnti 6050 mcs 28
slot 6 index 0 rnti 6050 mcs 28
slot 14 index 0 rnti 6050 mcs 28
slot 15 index 0 rnti 6050 mcs 28
slot 16 index 0 rnti 6050 mcs 28
[EMURAN-DL-CSV] t=19.768 win_tbs=20 win_fail=0 win_bler=0.00000 mcs_last=28 mcs_min=28 mcs_max=28 r0=20 r1=0 r2=0 r3=0  f0=0 f1=0 f2=0 f3=0 tot_tbs=5640 tot_fail=253 tot_bler=0.04486 tot_init=5372 tot_retx=268
slot 4 index 0 rnti 6050 mcs 28
slot 5 index 0 rnti 6050 mcs 28
slot 6 index 0 rnti 6050 mcs 28
slot 14 index 0 rnti 6050 mcs 28
slot 15 index 0 rnti 6050 mcs 28
slot 16 index 0 rnti 6050 mcs 28
slot 4 index 0 rnti 6050 mcs 28
slot 5 index 0 rnti 6050 mcs 28
slot 6 index 0 rnti 6050 mcs 28
slot 14 index 0 rnti 6050 mcs 28
slot 15 index 0 rnti 6050 mcs 28
slot 16 index 0 rnti 6050 mcs 28
slot 4 index 0 rnti 6050 mcs 28
slot 5 index 0 rnti 6050 mcs 28
slot 6 index 0 rnti 6050 mcs 28
slot 14 index 0 rnti 6050 mcs 28
slot 15 index 0 rnti 6050 mcs 28
slot 16 index 0 rnti 6050 mcs 28
slot 4 index 0 rnti 6050 mcs 28
slot 5 index 0 rnti 6050 mcs 28
[EMURAN-DL-CSV] t=19.839 win_tbs=20 win_fail=0 win_bler=0.00000 mcs_last=28 mcs_min=28 mcs_max=28 r0=20 r1=0 r2=0 r3=0  f0=0 f1=0 f2=0 f3=0 tot_tbs=5660 tot_fail=253 tot_bler=0.04470 tot_init=5392 tot_retx=268
slot 6 index 0 rnti 6050 mcs 28
slot 14 index 0 rnti 6050 mcs 28
slot 15 index 0 rnti 6050 mcs 28
slot 16 index 0 rnti 6050 mcs 28
slot 4 index 0 rnti 6050 mcs 28
slot 5 index 0 rnti 6050 mcs 28
slot 6 index 0 rnti 6050 mcs 28
slot 14 index 0 rnti 6050 mcs 28
slot 15 index 0 rnti 6050 mcs 28
slot 16 index 0 rnti 6050 mcs 28
slot 4 index 0 rnti 6050 mcs 28
slot 5 index 0 rnti 6050 mcs 28
slot 6 index 0 rnti 6050 mcs 28
slot 14 index 0 rnti 6050 mcs 28
slot 15 index 0 rnti 6050 mcs 28
slot 16 index 0 rnti 6050 mcs 28
slot 4 index 0 rnti 6050 mcs 28
slot 5 index 0 rnti 6050 mcs 28
slot 6 index 0 rnti 6050 mcs 28
slot 14 index 0 rnti 6050 mcs 28
[EMURAN-DL-CSV] t=19.912 win_tbs=20 win_fail=1 win_bler=0.05000 mcs_last=28 mcs_min=28 mcs_max=28 r0=18 r1=1 r2=1 r3=0  f0=1 f1=0 f2=0 f3=0 tot_tbs=5680 tot_fail=254 tot_bler=0.04472 tot_init=5410 tot_retx=270
slot 15 index 0 rnti 6050 mcs 28
slot 16 index 0 rnti 6050 mcs 28
slot 4 index 0 rnti 6050 mcs 28
slot 5 index 0 rnti 6050 mcs 28
slot 6 index 0 rnti 6050 mcs 28
slot 14 index 0 rnti 6050 mcs 28
slot 15 index 0 rnti 6050 mcs 28
slot 16 index 0 rnti 6050 mcs 28
slot 4 index 0 rnti 6050 mcs 28
slot 5 index 0 rnti 6050 mcs 28
slot 6 index 0 rnti 6050 mcs 28
slot 14 index 0 rnti 6050 mcs 28
slot 15 index 0 rnti 6050 mcs 28
slot 16 index 0 rnti 6050 mcs 28
slot 4 index 0 rnti 6050 mcs 28
slot 5 index 0 rnti 6050 mcs 28
slot 6 index 0 rnti 6050 mcs 28
slot 14 index 0 rnti 6050 mcs 28
slot 15 index 0 rnti 6050 mcs 28
slot 16 index 0 rnti 6050 mcs 28
[EMURAN-DL-CSV] t=19.977 win_tbs=20 win_fail=1 win_bler=0.05000 mcs_last=28 mcs_min=28 mcs_max=28 r0=19 r1=1 r2=0 r3=0  f0=1 f1=0 f2=0 f3=0 tot_tbs=5700 tot_fail=255 tot_bler=0.04474 tot_init=5429 tot_retx=271
slot 4 index 0 rnti 6050 mcs 28
slot 5 index 0 rnti 6050 mcs 28
slot 6 index 0 rnti 6050 mcs 28
slot 14 index 0 rnti 6050 mcs 28
slot 15 index 0 rnti 6050 mcs 28
slot 16 index 0 rnti 6050 mcs 28
slot 4 index 0 rnti 6050 mcs 28
slot 5 index 0 rnti 6050 mcs 28
slot 6 index 0 rnti 6050 mcs 28
slot 14 index 0 rnti 6050 mcs 28
slot 15 index 0 rnti 6050 mcs 28
slot 16 index 0 rnti 6050 mcs 28
slot 4 index 0 rnti 6050 mcs 28
slot 5 index 0 rnti 6050 mcs 28
slot 6 index 0 rnti 6050 mcs 28
slot 14 index 0 rnti 6050 mcs 28
slot 15 index 0 rnti 6050 mcs 28
slot 16 index 0 rnti 6050 mcs 28
slot 4 index 0 rnti 6050 mcs 28
slot 5 index 0 rnti 6050 mcs 28
[EMURAN-DL-CSV] t=20.050 win_tbs=20 win_fail=1 win_bler=0.05000 mcs_last=28 mcs_min=28 mcs_max=28 r0=19 r1=1 r2=0 r3=0  f0=1 f1=0 f2=0 f3=0 tot_tbs=5720 tot_fail=256 tot_bler=0.04476 tot_init=5448 tot_retx=272
slot 6 index 0 rnti 6050 mcs 28
slot 14 index 0 rnti 6050 mcs 28
slot 15 index 0 rnti 6050 mcs 28
slot 16 index 0 rnti 6050 mcs 28
slot 4 index 0 rnti 6050 mcs 28
slot 5 index 0 rnti 6050 mcs 28
slot 6 index 0 rnti 6050 mcs 28
slot 14 index 0 rnti 6050 mcs 28
slot 15 index 0 rnti 6050 mcs 28
slot 16 index 0 rnti 6050 mcs 28
slot 4 index 0 rnti 6050 mcs 28
slot 5 index 0 rnti 6050 mcs 28
slot 6 index 0 rnti 6050 mcs 28
slot 14 index 0 rnti 6050 mcs 28
slot 15 index 0 rnti 6050 mcs 28
slot 16 index 0 rnti 6050 mcs 28
slot 4 index 0 rnti 6050 mcs 28
slot 5 index 0 rnti 6050 mcs 28
slot 6 index 0 rnti 6050 mcs 28
slot 14 index 0 rnti 6050 mcs 28
[EMURAN-DL-CSV] t=20.122 win_tbs=20 win_fail=0 win_bler=0.00000 mcs_last=28 mcs_min=28 mcs_max=28 r0=20 r1=0 r2=0 r3=0  f0=0 f1=0 f2=0 f3=0 tot_tbs=5740 tot_fail=256 tot_bler=0.04460 tot_init=5468 tot_retx=272
slot 15 index 0 rnti 6050 mcs 28
slot 16 index 0 rnti 6050 mcs 28
slot 4 index 0 rnti 6050 mcs 28
slot 5 index 0 rnti 6050 mcs 28
slot 6 index 0 rnti 6050 mcs 28
slot 14 index 0 rnti 6050 mcs 28
slot 15 index 0 rnti 6050 mcs 28
slot 16 index 0 rnti 6050 mcs 28
slot 4 index 0 rnti 6050 mcs 28
slot 5 index 0 rnti 6050 mcs 28
slot 6 index 0 rnti 6050 mcs 28
slot 14 index 0 rnti 6050 mcs 28
slot 15 index 0 rnti 6050 mcs 28
slot 16 index 0 rnti 6050 mcs 28
slot 4 index 0 rnti 6050 mcs 28
slot 5 index 0 rnti 6050 mcs 28
slot 6 index 0 rnti 6050 mcs 28
slot 14 index 0 rnti 6050 mcs 28
slot 15 index 0 rnti 6050 mcs 28
slot 16 index 0 rnti 6050 mcs 28
[EMURAN-DL-CSV] t=20.188 win_tbs=20 win_fail=1 win_bler=0.05000 mcs_last=28 mcs_min=28 mcs_max=28 r0=19 r1=1 r2=0 r3=0  f0=1 f1=0 f2=0 f3=0 tot_tbs=5760 tot_fail=257 tot_bler=0.04462 tot_init=5487 tot_retx=273
slot 4 index 0 rnti 6050 mcs 28
slot 5 index 0 rnti 6050 mcs 28
slot 6 index 0 rnti 6050 mcs 28
slot 14 index 0 rnti 6050 mcs 28
slot 15 index 0 rnti 6050 mcs 28
slot 16 index 0 rnti 6050 mcs 28
slot 4 index 0 rnti 6050 mcs 28
slot 5 index 0 rnti 6050 mcs 28
slot 6 index 0 rnti 6050 mcs 28
slot 14 index 0 rnti 6050 mcs 28
slot 15 index 0 rnti 6050 mcs 28
slot 16 index 0 rnti 6050 mcs 28
slot 4 index 0 rnti 6050 mcs 28
slot 5 index 0 rnti 6050 mcs 28
slot 6 index 0 rnti 6050 mcs 28
slot 14 index 0 rnti 6050 mcs 28
slot 15 index 0 rnti 6050 mcs 28
slot 16 index 0 rnti 6050 mcs 28
slot 4 index 0 rnti 6050 mcs 28
slot 5 index 0 rnti 6050 mcs 28
[EMURAN-DL-CSV] t=20.260 win_tbs=20 win_fail=1 win_bler=0.05000 mcs_last=28 mcs_min=28 mcs_max=28 r0=19 r1=1 r2=0 r3=0  f0=1 f1=0 f2=0 f3=0 tot_tbs=5780 tot_fail=258 tot_bler=0.04464 tot_init=5506 tot_retx=274
slot 6 index 0 rnti 6050 mcs 28
slot 14 index 0 rnti 6050 mcs 28
slot 15 index 0 rnti 6050 mcs 28
slot 16 index 0 rnti 6050 mcs 28
slot 4 index 0 rnti 6050 mcs 28
slot 5 index 0 rnti 6050 mcs 28
slot 6 index 0 rnti 6050 mcs 28
slot 14 index 0 rnti 6050 mcs 28
slot 15 index 0 rnti 6050 mcs 28
slot 16 index 0 rnti 6050 mcs 28
slot 4 index 0 rnti 6050 mcs 28
slot 5 index 0 rnti 6050 mcs 28
slot 6 index 0 rnti 6050 mcs 28
slot 14 index 0 rnti 6050 mcs 28
slot 15 index 0 rnti 6050 mcs 28
slot 16 index 0 rnti 6050 mcs 28
slot 4 index 0 rnti 6050 mcs 28
slot 5 index 0 rnti 6050 mcs 28
slot 6 index 0 rnti 6050 mcs 28
slot 14 index 0 rnti 6050 mcs 28
[EMURAN-DL-CSV] t=20.333 win_tbs=20 win_fail=0 win_bler=0.00000 mcs_last=28 mcs_min=28 mcs_max=28 r0=20 r1=0 r2=0 r3=0  f0=0 f1=0 f2=0 f3=0 tot_tbs=5800 tot_fail=258 tot_bler=0.04448 tot_init=5526 tot_retx=274
slot 15 index 0 rnti 6050 mcs 28
slot 16 index 0 rnti 6050 mcs 28
slot 4 index 0 rnti 6050 mcs 28
slot 5 index 0 rnti 6050 mcs 28
slot 6 index 0 rnti 6050 mcs 28
slot 14 index 0 rnti 6050 mcs 28
slot 15 index 0 rnti 6050 mcs 28
slot 16 index 0 rnti 6050 mcs 28
slot 4 index 0 rnti 6050 mcs 28
slot 5 index 0 rnti 6050 mcs 28
slot 6 index 0 rnti 6050 mcs 28
slot 14 index 0 rnti 6050 mcs 28
slot 15 index 0 rnti 6050 mcs 28
slot 16 index 0 rnti 6050 mcs 28
slot 4 index 0 rnti 6050 mcs 28
slot 5 index 0 rnti 6050 mcs 28
slot 6 index 0 rnti 6050 mcs 28
slot 14 index 0 rnti 6050 mcs 28
slot 15 index 0 rnti 6050 mcs 28
slot 16 index 0 rnti 6050 mcs 28
[EMURAN-DL-CSV] t=20.398 win_tbs=20 win_fail=0 win_bler=0.00000 mcs_last=28 mcs_min=28 mcs_max=28 r0=20 r1=0 r2=0 r3=0  f0=0 f1=0 f2=0 f3=0 tot_tbs=5820 tot_fail=258 tot_bler=0.04433 tot_init=5546 tot_retx=274
slot 4 index 0 rnti 6050 mcs 28
slot 5 index 0 rnti 6050 mcs 28
slot 6 index 0 rnti 6050 mcs 28
slot 14 index 0 rnti 6050 mcs 28
slot 15 index 0 rnti 6050 mcs 28
slot 16 index 0 rnti 6050 mcs 28
slot 4 index 0 rnti 6050 mcs 28
slot 5 index 0 rnti 6050 mcs 28
slot 6 index 0 rnti 6050 mcs 28
slot 14 index 0 rnti 6050 mcs 28
slot 15 index 0 rnti 6050 mcs 28
slot 16 index 0 rnti 6050 mcs 28
slot 4 index 0 rnti 6050 mcs 28
slot 5 index 0 rnti 6050 mcs 28
slot 6 index 0 rnti 6050 mcs 28
slot 14 index 0 rnti 6050 mcs 28
slot 15 index 0 rnti 6050 mcs 28
slot 16 index 0 rnti 6050 mcs 28
slot 4 index 0 rnti 6050 mcs 28
slot 5 index 0 rnti 6050 mcs 28
[EMURAN-DL-CSV] t=20.471 win_tbs=20 win_fail=3 win_bler=0.15000 mcs_last=28 mcs_min=28 mcs_max=28 r0=17 r1=3 r2=0 r3=0  f0=3 f1=0 f2=0 f3=0 tot_tbs=5840 tot_fail=261 tot_bler=0.04469 tot_init=5563 tot_retx=277
slot 6 index 0 rnti 6050 mcs 28
slot 14 index 0 rnti 6050 mcs 28
slot 15 index 0 rnti 6050 mcs 28
slot 16 index 0 rnti 6050 mcs 28
slot 4 index 0 rnti 6050 mcs 28
slot 5 index 0 rnti 6050 mcs 28
slot 6 index 0 rnti 6050 mcs 28
slot 14 index 0 rnti 6050 mcs 28
slot 15 index 0 rnti 6050 mcs 28
slot 16 index 0 rnti 6050 mcs 28
slot 4 index 0 rnti 6050 mcs 28
slot 5 index 0 rnti 6050 mcs 28
slot 6 index 0 rnti 6050 mcs 28
slot 14 index 0 rnti 6050 mcs 28
slot 15 index 0 rnti 6050 mcs 28
slot 16 index 0 rnti 6050 mcs 28
slot 4 index 0 rnti 6050 mcs 28
slot 5 index 0 rnti 6050 mcs 28
slot 6 index 0 rnti 6050 mcs 28
slot 14 index 0 rnti 6050 mcs 28
[EMURAN-DL-CSV] t=20.543 win_tbs=20 win_fail=0 win_bler=0.00000 mcs_last=28 mcs_min=28 mcs_max=28 r0=20 r1=0 r2=0 r3=0  f0=0 f1=0 f2=0 f3=0 tot_tbs=5860 tot_fail=261 tot_bler=0.04454 tot_init=5583 tot_retx=277
slot 15 index 0 rnti 6050 mcs 28
slot 16 index 0 rnti 6050 mcs 28
slot 4 index 0 rnti 6050 mcs 28
slot 5 index 0 rnti 6050 mcs 28
slot 6 index 0 rnti 6050 mcs 28
slot 14 index 0 rnti 6050 mcs 28
slot 15 index 0 rnti 6050 mcs 28
slot 16 index 0 rnti 6050 mcs 28
slot 4 index 0 rnti 6050 mcs 28
slot 5 index 0 rnti 6050 mcs 28
slot 6 index 0 rnti 6050 mcs 28
slot 14 index 0 rnti 6050 mcs 28
slot 15 index 0 rnti 6050 mcs 28
slot 16 index 0 rnti 6050 mcs 28
slot 4 index 0 rnti 6050 mcs 28
slot 5 index 0 rnti 6050 mcs 28
slot 6 index 0 rnti 6050 mcs 28
slot 14 index 0 rnti 6050 mcs 28
slot 15 index 0 rnti 6050 mcs 28
slot 16 index 0 rnti 6050 mcs 28
[EMURAN-DL-CSV] t=20.608 win_tbs=20 win_fail=3 win_bler=0.15000 mcs_last=28 mcs_min=28 mcs_max=28 r0=17 r1=3 r2=0 r3=0  f0=2 f1=1 f2=0 f3=0 tot_tbs=5880 tot_fail=264 tot_bler=0.04490 tot_init=5600 tot_retx=280
slot 4 index 0 rnti 6050 mcs 28
slot 5 index 0 rnti 6050 mcs 28
slot 6 index 0 rnti 6050 mcs 28
slot 14 index 0 rnti 6050 mcs 28
slot 15 index 0 rnti 6050 mcs 28
slot 16 index 0 rnti 6050 mcs 28
slot 4 index 0 rnti 6050 mcs 28
slot 5 index 0 rnti 6050 mcs 28
slot 6 index 0 rnti 6050 mcs 28
slot 14 index 0 rnti 6050 mcs 28
slot 15 index 0 rnti 6050 mcs 28
slot 16 index 0 rnti 6050 mcs 28
slot 4 index 0 rnti 6050 mcs 28
slot 5 index 0 rnti 6050 mcs 28
slot 6 index 0 rnti 6050 mcs 28
slot 14 index 0 rnti 6050 mcs 28
slot 15 index 0 rnti 6050 mcs 28
slot 16 index 0 rnti 6050 mcs 28
slot 4 index 0 rnti 6050 mcs 28
slot 5 index 0 rnti 6050 mcs 28
[EMURAN-DL-CSV] t=20.681 win_tbs=20 win_fail=1 win_bler=0.05000 mcs_last=28 mcs_min=28 mcs_max=28 r0=18 r1=1 r2=1 r3=0  f0=1 f1=0 f2=0 f3=0 tot_tbs=5900 tot_fail=265 tot_bler=0.04492 tot_init=5618 tot_retx=282
slot 6 index 0 rnti 6050 mcs 28
slot 14 index 0 rnti 6050 mcs 28
slot 15 index 0 rnti 6050 mcs 28
slot 16 index 0 rnti 6050 mcs 28
slot 4 index 0 rnti 6050 mcs 28
slot 5 index 0 rnti 6050 mcs 28
slot 6 index 0 rnti 6050 mcs 28
slot 14 index 0 rnti 6050 mcs 28
slot 15 index 0 rnti 6050 mcs 28
slot 16 index 0 rnti 6050 mcs 28
slot 4 index 0 rnti 6050 mcs 28
slot 5 index 0 rnti 6050 mcs 28
slot 6 index 0 rnti 6050 mcs 28
slot 14 index 0 rnti 6050 mcs 28
slot 15 index 0 rnti 6050 mcs 28
slot 16 index 0 rnti 6050 mcs 28
slot 4 index 0 rnti 6050 mcs 28
slot 5 index 0 rnti 6050 mcs 28
slot 6 index 0 rnti 6050 mcs 28
slot 14 index 0 rnti 6050 mcs 28
slot 15 index 0 rnti 6050 mcs 28
[EMURAN-DL-CSV] t=20.755 win_tbs=20 win_fail=1 win_bler=0.05000 mcs_last=28 mcs_min=28 mcs_max=28 r0=19 r1=1 r2=0 r3=0  f0=1 f1=0 f2=0 f3=0 tot_tbs=5920 tot_fail=266 tot_bler=0.04493 tot_init=5637 tot_retx=283
slot 16 index 0 rnti 6050 mcs 28
slot 4 index 0 rnti 6050 mcs 28
slot 5 index 0 rnti 6050 mcs 28
slot 6 index 0 rnti 6050 mcs 28
slot 14 index 0 rnti 6050 mcs 28
slot 15 index 0 rnti 6050 mcs 28
slot 16 index 0 rnti 6050 mcs 28
slot 4 index 0 rnti 6050 mcs 28
slot 5 index 0 rnti 6050 mcs 28
slot 6 index 0 rnti 6050 mcs 28
slot 14 index 0 rnti 6050 mcs 28
slot 15 index 0 rnti 6050 mcs 28
slot 16 index 0 rnti 6050 mcs 28
slot 4 index 0 rnti 6050 mcs 28
slot 5 index 0 rnti 6050 mcs 28
slot 6 index 0 rnti 6050 mcs 28
slot 14 index 0 rnti 6050 mcs 28
slot 15 index 0 rnti 6050 mcs 28
slot 16 index 0 rnti 6050 mcs 28
[EMURAN-DL-CSV] t=20.819 win_tbs=20 win_fail=2 win_bler=0.10000 mcs_last=28 mcs_min=28 mcs_max=28 r0=18 r1=2 r2=0 r3=0  f0=2 f1=0 f2=0 f3=0 tot_tbs=5940 tot_fail=268 tot_bler=0.04512 tot_init=5655 tot_retx=285
slot 4 index 0 rnti 6050 mcs 28
slot 5 index 0 rnti 6050 mcs 28
slot 6 index 0 rnti 6050 mcs 28
slot 14 index 0 rnti 6050 mcs 28
slot 15 index 0 rnti 6050 mcs 28
slot 16 index 0 rnti 6050 mcs 28
slot 4 index 0 rnti 6050 mcs 28
slot 5 index 0 rnti 6050 mcs 28
slot 6 index 0 rnti 6050 mcs 28
slot 14 index 0 rnti 6050 mcs 28
slot 15 index 0 rnti 6050 mcs 28
slot 16 index 0 rnti 6050 mcs 28
slot 4 index 0 rnti 6050 mcs 28
slot 5 index 0 rnti 6050 mcs 28
slot 6 index 0 rnti 6050 mcs 28
slot 14 index 0 rnti 6050 mcs 28
slot 15 index 0 rnti 6050 mcs 28
slot 16 index 0 rnti 6050 mcs 28
slot 4 index 0 rnti 6050 mcs 28
slot 5 index 0 rnti 6050 mcs 28
[EMURAN-DL-CSV] t=20.892 win_tbs=20 win_fail=0 win_bler=0.00000 mcs_last=28 mcs_min=28 mcs_max=28 r0=20 r1=0 r2=0 r3=0  f0=0 f1=0 f2=0 f3=0 tot_tbs=5960 tot_fail=268 tot_bler=0.04497 tot_init=5675 tot_retx=285
slot 6 index 0 rnti 6050 mcs 28
slot 14 index 0 rnti 6050 mcs 28
slot 15 index 0 rnti 6050 mcs 28
slot 16 index 0 rnti 6050 mcs 28
slot 4 index 0 rnti 6050 mcs 28
slot 5 index 0 rnti 6050 mcs 28
slot 6 index 0 rnti 6050 mcs 28
slot 14 index 0 rnti 6050 mcs 28
slot 15 index 0 rnti 6050 mcs 28
slot 16 index 0 rnti 6050 mcs 28
slot 4 index 0 rnti 6050 mcs 28
slot 5 index 0 rnti 6050 mcs 28
slot 6 index 0 rnti 6050 mcs 28
slot 14 index 0 rnti 6050 mcs 28
slot 15 index 0 rnti 6050 mcs 28
slot 16 index 0 rnti 6050 mcs 28
slot 4 index 0 rnti 6050 mcs 28
slot 5 index 0 rnti 6050 mcs 28
slot 6 index 0 rnti 6050 mcs 28
slot 14 index 0 rnti 6050 mcs 28
[EMURAN-DL-CSV] t=20.964 win_tbs=20 win_fail=0 win_bler=0.00000 mcs_last=28 mcs_min=28 mcs_max=28 r0=19 r1=1 r2=0 r3=0  f0=0 f1=0 f2=0 f3=0 tot_tbs=5980 tot_fail=268 tot_bler=0.04482 tot_init=5694 tot_retx=286
slot 15 index 0 rnti 6050 mcs 28
slot 16 index 0 rnti 6050 mcs 28
slot 4 index 0 rnti 6050 mcs 28
slot 5 index 0 rnti 6050 mcs 28
slot 6 index 0 rnti 6050 mcs 28
slot 14 index 0 rnti 6050 mcs 28
slot 15 index 0 rnti 6050 mcs 28
slot 16 index 0 rnti 6050 mcs 28
slot 4 index 0 rnti 6050 mcs 28
slot 5 index 0 rnti 6050 mcs 28
slot 6 index 0 rnti 6050 mcs 28
slot 14 index 0 rnti 6050 mcs 28
slot 15 index 0 rnti 6050 mcs 28
slot 16 index 0 rnti 6050 mcs 28
slot 4 index 0 rnti 6050 mcs 28
slot 5 index 0 rnti 6050 mcs 28
slot 6 index 0 rnti 6050 mcs 28
slot 14 index 0 rnti 6050 mcs 28
slot 15 index 0 rnti 6050 mcs 28
slot 16 index 0 rnti 6050 mcs 28
[EMURAN-DL-CSV] t=21.029 win_tbs=20 win_fail=0 win_bler=0.00000 mcs_last=28 mcs_min=28 mcs_max=28 r0=20 r1=0 r2=0 r3=0  f0=0 f1=0 f2=0 f3=0 tot_tbs=6000 tot_fail=268 tot_bler=0.04467 tot_init=5714 tot_retx=286
slot 4 index 0 rnti 6050 mcs 28
slot 5 index 0 rnti 6050 mcs 28
slot 6 index 0 rnti 6050 mcs 28
slot 14 index 0 rnti 6050 mcs 28
slot 15 index 0 rnti 6050 mcs 28
slot 16 index 0 rnti 6050 mcs 28
slot 4 index 0 rnti 6050 mcs 28
slot 5 index 0 rnti 6050 mcs 28
slot 6 index 0 rnti 6050 mcs 28
slot 14 index 0 rnti 6050 mcs 28
slot 15 index 0 rnti 6050 mcs 28
slot 16 index 0 rnti 6050 mcs 28
slot 4 index 0 rnti 6050 mcs 28
slot 5 index 0 rnti 6050 mcs 28
slot 6 index 0 rnti 6050 mcs 28
slot 14 index 0 rnti 6050 mcs 28
slot 15 index 0 rnti 6050 mcs 28
slot 16 index 0 rnti 6050 mcs 28
slot 4 index 0 rnti 6050 mcs 28
slot 5 index 0 rnti 6050 mcs 28
[EMURAN-DL-CSV] t=21.102 win_tbs=20 win_fail=2 win_bler=0.10000 mcs_last=28 mcs_min=28 mcs_max=28 r0=18 r1=2 r2=0 r3=0  f0=2 f1=0 f2=0 f3=0 tot_tbs=6020 tot_fail=270 tot_bler=0.04485 tot_init=5732 tot_retx=288
slot 6 index 0 rnti 6050 mcs 28
slot 14 index 0 rnti 6050 mcs 28
slot 15 index 0 rnti 6050 mcs 28
slot 16 index 0 rnti 6050 mcs 28
slot 4 index 0 rnti 6050 mcs 28
slot 5 index 0 rnti 6050 mcs 28
slot 6 index 0 rnti 6050 mcs 28
slot 14 index 0 rnti 6050 mcs 28
slot 15 index 0 rnti 6050 mcs 28
slot 16 index 0 rnti 6050 mcs 28
slot 4 index 0 rnti 6050 mcs 28
slot 5 index 0 rnti 6050 mcs 28
slot 6 index 0 rnti 6050 mcs 28
slot 14 index 0 rnti 6050 mcs 28
slot 15 index 0 rnti 6050 mcs 28
slot 16 index 0 rnti 6050 mcs 28
slot 4 index 0 rnti 6050 mcs 28
slot 5 index 0 rnti 6050 mcs 28
slot 6 index 0 rnti 6050 mcs 28
slot 14 index 0 rnti 6050 mcs 28
[EMURAN-DL-CSV] t=21.175 win_tbs=20 win_fail=0 win_bler=0.00000 mcs_last=28 mcs_min=28 mcs_max=28 r0=20 r1=0 r2=0 r3=0  f0=0 f1=0 f2=0 f3=0 tot_tbs=6040 tot_fail=270 tot_bler=0.04470 tot_init=5752 tot_retx=288
slot 15 index 0 rnti 6050 mcs 28
slot 16 index 0 rnti 6050 mcs 28
slot 4 index 0 rnti 6050 mcs 28
slot 5 index 0 rnti 6050 mcs 28
slot 6 index 0 rnti 6050 mcs 28
slot 14 index 0 rnti 6050 mcs 28
slot 15 index 0 rnti 6050 mcs 28
slot 16 index 0 rnti 6050 mcs 28
slot 4 index 0 rnti 6050 mcs 28
slot 5 index 0 rnti 6050 mcs 28
slot 6 index 0 rnti 6050 mcs 28
slot 14 index 0 rnti 6050 mcs 28
slot 15 index 0 rnti 6050 mcs 28
slot 16 index 0 rnti 6050 mcs 28
slot 4 index 0 rnti 6050 mcs 28
slot 5 index 0 rnti 6050 mcs 28
slot 6 index 0 rnti 6050 mcs 28
slot 14 index 0 rnti 6050 mcs 28
slot 15 index 0 rnti 6050 mcs 28
slot 16 index 0 rnti 6050 mcs 28
[EMURAN-DL-CSV] t=21.240 win_tbs=20 win_fail=1 win_bler=0.05000 mcs_last=28 mcs_min=28 mcs_max=28 r0=20 r1=0 r2=0 r3=0  f0=1 f1=0 f2=0 f3=0 tot_tbs=6060 tot_fail=271 tot_bler=0.04472 tot_init=5772 tot_retx=288
[UE-STAT] frame=800 dci_cnt=600 total_tbs=50385600 ack_real=497 nack_real=22 fb_missing=81 decode_cnt=600
slot 4 index 0 rnti 6050 mcs 28
slot 5 index 0 rnti 6050 mcs 28
slot 6 index 0 rnti 6050 mcs 28
slot 14 index 0 rnti 6050 mcs 28
slot 15 index 0 rnti 6050 mcs 28
slot 16 index 0 rnti 6050 mcs 28
slot 4 index 0 rnti 6050 mcs 28
slot 5 index 0 rnti 6050 mcs 28
slot 6 index 0 rnti 6050 mcs 28
slot 14 index 0 rnti 6050 mcs 28
slot 15 index 0 rnti 6050 mcs 28
slot 16 index 0 rnti 6050 mcs 28
slot 4 index 0 rnti 6050 mcs 28
slot 5 index 0 rnti 6050 mcs 28
slot 6 index 0 rnti 6050 mcs 28
slot 14 index 0 rnti 6050 mcs 28
slot 15 index 0 rnti 6050 mcs 28
slot 16 index 0 rnti 6050 mcs 28
slot 4 index 0 rnti 6050 mcs 28
slot 5 index 0 rnti 6050 mcs 28
[EMURAN-DL-CSV] t=21.312 win_tbs=20 win_fail=1 win_bler=0.05000 mcs_last=28 mcs_min=28 mcs_max=28 r0=18 r1=2 r2=0 r3=0  f0=1 f1=0 f2=0 f3=0 tot_tbs=6080 tot_fail=272 tot_bler=0.04474 tot_init=5790 tot_retx=290
slot 6 index 0 rnti 6050 mcs 28
slot 14 index 0 rnti 6050 mcs 28
slot 15 index 0 rnti 6050 mcs 28
slot 16 index 0 rnti 6050 mcs 28
slot 4 index 0 rnti 6050 mcs 28
slot 5 index 0 rnti 6050 mcs 28
slot 6 index 0 rnti 6050 mcs 28
slot 14 index 0 rnti 6050 mcs 28
slot 15 index 0 rnti 6050 mcs 28
slot 16 index 0 rnti 6050 mcs 28
slot 4 index 0 rnti 6050 mcs 28
slot 5 index 0 rnti 6050 mcs 28
slot 6 index 0 rnti 6050 mcs 28
slot 14 index 0 rnti 6050 mcs 28
slot 15 index 0 rnti 6050 mcs 28
slot 16 index 0 rnti 6050 mcs 28
slot 4 index 0 rnti 6050 mcs 28
slot 5 index 0 rnti 6050 mcs 28
slot 6 index 0 rnti 6050 mcs 28
slot 14 index 0 rnti 6050 mcs 28
[EMURAN-DL-CSV] t=21.385 win_tbs=20 win_fail=0 win_bler=0.00000 mcs_last=28 mcs_min=28 mcs_max=28 r0=20 r1=0 r2=0 r3=0  f0=0 f1=0 f2=0 f3=0 tot_tbs=6100 tot_fail=272 tot_bler=0.04459 tot_init=5810 tot_retx=290
slot 15 index 0 rnti 6050 mcs 28
slot 16 index 0 rnti 6050 mcs 28
slot 4 index 0 rnti 6050 mcs 28
slot 5 index 0 rnti 6050 mcs 28
slot 6 index 0 rnti 6050 mcs 28
slot 14 index 0 rnti 6050 mcs 28
slot 15 index 0 rnti 6050 mcs 28
slot 16 index 0 rnti 6050 mcs 28
slot 4 index 0 rnti 6050 mcs 28
slot 5 index 0 rnti 6050 mcs 28
slot 6 index 0 rnti 6050 mcs 28
slot 14 index 0 rnti 6050 mcs 28
slot 15 index 0 rnti 6050 mcs 28
slot 16 index 0 rnti 6050 mcs 28
slot 4 index 0 rnti 6050 mcs 28
slot 5 index 0 rnti 6050 mcs 28
slot 6 index 0 rnti 6050 mcs 28
slot 14 index 0 rnti 6050 mcs 28
slot 15 index 0 rnti 6050 mcs 28
slot 16 index 0 rnti 6050 mcs 28
[EMURAN-DL-CSV] t=21.451 win_tbs=20 win_fail=1 win_bler=0.05000 mcs_last=28 mcs_min=28 mcs_max=28 r0=19 r1=1 r2=0 r3=0  f0=1 f1=0 f2=0 f3=0 tot_tbs=6120 tot_fail=273 tot_bler=0.04461 tot_init=5829 tot_retx=291
slot 4 index 0 rnti 6050 mcs 28
slot 5 index 0 rnti 6050 mcs 28
slot 6 index 0 rnti 6050 mcs 28
slot 14 index 0 rnti 6050 mcs 28
slot 15 index 0 rnti 6050 mcs 28
slot 16 index 0 rnti 6050 mcs 28
slot 4 index 0 rnti 6050 mcs 28
slot 5 index 0 rnti 6050 mcs 28
slot 6 index 0 rnti 6050 mcs 28
slot 14 index 0 rnti 6050 mcs 28
slot 15 index 0 rnti 6050 mcs 28
slot 16 index 0 rnti 6050 mcs 28
slot 4 index 0 rnti 6050 mcs 28
slot 5 index 0 rnti 6050 mcs 28
slot 6 index 0 rnti 6050 mcs 28
slot 14 index 0 rnti 6050 mcs 28
slot 15 index 0 rnti 6050 mcs 28
slot 16 index 0 rnti 6050 mcs 28
slot 4 index 0 rnti 6050 mcs 28
slot 5 index 0 rnti 6050 mcs 28
slot 6 index 0 rnti 6050 mcs 28
[EMURAN-DL-CSV] t=21.524 win_tbs=20 win_fail=0 win_bler=0.00000 mcs_last=28 mcs_min=28 mcs_max=28 r0=20 r1=0 r2=0 r3=0  f0=0 f1=0 f2=0 f3=0 tot_tbs=6140 tot_fail=273 tot_bler=0.04446 tot_init=5849 tot_retx=291
slot 14 index 0 rnti 6050 mcs 28
slot 15 index 0 rnti 6050 mcs 28
slot 16 index 0 rnti 6050 mcs 28
slot 4 index 0 rnti 6050 mcs 28
slot 5 index 0 rnti 6050 mcs 28
slot 6 index 0 rnti 6050 mcs 28
slot 14 index 0 rnti 6050 mcs 28
slot 15 index 0 rnti 6050 mcs 28
slot 16 index 0 rnti 6050 mcs 28
slot 4 index 0 rnti 6050 mcs 28
slot 5 index 0 rnti 6050 mcs 28
slot 6 index 0 rnti 6050 mcs 28
slot 14 index 0 rnti 6050 mcs 28
slot 15 index 0 rnti 6050 mcs 28
slot 16 index 0 rnti 6050 mcs 28
slot 4 index 0 rnti 6050 mcs 28
slot 5 index 0 rnti 6050 mcs 28
slot 6 index 0 rnti 6050 mcs 28
slot 14 index 0 rnti 6050 mcs 28
[EMURAN-DL-CSV] t=21.595 win_tbs=20 win_fail=1 win_bler=0.05000 mcs_last=28 mcs_min=28 mcs_max=28 r0=19 r1=1 r2=0 r3=0  f0=1 f1=0 f2=0 f3=0 tot_tbs=6160 tot_fail=274 tot_bler=0.04448 tot_init=5868 tot_retx=292
slot 15 index 0 rnti 6050 mcs 28
slot 16 index 0 rnti 6050 mcs 28
slot 4 index 0 rnti 6050 mcs 28
slot 5 index 0 rnti 6050 mcs 28
slot 6 index 0 rnti 6050 mcs 28
slot 14 index 0 rnti 6050 mcs 28
slot 15 index 0 rnti 6050 mcs 28
slot 16 index 0 rnti 6050 mcs 28
slot 4 index 0 rnti 6050 mcs 28
slot 5 index 0 rnti 6050 mcs 28
slot 6 index 0 rnti 6050 mcs 28
slot 14 index 0 rnti 6050 mcs 28
slot 15 index 0 rnti 6050 mcs 28
slot 16 index 0 rnti 6050 mcs 28
slot 4 index 0 rnti 6050 mcs 28
slot 5 index 0 rnti 6050 mcs 28
slot 6 index 0 rnti 6050 mcs 28
slot 14 index 0 rnti 6050 mcs 28
slot 15 index 0 rnti 6050 mcs 28
slot 16 index 0 rnti 6050 mcs 28
[EMURAN-DL-CSV] t=21.660 win_tbs=20 win_fail=0 win_bler=0.00000 mcs_last=28 mcs_min=28 mcs_max=28 r0=20 r1=0 r2=0 r3=0  f0=0 f1=0 f2=0 f3=0 tot_tbs=6180 tot_fail=274 tot_bler=0.04434 tot_init=5888 tot_retx=292
slot 4 index 0 rnti 6050 mcs 28
slot 5 index 0 rnti 6050 mcs 28
slot 6 index 0 rnti 6050 mcs 28
slot 14 index 0 rnti 6050 mcs 28
slot 15 index 0 rnti 6050 mcs 28
slot 16 index 0 rnti 6050 mcs 28
slot 4 index 0 rnti 6050 mcs 28
slot 5 index 0 rnti 6050 mcs 28
slot 6 index 0 rnti 6050 mcs 28
slot 14 index 0 rnti 6050 mcs 28
slot 15 index 0 rnti 6050 mcs 28
slot 16 index 0 rnti 6050 mcs 28
slot 4 index 0 rnti 6050 mcs 28
slot 5 index 0 rnti 6050 mcs 28
slot 6 index 0 rnti 6050 mcs 28
slot 14 index 0 rnti 6050 mcs 28
slot 15 index 0 rnti 6050 mcs 28
slot 16 index 0 rnti 6050 mcs 28
slot 4 index 0 rnti 6050 mcs 28
slot 5 index 0 rnti 6050 mcs 28
slot 6 index 0 rnti 6050 mcs 28
[EMURAN-DL-CSV] t=21.734 win_tbs=20 win_fail=0 win_bler=0.00000 mcs_last=28 mcs_min=28 mcs_max=28 r0=20 r1=0 r2=0 r3=0  f0=0 f1=0 f2=0 f3=0 tot_tbs=6200 tot_fail=274 tot_bler=0.04419 tot_init=5908 tot_retx=292
slot 14 index 0 rnti 6050 mcs 28
slot 15 index 0 rnti 6050 mcs 28
slot 16 index 0 rnti 6050 mcs 28
slot 4 index 0 rnti 6050 mcs 28
slot 5 index 0 rnti 6050 mcs 28
slot 6 index 0 rnti 6050 mcs 28
slot 14 index 0 rnti 6050 mcs 28
slot 15 index 0 rnti 6050 mcs 28
slot 16 index 0 rnti 6050 mcs 28
slot 4 index 0 rnti 6050 mcs 28
slot 5 index 0 rnti 6050 mcs 28
slot 6 index 0 rnti 6050 mcs 28
slot 14 index 0 rnti 6050 mcs 28
slot 15 index 0 rnti 6050 mcs 28
slot 16 index 0 rnti 6050 mcs 28
slot 4 index 0 rnti 6050 mcs 28
slot 5 index 0 rnti 6050 mcs 28
slot 6 index 0 rnti 6050 mcs 28
slot 14 index 0 rnti 6050 mcs 28
[EMURAN-DL-CSV] t=21.806 win_tbs=20 win_fail=0 win_bler=0.00000 mcs_last=28 mcs_min=28 mcs_max=28 r0=20 r1=0 r2=0 r3=0  f0=0 f1=0 f2=0 f3=0 tot_tbs=6220 tot_fail=274 tot_bler=0.04405 tot_init=5928 tot_retx=292
slot 15 index 0 rnti 6050 mcs 28
slot 16 index 0 rnti 6050 mcs 28
slot 4 index 0 rnti 6050 mcs 28
slot 5 index 0 rnti 6050 mcs 28
slot 6 index 0 rnti 6050 mcs 28
slot 14 index 0 rnti 6050 mcs 28
slot 15 index 0 rnti 6050 mcs 28
slot 16 index 0 rnti 6050 mcs 28
slot 4 index 0 rnti 6050 mcs 28
slot 5 index 0 rnti 6050 mcs 28
slot 6 index 0 rnti 6050 mcs 28
slot 14 index 0 rnti 6050 mcs 28
slot 15 index 0 rnti 6050 mcs 28
slot 16 index 0 rnti 6050 mcs 28
slot 4 index 0 rnti 6050 mcs 28
slot 5 index 0 rnti 6050 mcs 28
slot 6 index 0 rnti 6050 mcs 28
slot 14 index 0 rnti 6050 mcs 28
slot 15 index 0 rnti 6050 mcs 28
slot 16 index 0 rnti 6050 mcs 28
[EMURAN-DL-CSV] t=21.871 win_tbs=20 win_fail=2 win_bler=0.10000 mcs_last=28 mcs_min=28 mcs_max=28 r0=18 r1=2 r2=0 r3=0  f0=2 f1=0 f2=0 f3=0 tot_tbs=6240 tot_fail=276 tot_bler=0.04423 tot_init=5946 tot_retx=294
slot 4 index 0 rnti 6050 mcs 28
slot 5 index 0 rnti 6050 mcs 28
slot 6 index 0 rnti 6050 mcs 28
slot 14 index 0 rnti 6050 mcs 28
slot 15 index 0 rnti 6050 mcs 28
slot 16 index 0 rnti 6050 mcs 28
slot 4 index 0 rnti 6050 mcs 28
slot 5 index 0 rnti 6050 mcs 28
slot 6 index 0 rnti 6050 mcs 28
slot 14 index 0 rnti 6050 mcs 28
slot 15 index 0 rnti 6050 mcs 28
slot 16 index 0 rnti 6050 mcs 28
slot 4 index 0 rnti 6050 mcs 28
slot 5 index 0 rnti 6050 mcs 28
slot 6 index 0 rnti 6050 mcs 28
slot 14 index 0 rnti 6050 mcs 28
slot 15 index 0 rnti 6050 mcs 28
slot 16 index 0 rnti 6050 mcs 28
slot 4 index 0 rnti 6050 mcs 28
slot 5 index 0 rnti 6050 mcs 28
[EMURAN-DL-CSV] t=21.944 win_tbs=20 win_fail=1 win_bler=0.05000 mcs_last=28 mcs_min=28 mcs_max=28 r0=19 r1=1 r2=0 r3=0  f0=1 f1=0 f2=0 f3=0 tot_tbs=6260 tot_fail=277 tot_bler=0.04425 tot_init=5965 tot_retx=295
slot 6 index 0 rnti 6050 mcs 28
slot 14 index 0 rnti 6050 mcs 28
slot 15 index 0 rnti 6050 mcs 28
slot 16 index 0 rnti 6050 mcs 28
slot 4 index 0 rnti 6050 mcs 28
slot 5 index 0 rnti 6050 mcs 28
slot 6 index 0 rnti 6050 mcs 28
slot 14 index 0 rnti 6050 mcs 28
slot 15 index 0 rnti 6050 mcs 28
slot 16 index 0 rnti 6050 mcs 28
slot 4 index 0 rnti 6050 mcs 28
slot 5 index 0 rnti 6050 mcs 28
slot 6 index 0 rnti 6050 mcs 28
slot 14 index 0 rnti 6050 mcs 28
slot 15 index 0 rnti 6050 mcs 28
slot 16 index 0 rnti 6050 mcs 28
slot 4 index 0 rnti 6050 mcs 28
slot 5 index 0 rnti 6050 mcs 28
slot 6 index 0 rnti 6050 mcs 28
slot 14 index 0 rnti 6050 mcs 28
[EMURAN-DL-CSV] t=22.016 win_tbs=20 win_fail=0 win_bler=0.00000 mcs_last=28 mcs_min=28 mcs_max=28 r0=20 r1=0 r2=0 r3=0  f0=0 f1=0 f2=0 f3=0 tot_tbs=6280 tot_fail=277 tot_bler=0.04411 tot_init=5985 tot_retx=295
slot 15 index 0 rnti 6050 mcs 28
slot 16 index 0 rnti 6050 mcs 28
slot 4 index 0 rnti 6050 mcs 28
slot 5 index 0 rnti 6050 mcs 28
slot 6 index 0 rnti 6050 mcs 28
slot 14 index 0 rnti 6050 mcs 28
slot 15 index 0 rnti 6050 mcs 28
slot 16 index 0 rnti 6050 mcs 28
slot 4 index 0 rnti 6050 mcs 28
slot 5 index 0 rnti 6050 mcs 28
slot 6 index 0 rnti 6050 mcs 28
slot 14 index 0 rnti 6050 mcs 28
slot 15 index 0 rnti 6050 mcs 28
slot 16 index 0 rnti 6050 mcs 28
slot 4 index 0 rnti 6050 mcs 28
slot 5 index 0 rnti 6050 mcs 28
slot 6 index 0 rnti 6050 mcs 28
slot 14 index 0 rnti 6050 mcs 28
slot 15 index 0 rnti 6050 mcs 28
slot 16 index 0 rnti 6050 mcs 28
[EMURAN-DL-CSV] t=22.081 win_tbs=20 win_fail=0 win_bler=0.00000 mcs_last=28 mcs_min=28 mcs_max=28 r0=20 r1=0 r2=0 r3=0  f0=0 f1=0 f2=0 f3=0 tot_tbs=6300 tot_fail=277 tot_bler=0.04397 tot_init=6005 tot_retx=295
slot 4 index 0 rnti 6050 mcs 28
slot 5 index 0 rnti 6050 mcs 28
slot 6 index 0 rnti 6050 mcs 28
slot 14 index 0 rnti 6050 mcs 28
slot 15 index 0 rnti 6050 mcs 28
slot 16 index 0 rnti 6050 mcs 28
slot 4 index 0 rnti 6050 mcs 28
slot 5 index 0 rnti 6050 mcs 28
slot 6 index 0 rnti 6050 mcs 28
slot 14 index 0 rnti 6050 mcs 28
slot 15 index 0 rnti 6050 mcs 28
slot 16 index 0 rnti 6050 mcs 28
slot 4 index 0 rnti 6050 mcs 28
slot 5 index 0 rnti 6050 mcs 28
slot 6 index 0 rnti 6050 mcs 28
slot 14 index 0 rnti 6050 mcs 28
slot 15 index 0 rnti 6050 mcs 28
slot 16 index 0 rnti 6050 mcs 28
slot 4 index 0 rnti 6050 mcs 28
slot 5 index 0 rnti 6050 mcs 28
[EMURAN-DL-CSV] t=22.154 win_tbs=20 win_fail=0 win_bler=0.00000 mcs_last=28 mcs_min=28 mcs_max=28 r0=20 r1=0 r2=0 r3=0  f0=0 f1=0 f2=0 f3=0 tot_tbs=6320 tot_fail=277 tot_bler=0.04383 tot_init=6025 tot_retx=295
slot 6 index 0 rnti 6050 mcs 28
slot 14 index 0 rnti 6050 mcs 28
slot 15 index 0 rnti 6050 mcs 28
slot 16 index 0 rnti 6050 mcs 28
slot 4 index 0 rnti 6050 mcs 28
slot 5 index 0 rnti 6050 mcs 28
slot 6 index 0 rnti 6050 mcs 28
slot 14 index 0 rnti 6050 mcs 28
slot 15 index 0 rnti 6050 mcs 28
slot 16 index 0 rnti 6050 mcs 28
slot 4 index 0 rnti 6050 mcs 28
slot 5 index 0 rnti 6050 mcs 28
slot 6 index 0 rnti 6050 mcs 28
slot 14 index 0 rnti 6050 mcs 28
slot 15 index 0 rnti 6050 mcs 28
slot 16 index 0 rnti 6050 mcs 28
slot 4 index 0 rnti 6050 mcs 28
slot 5 index 0 rnti 6050 mcs 28
slot 6 index 0 rnti 6050 mcs 28
slot 14 index 0 rnti 6050 mcs 28
[EMURAN-DL-CSV] t=22.226 win_tbs=20 win_fail=0 win_bler=0.00000 mcs_last=28 mcs_min=28 mcs_max=28 r0=20 r1=0 r2=0 r3=0  f0=0 f1=0 f2=0 f3=0 tot_tbs=6340 tot_fail=277 tot_bler=0.04369 tot_init=6045 tot_retx=295
slot 15 index 0 rnti 6050 mcs 28
slot 16 index 0 rnti 6050 mcs 28
slot 4 index 0 rnti 6050 mcs 28
slot 5 index 0 rnti 6050 mcs 28
slot 6 index 0 rnti 6050 mcs 28
slot 14 index 0 rnti 6050 mcs 28
slot 15 index 0 rnti 6050 mcs 28
slot 16 index 0 rnti 6050 mcs 28
slot 4 index 0 rnti 6050 mcs 28
slot 5 index 0 rnti 6050 mcs 28
slot 6 index 0 rnti 6050 mcs 28
slot 14 index 0 rnti 6050 mcs 28
slot 15 index 0 rnti 6050 mcs 28
slot 16 index 0 rnti 6050 mcs 28
slot 4 index 0 rnti 6050 mcs 28
slot 5 index 0 rnti 6050 mcs 28
slot 6 index 0 rnti 6050 mcs 28
slot 14 index 0 rnti 6050 mcs 28
slot 15 index 0 rnti 6050 mcs 28
slot 16 index 0 rnti 6050 mcs 28
[EMURAN-DL-CSV] t=22.292 win_tbs=20 win_fail=1 win_bler=0.05000 mcs_last=28 mcs_min=28 mcs_max=28 r0=18 r1=2 r2=0 r3=0  f0=1 f1=0 f2=0 f3=0 tot_tbs=6360 tot_fail=278 tot_bler=0.04371 tot_init=6063 tot_retx=297
slot 4 index 0 rnti 6050 mcs 28
slot 5 index 0 rnti 6050 mcs 28
slot 6 index 0 rnti 6050 mcs 28
slot 14 index 0 rnti 6050 mcs 28
slot 15 index 0 rnti 6050 mcs 28
slot 16 index 0 rnti 6050 mcs 28
slot 4 index 0 rnti 6050 mcs 28
slot 5 index 0 rnti 6050 mcs 28
slot 6 index 0 rnti 6050 mcs 28
slot 14 index 0 rnti 6050 mcs 28
slot 15 index 0 rnti 6050 mcs 28
slot 16 index 0 rnti 6050 mcs 28
slot 4 index 0 rnti 6050 mcs 28
slot 5 index 0 rnti 6050 mcs 28
slot 6 index 0 rnti 6050 mcs 28
slot 14 index 0 rnti 6050 mcs 28
slot 15 index 0 rnti 6050 mcs 28
slot 16 index 0 rnti 6050 mcs 28
slot 4 index 0 rnti 6050 mcs 28
slot 5 index 0 rnti 6050 mcs 28
[EMURAN-DL-CSV] t=22.364 win_tbs=20 win_fail=0 win_bler=0.00000 mcs_last=28 mcs_min=28 mcs_max=28 r0=20 r1=0 r2=0 r3=0  f0=0 f1=0 f2=0 f3=0 tot_tbs=6380 tot_fail=278 tot_bler=0.04357 tot_init=6083 tot_retx=297
slot 6 index 0 rnti 6050 mcs 28
slot 14 index 0 rnti 6050 mcs 28
slot 15 index 0 rnti 6050 mcs 28
slot 16 index 0 rnti 6050 mcs 28
slot 4 index 0 rnti 6050 mcs 28
slot 5 index 0 rnti 6050 mcs 28
slot 6 index 0 rnti 6050 mcs 28
slot 14 index 0 rnti 6050 mcs 28
slot 15 index 0 rnti 6050 mcs 28
slot 16 index 0 rnti 6050 mcs 28
slot 4 index 0 rnti 6050 mcs 28
slot 5 index 0 rnti 6050 mcs 28
slot 6 index 0 rnti 6050 mcs 28
slot 14 index 0 rnti 6050 mcs 28
slot 15 index 0 rnti 6050 mcs 28
slot 16 index 0 rnti 6050 mcs 28
slot 4 index 0 rnti 6050 mcs 28
slot 5 index 0 rnti 6050 mcs 28
slot 6 index 0 rnti 6050 mcs 28
slot 14 index 0 rnti 6050 mcs 28
[EMURAN-DL-CSV] t=22.437 win_tbs=20 win_fail=0 win_bler=0.00000 mcs_last=28 mcs_min=28 mcs_max=28 r0=20 r1=0 r2=0 r3=0  f0=0 f1=0 f2=0 f3=0 tot_tbs=6400 tot_fail=278 tot_bler=0.04344 tot_init=6103 tot_retx=297
slot 15 index 0 rnti 6050 mcs 28
slot 16 index 0 rnti 6050 mcs 28
slot 4 index 0 rnti 6050 mcs 28
slot 5 index 0 rnti 6050 mcs 28
slot 6 index 0 rnti 6050 mcs 28
slot 14 index 0 rnti 6050 mcs 28
slot 15 index 0 rnti 6050 mcs 28
slot 16 index 0 rnti 6050 mcs 28
slot 4 index 0 rnti 6050 mcs 28
slot 5 index 0 rnti 6050 mcs 28
slot 6 index 0 rnti 6050 mcs 28
slot 14 index 0 rnti 6050 mcs 28
slot 15 index 0 rnti 6050 mcs 28
slot 16 index 0 rnti 6050 mcs 28
slot 4 index 0 rnti 6050 mcs 28
slot 5 index 0 rnti 6050 mcs 28
slot 6 index 0 rnti 6050 mcs 28
slot 14 index 0 rnti 6050 mcs 28
slot 15 index 0 rnti 6050 mcs 28
slot 16 index 0 rnti 6050 mcs 28
[EMURAN-DL-CSV] t=22.502 win_tbs=20 win_fail=0 win_bler=0.00000 mcs_last=28 mcs_min=28 mcs_max=28 r0=20 r1=0 r2=0 r3=0  f0=0 f1=0 f2=0 f3=0 tot_tbs=6420 tot_fail=278 tot_bler=0.04330 tot_init=6123 tot_retx=297
slot 4 index 0 rnti 6050 mcs 28
slot 5 index 0 rnti 6050 mcs 28
slot 6 index 0 rnti 6050 mcs 28
slot 14 index 0 rnti 6050 mcs 28
slot 15 index 0 rnti 6050 mcs 28
slot 16 index 0 rnti 6050 mcs 28
slot 4 index 0 rnti 6050 mcs 28
slot 5 index 0 rnti 6050 mcs 28
slot 6 index 0 rnti 6050 mcs 28
slot 14 index 0 rnti 6050 mcs 28
slot 15 index 0 rnti 6050 mcs 28
slot 16 index 0 rnti 6050 mcs 28
slot 4 index 0 rnti 6050 mcs 28
slot 5 index 0 rnti 6050 mcs 28
slot 6 index 0 rnti 6050 mcs 28
slot 14 index 0 rnti 6050 mcs 28
slot 15 index 0 rnti 6050 mcs 28
slot 16 index 0 rnti 6050 mcs 28
slot 4 index 0 rnti 6050 mcs 28
slot 5 index 0 rnti 6050 mcs 28
[EMURAN-DL-CSV] t=22.574 win_tbs=20 win_fail=1 win_bler=0.05000 mcs_last=28 mcs_min=28 mcs_max=28 r0=19 r1=1 r2=0 r3=0  f0=1 f1=0 f2=0 f3=0 tot_tbs=6440 tot_fail=279 tot_bler=0.04332 tot_init=6142 tot_retx=298
slot 6 index 0 rnti 6050 mcs 28
slot 14 index 0 rnti 6050 mcs 28
slot 15 index 0 rnti 6050 mcs 28
slot 16 index 0 rnti 6050 mcs 28
slot 4 index 0 rnti 6050 mcs 28
slot 5 index 0 rnti 6050 mcs 28
slot 6 index 0 rnti 6050 mcs 28
slot 14 index 0 rnti 6050 mcs 28
slot 15 index 0 rnti 6050 mcs 28
slot 16 index 0 rnti 6050 mcs 28
slot 4 index 0 rnti 6050 mcs 28
slot 5 index 0 rnti 6050 mcs 28
slot 6 index 0 rnti 6050 mcs 28
slot 14 index 0 rnti 6050 mcs 28
slot 15 index 0 rnti 6050 mcs 28
slot 16 index 0 rnti 6050 mcs 28
slot 4 index 0 rnti 6050 mcs 28
slot 5 index 0 rnti 6050 mcs 28
slot 6 index 0 rnti 6050 mcs 28
slot 14 index 0 rnti 6050 mcs 28
[EMURAN-DL-CSV] t=22.647 win_tbs=20 win_fail=0 win_bler=0.00000 mcs_last=28 mcs_min=28 mcs_max=28 r0=19 r1=1 r2=0 r3=0  f0=0 f1=0 f2=0 f3=0 tot_tbs=6460 tot_fail=279 tot_bler=0.04319 tot_init=6161 tot_retx=299
slot 15 index 0 rnti 6050 mcs 28
slot 16 index 0 rnti 6050 mcs 28
slot 4 index 0 rnti 6050 mcs 28
slot 5 index 0 rnti 6050 mcs 28
slot 6 index 0 rnti 6050 mcs 28
slot 14 index 0 rnti 6050 mcs 28
slot 15 index 0 rnti 6050 mcs 28
slot 16 index 0 rnti 6050 mcs 28
slot 4 index 0 rnti 6050 mcs 28
slot 5 index 0 rnti 6050 mcs 28
slot 6 index 0 rnti 6050 mcs 28
slot 14 index 0 rnti 6050 mcs 28
slot 15 index 0 rnti 6050 mcs 28
slot 16 index 0 rnti 6050 mcs 28
slot 4 index 0 rnti 6050 mcs 28
slot 5 index 0 rnti 6050 mcs 28
slot 6 index 0 rnti 6050 mcs 28
slot 14 index 0 rnti 6050 mcs 28
slot 15 index 0 rnti 6050 mcs 28
slot 16 index 0 rnti 6050 mcs 28
[EMURAN-DL-CSV] t=22.713 win_tbs=20 win_fail=1 win_bler=0.05000 mcs_last=28 mcs_min=28 mcs_max=28 r0=19 r1=1 r2=0 r3=0  f0=1 f1=0 f2=0 f3=0 tot_tbs=6480 tot_fail=280 tot_bler=0.04321 tot_init=6180 tot_retx=300
slot 4 index 0 rnti 6050 mcs 28
slot 5 index 0 rnti 6050 mcs 28
slot 6 index 0 rnti 6050 mcs 28
slot 14 index 0 rnti 6050 mcs 28
slot 15 index 0 rnti 6050 mcs 28
slot 16 index 0 rnti 6050 mcs 28
slot 4 index 0 rnti 6050 mcs 28
slot 5 index 0 rnti 6050 mcs 28
slot 6 index 0 rnti 6050 mcs 28
slot 14 index 0 rnti 6050 mcs 28
slot 15 index 0 rnti 6050 mcs 28
slot 16 index 0 rnti 6050 mcs 28
slot 4 index 0 rnti 6050 mcs 28
slot 5 index 0 rnti 6050 mcs 28
slot 6 index 0 rnti 6050 mcs 28
slot 14 index 0 rnti 6050 mcs 28
slot 15 index 0 rnti 6050 mcs 28
slot 16 index 0 rnti 6050 mcs 28
slot 4 index 0 rnti 6050 mcs 28
slot 5 index 0 rnti 6050 mcs 28
[EMURAN-DL-CSV] t=22.785 win_tbs=20 win_fail=1 win_bler=0.05000 mcs_last=28 mcs_min=28 mcs_max=28 r0=19 r1=1 r2=0 r3=0  f0=1 f1=0 f2=0 f3=0 tot_tbs=6500 tot_fail=281 tot_bler=0.04323 tot_init=6199 tot_retx=301
slot 6 index 0 rnti 6050 mcs 28
slot 14 index 0 rnti 6050 mcs 28
slot 15 index 0 rnti 6050 mcs 28
slot 16 index 0 rnti 6050 mcs 28
slot 4 index 0 rnti 6050 mcs 28
slot 5 index 0 rnti 6050 mcs 28
slot 6 index 0 rnti 6050 mcs 28
slot 14 index 0 rnti 6050 mcs 28
slot 15 index 0 rnti 6050 mcs 28
slot 16 index 0 rnti 6050 mcs 28
slot 4 index 0 rnti 6050 mcs 28
slot 5 index 0 rnti 6050 mcs 28
slot 6 index 0 rnti 6050 mcs 28
slot 14 index 0 rnti 6050 mcs 28
slot 15 index 0 rnti 6050 mcs 28
slot 16 index 0 rnti 6050 mcs 28
slot 4 index 0 rnti 6050 mcs 28
slot 5 index 0 rnti 6050 mcs 28
slot 6 index 0 rnti 6050 mcs 28
slot 14 index 0 rnti 6050 mcs 28
slot 15 index 0 rnti 6050 mcs 28
[EMURAN-DL-CSV] t=22.858 win_tbs=20 win_fail=2 win_bler=0.10000 mcs_last=28 mcs_min=28 mcs_max=28 r0=18 r1=2 r2=0 r3=0  f0=2 f1=0 f2=0 f3=0 tot_tbs=6520 tot_fail=283 tot_bler=0.04340 tot_init=6217 tot_retx=303
slot 16 index 0 rnti 6050 mcs 28
slot 4 index 0 rnti 6050 mcs 28
slot 5 index 0 rnti 6050 mcs 28
slot 6 index 0 rnti 6050 mcs 28
slot 14 index 0 rnti 6050 mcs 28
slot 15 index 0 rnti 6050 mcs 28
slot 16 index 0 rnti 6050 mcs 28
slot 4 index 0 rnti 6050 mcs 28
slot 5 index 0 rnti 6050 mcs 28
slot 6 index 0 rnti 6050 mcs 28
slot 14 index 0 rnti 6050 mcs 28
slot 15 index 0 rnti 6050 mcs 28
slot 16 index 0 rnti 6050 mcs 28
slot 4 index 0 rnti 6050 mcs 28
slot 5 index 0 rnti 6050 mcs 28
slot 6 index 0 rnti 6050 mcs 28
slot 14 index 0 rnti 6050 mcs 28
slot 15 index 0 rnti 6050 mcs 28
slot 16 index 0 rnti 6050 mcs 28
[EMURAN-DL-CSV] t=22.923 win_tbs=20 win_fail=0 win_bler=0.00000 mcs_last=28 mcs_min=28 mcs_max=28 r0=20 r1=0 r2=0 r3=0  f0=0 f1=0 f2=0 f3=0 tot_tbs=6540 tot_fail=283 tot_bler=0.04327 tot_init=6237 tot_retx=303
slot 4 index 0 rnti 6050 mcs 28
slot 5 index 0 rnti 6050 mcs 28
slot 6 index 0 rnti 6050 mcs 28
slot 14 index 0 rnti 6050 mcs 28
slot 15 index 0 rnti 6050 mcs 28
slot 16 index 0 rnti 6050 mcs 28
slot 4 index 0 rnti 6050 mcs 28
slot 5 index 0 rnti 6050 mcs 28
slot 6 index 0 rnti 6050 mcs 28
slot 14 index 0 rnti 6050 mcs 28
slot 15 index 0 rnti 6050 mcs 28
slot 16 index 0 rnti 6050 mcs 28
slot 4 index 0 rnti 6050 mcs 28
slot 5 index 0 rnti 6050 mcs 28
slot 6 index 0 rnti 6050 mcs 28
slot 14 index 0 rnti 6050 mcs 28
slot 15 index 0 rnti 6050 mcs 28
slot 16 index 0 rnti 6050 mcs 28
slot 4 index 0 rnti 6050 mcs 28
slot 5 index 0 rnti 6050 mcs 28
[EMURAN-DL-CSV] t=22.995 win_tbs=20 win_fail=0 win_bler=0.00000 mcs_last=28 mcs_min=28 mcs_max=28 r0=19 r1=1 r2=0 r3=0  f0=0 f1=0 f2=0 f3=0 tot_tbs=6560 tot_fail=283 tot_bler=0.04314 tot_init=6256 tot_retx=304
slot 6 index 0 rnti 6050 mcs 28
slot 14 index 0 rnti 6050 mcs 28
slot 15 index 0 rnti 6050 mcs 28
slot 16 index 0 rnti 6050 mcs 28
slot 4 index 0 rnti 6050 mcs 28
slot 5 index 0 rnti 6050 mcs 28
slot 6 index 0 rnti 6050 mcs 28
slot 14 index 0 rnti 6050 mcs 28
slot 15 index 0 rnti 6050 mcs 28
slot 16 index 0 rnti 6050 mcs 28
slot 4 index 0 rnti 6050 mcs 28
slot 5 index 0 rnti 6050 mcs 28
slot 6 index 0 rnti 6050 mcs 28
slot 14 index 0 rnti 6050 mcs 28
slot 15 index 0 rnti 6050 mcs 28
slot 16 index 0 rnti 6050 mcs 28
slot 4 index 0 rnti 6050 mcs 28
slot 5 index 0 rnti 6050 mcs 28
slot 6 index 0 rnti 6050 mcs 28
slot 14 index 0 rnti 6050 mcs 28
[EMURAN-DL-CSV] t=23.068 win_tbs=20 win_fail=1 win_bler=0.05000 mcs_last=28 mcs_min=28 mcs_max=28 r0=20 r1=0 r2=0 r3=0  f0=1 f1=0 f2=0 f3=0 tot_tbs=6580 tot_fail=284 tot_bler=0.04316 tot_init=6276 tot_retx=304
slot 15 index 0 rnti 6050 mcs 28
slot 16 index 0 rnti 6050 mcs 28
slot 4 index 0 rnti 6050 mcs 28
slot 5 index 0 rnti 6050 mcs 28
slot 6 index 0 rnti 6050 mcs 28
slot 14 index 0 rnti 6050 mcs 28
slot 15 index 0 rnti 6050 mcs 28
slot 16 index 0 rnti 6050 mcs 28
slot 4 index 0 rnti 6050 mcs 28
slot 5 index 0 rnti 6050 mcs 28
slot 6 index 0 rnti 6050 mcs 28
slot 14 index 0 rnti 6050 mcs 28
slot 15 index 0 rnti 6050 mcs 28
slot 16 index 0 rnti 6050 mcs 28
slot 4 index 0 rnti 6050 mcs 28
slot 5 index 0 rnti 6050 mcs 28
slot 6 index 0 rnti 6050 mcs 28
slot 14 index 0 rnti 6050 mcs 28
slot 15 index 0 rnti 6050 mcs 28
slot 16 index 0 rnti 6050 mcs 28
[EMURAN-DL-CSV] t=23.133 win_tbs=20 win_fail=1 win_bler=0.05000 mcs_last=28 mcs_min=28 mcs_max=28 r0=18 r1=2 r2=0 r3=0  f0=1 f1=0 f2=0 f3=0 tot_tbs=6600 tot_fail=285 tot_bler=0.04318 tot_init=6294 tot_retx=306
slot 4 index 0 rnti 6050 mcs 28
slot 5 index 0 rnti 6050 mcs 28
slot 6 index 0 rnti 6050 mcs 28
slot 14 index 0 rnti 6050 mcs 28
slot 15 index 0 rnti 6050 mcs 28
slot 16 index 0 rnti 6050 mcs 28
slot 4 index 0 rnti 6050 mcs 28
slot 5 index 0 rnti 6050 mcs 28
slot 6 index 0 rnti 6050 mcs 28
slot 14 index 0 rnti 6050 mcs 28
slot 15 index 0 rnti 6050 mcs 28
slot 16 index 0 rnti 6050 mcs 28
slot 4 index 0 rnti 6050 mcs 28
slot 5 index 0 rnti 6050 mcs 28
slot 6 index 0 rnti 6050 mcs 28
slot 14 index 0 rnti 6050 mcs 28
slot 15 index 0 rnti 6050 mcs 28
slot 16 index 0 rnti 6050 mcs 28
slot 4 index 0 rnti 6050 mcs 28
slot 5 index 0 rnti 6050 mcs 28
[EMURAN-DL-CSV] t=23.206 win_tbs=20 win_fail=2 win_bler=0.10000 mcs_last=28 mcs_min=28 mcs_max=28 r0=18 r1=2 r2=0 r3=0  f0=2 f1=0 f2=0 f3=0 tot_tbs=6620 tot_fail=287 tot_bler=0.04335 tot_init=6312 tot_retx=308
slot 6 index 0 rnti 6050 mcs 28
slot 14 index 0 rnti 6050 mcs 28
slot 15 index 0 rnti 6050 mcs 28
slot 16 index 0 rnti 6050 mcs 28
slot 4 index 0 rnti 6050 mcs 28
slot 5 index 0 rnti 6050 mcs 28
slot 6 index 0 rnti 6050 mcs 28
slot 14 index 0 rnti 6050 mcs 28
slot 15 index 0 rnti 6050 mcs 28
slot 16 index 0 rnti 6050 mcs 28
slot 4 index 0 rnti 6050 mcs 28
slot 5 index 0 rnti 6050 mcs 28
slot 6 index 0 rnti 6050 mcs 28
slot 14 index 0 rnti 6050 mcs 28
slot 15 index 0 rnti 6050 mcs 28
slot 16 index 0 rnti 6050 mcs 28
slot 4 index 0 rnti 6050 mcs 28
slot 5 index 0 rnti 6050 mcs 28
slot 6 index 0 rnti 6050 mcs 28
slot 14 index 0 rnti 6050 mcs 28
[EMURAN-DL-CSV] t=23.278 win_tbs=20 win_fail=0 win_bler=0.00000 mcs_last=28 mcs_min=28 mcs_max=28 r0=19 r1=1 r2=0 r3=0  f0=0 f1=0 f2=0 f3=0 tot_tbs=6640 tot_fail=287 tot_bler=0.04322 tot_init=6331 tot_retx=309
slot 15 index 0 rnti 6050 mcs 28
slot 16 index 0 rnti 6050 mcs 28
slot 4 index 0 rnti 6050 mcs 28
slot 5 index 0 rnti 6050 mcs 28
slot 6 index 0 rnti 6050 mcs 28
slot 14 index 0 rnti 6050 mcs 28
slot 15 index 0 rnti 6050 mcs 28
slot 16 index 0 rnti 6050 mcs 28
slot 4 index 0 rnti 6050 mcs 28
slot 5 index 0 rnti 6050 mcs 28
slot 6 index 0 rnti 6050 mcs 28
slot 14 index 0 rnti 6050 mcs 28
slot 15 index 0 rnti 6050 mcs 28
slot 16 index 0 rnti 6050 mcs 28
slot 4 index 0 rnti 6050 mcs 28
slot 5 index 0 rnti 6050 mcs 28
slot 6 index 0 rnti 6050 mcs 28
slot 14 index 0 rnti 6050 mcs 28
slot 15 index 0 rnti 6050 mcs 28
slot 16 index 0 rnti 6050 mcs 28
[EMURAN-DL-CSV] t=23.344 win_tbs=20 win_fail=1 win_bler=0.05000 mcs_last=28 mcs_min=28 mcs_max=28 r0=19 r1=1 r2=0 r3=0  f0=1 f1=0 f2=0 f3=0 tot_tbs=6660 tot_fail=288 tot_bler=0.04324 tot_init=6350 tot_retx=310
[UE-STAT] frame=900 dci_cnt=600 total_tbs=50385600 ack_real=507 nack_real=15 fb_missing=78 decode_cnt=600
slot 4 index 0 rnti 6050 mcs 28
slot 5 index 0 rnti 6050 mcs 28
slot 6 index 0 rnti 6050 mcs 28
slot 14 index 0 rnti 6050 mcs 28
slot 15 index 0 rnti 6050 mcs 28
slot 16 index 0 rnti 6050 mcs 28
slot 4 index 0 rnti 6050 mcs 28
slot 5 index 0 rnti 6050 mcs 28
slot 6 index 0 rnti 6050 mcs 28
slot 14 index 0 rnti 6050 mcs 28
slot 15 index 0 rnti 6050 mcs 28
slot 16 index 0 rnti 6050 mcs 28
slot 4 index 0 rnti 6050 mcs 28
slot 5 index 0 rnti 6050 mcs 28
slot 6 index 0 rnti 6050 mcs 28
slot 14 index 0 rnti 6050 mcs 28
slot 15 index 0 rnti 6050 mcs 28
slot 16 index 0 rnti 6050 mcs 28
slot 4 index 0 rnti 6050 mcs 28
slot 5 index 0 rnti 6050 mcs 28
[EMURAN-DL-CSV] t=23.416 win_tbs=20 win_fail=1 win_bler=0.05000 mcs_last=28 mcs_min=28 mcs_max=28 r0=19 r1=1 r2=0 r3=0  f0=1 f1=0 f2=0 f3=0 tot_tbs=6680 tot_fail=289 tot_bler=0.04326 tot_init=6369 tot_retx=311
slot 6 index 0 rnti 6050 mcs 28
slot 14 index 0 rnti 6050 mcs 28
slot 15 index 0 rnti 6050 mcs 28
slot 16 index 0 rnti 6050 mcs 28
slot 4 index 0 rnti 6050 mcs 28
slot 5 index 0 rnti 6050 mcs 28
slot 6 index 0 rnti 6050 mcs 28
slot 14 index 0 rnti 6050 mcs 28
slot 15 index 0 rnti 6050 mcs 28
slot 16 index 0 rnti 6050 mcs 28
slot 4 index 0 rnti 6050 mcs 28
slot 5 index 0 rnti 6050 mcs 28
slot 6 index 0 rnti 6050 mcs 28
slot 14 index 0 rnti 6050 mcs 28
slot 15 index 0 rnti 6050 mcs 28
slot 16 index 0 rnti 6050 mcs 28
slot 4 index 0 rnti 6050 mcs 28
slot 5 index 0 rnti 6050 mcs 28
slot 6 index 0 rnti 6050 mcs 28
slot 14 index 0 rnti 6050 mcs 28
[EMURAN-DL-CSV] t=23.489 win_tbs=20 win_fail=1 win_bler=0.05000 mcs_last=28 mcs_min=28 mcs_max=28 r0=19 r1=1 r2=0 r3=0  f0=1 f1=0 f2=0 f3=0 tot_tbs=6700 tot_fail=290 tot_bler=0.04328 tot_init=6388 tot_retx=312
slot 15 index 0 rnti 6050 mcs 28
slot 16 index 0 rnti 6050 mcs 28
slot 4 index 0 rnti 6050 mcs 28
slot 5 index 0 rnti 6050 mcs 28
slot 6 index 0 rnti 6050 mcs 28
slot 14 index 0 rnti 6050 mcs 28
slot 15 index 0 rnti 6050 mcs 28
slot 16 index 0 rnti 6050 mcs 28
slot 4 index 0 rnti 6050 mcs 28
slot 5 index 0 rnti 6050 mcs 28
slot 6 index 0 rnti 6050 mcs 28
slot 14 index 0 rnti 6050 mcs 28
slot 15 index 0 rnti 6050 mcs 28
slot 16 index 0 rnti 6050 mcs 28
slot 4 index 0 rnti 6050 mcs 28
slot 5 index 0 rnti 6050 mcs 28
slot 6 index 0 rnti 6050 mcs 28
slot 14 index 0 rnti 6050 mcs 28
slot 15 index 0 rnti 6050 mcs 28
slot 16 index 0 rnti 6050 mcs 28
[EMURAN-DL-CSV] t=23.554 win_tbs=20 win_fail=0 win_bler=0.00000 mcs_last=28 mcs_min=28 mcs_max=28 r0=20 r1=0 r2=0 r3=0  f0=0 f1=0 f2=0 f3=0 tot_tbs=6720 tot_fail=290 tot_bler=0.04315 tot_init=6408 tot_retx=312
slot 4 index 0 rnti 6050 mcs 28
slot 5 index 0 rnti 6050 mcs 28
slot 6 index 0 rnti 6050 mcs 28
slot 14 index 0 rnti 6050 mcs 28
slot 15 index 0 rnti 6050 mcs 28
slot 16 index 0 rnti 6050 mcs 28
slot 4 index 0 rnti 6050 mcs 28
slot 5 index 0 rnti 6050 mcs 28
slot 6 index 0 rnti 6050 mcs 28
slot 14 index 0 rnti 6050 mcs 28
slot 15 index 0 rnti 6050 mcs 28
slot 16 index 0 rnti 6050 mcs 28
slot 4 index 0 rnti 6050 mcs 28
slot 5 index 0 rnti 6050 mcs 28
slot 6 index 0 rnti 6050 mcs 28
slot 14 index 0 rnti 6050 mcs 28
slot 15 index 0 rnti 6050 mcs 28
slot 16 index 0 rnti 6050 mcs 28
slot 4 index 0 rnti 6050 mcs 28
slot 5 index 0 rnti 6050 mcs 28
slot 6 index 0 rnti 6050 mcs 28
[EMURAN-DL-CSV] t=23.627 win_tbs=20 win_fail=1 win_bler=0.05000 mcs_last=28 mcs_min=28 mcs_max=28 r0=18 r1=1 r2=1 r3=0  f0=1 f1=0 f2=0 f3=0 tot_tbs=6740 tot_fail=291 tot_bler=0.04318 tot_init=6426 tot_retx=314
slot 14 index 0 rnti 6050 mcs 28
slot 15 index 0 rnti 6050 mcs 28
slot 16 index 0 rnti 6050 mcs 28
slot 4 index 0 rnti 6050 mcs 28
slot 5 index 0 rnti 6050 mcs 28
slot 6 index 0 rnti 6050 mcs 28
slot 14 index 0 rnti 6050 mcs 28
slot 15 index 0 rnti 6050 mcs 28
slot 16 index 0 rnti 6050 mcs 28
slot 4 index 0 rnti 6050 mcs 28
slot 5 index 0 rnti 6050 mcs 28
slot 6 index 0 rnti 6050 mcs 28
slot 14 index 0 rnti 6050 mcs 28
slot 15 index 0 rnti 6050 mcs 28
slot 16 index 0 rnti 6050 mcs 28
slot 4 index 0 rnti 6050 mcs 28
slot 5 index 0 rnti 6050 mcs 28
slot 6 index 0 rnti 6050 mcs 28
slot 14 index 0 rnti 6050 mcs 28
slot 15 index 0 rnti 6050 mcs 28
[EMURAN-DL-CSV] t=23.700 win_tbs=20 win_fail=1 win_bler=0.05000 mcs_last=28 mcs_min=28 mcs_max=28 r0=19 r1=1 r2=0 r3=0  f0=1 f1=0 f2=0 f3=0 tot_tbs=6760 tot_fail=292 tot_bler=0.04320 tot_init=6445 tot_retx=315
slot 16 index 0 rnti 6050 mcs 28
slot 4 index 0 rnti 6050 mcs 28
slot 5 index 0 rnti 6050 mcs 28
slot 6 index 0 rnti 6050 mcs 28
slot 14 index 0 rnti 6050 mcs 28
slot 15 index 0 rnti 6050 mcs 28
slot 16 index 0 rnti 6050 mcs 28
slot 4 index 0 rnti 6050 mcs 28
slot 5 index 0 rnti 6050 mcs 28
slot 6 index 0 rnti 6050 mcs 28
slot 14 index 0 rnti 6050 mcs 28
slot 15 index 0 rnti 6050 mcs 28
slot 16 index 0 rnti 6050 mcs 28
slot 4 index 0 rnti 6050 mcs 28
slot 5 index 0 rnti 6050 mcs 28
slot 6 index 0 rnti 6050 mcs 28
slot 14 index 0 rnti 6050 mcs 28
slot 15 index 0 rnti 6050 mcs 28
slot 16 index 0 rnti 6050 mcs 28
[EMURAN-DL-CSV] t=23.764 win_tbs=20 win_fail=3 win_bler=0.15000 mcs_last=28 mcs_min=28 mcs_max=28 r0=18 r1=2 r2=0 r3=0  f0=2 f1=1 f2=0 f3=0 tot_tbs=6780 tot_fail=295 tot_bler=0.04351 tot_init=6463 tot_retx=317
slot 4 index 0 rnti 6050 mcs 28
slot 5 index 0 rnti 6050 mcs 28
slot 6 index 0 rnti 6050 mcs 28
slot 14 index 0 rnti 6050 mcs 28
slot 15 index 0 rnti 6050 mcs 28
slot 16 index 0 rnti 6050 mcs 28
slot 4 index 0 rnti 6050 mcs 28
slot 5 index 0 rnti 6050 mcs 28
slot 6 index 0 rnti 6050 mcs 28
slot 14 index 0 rnti 6050 mcs 28
slot 15 index 0 rnti 6050 mcs 28
slot 16 index 0 rnti 6050 mcs 28
slot 4 index 0 rnti 6050 mcs 28
slot 5 index 0 rnti 6050 mcs 28
slot 6 index 0 rnti 6050 mcs 28
slot 14 index 0 rnti 6050 mcs 28
slot 15 index 0 rnti 6050 mcs 28
slot 16 index 0 rnti 6050 mcs 28
slot 4 index 0 rnti 6050 mcs 28
slot 5 index 0 rnti 6050 mcs 28
[EMURAN-DL-CSV] t=23.837 win_tbs=20 win_fail=3 win_bler=0.15000 mcs_last=28 mcs_min=28 mcs_max=28 r0=17 r1=3 r2=0 r3=0  f0=3 f1=0 f2=0 f3=0 tot_tbs=6800 tot_fail=298 tot_bler=0.04382 tot_init=6480 tot_retx=320
slot 6 index 0 rnti 6050 mcs 28
slot 14 index 0 rnti 6050 mcs 28
slot 15 index 0 rnti 6050 mcs 28
slot 16 index 0 rnti 6050 mcs 28
slot 4 index 0 rnti 6050 mcs 28
slot 5 index 0 rnti 6050 mcs 28
slot 6 index 0 rnti 6050 mcs 28
slot 14 index 0 rnti 6050 mcs 28
slot 15 index 0 rnti 6050 mcs 28
slot 16 index 0 rnti 6050 mcs 28
slot 4 index 0 rnti 6050 mcs 28
slot 5 index 0 rnti 6050 mcs 28
slot 6 index 0 rnti 6050 mcs 28
slot 14 index 0 rnti 6050 mcs 28
slot 15 index 0 rnti 6050 mcs 28
slot 16 index 0 rnti 6050 mcs 28
slot 4 index 0 rnti 6050 mcs 28
slot 5 index 0 rnti 6050 mcs 28
slot 6 index 0 rnti 6050 mcs 28
slot 14 index 0 rnti 6050 mcs 28
[EMURAN-DL-CSV] t=23.909 win_tbs=20 win_fail=0 win_bler=0.00000 mcs_last=28 mcs_min=28 mcs_max=28 r0=20 r1=0 r2=0 r3=0  f0=0 f1=0 f2=0 f3=0 tot_tbs=6820 tot_fail=298 tot_bler=0.04370 tot_init=6500 tot_retx=320
slot 15 index 0 rnti 6050 mcs 28
slot 16 index 0 rnti 6050 mcs 28
slot 4 index 0 rnti 6050 mcs 28
slot 5 index 0 rnti 6050 mcs 28
slot 6 index 0 rnti 6050 mcs 28
slot 14 index 0 rnti 6050 mcs 28
slot 15 index 0 rnti 6050 mcs 28
slot 16 index 0 rnti 6050 mcs 28
slot 4 index 0 rnti 6050 mcs 28
slot 5 index 0 rnti 6050 mcs 28
slot 6 index 0 rnti 6050 mcs 28
slot 14 index 0 rnti 6050 mcs 28
slot 15 index 0 rnti 6050 mcs 28
slot 16 index 0 rnti 6050 mcs 28
slot 4 index 0 rnti 6050 mcs 28
slot 5 index 0 rnti 6050 mcs 28
slot 6 index 0 rnti 6050 mcs 28
slot 14 index 0 rnti 6050 mcs 28
slot 15 index 0 rnti 6050 mcs 28
slot 16 index 0 rnti 6050 mcs 28
[EMURAN-DL-CSV] t=23.975 win_tbs=20 win_fail=0 win_bler=0.00000 mcs_last=28 mcs_min=28 mcs_max=28 r0=19 r1=1 r2=0 r3=0  f0=0 f1=0 f2=0 f3=0 tot_tbs=6840 tot_fail=298 tot_bler=0.04357 tot_init=6519 tot_retx=321
slot 4 index 0 rnti 6050 mcs 28
slot 5 index 0 rnti 6050 mcs 28
slot 6 index 0 rnti 6050 mcs 28
slot 14 index 0 rnti 6050 mcs 28
slot 15 index 0 rnti 6050 mcs 28
slot 16 index 0 rnti 6050 mcs 28
slot 4 index 0 rnti 6050 mcs 28
slot 5 index 0 rnti 6050 mcs 28
slot 6 index 0 rnti 6050 mcs 28
slot 14 index 0 rnti 6050 mcs 28
slot 15 index 0 rnti 6050 mcs 28
slot 16 index 0 rnti 6050 mcs 28
slot 4 index 0 rnti 6050 mcs 28
slot 5 index 0 rnti 6050 mcs 28
slot 6 index 0 rnti 6050 mcs 28
slot 14 index 0 rnti 6050 mcs 28
slot 15 index 0 rnti 6050 mcs 28
slot 16 index 0 rnti 6050 mcs 28
slot 4 index 0 rnti 6050 mcs 28
slot 5 index 0 rnti 6050 mcs 28
[EMURAN-DL-CSV] t=24.047 win_tbs=20 win_fail=1 win_bler=0.05000 mcs_last=28 mcs_min=28 mcs_max=28 r0=19 r1=1 r2=0 r3=0  f0=1 f1=0 f2=0 f3=0 tot_tbs=6860 tot_fail=299 tot_bler=0.04359 tot_init=6538 tot_retx=322
slot 6 index 0 rnti 6050 mcs 28
slot 14 index 0 rnti 6050 mcs 28
slot 15 index 0 rnti 6050 mcs 28
slot 16 index 0 rnti 6050 mcs 28
slot 4 index 0 rnti 6050 mcs 28
slot 5 index 0 rnti 6050 mcs 28
slot 6 index 0 rnti 6050 mcs 28
slot 14 index 0 rnti 6050 mcs 28
slot 15 index 0 rnti 6050 mcs 28
slot 16 index 0 rnti 6050 mcs 28
slot 4 index 0 rnti 6050 mcs 28
slot 5 index 0 rnti 6050 mcs 28
slot 6 index 0 rnti 6050 mcs 28
slot 14 index 0 rnti 6050 mcs 28
slot 15 index 0 rnti 6050 mcs 28
slot 16 index 0 rnti 6050 mcs 28
slot 4 index 0 rnti 6050 mcs 28
slot 5 index 0 rnti 6050 mcs 28
slot 6 index 0 rnti 6050 mcs 28
slot 14 index 0 rnti 6050 mcs 28
[EMURAN-DL-CSV] t=24.120 win_tbs=20 win_fail=2 win_bler=0.10000 mcs_last=28 mcs_min=28 mcs_max=28 r0=19 r1=1 r2=0 r3=0  f0=2 f1=0 f2=0 f3=0 tot_tbs=6880 tot_fail=301 tot_bler=0.04375 tot_init=6557 tot_retx=323
slot 15 index 0 rnti 6050 mcs 28
slot 16 index 0 rnti 6050 mcs 28
slot 4 index 0 rnti 6050 mcs 28
slot 5 index 0 rnti 6050 mcs 28
slot 6 index 0 rnti 6050 mcs 28
slot 14 index 0 rnti 6050 mcs 28
slot 15 index 0 rnti 6050 mcs 28
slot 16 index 0 rnti 6050 mcs 28
slot 4 index 0 rnti 6050 mcs 28
slot 5 index 0 rnti 6050 mcs 28
slot 6 index 0 rnti 6050 mcs 28
slot 14 index 0 rnti 6050 mcs 28
slot 15 index 0 rnti 6050 mcs 28
slot 16 index 0 rnti 6050 mcs 28
slot 4 index 0 rnti 6050 mcs 28
slot 5 index 0 rnti 6050 mcs 28
slot 6 index 0 rnti 6050 mcs 28
slot 14 index 0 rnti 6050 mcs 28
slot 15 index 0 rnti 6050 mcs 28
slot 16 index 0 rnti 6050 mcs 28
[EMURAN-DL-CSV] t=24.185 win_tbs=20 win_fail=1 win_bler=0.05000 mcs_last=28 mcs_min=28 mcs_max=28 r0=18 r1=2 r2=0 r3=0  f0=1 f1=0 f2=0 f3=0 tot_tbs=6900 tot_fail=302 tot_bler=0.04377 tot_init=6575 tot_retx=325
slot 4 index 0 rnti 6050 mcs 28
slot 5 index 0 rnti 6050 mcs 28
slot 6 index 0 rnti 6050 mcs 28
slot 14 index 0 rnti 6050 mcs 28
slot 15 index 0 rnti 6050 mcs 28
slot 16 index 0 rnti 6050 mcs 28
slot 4 index 0 rnti 6050 mcs 28
slot 5 index 0 rnti 6050 mcs 28
slot 6 index 0 rnti 6050 mcs 28
slot 14 index 0 rnti 6050 mcs 28
slot 15 index 0 rnti 6050 mcs 28
slot 16 index 0 rnti 6050 mcs 28
slot 4 index 0 rnti 6050 mcs 28
slot 5 index 0 rnti 6050 mcs 28
slot 6 index 0 rnti 6050 mcs 28
slot 14 index 0 rnti 6050 mcs 28
slot 15 index 0 rnti 6050 mcs 28
slot 16 index 0 rnti 6050 mcs 28
slot 4 index 0 rnti 6050 mcs 28
slot 5 index 0 rnti 6050 mcs 28
[EMURAN-DL-CSV] t=24.257 win_tbs=20 win_fail=3 win_bler=0.15000 mcs_last=28 mcs_min=28 mcs_max=28 r0=17 r1=2 r2=1 r3=0  f0=3 f1=0 f2=0 f3=0 tot_tbs=6920 tot_fail=305 tot_bler=0.04408 tot_init=6592 tot_retx=328
slot 6 index 0 rnti 6050 mcs 28
slot 14 index 0 rnti 6050 mcs 28
slot 15 index 0 rnti 6050 mcs 28
slot 16 index 0 rnti 6050 mcs 28
slot 4 index 0 rnti 6050 mcs 28
slot 5 index 0 rnti 6050 mcs 28
slot 6 index 0 rnti 6050 mcs 28
slot 14 index 0 rnti 6050 mcs 28
slot 15 index 0 rnti 6050 mcs 28
slot 16 index 0 rnti 6050 mcs 28
slot 4 index 0 rnti 6050 mcs 28
slot 5 index 0 rnti 6050 mcs 28
slot 6 index 0 rnti 6050 mcs 28
slot 14 index 0 rnti 6050 mcs 28
slot 15 index 0 rnti 6050 mcs 28
slot 16 index 0 rnti 6050 mcs 28
slot 4 index 0 rnti 6050 mcs 28
slot 5 index 0 rnti 6050 mcs 28
slot 6 index 0 rnti 6050 mcs 28
slot 14 index 0 rnti 6050 mcs 28
[EMURAN-DL-CSV] t=24.330 win_tbs=20 win_fail=1 win_bler=0.05000 mcs_last=28 mcs_min=28 mcs_max=28 r0=18 r1=2 r2=0 r3=0  f0=1 f1=0 f2=0 f3=0 tot_tbs=6940 tot_fail=306 tot_bler=0.04409 tot_init=6610 tot_retx=330
slot 15 index 0 rnti 6050 mcs 28
slot 16 index 0 rnti 6050 mcs 28
slot 4 index 0 rnti 6050 mcs 28
slot 5 index 0 rnti 6050 mcs 28
slot 6 index 0 rnti 6050 mcs 28
slot 14 index 0 rnti 6050 mcs 28
slot 15 index 0 rnti 6050 mcs 28
slot 16 index 0 rnti 6050 mcs 28
slot 4 index 0 rnti 6050 mcs 28
slot 5 index 0 rnti 6050 mcs 28
slot 6 index 0 rnti 6050 mcs 28
slot 14 index 0 rnti 6050 mcs 28
slot 15 index 0 rnti 6050 mcs 28
slot 16 index 0 rnti 6050 mcs 28
slot 4 index 0 rnti 6050 mcs 28
slot 5 index 0 rnti 6050 mcs 28
slot 6 index 0 rnti 6050 mcs 28
slot 14 index 0 rnti 6050 mcs 28
slot 15 index 0 rnti 6050 mcs 28
slot 16 index 0 rnti 6050 mcs 28
[EMURAN-DL-CSV] t=24.395 win_tbs=20 win_fail=0 win_bler=0.00000 mcs_last=28 mcs_min=28 mcs_max=28 r0=20 r1=0 r2=0 r3=0  f0=0 f1=0 f2=0 f3=0 tot_tbs=6960 tot_fail=306 tot_bler=0.04397 tot_init=6630 tot_retx=330
slot 4 index 0 rnti 6050 mcs 28
slot 5 index 0 rnti 6050 mcs 28
slot 6 index 0 rnti 6050 mcs 28
slot 14 index 0 rnti 6050 mcs 28
slot 15 index 0 rnti 6050 mcs 28
slot 16 index 0 rnti 6050 mcs 28
slot 4 index 0 rnti 6050 mcs 28
slot 5 index 0 rnti 6050 mcs 28
slot 6 index 0 rnti 6050 mcs 28
slot 14 index 0 rnti 6050 mcs 28
slot 15 index 0 rnti 6050 mcs 28
slot 16 index 0 rnti 6050 mcs 28
slot 4 index 0 rnti 6050 mcs 28
slot 5 index 0 rnti 6050 mcs 28
slot 6 index 0 rnti 6050 mcs 28
slot 14 index 0 rnti 6050 mcs 28
slot 15 index 0 rnti 6050 mcs 28
slot 16 index 0 rnti 6050 mcs 28
slot 4 index 0 rnti 6050 mcs 28
slot 5 index 0 rnti 6050 mcs 28
[EMURAN-DL-CSV] t=24.468 win_tbs=20 win_fail=2 win_bler=0.10000 mcs_last=28 mcs_min=28 mcs_max=28 r0=18 r1=2 r2=0 r3=0  f0=2 f1=0 f2=0 f3=0 tot_tbs=6980 tot_fail=308 tot_bler=0.04413 tot_init=6648 tot_retx=332
slot 6 index 0 rnti 6050 mcs 28
slot 14 index 0 rnti 6050 mcs 28
slot 15 index 0 rnti 6050 mcs 28
slot 16 index 0 rnti 6050 mcs 28
slot 4 index 0 rnti 6050 mcs 28
slot 5 index 0 rnti 6050 mcs 28
slot 6 index 0 rnti 6050 mcs 28
slot 14 index 0 rnti 6050 mcs 28
slot 15 index 0 rnti 6050 mcs 28
slot 16 index 0 rnti 6050 mcs 28
slot 4 index 0 rnti 6050 mcs 28
slot 5 index 0 rnti 6050 mcs 28
slot 6 index 0 rnti 6050 mcs 28
slot 14 index 0 rnti 6050 mcs 28
slot 15 index 0 rnti 6050 mcs 28
slot 16 index 0 rnti 6050 mcs 28
slot 4 index 0 rnti 6050 mcs 28
slot 5 index 0 rnti 6050 mcs 28
slot 6 index 0 rnti 6050 mcs 28
slot 14 index 0 rnti 6050 mcs 28
[EMURAN-DL-CSV] t=24.540 win_tbs=20 win_fail=2 win_bler=0.10000 mcs_last=28 mcs_min=28 mcs_max=28 r0=19 r1=1 r2=0 r3=0  f0=2 f1=0 f2=0 f3=0 tot_tbs=7000 tot_fail=310 tot_bler=0.04429 tot_init=6667 tot_retx=333
slot 15 index 0 rnti 6050 mcs 28
slot 16 index 0 rnti 6050 mcs 28
slot 4 index 0 rnti 6050 mcs 28
slot 5 index 0 rnti 6050 mcs 28
slot 6 index 0 rnti 6050 mcs 28
slot 14 index 0 rnti 6050 mcs 28
slot 15 index 0 rnti 6050 mcs 28
slot 16 index 0 rnti 6050 mcs 28
slot 4 index 0 rnti 6050 mcs 28
slot 5 index 0 rnti 6050 mcs 28
slot 6 index 0 rnti 6050 mcs 28
slot 14 index 0 rnti 6050 mcs 28
slot 15 index 0 rnti 6050 mcs 28
slot 16 index 0 rnti 6050 mcs 28
slot 4 index 0 rnti 6050 mcs 28
slot 5 index 0 rnti 6050 mcs 28
slot 6 index 0 rnti 6050 mcs 28
slot 14 index 0 rnti 6050 mcs 28
slot 15 index 0 rnti 6050 mcs 28
slot 16 index 0 rnti 6050 mcs 28
[EMURAN-DL-CSV] t=24.607 win_tbs=20 win_fail=1 win_bler=0.05000 mcs_last=28 mcs_min=28 mcs_max=28 r0=19 r1=1 r2=0 r3=0  f0=1 f1=0 f2=0 f3=0 tot_tbs=7020 tot_fail=311 tot_bler=0.04430 tot_init=6686 tot_retx=334
slot 4 index 0 rnti 6050 mcs 28
slot 5 index 0 rnti 6050 mcs 28
slot 6 index 0 rnti 6050 mcs 28
slot 14 index 0 rnti 6050 mcs 28
slot 15 index 0 rnti 6050 mcs 28
slot 16 index 0 rnti 6050 mcs 28
slot 4 index 0 rnti 6050 mcs 28
slot 5 index 0 rnti 6050 mcs 28
slot 6 index 0 rnti 6050 mcs 28
slot 14 index 0 rnti 6050 mcs 28
slot 15 index 0 rnti 6050 mcs 28
slot 16 index 0 rnti 6050 mcs 28
slot 4 index 0 rnti 6050 mcs 28
slot 5 index 0 rnti 6050 mcs 28
slot 6 index 0 rnti 6050 mcs 28
slot 14 index 0 rnti 6050 mcs 28
slot 15 index 0 rnti 6050 mcs 28
slot 16 index 0 rnti 6050 mcs 28
slot 4 index 0 rnti 6050 mcs 28
slot 5 index 0 rnti 6050 mcs 28
[EMURAN-DL-CSV] t=24.678 win_tbs=20 win_fail=2 win_bler=0.10000 mcs_last=28 mcs_min=28 mcs_max=28 r0=17 r1=2 r2=1 r3=0  f0=2 f1=0 f2=0 f3=0 tot_tbs=7040 tot_fail=313 tot_bler=0.04446 tot_init=6703 tot_retx=337
slot 6 index 0 rnti 6050 mcs 28
slot 14 index 0 rnti 6050 mcs 28
slot 15 index 0 rnti 6050 mcs 28
slot 16 index 0 rnti 6050 mcs 28
slot 4 index 0 rnti 6050 mcs 28
slot 5 index 0 rnti 6050 mcs 28
slot 6 index 0 rnti 6050 mcs 28
slot 14 index 0 rnti 6050 mcs 28
slot 15 index 0 rnti 6050 mcs 28
slot 16 index 0 rnti 6050 mcs 28
slot 4 index 0 rnti 6050 mcs 28
slot 5 index 0 rnti 6050 mcs 28
slot 6 index 0 rnti 6050 mcs 28
slot 14 index 0 rnti 6050 mcs 28
slot 15 index 0 rnti 6050 mcs 28
slot 16 index 0 rnti 6050 mcs 28
slot 4 index 0 rnti 6050 mcs 28
slot 5 index 0 rnti 6050 mcs 28
slot 6 index 0 rnti 6050 mcs 28
slot 14 index 0 rnti 6050 mcs 28
[EMURAN-DL-CSV] t=24.751 win_tbs=20 win_fail=0 win_bler=0.00000 mcs_last=28 mcs_min=28 mcs_max=28 r0=20 r1=0 r2=0 r3=0  f0=0 f1=0 f2=0 f3=0 tot_tbs=7060 tot_fail=313 tot_bler=0.04433 tot_init=6723 tot_retx=337
slot 15 index 0 rnti 6050 mcs 28
slot 16 index 0 rnti 6050 mcs 28
slot 4 index 0 rnti 6050 mcs 28
slot 5 index 0 rnti 6050 mcs 28
slot 6 index 0 rnti 6050 mcs 28
slot 14 index 0 rnti 6050 mcs 28
slot 15 index 0 rnti 6050 mcs 28
slot 16 index 0 rnti 6050 mcs 28
slot 4 index 0 rnti 6050 mcs 28
slot 5 index 0 rnti 6050 mcs 28
slot 6 index 0 rnti 6050 mcs 28
slot 14 index 0 rnti 6050 mcs 28
slot 15 index 0 rnti 6050 mcs 28
slot 16 index 0 rnti 6050 mcs 28
slot 4 index 0 rnti 6050 mcs 28
slot 5 index 0 rnti 6050 mcs 28
slot 6 index 0 rnti 6050 mcs 28
slot 14 index 0 rnti 6050 mcs 28
slot 15 index 0 rnti 6050 mcs 28
slot 16 index 0 rnti 6050 mcs 28
[EMURAN-DL-CSV] t=24.816 win_tbs=20 win_fail=5 win_bler=0.25000 mcs_last=28 mcs_min=28 mcs_max=28 r0=16 r1=3 r2=1 r3=0  f0=3 f1=1 f2=1 f3=0 tot_tbs=7080 tot_fail=318 tot_bler=0.04492 tot_init=6739 tot_retx=341
slot 4 index 0 rnti 6050 mcs 28
slot 5 index 0 rnti 6050 mcs 28
slot 6 index 0 rnti 6050 mcs 28
slot 14 index 0 rnti 6050 mcs 28
slot 15 index 0 rnti 6050 mcs 28
slot 16 index 0 rnti 6050 mcs 28
slot 4 index 0 rnti 6050 mcs 28
slot 5 index 0 rnti 6050 mcs 28
slot 6 index 0 rnti 6050 mcs 28
slot 14 index 0 rnti 6050 mcs 28
slot 15 index 0 rnti 6050 mcs 28
slot 16 index 0 rnti 6050 mcs 28
slot 4 index 0 rnti 6050 mcs 28
slot 5 index 0 rnti 6050 mcs 28
slot 6 index 0 rnti 6050 mcs 28
slot 14 index 0 rnti 6050 mcs 28
slot 15 index 0 rnti 6050 mcs 28
slot 16 index 0 rnti 6050 mcs 28
slot 4 index 0 rnti 6050 mcs 28
slot 5 index 0 rnti 6050 mcs 28
[EMURAN-DL-CSV] t=24.889 win_tbs=20 win_fail=0 win_bler=0.00000 mcs_last=28 mcs_min=28 mcs_max=28 r0=19 r1=1 r2=0 r3=0  f0=0 f1=0 f2=0 f3=0 tot_tbs=7100 tot_fail=318 tot_bler=0.04479 tot_init=6758 tot_retx=342
slot 6 index 0 rnti 6050 mcs 28
slot 14 index 0 rnti 6050 mcs 28
slot 15 index 0 rnti 6050 mcs 28
slot 16 index 0 rnti 6050 mcs 28
slot 4 index 0 rnti 6050 mcs 28
slot 5 index 0 rnti 6050 mcs 28
slot 6 index 0 rnti 6050 mcs 28
slot 14 index 0 rnti 6050 mcs 28
slot 15 index 0 rnti 6050 mcs 28
slot 16 index 0 rnti 6050 mcs 28
slot 4 index 0 rnti 6050 mcs 28
slot 5 index 0 rnti 6050 mcs 28
slot 6 index 0 rnti 6050 mcs 28
slot 14 index 0 rnti 6050 mcs 28
slot 15 index 0 rnti 6050 mcs 28
slot 16 index 0 rnti 6050 mcs 28
slot 4 index 0 rnti 6050 mcs 28
slot 5 index 0 rnti 6050 mcs 28
slot 6 index 0 rnti 6050 mcs 28
slot 14 index 0 rnti 6050 mcs 28
[EMURAN-DL-CSV] t=24.961 win_tbs=20 win_fail=0 win_bler=0.00000 mcs_last=28 mcs_min=28 mcs_max=28 r0=19 r1=1 r2=0 r3=0  f0=0 f1=0 f2=0 f3=0 tot_tbs=7120 tot_fail=318 tot_bler=0.04466 tot_init=6777 tot_retx=343
slot 15 index 0 rnti 6050 mcs 28
slot 16 index 0 rnti 6050 mcs 28
slot 4 index 0 rnti 6050 mcs 28
slot 5 index 0 rnti 6050 mcs 28
slot 6 index 0 rnti 6050 mcs 28
slot 14 index 0 rnti 6050 mcs 28
slot 15 index 0 rnti 6050 mcs 28
slot 16 index 0 rnti 6050 mcs 28
slot 4 index 0 rnti 6050 mcs 28
slot 5 index 0 rnti 6050 mcs 28
slot 6 index 0 rnti 6050 mcs 28
slot 14 index 0 rnti 6050 mcs 28
slot 15 index 0 rnti 6050 mcs 28
slot 16 index 0 rnti 6050 mcs 28
slot 4 index 0 rnti 6050 mcs 28
slot 5 index 0 rnti 6050 mcs 28
slot 6 index 0 rnti 6050 mcs 28
slot 14 index 0 rnti 6050 mcs 28
slot 15 index 0 rnti 6050 mcs 28
slot 16 index 0 rnti 6050 mcs 28
[EMURAN-DL-CSV] t=25.027 win_tbs=20 win_fail=2 win_bler=0.10000 mcs_last=28 mcs_min=28 mcs_max=28 r0=18 r1=2 r2=0 r3=0  f0=2 f1=0 f2=0 f3=0 tot_tbs=7140 tot_fail=320 tot_bler=0.04482 tot_init=6795 tot_retx=345
slot 4 index 0 rnti 6050 mcs 28
slot 5 index 0 rnti 6050 mcs 28
slot 6 index 0 rnti 6050 mcs 28
slot 14 index 0 rnti 6050 mcs 28
slot 15 index 0 rnti 6050 mcs 28
slot 16 index 0 rnti 6050 mcs 28
slot 4 index 0 rnti 6050 mcs 28
slot 5 index 0 rnti 6050 mcs 28
slot 6 index 0 rnti 6050 mcs 28
slot 14 index 0 rnti 6050 mcs 28
slot 15 index 0 rnti 6050 mcs 28
slot 16 index 0 rnti 6050 mcs 28
slot 4 index 0 rnti 6050 mcs 28
slot 5 index 0 rnti 6050 mcs 28
slot 6 index 0 rnti 6050 mcs 28
slot 14 index 0 rnti 6050 mcs 28
slot 15 index 0 rnti 6050 mcs 28
slot 16 index 0 rnti 6050 mcs 28
slot 4 index 0 rnti 6050 mcs 28
slot 5 index 0 rnti 6050 mcs 28
[EMURAN-DL-CSV] t=25.099 win_tbs=20 win_fail=1 win_bler=0.05000 mcs_last=28 mcs_min=28 mcs_max=28 r0=19 r1=1 r2=0 r3=0  f0=1 f1=0 f2=0 f3=0 tot_tbs=7160 tot_fail=321 tot_bler=0.04483 tot_init=6814 tot_retx=346
slot 6 index 0 rnti 6050 mcs 28
slot 14 index 0 rnti 6050 mcs 28
slot 15 index 0 rnti 6050 mcs 28
slot 16 index 0 rnti 6050 mcs 28
slot 4 index 0 rnti 6050 mcs 28
slot 5 index 0 rnti 6050 mcs 28
slot 6 index 0 rnti 6050 mcs 28
slot 14 index 0 rnti 6050 mcs 28
slot 15 index 0 rnti 6050 mcs 28
slot 16 index 0 rnti 6050 mcs 28
slot 4 index 0 rnti 6050 mcs 28
slot 5 index 0 rnti 6050 mcs 28
slot 6 index 0 rnti 6050 mcs 28
slot 14 index 0 rnti 6050 mcs 28
slot 15 index 0 rnti 6050 mcs 28
slot 16 index 0 rnti 6050 mcs 28
slot 4 index 0 rnti 6050 mcs 28
slot 5 index 0 rnti 6050 mcs 28
slot 6 index 0 rnti 6050 mcs 28
slot 14 index 0 rnti 6050 mcs 28
[EMURAN-DL-CSV] t=25.172 win_tbs=20 win_fail=0 win_bler=0.00000 mcs_last=28 mcs_min=28 mcs_max=28 r0=20 r1=0 r2=0 r3=0  f0=0 f1=0 f2=0 f3=0 tot_tbs=7180 tot_fail=321 tot_bler=0.04471 tot_init=6834 tot_retx=346
slot 15 index 0 rnti 6050 mcs 28
slot 16 index 0 rnti 6050 mcs 28
slot 4 index 0 rnti 6050 mcs 28
slot 5 index 0 rnti 6050 mcs 28
slot 6 index 0 rnti 6050 mcs 28
slot 14 index 0 rnti 6050 mcs 28
slot 15 index 0 rnti 6050 mcs 28
slot 16 index 0 rnti 6050 mcs 28
slot 4 index 0 rnti 6050 mcs 28
slot 5 index 0 rnti 6050 mcs 28
slot 6 index 0 rnti 6050 mcs 28
slot 14 index 0 rnti 6050 mcs 28
slot 15 index 0 rnti 6050 mcs 28
slot 16 index 0 rnti 6050 mcs 28
slot 4 index 0 rnti 6050 mcs 28
slot 5 index 0 rnti 6050 mcs 28
slot 6 index 0 rnti 6050 mcs 28
slot 14 index 0 rnti 6050 mcs 28
slot 15 index 0 rnti 6050 mcs 28
slot 16 index 0 rnti 6050 mcs 28
[EMURAN-DL-CSV] t=25.237 win_tbs=20 win_fail=1 win_bler=0.05000 mcs_last=28 mcs_min=28 mcs_max=28 r0=20 r1=0 r2=0 r3=0  f0=1 f1=0 f2=0 f3=0 tot_tbs=7200 tot_fail=322 tot_bler=0.04472 tot_init=6854 tot_retx=346
slot 4 index 0 rnti 6050 mcs 28
slot 5 index 0 rnti 6050 mcs 28
slot 6 index 0 rnti 6050 mcs 28
slot 14 index 0 rnti 6050 mcs 28
slot 15 index 0 rnti 6050 mcs 28
slot 16 index 0 rnti 6050 mcs 28
slot 4 index 0 rnti 6050 mcs 28
slot 5 index 0 rnti 6050 mcs 28
slot 6 index 0 rnti 6050 mcs 28
slot 14 index 0 rnti 6050 mcs 28
slot 15 index 0 rnti 6050 mcs 28
slot 16 index 0 rnti 6050 mcs 28
slot 4 index 0 rnti 6050 mcs 28
slot 5 index 0 rnti 6050 mcs 28
slot 6 index 0 rnti 6050 mcs 28
slot 14 index 0 rnti 6050 mcs 28
slot 15 index 0 rnti 6050 mcs 28
slot 16 index 0 rnti 6050 mcs 28
slot 4 index 0 rnti 6050 mcs 28
slot 5 index 0 rnti 6050 mcs 28
[EMURAN-DL-CSV] t=25.309 win_tbs=20 win_fail=0 win_bler=0.00000 mcs_last=28 mcs_min=28 mcs_max=28 r0=19 r1=1 r2=0 r3=0  f0=0 f1=0 f2=0 f3=0 tot_tbs=7220 tot_fail=322 tot_bler=0.04460 tot_init=6873 tot_retx=347
slot 6 index 0 rnti 6050 mcs 28
slot 14 index 0 rnti 6050 mcs 28
slot 15 index 0 rnti 6050 mcs 28
slot 16 index 0 rnti 6050 mcs 28
slot 4 index 0 rnti 6050 mcs 28
slot 5 index 0 rnti 6050 mcs 28
slot 6 index 0 rnti 6050 mcs 28
slot 14 index 0 rnti 6050 mcs 28
slot 15 index 0 rnti 6050 mcs 28
slot 16 index 0 rnti 6050 mcs 28
slot 4 index 0 rnti 6050 mcs 28
slot 5 index 0 rnti 6050 mcs 28
slot 6 index 0 rnti 6050 mcs 28
slot 14 index 0 rnti 6050 mcs 28
slot 15 index 0 rnti 6050 mcs 28
slot 16 index 0 rnti 6050 mcs 28
slot 4 index 0 rnti 6050 mcs 28
slot 5 index 0 rnti 6050 mcs 28
slot 6 index 0 rnti 6050 mcs 28
slot 14 index 0 rnti 6050 mcs 28
slot 15 index 0 rnti 6050 mcs 28
[EMURAN-DL-CSV] t=25.383 win_tbs=20 win_fail=0 win_bler=0.00000 mcs_last=28 mcs_min=28 mcs_max=28 r0=20 r1=0 r2=0 r3=0  f0=0 f1=0 f2=0 f3=0 tot_tbs=7240 tot_fail=322 tot_bler=0.04448 tot_init=6893 tot_retx=347
slot 16 index 0 rnti 6050 mcs 28
slot 4 index 0 rnti 6050 mcs 28
slot 5 index 0 rnti 6050 mcs 28
slot 6 index 0 rnti 6050 mcs 28
slot 14 index 0 rnti 6050 mcs 28
slot 15 index 0 rnti 6050 mcs 28
slot 16 index 0 rnti 6050 mcs 28
slot 4 index 0 rnti 6050 mcs 28
slot 5 index 0 rnti 6050 mcs 28
slot 6 index 0 rnti 6050 mcs 28
slot 14 index 0 rnti 6050 mcs 28
slot 15 index 0 rnti 6050 mcs 28
slot 16 index 0 rnti 6050 mcs 28
slot 4 index 0 rnti 6050 mcs 28
slot 5 index 0 rnti 6050 mcs 28
slot 6 index 0 rnti 6050 mcs 28
slot 14 index 0 rnti 6050 mcs 28
slot 15 index 0 rnti 6050 mcs 28
slot 16 index 0 rnti 6050 mcs 28
[EMURAN-DL-CSV] t=25.448 win_tbs=20 win_fail=1 win_bler=0.05000 mcs_last=28 mcs_min=28 mcs_max=28 r0=19 r1=1 r2=0 r3=0  f0=1 f1=0 f2=0 f3=0 tot_tbs=7260 tot_fail=323 tot_bler=0.04449 tot_init=6912 tot_retx=348
[UE-STAT] frame=1000 dci_cnt=600 total_tbs=50385600 ack_real=493 nack_real=32 fb_missing=75 decode_cnt=600
slot 4 index 0 rnti 6050 mcs 28
slot 5 index 0 rnti 6050 mcs 28
slot 6 index 0 rnti 6050 mcs 28
slot 14 index 0 rnti 6050 mcs 28
slot 15 index 0 rnti 6050 mcs 28
slot 16 index 0 rnti 6050 mcs 28
slot 4 index 0 rnti 6050 mcs 28
slot 5 index 0 rnti 6050 mcs 28
slot 6 index 0 rnti 6050 mcs 28
slot 14 index 0 rnti 6050 mcs 28
slot 15 index 0 rnti 6050 mcs 28
slot 16 index 0 rnti 6050 mcs 28
slot 4 index 0 rnti 6050 mcs 28
slot 5 index 0 rnti 6050 mcs 28
slot 6 index 0 rnti 6050 mcs 28
slot 14 index 0 rnti 6050 mcs 28
slot 15 index 0 rnti 6050 mcs 28
slot 16 index 0 rnti 6050 mcs 28
slot 4 index 0 rnti 6050 mcs 28
slot 5 index 0 rnti 6050 mcs 28
[EMURAN-DL-CSV] t=25.520 win_tbs=20 win_fail=0 win_bler=0.00000 mcs_last=28 mcs_min=28 mcs_max=28 r0=20 r1=0 r2=0 r3=0  f0=0 f1=0 f2=0 f3=0 tot_tbs=7280 tot_fail=323 tot_bler=0.04437 tot_init=6932 tot_retx=348
slot 6 index 0 rnti 6050 mcs 28
slot 14 index 0 rnti 6050 mcs 28
slot 15 index 0 rnti 6050 mcs 28
slot 16 index 0 rnti 6050 mcs 28
slot 4 index 0 rnti 6050 mcs 28
slot 5 index 0 rnti 6050 mcs 28
slot 6 index 0 rnti 6050 mcs 28
slot 14 index 0 rnti 6050 mcs 28
slot 15 index 0 rnti 6050 mcs 28
slot 16 index 0 rnti 6050 mcs 28
slot 4 index 0 rnti 6050 mcs 28
slot 5 index 0 rnti 6050 mcs 28
slot 6 index 0 rnti 6050 mcs 28
slot 14 index 0 rnti 6050 mcs 28
slot 15 index 0 rnti 6050 mcs 28
slot 16 index 0 rnti 6050 mcs 28
slot 4 index 0 rnti 6050 mcs 28
slot 5 index 0 rnti 6050 mcs 28
slot 6 index 0 rnti 6050 mcs 28
slot 14 index 0 rnti 6050 mcs 28
slot 15 index 0 rnti 6050 mcs 28
[EMURAN-DL-CSV] t=25.593 win_tbs=20 win_fail=0 win_bler=0.00000 mcs_last=28 mcs_min=28 mcs_max=28 r0=20 r1=0 r2=0 r3=0  f0=0 f1=0 f2=0 f3=0 tot_tbs=7300 tot_fail=323 tot_bler=0.04425 tot_init=6952 tot_retx=348
slot 16 index 0 rnti 6050 mcs 28
slot 4 index 0 rnti 6050 mcs 28
slot 5 index 0 rnti 6050 mcs 28
slot 6 index 0 rnti 6050 mcs 28
slot 14 index 0 rnti 6050 mcs 28
slot 15 index 0 rnti 6050 mcs 28
slot 16 index 0 rnti 6050 mcs 28
slot 4 index 0 rnti 6050 mcs 28
slot 5 index 0 rnti 6050 mcs 28
slot 6 index 0 rnti 6050 mcs 28
slot 14 index 0 rnti 6050 mcs 28
slot 15 index 0 rnti 6050 mcs 28
slot 16 index 0 rnti 6050 mcs 28
slot 4 index 0 rnti 6050 mcs 28
slot 5 index 0 rnti 6050 mcs 28
slot 6 index 0 rnti 6050 mcs 28
slot 14 index 0 rnti 6050 mcs 28
slot 15 index 0 rnti 6050 mcs 28
slot 16 index 0 rnti 6050 mcs 28
[EMURAN-DL-CSV] t=25.657 win_tbs=20 win_fail=2 win_bler=0.10000 mcs_last=28 mcs_min=28 mcs_max=28 r0=18 r1=2 r2=0 r3=0  f0=1 f1=1 f2=0 f3=0 tot_tbs=7320 tot_fail=325 tot_bler=0.04440 tot_init=6970 tot_retx=350
slot 4 index 0 rnti 6050 mcs 28
slot 5 index 0 rnti 6050 mcs 28
slot 6 index 0 rnti 6050 mcs 28
slot 14 index 0 rnti 6050 mcs 28
slot 15 index 0 rnti 6050 mcs 28
slot 16 index 0 rnti 6050 mcs 28
slot 4 index 0 rnti 6050 mcs 28
slot 5 index 0 rnti 6050 mcs 28
slot 6 index 0 rnti 6050 mcs 28
slot 14 index 0 rnti 6050 mcs 28
slot 15 index 0 rnti 6050 mcs 28
slot 16 index 0 rnti 6050 mcs 28
slot 4 index 0 rnti 6050 mcs 28
slot 5 index 0 rnti 6050 mcs 28
slot 6 index 0 rnti 6050 mcs 28
slot 14 index 0 rnti 6050 mcs 28
slot 15 index 0 rnti 6050 mcs 28
slot 16 index 0 rnti 6050 mcs 28
slot 4 index 0 rnti 6050 mcs 28
slot 5 index 0 rnti 6050 mcs 28
[EMURAN-DL-CSV] t=25.730 win_tbs=20 win_fail=1 win_bler=0.05000 mcs_last=28 mcs_min=28 mcs_max=28 r0=19 r1=1 r2=0 r3=0  f0=1 f1=0 f2=0 f3=0 tot_tbs=7340 tot_fail=326 tot_bler=0.04441 tot_init=6989 tot_retx=351
slot 6 index 0 rnti 6050 mcs 28
slot 14 index 0 rnti 6050 mcs 28
slot 15 index 0 rnti 6050 mcs 28
slot 16 index 0 rnti 6050 mcs 28
slot 4 index 0 rnti 6050 mcs 28
slot 5 index 0 rnti 6050 mcs 28
slot 6 index 0 rnti 6050 mcs 28
slot 14 index 0 rnti 6050 mcs 28
slot 15 index 0 rnti 6050 mcs 28
slot 16 index 0 rnti 6050 mcs 28
slot 4 index 0 rnti 6050 mcs 28
slot 5 index 0 rnti 6050 mcs 28
slot 6 index 0 rnti 6050 mcs 28
slot 14 index 0 rnti 6050 mcs 28
slot 15 index 0 rnti 6050 mcs 28
slot 16 index 0 rnti 6050 mcs 28
slot 4 index 0 rnti 6050 mcs 28
slot 5 index 0 rnti 6050 mcs 28
slot 6 index 0 rnti 6050 mcs 28
slot 14 index 0 rnti 6050 mcs 28
slot 15 index 0 rnti 6050 mcs 28
[EMURAN-DL-CSV] t=25.803 win_tbs=20 win_fail=1 win_bler=0.05000 mcs_last=28 mcs_min=28 mcs_max=28 r0=19 r1=1 r2=0 r3=0  f0=1 f1=0 f2=0 f3=0 tot_tbs=7360 tot_fail=327 tot_bler=0.04443 tot_init=7008 tot_retx=352
slot 16 index 0 rnti 6050 mcs 28
slot 4 index 0 rnti 6050 mcs 28
slot 5 index 0 rnti 6050 mcs 28
slot 6 index 0 rnti 6050 mcs 28
slot 14 index 0 rnti 6050 mcs 28
slot 15 index 0 rnti 6050 mcs 28
slot 16 index 0 rnti 6050 mcs 28
slot 4 index 0 rnti 6050 mcs 28
slot 5 index 0 rnti 6050 mcs 28
slot 6 index 0 rnti 6050 mcs 28
slot 14 index 0 rnti 6050 mcs 28
slot 15 index 0 rnti 6050 mcs 28
slot 16 index 0 rnti 6050 mcs 28
slot 4 index 0 rnti 6050 mcs 28
slot 5 index 0 rnti 6050 mcs 28
slot 6 index 0 rnti 6050 mcs 28
slot 14 index 0 rnti 6050 mcs 28
slot 15 index 0 rnti 6050 mcs 28
slot 16 index 0 rnti 6050 mcs 28
[EMURAN-DL-CSV] t=25.868 win_tbs=20 win_fail=0 win_bler=0.00000 mcs_last=28 mcs_min=28 mcs_max=28 r0=20 r1=0 r2=0 r3=0  f0=0 f1=0 f2=0 f3=0 tot_tbs=7380 tot_fail=327 tot_bler=0.04431 tot_init=7028 tot_retx=352
slot 4 index 0 rnti 6050 mcs 28
slot 5 index 0 rnti 6050 mcs 28
slot 6 index 0 rnti 6050 mcs 28
slot 14 index 0 rnti 6050 mcs 28
slot 15 index 0 rnti 6050 mcs 28
slot 16 index 0 rnti 6050 mcs 28
slot 4 index 0 rnti 6050 mcs 28
slot 5 index 0 rnti 6050 mcs 28
slot 6 index 0 rnti 6050 mcs 28
slot 14 index 0 rnti 6050 mcs 28
slot 15 index 0 rnti 6050 mcs 28
slot 16 index 0 rnti 6050 mcs 28
slot 4 index 0 rnti 6050 mcs 28
slot 5 index 0 rnti 6050 mcs 28
slot 6 index 0 rnti 6050 mcs 28
slot 14 index 0 rnti 6050 mcs 28
slot 15 index 0 rnti 6050 mcs 28
slot 16 index 0 rnti 6050 mcs 28
slot 4 index 0 rnti 6050 mcs 28
slot 5 index 0 rnti 6050 mcs 28
[EMURAN-DL-CSV] t=25.940 win_tbs=20 win_fail=0 win_bler=0.00000 mcs_last=28 mcs_min=28 mcs_max=28 r0=20 r1=0 r2=0 r3=0  f0=0 f1=0 f2=0 f3=0 tot_tbs=7400 tot_fail=327 tot_bler=0.04419 tot_init=7048 tot_retx=352
slot 6 index 0 rnti 6050 mcs 28
slot 14 index 0 rnti 6050 mcs 28
slot 15 index 0 rnti 6050 mcs 28
slot 16 index 0 rnti 6050 mcs 28
[UE-STAT] frame=0 dci_cnt=144 total_tbs=12092544 ack_real=121 nack_real=3 fb_missing=20 decode_cnt=144
slot 4 index 0 rnti 6050 mcs 28
slot 5 index 0 rnti 6050 mcs 28
slot 6 index 0 rnti 6050 mcs 28
slot 14 index 0 rnti 6050 mcs 28
slot 15 index 0 rnti 6050 mcs 28
slot 16 index 0 rnti 6050 mcs 28
slot 4 index 0 rnti 6050 mcs 28
slot 5 index 0 rnti 6050 mcs 28
slot 6 index 0 rnti 6050 mcs 28
slot 14 index 0 rnti 6050 mcs 28
slot 15 index 0 rnti 6050 mcs 28
slot 16 index 0 rnti 6050 mcs 28
slot 4 index 0 rnti 6050 mcs 28
slot 5 index 0 rnti 6050 mcs 28
slot 6 index 0 rnti 6050 mcs 28
slot 14 index 0 rnti 6050 mcs 28
[EMURAN-DL-CSV] t=26.013 win_tbs=20 win_fail=0 win_bler=0.00000 mcs_last=28 mcs_min=28 mcs_max=28 r0=19 r1=1 r2=0 r3=0  f0=0 f1=0 f2=0 f3=0 tot_tbs=7420 tot_fail=327 tot_bler=0.04407 tot_init=7067 tot_retx=353
slot 15 index 0 rnti 6050 mcs 28
slot 16 index 0 rnti 6050 mcs 28
slot 4 index 0 rnti 6050 mcs 28
slot 5 index 0 rnti 6050 mcs 28
slot 6 index 0 rnti 6050 mcs 28
slot 14 index 0 rnti 6050 mcs 28
slot 15 index 0 rnti 6050 mcs 28
slot 16 index 0 rnti 6050 mcs 28
slot 4 index 0 rnti 6050 mcs 28
slot 5 index 0 rnti 6050 mcs 28
slot 6 index 0 rnti 6050 mcs 28
slot 14 index 0 rnti 6050 mcs 28
slot 15 index 0 rnti 6050 mcs 28
slot 16 index 0 rnti 6050 mcs 28
slot 4 index 0 rnti 6050 mcs 28
slot 5 index 0 rnti 6050 mcs 28
slot 6 index 0 rnti 6050 mcs 28
slot 14 index 0 rnti 6050 mcs 28
slot 15 index 0 rnti 6050 mcs 28
slot 16 index 0 rnti 6050 mcs 28
[EMURAN-DL-CSV] t=26.078 win_tbs=20 win_fail=2 win_bler=0.10000 mcs_last=28 mcs_min=28 mcs_max=28 r0=19 r1=1 r2=0 r3=0  f0=2 f1=0 f2=0 f3=0 tot_tbs=7440 tot_fail=329 tot_bler=0.04422 tot_init=7086 tot_retx=354
slot 4 index 0 rnti 6050 mcs 28
slot 5 index 0 rnti 6050 mcs 28
slot 6 index 0 rnti 6050 mcs 28
slot 14 index 0 rnti 6050 mcs 28
slot 15 index 0 rnti 6050 mcs 28
slot 16 index 0 rnti 6050 mcs 28
slot 4 index 0 rnti 6050 mcs 28
slot 5 index 0 rnti 6050 mcs 28
slot 6 index 0 rnti 6050 mcs 28
slot 14 index 0 rnti 6050 mcs 28
slot 15 index 0 rnti 6050 mcs 28
slot 16 index 0 rnti 6050 mcs 28
slot 4 index 0 rnti 6050 mcs 28
slot 5 index 0 rnti 6050 mcs 28
slot 6 index 0 rnti 6050 mcs 28
slot 14 index 0 rnti 6050 mcs 28
slot 15 index 0 rnti 6050 mcs 28
slot 16 index 0 rnti 6050 mcs 28
slot 4 index 0 rnti 6050 mcs 28
slot 5 index 0 rnti 6050 mcs 28
[EMURAN-DL-CSV] t=26.151 win_tbs=20 win_fail=0 win_bler=0.00000 mcs_last=28 mcs_min=28 mcs_max=28 r0=19 r1=1 r2=0 r3=0  f0=0 f1=0 f2=0 f3=0 tot_tbs=7460 tot_fail=329 tot_bler=0.04410 tot_init=7105 tot_retx=355
slot 6 index 0 rnti 6050 mcs 28
slot 14 index 0 rnti 6050 mcs 28
slot 15 index 0 rnti 6050 mcs 28
slot 16 index 0 rnti 6050 mcs 28
slot 4 index 0 rnti 6050 mcs 28
slot 5 index 0 rnti 6050 mcs 28
slot 6 index 0 rnti 6050 mcs 28
slot 14 index 0 rnti 6050 mcs 28
slot 15 index 0 rnti 6050 mcs 28
slot 16 index 0 rnti 6050 mcs 28
slot 4 index 0 rnti 6050 mcs 28
slot 5 index 0 rnti 6050 mcs 28
slot 6 index 0 rnti 6050 mcs 28
slot 14 index 0 rnti 6050 mcs 28
slot 15 index 0 rnti 6050 mcs 28
slot 16 index 0 rnti 6050 mcs 28
slot 4 index 0 rnti 6050 mcs 28
slot 5 index 0 rnti 6050 mcs 28
slot 6 index 0 rnti 6050 mcs 28
slot 14 index 0 rnti 6050 mcs 28
[EMURAN-DL-CSV] t=26.223 win_tbs=20 win_fail=0 win_bler=0.00000 mcs_last=28 mcs_min=28 mcs_max=28 r0=20 r1=0 r2=0 r3=0  f0=0 f1=0 f2=0 f3=0 tot_tbs=7480 tot_fail=329 tot_bler=0.04398 tot_init=7125 tot_retx=355
slot 15 index 0 rnti 6050 mcs 28
slot 16 index 0 rnti 6050 mcs 28
slot 4 index 0 rnti 6050 mcs 28
slot 5 index 0 rnti 6050 mcs 28
slot 6 index 0 rnti 6050 mcs 28
slot 14 index 0 rnti 6050 mcs 28
slot 15 index 0 rnti 6050 mcs 28
slot 16 index 0 rnti 6050 mcs 28
slot 4 index 0 rnti 6050 mcs 28
slot 5 index 0 rnti 6050 mcs 28
slot 6 index 0 rnti 6050 mcs 28
slot 14 index 0 rnti 6050 mcs 28
slot 15 index 0 rnti 6050 mcs 28
slot 16 index 0 rnti 6050 mcs 28
slot 4 index 0 rnti 6050 mcs 28
slot 5 index 0 rnti 6050 mcs 28
slot 6 index 0 rnti 6050 mcs 28
slot 14 index 0 rnti 6050 mcs 28
slot 15 index 0 rnti 6050 mcs 28
slot 16 index 0 rnti 6050 mcs 28
[EMURAN-DL-CSV] t=26.289 win_tbs=20 win_fail=0 win_bler=0.00000 mcs_last=28 mcs_min=28 mcs_max=28 r0=20 r1=0 r2=0 r3=0  f0=0 f1=0 f2=0 f3=0 tot_tbs=7500 tot_fail=329 tot_bler=0.04387 tot_init=7145 tot_retx=355
slot 4 index 0 rnti 6050 mcs 28
slot 5 index 0 rnti 6050 mcs 28
slot 6 index 0 rnti 6050 mcs 28
slot 14 index 0 rnti 6050 mcs 28
slot 15 index 0 rnti 6050 mcs 28
slot 16 index 0 rnti 6050 mcs 28
slot 4 index 0 rnti 6050 mcs 28
slot 5 index 0 rnti 6050 mcs 28
slot 6 index 0 rnti 6050 mcs 28
slot 14 index 0 rnti 6050 mcs 28
slot 15 index 0 rnti 6050 mcs 28
slot 16 index 0 rnti 6050 mcs 28
slot 4 index 0 rnti 6050 mcs 28
slot 5 index 0 rnti 6050 mcs 28
slot 6 index 0 rnti 6050 mcs 28
slot 14 index 0 rnti 6050 mcs 28
slot 15 index 0 rnti 6050 mcs 28
slot 16 index 0 rnti 6050 mcs 28
slot 4 index 0 rnti 6050 mcs 28
slot 5 index 0 rnti 6050 mcs 28
slot 6 index 0 rnti 6050 mcs 28
[EMURAN-DL-CSV] t=26.362 win_tbs=20 win_fail=0 win_bler=0.00000 mcs_last=28 mcs_min=28 mcs_max=28 r0=19 r1=1 r2=0 r3=0  f0=0 f1=0 f2=0 f3=0 tot_tbs=7520 tot_fail=329 tot_bler=0.04375 tot_init=7164 tot_retx=356
slot 14 index 0 rnti 6050 mcs 28
slot 15 index 0 rnti 6050 mcs 28
slot 16 index 0 rnti 6050 mcs 28
slot 4 index 0 rnti 6050 mcs 28
slot 5 index 0 rnti 6050 mcs 28
slot 6 index 0 rnti 6050 mcs 28
slot 14 index 0 rnti 6050 mcs 28
slot 15 index 0 rnti 6050 mcs 28
slot 16 index 0 rnti 6050 mcs 28
slot 4 index 0 rnti 6050 mcs 28
slot 5 index 0 rnti 6050 mcs 28
slot 6 index 0 rnti 6050 mcs 28
slot 14 index 0 rnti 6050 mcs 28
slot 15 index 0 rnti 6050 mcs 28
slot 16 index 0 rnti 6050 mcs 28
slot 4 index 0 rnti 6050 mcs 28
slot 5 index 0 rnti 6050 mcs 28
slot 6 index 0 rnti 6050 mcs 28
slot 14 index 0 rnti 6050 mcs 28
slot 15 index 0 rnti 6050 mcs 28
[EMURAN-DL-CSV] t=26.435 win_tbs=20 win_fail=1 win_bler=0.05000 mcs_last=28 mcs_min=28 mcs_max=28 r0=20 r1=0 r2=0 r3=0  f0=1 f1=0 f2=0 f3=0 tot_tbs=7540 tot_fail=330 tot_bler=0.04377 tot_init=7184 tot_retx=356
slot 16 index 0 rnti 6050 mcs 28
slot 4 index 0 rnti 6050 mcs 28
slot 5 index 0 rnti 6050 mcs 28
slot 6 index 0 rnti 6050 mcs 28
slot 14 index 0 rnti 6050 mcs 28
slot 15 index 0 rnti 6050 mcs 28
slot 16 index 0 rnti 6050 mcs 28
slot 4 index 0 rnti 6050 mcs 28
slot 5 index 0 rnti 6050 mcs 28
slot 6 index 0 rnti 6050 mcs 28
slot 14 index 0 rnti 6050 mcs 28
slot 15 index 0 rnti 6050 mcs 28
slot 16 index 0 rnti 6050 mcs 28
slot 4 index 0 rnti 6050 mcs 28
slot 5 index 0 rnti 6050 mcs 28
slot 6 index 0 rnti 6050 mcs 28
slot 14 index 0 rnti 6050 mcs 28
slot 15 index 0 rnti 6050 mcs 28
slot 16 index 0 rnti 6050 mcs 28
[EMURAN-DL-CSV] t=26.499 win_tbs=20 win_fail=2 win_bler=0.10000 mcs_last=28 mcs_min=28 mcs_max=28 r0=17 r1=2 r2=1 r3=0  f0=2 f1=0 f2=0 f3=0 tot_tbs=7560 tot_fail=332 tot_bler=0.04392 tot_init=7201 tot_retx=359
slot 4 index 0 rnti 6050 mcs 28
slot 5 index 0 rnti 6050 mcs 28
slot 6 index 0 rnti 6050 mcs 28
slot 14 index 0 rnti 6050 mcs 28
slot 15 index 0 rnti 6050 mcs 28
slot 16 index 0 rnti 6050 mcs 28
slot 4 index 0 rnti 6050 mcs 28
slot 5 index 0 rnti 6050 mcs 28
slot 6 index 0 rnti 6050 mcs 28
slot 14 index 0 rnti 6050 mcs 28
slot 15 index 0 rnti 6050 mcs 28
slot 16 index 0 rnti 6050 mcs 28
slot 4 index 0 rnti 6050 mcs 28
slot 5 index 0 rnti 6050 mcs 28
slot 6 index 0 rnti 6050 mcs 28
slot 14 index 0 rnti 6050 mcs 28
slot 15 index 0 rnti 6050 mcs 28
slot 16 index 0 rnti 6050 mcs 28
slot 4 index 0 rnti 6050 mcs 28
slot 5 index 0 rnti 6050 mcs 28
[EMURAN-DL-CSV] t=26.571 win_tbs=20 win_fail=1 win_bler=0.05000 mcs_last=28 mcs_min=28 mcs_max=28 r0=20 r1=0 r2=0 r3=0  f0=1 f1=0 f2=0 f3=0 tot_tbs=7580 tot_fail=333 tot_bler=0.04393 tot_init=7221 tot_retx=359
slot 6 index 0 rnti 6050 mcs 28
slot 14 index 0 rnti 6050 mcs 28
slot 15 index 0 rnti 6050 mcs 28
slot 16 index 0 rnti 6050 mcs 28
slot 4 index 0 rnti 6050 mcs 28
slot 5 index 0 rnti 6050 mcs 28
slot 6 index 0 rnti 6050 mcs 28
slot 14 index 0 rnti 6050 mcs 28
slot 15 index 0 rnti 6050 mcs 28
slot 16 index 0 rnti 6050 mcs 28
slot 4 index 0 rnti 6050 mcs 28
slot 5 index 0 rnti 6050 mcs 28
slot 6 index 0 rnti 6050 mcs 28
slot 14 index 0 rnti 6050 mcs 28
slot 15 index 0 rnti 6050 mcs 28
slot 16 index 0 rnti 6050 mcs 28
slot 4 index 0 rnti 6050 mcs 28
slot 5 index 0 rnti 6050 mcs 28
slot 6 index 0 rnti 6050 mcs 28
slot 14 index 0 rnti 6050 mcs 28
[EMURAN-DL-CSV] t=26.644 win_tbs=20 win_fail=2 win_bler=0.10000 mcs_last=28 mcs_min=28 mcs_max=28 r0=17 r1=3 r2=0 r3=0  f0=2 f1=0 f2=0 f3=0 tot_tbs=7600 tot_fail=335 tot_bler=0.04408 tot_init=7238 tot_retx=362
slot 15 index 0 rnti 6050 mcs 28
slot 16 index 0 rnti 6050 mcs 28
slot 4 index 0 rnti 6050 mcs 28
slot 5 index 0 rnti 6050 mcs 28
slot 6 index 0 rnti 6050 mcs 28
slot 14 index 0 rnti 6050 mcs 28
slot 15 index 0 rnti 6050 mcs 28
slot 16 index 0 rnti 6050 mcs 28
slot 4 index 0 rnti 6050 mcs 28
slot 5 index 0 rnti 6050 mcs 28
slot 6 index 0 rnti 6050 mcs 28
slot 14 index 0 rnti 6050 mcs 28
slot 15 index 0 rnti 6050 mcs 28
slot 16 index 0 rnti 6050 mcs 28
slot 4 index 0 rnti 6050 mcs 28
slot 5 index 0 rnti 6050 mcs 28
slot 6 index 0 rnti 6050 mcs 28
slot 14 index 0 rnti 6050 mcs 28
slot 15 index 0 rnti 6050 mcs 28
slot 16 index 0 rnti 6050 mcs 28
[EMURAN-DL-CSV] t=26.709 win_tbs=20 win_fail=1 win_bler=0.05000 mcs_last=28 mcs_min=28 mcs_max=28 r0=20 r1=0 r2=0 r3=0  f0=1 f1=0 f2=0 f3=0 tot_tbs=7620 tot_fail=336 tot_bler=0.04409 tot_init=7258 tot_retx=362
slot 4 index 0 rnti 6050 mcs 28
slot 5 index 0 rnti 6050 mcs 28
slot 6 index 0 rnti 6050 mcs 28
slot 14 index 0 rnti 6050 mcs 28
slot 15 index 0 rnti 6050 mcs 28
slot 16 index 0 rnti 6050 mcs 28
slot 4 index 0 rnti 6050 mcs 28
slot 5 index 0 rnti 6050 mcs 28
slot 6 index 0 rnti 6050 mcs 28
slot 14 index 0 rnti 6050 mcs 28
slot 15 index 0 rnti 6050 mcs 28
slot 16 index 0 rnti 6050 mcs 28
slot 4 index 0 rnti 6050 mcs 28
slot 5 index 0 rnti 6050 mcs 28
slot 6 index 0 rnti 6050 mcs 28
slot 14 index 0 rnti 6050 mcs 28
slot 15 index 0 rnti 6050 mcs 28
slot 16 index 0 rnti 6050 mcs 28
slot 4 index 0 rnti 6050 mcs 28
slot 5 index 0 rnti 6050 mcs 28
[EMURAN-DL-CSV] t=26.782 win_tbs=20 win_fail=0 win_bler=0.00000 mcs_last=28 mcs_min=28 mcs_max=28 r0=20 r1=0 r2=0 r3=0  f0=0 f1=0 f2=0 f3=0 tot_tbs=7640 tot_fail=336 tot_bler=0.04398 tot_init=7278 tot_retx=362
slot 6 index 0 rnti 6050 mcs 28
slot 14 index 0 rnti 6050 mcs 28
slot 15 index 0 rnti 6050 mcs 28
slot 16 index 0 rnti 6050 mcs 28
slot 4 index 0 rnti 6050 mcs 28
slot 5 index 0 rnti 6050 mcs 28
slot 6 index 0 rnti 6050 mcs 28
slot 14 index 0 rnti 6050 mcs 28
slot 15 index 0 rnti 6050 mcs 28
slot 16 index 0 rnti 6050 mcs 28
slot 4 index 0 rnti 6050 mcs 28
slot 5 index 0 rnti 6050 mcs 28
slot 6 index 0 rnti 6050 mcs 28
slot 14 index 0 rnti 6050 mcs 28
slot 15 index 0 rnti 6050 mcs 28
slot 16 index 0 rnti 6050 mcs 28
slot 4 index 0 rnti 6050 mcs 28
slot 5 index 0 rnti 6050 mcs 28
slot 6 index 0 rnti 6050 mcs 28
slot 14 index 0 rnti 6050 mcs 28
[EMURAN-DL-CSV] t=26.854 win_tbs=20 win_fail=1 win_bler=0.05000 mcs_last=28 mcs_min=28 mcs_max=28 r0=19 r1=1 r2=0 r3=0  f0=1 f1=0 f2=0 f3=0 tot_tbs=7660 tot_fail=337 tot_bler=0.04399 tot_init=7297 tot_retx=363
slot 15 index 0 rnti 6050 mcs 28
slot 16 index 0 rnti 6050 mcs 28
slot 4 index 0 rnti 6050 mcs 28
slot 5 index 0 rnti 6050 mcs 28
slot 6 index 0 rnti 6050 mcs 28
slot 14 index 0 rnti 6050 mcs 28
slot 15 index 0 rnti 6050 mcs 28
slot 16 index 0 rnti 6050 mcs 28
slot 4 index 0 rnti 6050 mcs 28
slot 5 index 0 rnti 6050 mcs 28
slot 6 index 0 rnti 6050 mcs 28
slot 14 index 0 rnti 6050 mcs 28
slot 15 index 0 rnti 6050 mcs 28
slot 16 index 0 rnti 6050 mcs 28
slot 4 index 0 rnti 6050 mcs 28
slot 5 index 0 rnti 6050 mcs 28
slot 6 index 0 rnti 6050 mcs 28
slot 14 index 0 rnti 6050 mcs 28
slot 15 index 0 rnti 6050 mcs 28
slot 16 index 0 rnti 6050 mcs 28
[EMURAN-DL-CSV] t=26.920 win_tbs=20 win_fail=1 win_bler=0.05000 mcs_last=28 mcs_min=28 mcs_max=28 r0=19 r1=1 r2=0 r3=0  f0=1 f1=0 f2=0 f3=0 tot_tbs=7680 tot_fail=338 tot_bler=0.04401 tot_init=7316 tot_retx=364
slot 4 index 0 rnti 6050 mcs 28
slot 5 index 0 rnti 6050 mcs 28
slot 6 index 0 rnti 6050 mcs 28
slot 14 index 0 rnti 6050 mcs 28
slot 15 index 0 rnti 6050 mcs 28
slot 16 index 0 rnti 6050 mcs 28
slot 4 index 0 rnti 6050 mcs 28
slot 5 index 0 rnti 6050 mcs 28
slot 6 index 0 rnti 6050 mcs 28
slot 14 index 0 rnti 6050 mcs 28
slot 15 index 0 rnti 6050 mcs 28
slot 16 index 0 rnti 6050 mcs 28
slot 4 index 0 rnti 6050 mcs 28
slot 5 index 0 rnti 6050 mcs 28
slot 6 index 0 rnti 6050 mcs 28
slot 14 index 0 rnti 6050 mcs 28
slot 15 index 0 rnti 6050 mcs 28
slot 16 index 0 rnti 6050 mcs 28
slot 4 index 0 rnti 6050 mcs 28
slot 5 index 0 rnti 6050 mcs 28
[EMURAN-DL-CSV] t=26.992 win_tbs=20 win_fail=1 win_bler=0.05000 mcs_last=28 mcs_min=28 mcs_max=28 r0=18 r1=2 r2=0 r3=0  f0=1 f1=0 f2=0 f3=0 tot_tbs=7700 tot_fail=339 tot_bler=0.04403 tot_init=7334 tot_retx=366
slot 6 index 0 rnti 6050 mcs 28
slot 14 index 0 rnti 6050 mcs 28
slot 15 index 0 rnti 6050 mcs 28
slot 16 index 0 rnti 6050 mcs 28
slot 4 index 0 rnti 6050 mcs 28
slot 5 index 0 rnti 6050 mcs 28
slot 6 index 0 rnti 6050 mcs 28
slot 14 index 0 rnti 6050 mcs 28
slot 15 index 0 rnti 6050 mcs 28
slot 16 index 0 rnti 6050 mcs 28
slot 4 index 0 rnti 6050 mcs 28
slot 5 index 0 rnti 6050 mcs 28
slot 6 index 0 rnti 6050 mcs 28
slot 14 index 0 rnti 6050 mcs 28
slot 15 index 0 rnti 6050 mcs 28
slot 16 index 0 rnti 6050 mcs 28
slot 4 index 0 rnti 6050 mcs 28
slot 5 index 0 rnti 6050 mcs 28
slot 6 index 0 rnti 6050 mcs 28
slot 14 index 0 rnti 6050 mcs 28
[EMURAN-DL-CSV] t=27.065 win_tbs=20 win_fail=3 win_bler=0.15000 mcs_last=28 mcs_min=28 mcs_max=28 r0=17 r1=3 r2=0 r3=0  f0=2 f1=1 f2=0 f3=0 tot_tbs=7720 tot_fail=342 tot_bler=0.04430 tot_init=7351 tot_retx=369
slot 15 index 0 rnti 6050 mcs 28
slot 16 index 0 rnti 6050 mcs 28
slot 4 index 0 rnti 6050 mcs 28
slot 5 index 0 rnti 6050 mcs 28
slot 6 index 0 rnti 6050 mcs 28
slot 14 index 0 rnti 6050 mcs 28
slot 15 index 0 rnti 6050 mcs 28
slot 16 index 0 rnti 6050 mcs 28
slot 4 index 0 rnti 6050 mcs 28
slot 5 index 0 rnti 6050 mcs 28
slot 6 index 0 rnti 6050 mcs 28
slot 14 index 0 rnti 6050 mcs 28
slot 15 index 0 rnti 6050 mcs 28
slot 16 index 0 rnti 6050 mcs 28
slot 4 index 0 rnti 6050 mcs 28
slot 5 index 0 rnti 6050 mcs 28
slot 6 index 0 rnti 6050 mcs 28
slot 14 index 0 rnti 6050 mcs 28
slot 15 index 0 rnti 6050 mcs 28
slot 16 index 0 rnti 6050 mcs 28
[EMURAN-DL-CSV] t=27.130 win_tbs=20 win_fail=0 win_bler=0.00000 mcs_last=28 mcs_min=28 mcs_max=28 r0=20 r1=0 r2=0 r3=0  f0=0 f1=0 f2=0 f3=0 tot_tbs=7740 tot_fail=342 tot_bler=0.04419 tot_init=7371 tot_retx=369
slot 4 index 0 rnti 6050 mcs 28
slot 5 index 0 rnti 6050 mcs 28
slot 6 index 0 rnti 6050 mcs 28
slot 14 index 0 rnti 6050 mcs 28
slot 15 index 0 rnti 6050 mcs 28
slot 16 index 0 rnti 6050 mcs 28
slot 4 index 0 rnti 6050 mcs 28
slot 5 index 0 rnti 6050 mcs 28
slot 6 index 0 rnti 6050 mcs 28
slot 14 index 0 rnti 6050 mcs 28
slot 15 index 0 rnti 6050 mcs 28
slot 16 index 0 rnti 6050 mcs 28
slot 4 index 0 rnti 6050 mcs 28
slot 5 index 0 rnti 6050 mcs 28
slot 6 index 0 rnti 6050 mcs 28
slot 14 index 0 rnti 6050 mcs 28
slot 15 index 0 rnti 6050 mcs 28
slot 16 index 0 rnti 6050 mcs 28
slot 4 index 0 rnti 6050 mcs 28
slot 5 index 0 rnti 6050 mcs 28
[EMURAN-DL-CSV] t=27.203 win_tbs=20 win_fail=0 win_bler=0.00000 mcs_last=28 mcs_min=28 mcs_max=28 r0=20 r1=0 r2=0 r3=0  f0=0 f1=0 f2=0 f3=0 tot_tbs=7760 tot_fail=342 tot_bler=0.04407 tot_init=7391 tot_retx=369
slot 6 index 0 rnti 6050 mcs 28
slot 14 index 0 rnti 6050 mcs 28
slot 15 index 0 rnti 6050 mcs 28
slot 16 index 0 rnti 6050 mcs 28
slot 4 index 0 rnti 6050 mcs 28
slot 5 index 0 rnti 6050 mcs 28
slot 6 index 0 rnti 6050 mcs 28
slot 14 index 0 rnti 6050 mcs 28
slot 15 index 0 rnti 6050 mcs 28
slot 16 index 0 rnti 6050 mcs 28
slot 4 index 0 rnti 6050 mcs 28
slot 5 index 0 rnti 6050 mcs 28
slot 6 index 0 rnti 6050 mcs 28
slot 14 index 0 rnti 6050 mcs 28
slot 15 index 0 rnti 6050 mcs 28
slot 16 index 0 rnti 6050 mcs 28
slot 4 index 0 rnti 6050 mcs 28
slot 5 index 0 rnti 6050 mcs 28
slot 6 index 0 rnti 6050 mcs 28
slot 14 index 0 rnti 6050 mcs 28
[EMURAN-DL-CSV] t=27.275 win_tbs=20 win_fail=1 win_bler=0.05000 mcs_last=28 mcs_min=28 mcs_max=28 r0=19 r1=1 r2=0 r3=0  f0=1 f1=0 f2=0 f3=0 tot_tbs=7780 tot_fail=343 tot_bler=0.04409 tot_init=7410 tot_retx=370
slot 15 index 0 rnti 6050 mcs 28
slot 16 index 0 rnti 6050 mcs 28
slot 4 index 0 rnti 6050 mcs 28
slot 5 index 0 rnti 6050 mcs 28
slot 6 index 0 rnti 6050 mcs 28
slot 14 index 0 rnti 6050 mcs 28
slot 15 index 0 rnti 6050 mcs 28
slot 16 index 0 rnti 6050 mcs 28
slot 4 index 0 rnti 6050 mcs 28
slot 5 index 0 rnti 6050 mcs 28
slot 6 index 0 rnti 6050 mcs 28
slot 14 index 0 rnti 6050 mcs 28
slot 15 index 0 rnti 6050 mcs 28
slot 16 index 0 rnti 6050 mcs 28
slot 4 index 0 rnti 6050 mcs 28
slot 5 index 0 rnti 6050 mcs 28
slot 6 index 0 rnti 6050 mcs 28
slot 14 index 0 rnti 6050 mcs 28
slot 15 index 0 rnti 6050 mcs 28
slot 16 index 0 rnti 6050 mcs 28
[EMURAN-DL-CSV] t=27.341 win_tbs=20 win_fail=0 win_bler=0.00000 mcs_last=28 mcs_min=28 mcs_max=28 r0=19 r1=1 r2=0 r3=0  f0=0 f1=0 f2=0 f3=0 tot_tbs=7800 tot_fail=343 tot_bler=0.04397 tot_init=7429 tot_retx=371
slot 4 index 0 rnti 6050 mcs 28
slot 5 index 0 rnti 6050 mcs 28
slot 6 index 0 rnti 6050 mcs 28
slot 14 index 0 rnti 6050 mcs 28
slot 15 index 0 rnti 6050 mcs 28
slot 16 index 0 rnti 6050 mcs 28
slot 4 index 0 rnti 6050 mcs 28
slot 5 index 0 rnti 6050 mcs 28
slot 6 index 0 rnti 6050 mcs 28
slot 14 index 0 rnti 6050 mcs 28
slot 15 index 0 rnti 6050 mcs 28
slot 16 index 0 rnti 6050 mcs 28
slot 4 index 0 rnti 6050 mcs 28
slot 5 index 0 rnti 6050 mcs 28
slot 6 index 0 rnti 6050 mcs 28
slot 14 index 0 rnti 6050 mcs 28
slot 15 index 0 rnti 6050 mcs 28
slot 16 index 0 rnti 6050 mcs 28
slot 4 index 0 rnti 6050 mcs 28
slot 5 index 0 rnti 6050 mcs 28
[EMURAN-DL-CSV] t=27.413 win_tbs=20 win_fail=1 win_bler=0.05000 mcs_last=28 mcs_min=28 mcs_max=28 r0=19 r1=1 r2=0 r3=0  f0=1 f1=0 f2=0 f3=0 tot_tbs=7820 tot_fail=344 tot_bler=0.04399 tot_init=7448 tot_retx=372
slot 6 index 0 rnti 6050 mcs 28
slot 14 index 0 rnti 6050 mcs 28
slot 15 index 0 rnti 6050 mcs 28
slot 16 index 0 rnti 6050 mcs 28
slot 4 index 0 rnti 6050 mcs 28
slot 5 index 0 rnti 6050 mcs 28
slot 6 index 0 rnti 6050 mcs 28
slot 14 index 0 rnti 6050 mcs 28
slot 15 index 0 rnti 6050 mcs 28
slot 16 index 0 rnti 6050 mcs 28
slot 4 index 0 rnti 6050 mcs 28
slot 5 index 0 rnti 6050 mcs 28
slot 6 index 0 rnti 6050 mcs 28
slot 14 index 0 rnti 6050 mcs 28
slot 15 index 0 rnti 6050 mcs 28
slot 16 index 0 rnti 6050 mcs 28
slot 4 index 0 rnti 6050 mcs 28
slot 5 index 0 rnti 6050 mcs 28
slot 6 index 0 rnti 6050 mcs 28
slot 14 index 0 rnti 6050 mcs 28
slot 15 index 0 rnti 6050 mcs 28
[EMURAN-DL-CSV] t=27.486 win_tbs=20 win_fail=1 win_bler=0.05000 mcs_last=28 mcs_min=28 mcs_max=28 r0=19 r1=1 r2=0 r3=0  f0=1 f1=0 f2=0 f3=0 tot_tbs=7840 tot_fail=345 tot_bler=0.04401 tot_init=7467 tot_retx=373
slot 16 index 0 rnti 6050 mcs 28
slot 4 index 0 rnti 6050 mcs 28
slot 5 index 0 rnti 6050 mcs 28
slot 6 index 0 rnti 6050 mcs 28
slot 14 index 0 rnti 6050 mcs 28
slot 15 index 0 rnti 6050 mcs 28
slot 16 index 0 rnti 6050 mcs 28
slot 4 index 0 rnti 6050 mcs 28
slot 5 index 0 rnti 6050 mcs 28
slot 6 index 0 rnti 6050 mcs 28
slot 14 index 0 rnti 6050 mcs 28
slot 15 index 0 rnti 6050 mcs 28
slot 16 index 0 rnti 6050 mcs 28
slot 4 index 0 rnti 6050 mcs 28
slot 5 index 0 rnti 6050 mcs 28
slot 6 index 0 rnti 6050 mcs 28
slot 14 index 0 rnti 6050 mcs 28
slot 15 index 0 rnti 6050 mcs 28
slot 16 index 0 rnti 6050 mcs 28
[EMURAN-DL-CSV] t=27.552 win_tbs=20 win_fail=1 win_bler=0.05000 mcs_last=28 mcs_min=28 mcs_max=28 r0=19 r1=1 r2=0 r3=0  f0=1 f1=0 f2=0 f3=0 tot_tbs=7860 tot_fail=346 tot_bler=0.04402 tot_init=7486 tot_retx=374
slot 4 index 0 rnti 6050 mcs 28
slot 5 index 0 rnti 6050 mcs 28
slot 6 index 0 rnti 6050 mcs 28
slot 14 index 0 rnti 6050 mcs 28
slot 15 index 0 rnti 6050 mcs 28
slot 16 index 0 rnti 6050 mcs 28
slot 4 index 0 rnti 6050 mcs 28
slot 5 index 0 rnti 6050 mcs 28
slot 6 index 0 rnti 6050 mcs 28
slot 14 index 0 rnti 6050 mcs 28
slot 15 index 0 rnti 6050 mcs 28
slot 16 index 0 rnti 6050 mcs 28
slot 4 index 0 rnti 6050 mcs 28
slot 5 index 0 rnti 6050 mcs 28
slot 6 index 0 rnti 6050 mcs 28
slot 14 index 0 rnti 6050 mcs 28
slot 15 index 0 rnti 6050 mcs 28
slot 16 index 0 rnti 6050 mcs 28
slot 4 index 0 rnti 6050 mcs 28
slot 5 index 0 rnti 6050 mcs 28
[EMURAN-DL-CSV] t=27.623 win_tbs=20 win_fail=3 win_bler=0.15000 mcs_last=28 mcs_min=28 mcs_max=28 r0=18 r1=1 r2=1 r3=0  f0=3 f1=0 f2=0 f3=0 tot_tbs=7880 tot_fail=349 tot_bler=0.04429 tot_init=7504 tot_retx=376
slot 6 index 0 rnti 6050 mcs 28
slot 14 index 0 rnti 6050 mcs 28
slot 15 index 0 rnti 6050 mcs 28
slot 16 index 0 rnti 6050 mcs 28
slot 4 index 0 rnti 6050 mcs 28
slot 5 index 0 rnti 6050 mcs 28
slot 6 index 0 rnti 6050 mcs 28
slot 14 index 0 rnti 6050 mcs 28
slot 15 index 0 rnti 6050 mcs 28
slot 16 index 0 rnti 6050 mcs 28
slot 4 index 0 rnti 6050 mcs 28
slot 5 index 0 rnti 6050 mcs 28
slot 6 index 0 rnti 6050 mcs 28
slot 14 index 0 rnti 6050 mcs 28
slot 15 index 0 rnti 6050 mcs 28
slot 16 index 0 rnti 6050 mcs 28
slot 4 index 0 rnti 6050 mcs 28
slot 5 index 0 rnti 6050 mcs 28
slot 6 index 0 rnti 6050 mcs 28
slot 14 index 0 rnti 6050 mcs 28
[EMURAN-DL-CSV] t=27.696 win_tbs=20 win_fail=3 win_bler=0.15000 mcs_last=28 mcs_min=28 mcs_max=28 r0=17 r1=3 r2=0 r3=0  f0=3 f1=0 f2=0 f3=0 tot_tbs=7900 tot_fail=352 tot_bler=0.04456 tot_init=7521 tot_retx=379
slot 15 index 0 rnti 6050 mcs 28
slot 16 index 0 rnti 6050 mcs 28
slot 4 index 0 rnti 6050 mcs 28
slot 5 index 0 rnti 6050 mcs 28
slot 6 index 0 rnti 6050 mcs 28
slot 14 index 0 rnti 6050 mcs 28
slot 15 index 0 rnti 6050 mcs 28
slot 16 index 0 rnti 6050 mcs 28
slot 4 index 0 rnti 6050 mcs 28
slot 5 index 0 rnti 6050 mcs 28
slot 6 index 0 rnti 6050 mcs 28
slot 14 index 0 rnti 6050 mcs 28
slot 15 index 0 rnti 6050 mcs 28
slot 16 index 0 rnti 6050 mcs 28
slot 4 index 0 rnti 6050 mcs 28
slot 5 index 0 rnti 6050 mcs 28
slot 6 index 0 rnti 6050 mcs 28
slot 14 index 0 rnti 6050 mcs 28
slot 15 index 0 rnti 6050 mcs 28
slot 16 index 0 rnti 6050 mcs 28
[EMURAN-DL-CSV] t=27.761 win_tbs=20 win_fail=1 win_bler=0.05000 mcs_last=28 mcs_min=28 mcs_max=28 r0=19 r1=1 r2=0 r3=0  f0=1 f1=0 f2=0 f3=0 tot_tbs=7920 tot_fail=353 tot_bler=0.04457 tot_init=7540 tot_retx=380
slot 4 index 0 rnti 6050 mcs 28
slot 5 index 0 rnti 6050 mcs 28
slot 6 index 0 rnti 6050 mcs 28
slot 14 index 0 rnti 6050 mcs 28
slot 15 index 0 rnti 6050 mcs 28
slot 16 index 0 rnti 6050 mcs 28
slot 4 index 0 rnti 6050 mcs 28
slot 5 index 0 rnti 6050 mcs 28
slot 6 index 0 rnti 6050 mcs 28
slot 14 index 0 rnti 6050 mcs 28
slot 15 index 0 rnti 6050 mcs 28
slot 16 index 0 rnti 6050 mcs 28
slot 4 index 0 rnti 6050 mcs 28
slot 5 index 0 rnti 6050 mcs 28
slot 6 index 0 rnti 6050 mcs 28
slot 14 index 0 rnti 6050 mcs 28
slot 15 index 0 rnti 6050 mcs 28
slot 16 index 0 rnti 6050 mcs 28
slot 4 index 0 rnti 6050 mcs 28
slot 5 index 0 rnti 6050 mcs 28
slot 6 index 0 rnti 6050 mcs 28
[EMURAN-DL-CSV] t=27.835 win_tbs=20 win_fail=1 win_bler=0.05000 mcs_last=28 mcs_min=28 mcs_max=28 r0=19 r1=1 r2=0 r3=0  f0=1 f1=0 f2=0 f3=0 tot_tbs=7940 tot_fail=354 tot_bler=0.04458 tot_init=7559 tot_retx=381
slot 14 index 0 rnti 6050 mcs 28
slot 15 index 0 rnti 6050 mcs 28
slot 16 index 0 rnti 6050 mcs 28
slot 4 index 0 rnti 6050 mcs 28
slot 5 index 0 rnti 6050 mcs 28
slot 6 index 0 rnti 6050 mcs 28
slot 14 index 0 rnti 6050 mcs 28
slot 15 index 0 rnti 6050 mcs 28
slot 16 index 0 rnti 6050 mcs 28
slot 4 index 0 rnti 6050 mcs 28
slot 5 index 0 rnti 6050 mcs 28
slot 6 index 0 rnti 6050 mcs 28
slot 14 index 0 rnti 6050 mcs 28
slot 15 index 0 rnti 6050 mcs 28
slot 16 index 0 rnti 6050 mcs 28
slot 4 index 0 rnti 6050 mcs 28
slot 5 index 0 rnti 6050 mcs 28
slot 6 index 0 rnti 6050 mcs 28
slot 14 index 0 rnti 6050 mcs 28
[EMURAN-DL-CSV] t=27.906 win_tbs=20 win_fail=0 win_bler=0.00000 mcs_last=28 mcs_min=28 mcs_max=28 r0=20 r1=0 r2=0 r3=0  f0=0 f1=0 f2=0 f3=0 tot_tbs=7960 tot_fail=354 tot_bler=0.04447 tot_init=7579 tot_retx=381
slot 15 index 0 rnti 6050 mcs 28
slot 16 index 0 rnti 6050 mcs 28
slot 4 index 0 rnti 6050 mcs 28
slot 5 index 0 rnti 6050 mcs 28
slot 6 index 0 rnti 6050 mcs 28
slot 14 index 0 rnti 6050 mcs 28
slot 15 index 0 rnti 6050 mcs 28
slot 16 index 0 rnti 6050 mcs 28
slot 4 index 0 rnti 6050 mcs 28
slot 5 index 0 rnti 6050 mcs 28
slot 6 index 0 rnti 6050 mcs 28
slot 14 index 0 rnti 6050 mcs 28
slot 15 index 0 rnti 6050 mcs 28
slot 16 index 0 rnti 6050 mcs 28
slot 4 index 0 rnti 6050 mcs 28
slot 5 index 0 rnti 6050 mcs 28
slot 6 index 0 rnti 6050 mcs 28
slot 14 index 0 rnti 6050 mcs 28
slot 15 index 0 rnti 6050 mcs 28
slot 16 index 0 rnti 6050 mcs 28
[EMURAN-DL-CSV] t=27.972 win_tbs=20 win_fail=0 win_bler=0.00000 mcs_last=28 mcs_min=28 mcs_max=28 r0=20 r1=0 r2=0 r3=0  f0=0 f1=0 f2=0 f3=0 tot_tbs=7980 tot_fail=354 tot_bler=0.04436 tot_init=7599 tot_retx=381
slot 4 index 0 rnti 6050 mcs 28
slot 5 index 0 rnti 6050 mcs 28
slot 6 index 0 rnti 6050 mcs 28
slot 14 index 0 rnti 6050 mcs 28
slot 15 index 0 rnti 6050 mcs 28
slot 16 index 0 rnti 6050 mcs 28
slot 4 index 0 rnti 6050 mcs 28
slot 5 index 0 rnti 6050 mcs 28
slot 6 index 0 rnti 6050 mcs 28
slot 14 index 0 rnti 6050 mcs 28
slot 15 index 0 rnti 6050 mcs 28
slot 16 index 0 rnti 6050 mcs 28
slot 4 index 0 rnti 6050 mcs 28
slot 5 index 0 rnti 6050 mcs 28
slot 6 index 0 rnti 6050 mcs 28
slot 14 index 0 rnti 6050 mcs 28
slot 15 index 0 rnti 6050 mcs 28
slot 16 index 0 rnti 6050 mcs 28
slot 4 index 0 rnti 6050 mcs 28
slot 5 index 0 rnti 6050 mcs 28
[EMURAN-DL-CSV] t=28.044 win_tbs=20 win_fail=0 win_bler=0.00000 mcs_last=28 mcs_min=28 mcs_max=28 r0=19 r1=1 r2=0 r3=0  f0=0 f1=0 f2=0 f3=0 tot_tbs=8000 tot_fail=354 tot_bler=0.04425 tot_init=7618 tot_retx=382
slot 6 index 0 rnti 6050 mcs 28
slot 14 index 0 rnti 6050 mcs 28
slot 15 index 0 rnti 6050 mcs 28
slot 16 index 0 rnti 6050 mcs 28
[UE-STAT] frame=100 dci_cnt=600 total_tbs=50385600 ack_real=500 nack_real=25 fb_missing=75 decode_cnt=600
slot 4 index 0 rnti 6050 mcs 28
slot 5 index 0 rnti 6050 mcs 28
slot 6 index 0 rnti 6050 mcs 28
slot 14 index 0 rnti 6050 mcs 28
slot 15 index 0 rnti 6050 mcs 28
slot 16 index 0 rnti 6050 mcs 28
slot 4 index 0 rnti 6050 mcs 28
slot 5 index 0 rnti 6050 mcs 28
slot 6 index 0 rnti 6050 mcs 28
slot 14 index 0 rnti 6050 mcs 28
slot 15 index 0 rnti 6050 mcs 28
slot 16 index 0 rnti 6050 mcs 28
slot 4 index 0 rnti 6050 mcs 28
slot 5 index 0 rnti 6050 mcs 28
slot 6 index 0 rnti 6050 mcs 28
slot 14 index 0 rnti 6050 mcs 28
slot 15 index 0 rnti 6050 mcs 28
[EMURAN-DL-CSV] t=28.118 win_tbs=20 win_fail=0 win_bler=0.00000 mcs_last=28 mcs_min=28 mcs_max=28 r0=20 r1=0 r2=0 r3=0  f0=0 f1=0 f2=0 f3=0 tot_tbs=8020 tot_fail=354 tot_bler=0.04414 tot_init=7638 tot_retx=382
slot 16 index 0 rnti 6050 mcs 28
slot 4 index 0 rnti 6050 mcs 28
slot 5 index 0 rnti 6050 mcs 28
slot 6 index 0 rnti 6050 mcs 28
slot 14 index 0 rnti 6050 mcs 28
slot 15 index 0 rnti 6050 mcs 28
slot 16 index 0 rnti 6050 mcs 28
slot 4 index 0 rnti 6050 mcs 28
slot 5 index 0 rnti 6050 mcs 28
slot 6 index 0 rnti 6050 mcs 28
slot 14 index 0 rnti 6050 mcs 28
slot 15 index 0 rnti 6050 mcs 28
slot 16 index 0 rnti 6050 mcs 28
slot 4 index 0 rnti 6050 mcs 28
slot 5 index 0 rnti 6050 mcs 28
slot 6 index 0 rnti 6050 mcs 28
slot 14 index 0 rnti 6050 mcs 28
slot 15 index 0 rnti 6050 mcs 28
slot 16 index 0 rnti 6050 mcs 28
[EMURAN-DL-CSV] t=28.183 win_tbs=20 win_fail=1 win_bler=0.05000 mcs_last=28 mcs_min=28 mcs_max=28 r0=19 r1=1 r2=0 r3=0  f0=1 f1=0 f2=0 f3=0 tot_tbs=8040 tot_fail=355 tot_bler=0.04415 tot_init=7657 tot_retx=383
slot 4 index 0 rnti 6050 mcs 28
slot 5 index 0 rnti 6050 mcs 28
slot 6 index 0 rnti 6050 mcs 28
slot 14 index 0 rnti 6050 mcs 28
slot 15 index 0 rnti 6050 mcs 28
slot 16 index 0 rnti 6050 mcs 28
slot 4 index 0 rnti 6050 mcs 28
slot 5 index 0 rnti 6050 mcs 28
slot 6 index 0 rnti 6050 mcs 28
slot 14 index 0 rnti 6050 mcs 28
slot 15 index 0 rnti 6050 mcs 28
slot 16 index 0 rnti 6050 mcs 28
slot 4 index 0 rnti 6050 mcs 28
slot 5 index 0 rnti 6050 mcs 28
slot 6 index 0 rnti 6050 mcs 28
slot 14 index 0 rnti 6050 mcs 28
slot 15 index 0 rnti 6050 mcs 28
slot 16 index 0 rnti 6050 mcs 28
slot 4 index 0 rnti 6050 mcs 28
slot 5 index 0 rnti 6050 mcs 28
[EMURAN-DL-CSV] t=28.254 win_tbs=20 win_fail=0 win_bler=0.00000 mcs_last=28 mcs_min=28 mcs_max=28 r0=20 r1=0 r2=0 r3=0  f0=0 f1=0 f2=0 f3=0 tot_tbs=8060 tot_fail=355 tot_bler=0.04404 tot_init=7677 tot_retx=383
slot 6 index 0 rnti 6050 mcs 28
slot 14 index 0 rnti 6050 mcs 28
slot 15 index 0 rnti 6050 mcs 28
slot 16 index 0 rnti 6050 mcs 28
slot 4 index 0 rnti 6050 mcs 28
slot 5 index 0 rnti 6050 mcs 28
slot 6 index 0 rnti 6050 mcs 28
slot 14 index 0 rnti 6050 mcs 28
slot 15 index 0 rnti 6050 mcs 28
slot 16 index 0 rnti 6050 mcs 28
slot 4 index 0 rnti 6050 mcs 28
slot 5 index 0 rnti 6050 mcs 28
slot 6 index 0 rnti 6050 mcs 28
slot 14 index 0 rnti 6050 mcs 28
slot 15 index 0 rnti 6050 mcs 28
slot 16 index 0 rnti 6050 mcs 28
slot 4 index 0 rnti 6050 mcs 28
slot 5 index 0 rnti 6050 mcs 28
slot 6 index 0 rnti 6050 mcs 28
slot 14 index 0 rnti 6050 mcs 28
[EMURAN-DL-CSV] t=28.327 win_tbs=20 win_fail=1 win_bler=0.05000 mcs_last=28 mcs_min=28 mcs_max=28 r0=18 r1=2 r2=0 r3=0  f0=1 f1=0 f2=0 f3=0 tot_tbs=8080 tot_fail=356 tot_bler=0.04406 tot_init=7695 tot_retx=385
slot 15 index 0 rnti 6050 mcs 28
slot 16 index 0 rnti 6050 mcs 28
slot 4 index 0 rnti 6050 mcs 28
slot 5 index 0 rnti 6050 mcs 28
slot 6 index 0 rnti 6050 mcs 28
slot 14 index 0 rnti 6050 mcs 28
slot 15 index 0 rnti 6050 mcs 28
slot 16 index 0 rnti 6050 mcs 28
slot 4 index 0 rnti 6050 mcs 28
slot 5 index 0 rnti 6050 mcs 28
slot 6 index 0 rnti 6050 mcs 28
slot 14 index 0 rnti 6050 mcs 28
slot 15 index 0 rnti 6050 mcs 28
slot 16 index 0 rnti 6050 mcs 28
slot 4 index 0 rnti 6050 mcs 28
slot 5 index 0 rnti 6050 mcs 28
slot 6 index 0 rnti 6050 mcs 28
slot 14 index 0 rnti 6050 mcs 28
slot 15 index 0 rnti 6050 mcs 28
slot 16 index 0 rnti 6050 mcs 28
[EMURAN-DL-CSV] t=28.392 win_tbs=20 win_fail=2 win_bler=0.10000 mcs_last=28 mcs_min=28 mcs_max=28 r0=19 r1=1 r2=0 r3=0  f0=2 f1=0 f2=0 f3=0 tot_tbs=8100 tot_fail=358 tot_bler=0.04420 tot_init=7714 tot_retx=386
slot 4 index 0 rnti 6050 mcs 28
slot 5 index 0 rnti 6050 mcs 28
slot 6 index 0 rnti 6050 mcs 28
slot 14 index 0 rnti 6050 mcs 28
slot 15 index 0 rnti 6050 mcs 28
slot 16 index 0 rnti 6050 mcs 28
slot 4 index 0 rnti 6050 mcs 28
slot 5 index 0 rnti 6050 mcs 28
slot 6 index 0 rnti 6050 mcs 28
slot 14 index 0 rnti 6050 mcs 28
slot 15 index 0 rnti 6050 mcs 28
slot 16 index 0 rnti 6050 mcs 28
slot 4 index 0 rnti 6050 mcs 28
slot 5 index 0 rnti 6050 mcs 28
slot 6 index 0 rnti 6050 mcs 28
slot 14 index 0 rnti 6050 mcs 28
slot 15 index 0 rnti 6050 mcs 28
slot 16 index 0 rnti 6050 mcs 28
slot 4 index 0 rnti 6050 mcs 28
slot 5 index 0 rnti 6050 mcs 28
[EMURAN-DL-CSV] t=28.465 win_tbs=20 win_fail=1 win_bler=0.05000 mcs_last=28 mcs_min=28 mcs_max=28 r0=19 r1=1 r2=0 r3=0  f0=1 f1=0 f2=0 f3=0 tot_tbs=8120 tot_fail=359 tot_bler=0.04421 tot_init=7733 tot_retx=387
slot 6 index 0 rnti 6050 mcs 28
slot 14 index 0 rnti 6050 mcs 28
slot 15 index 0 rnti 6050 mcs 28
slot 16 index 0 rnti 6050 mcs 28
slot 4 index 0 rnti 6050 mcs 28
slot 5 index 0 rnti 6050 mcs 28
slot 6 index 0 rnti 6050 mcs 28
slot 14 index 0 rnti 6050 mcs 28
slot 15 index 0 rnti 6050 mcs 28
slot 16 index 0 rnti 6050 mcs 28
slot 4 index 0 rnti 6050 mcs 28
slot 5 index 0 rnti 6050 mcs 28
slot 6 index 0 rnti 6050 mcs 28
slot 14 index 0 rnti 6050 mcs 28
slot 15 index 0 rnti 6050 mcs 28
slot 16 index 0 rnti 6050 mcs 28
slot 4 index 0 rnti 6050 mcs 28
slot 5 index 0 rnti 6050 mcs 28
slot 6 index 0 rnti 6050 mcs 28
slot 14 index 0 rnti 6050 mcs 28
[EMURAN-DL-CSV] t=28.537 win_tbs=20 win_fail=0 win_bler=0.00000 mcs_last=28 mcs_min=28 mcs_max=28 r0=20 r1=0 r2=0 r3=0  f0=0 f1=0 f2=0 f3=0 tot_tbs=8140 tot_fail=359 tot_bler=0.04410 tot_init=7753 tot_retx=387
slot 15 index 0 rnti 6050 mcs 28
slot 16 index 0 rnti 6050 mcs 28
slot 4 index 0 rnti 6050 mcs 28
slot 5 index 0 rnti 6050 mcs 28
slot 6 index 0 rnti 6050 mcs 28
slot 14 index 0 rnti 6050 mcs 28
slot 15 index 0 rnti 6050 mcs 28
slot 16 index 0 rnti 6050 mcs 28
slot 4 index 0 rnti 6050 mcs 28
slot 5 index 0 rnti 6050 mcs 28
slot 6 index 0 rnti 6050 mcs 28
slot 14 index 0 rnti 6050 mcs 28
slot 15 index 0 rnti 6050 mcs 28
slot 16 index 0 rnti 6050 mcs 28
slot 4 index 0 rnti 6050 mcs 28
slot 5 index 0 rnti 6050 mcs 28
slot 6 index 0 rnti 6050 mcs 28
slot 14 index 0 rnti 6050 mcs 28
slot 15 index 0 rnti 6050 mcs 28
slot 16 index 0 rnti 6050 mcs 28
[EMURAN-DL-CSV] t=28.603 win_tbs=20 win_fail=1 win_bler=0.05000 mcs_last=28 mcs_min=28 mcs_max=28 r0=19 r1=1 r2=0 r3=0  f0=1 f1=0 f2=0 f3=0 tot_tbs=8160 tot_fail=360 tot_bler=0.04412 tot_init=7772 tot_retx=388
slot 4 index 0 rnti 6050 mcs 28
slot 5 index 0 rnti 6050 mcs 28
slot 6 index 0 rnti 6050 mcs 28
slot 14 index 0 rnti 6050 mcs 28
slot 15 index 0 rnti 6050 mcs 28
slot 16 index 0 rnti 6050 mcs 28
slot 4 index 0 rnti 6050 mcs 28
slot 5 index 0 rnti 6050 mcs 28
slot 6 index 0 rnti 6050 mcs 28
slot 14 index 0 rnti 6050 mcs 28
slot 15 index 0 rnti 6050 mcs 28
slot 16 index 0 rnti 6050 mcs 28
slot 4 index 0 rnti 6050 mcs 28
slot 5 index 0 rnti 6050 mcs 28
slot 6 index 0 rnti 6050 mcs 28
slot 14 index 0 rnti 6050 mcs 28
slot 15 index 0 rnti 6050 mcs 28
slot 16 index 0 rnti 6050 mcs 28
slot 4 index 0 rnti 6050 mcs 28
slot 5 index 0 rnti 6050 mcs 28
[EMURAN-DL-CSV] t=28.675 win_tbs=20 win_fail=3 win_bler=0.15000 mcs_last=28 mcs_min=28 mcs_max=28 r0=16 r1=3 r2=1 r3=0  f0=3 f1=0 f2=0 f3=0 tot_tbs=8180 tot_fail=363 tot_bler=0.04438 tot_init=7788 tot_retx=392
slot 6 index 0 rnti 6050 mcs 28
slot 14 index 0 rnti 6050 mcs 28
slot 15 index 0 rnti 6050 mcs 28
slot 16 index 0 rnti 6050 mcs 28
slot 4 index 0 rnti 6050 mcs 28
slot 5 index 0 rnti 6050 mcs 28
slot 6 index 0 rnti 6050 mcs 28
slot 14 index 0 rnti 6050 mcs 28
slot 15 index 0 rnti 6050 mcs 28
slot 16 index 0 rnti 6050 mcs 28
slot 4 index 0 rnti 6050 mcs 28
slot 5 index 0 rnti 6050 mcs 28
slot 6 index 0 rnti 6050 mcs 28
slot 14 index 0 rnti 6050 mcs 28
slot 15 index 0 rnti 6050 mcs 28
slot 16 index 0 rnti 6050 mcs 28
slot 4 index 0 rnti 6050 mcs 28
slot 5 index 0 rnti 6050 mcs 28
slot 6 index 0 rnti 6050 mcs 28
slot 14 index 0 rnti 6050 mcs 28
[EMURAN-DL-CSV] t=28.748 win_tbs=20 win_fail=0 win_bler=0.00000 mcs_last=28 mcs_min=28 mcs_max=28 r0=20 r1=0 r2=0 r3=0  f0=0 f1=0 f2=0 f3=0 tot_tbs=8200 tot_fail=363 tot_bler=0.04427 tot_init=7808 tot_retx=392
slot 15 index 0 rnti 6050 mcs 28
slot 16 index 0 rnti 6050 mcs 28
slot 4 index 0 rnti 6050 mcs 28
slot 5 index 0 rnti 6050 mcs 28
slot 6 index 0 rnti 6050 mcs 28
slot 14 index 0 rnti 6050 mcs 28
slot 15 index 0 rnti 6050 mcs 28
slot 16 index 0 rnti 6050 mcs 28
slot 4 index 0 rnti 6050 mcs 28
slot 5 index 0 rnti 6050 mcs 28
slot 6 index 0 rnti 6050 mcs 28
slot 14 index 0 rnti 6050 mcs 28
slot 15 index 0 rnti 6050 mcs 28
slot 16 index 0 rnti 6050 mcs 28
slot 4 index 0 rnti 6050 mcs 28
slot 5 index 0 rnti 6050 mcs 28
slot 6 index 0 rnti 6050 mcs 28
slot 14 index 0 rnti 6050 mcs 28
slot 15 index 0 rnti 6050 mcs 28
slot 16 index 0 rnti 6050 mcs 28
[EMURAN-DL-CSV] t=28.813 win_tbs=20 win_fail=1 win_bler=0.05000 mcs_last=28 mcs_min=28 mcs_max=28 r0=19 r1=1 r2=0 r3=0  f0=1 f1=0 f2=0 f3=0 tot_tbs=8220 tot_fail=364 tot_bler=0.04428 tot_init=7827 tot_retx=393
slot 4 index 0 rnti 6050 mcs 28
slot 5 index 0 rnti 6050 mcs 28
slot 6 index 0 rnti 6050 mcs 28
slot 14 index 0 rnti 6050 mcs 28
slot 15 index 0 rnti 6050 mcs 28
slot 16 index 0 rnti 6050 mcs 28
slot 4 index 0 rnti 6050 mcs 28
slot 5 index 0 rnti 6050 mcs 28
slot 6 index 0 rnti 6050 mcs 28
slot 14 index 0 rnti 6050 mcs 28
slot 15 index 0 rnti 6050 mcs 28
slot 16 index 0 rnti 6050 mcs 28
slot 4 index 0 rnti 6050 mcs 28
slot 5 index 0 rnti 6050 mcs 28
slot 6 index 0 rnti 6050 mcs 28
slot 14 index 0 rnti 6050 mcs 28
slot 15 index 0 rnti 6050 mcs 28
slot 16 index 0 rnti 6050 mcs 28
slot 4 index 0 rnti 6050 mcs 28
slot 5 index 0 rnti 6050 mcs 28
[EMURAN-DL-CSV] t=28.886 win_tbs=20 win_fail=1 win_bler=0.05000 mcs_last=28 mcs_min=28 mcs_max=28 r0=20 r1=0 r2=0 r3=0  f0=1 f1=0 f2=0 f3=0 tot_tbs=8240 tot_fail=365 tot_bler=0.04430 tot_init=7847 tot_retx=393
slot 6 index 0 rnti 6050 mcs 28
slot 14 index 0 rnti 6050 mcs 28
slot 15 index 0 rnti 6050 mcs 28
slot 16 index 0 rnti 6050 mcs 28
slot 4 index 0 rnti 6050 mcs 28
slot 5 index 0 rnti 6050 mcs 28
slot 6 index 0 rnti 6050 mcs 28
slot 14 index 0 rnti 6050 mcs 28
slot 15 index 0 rnti 6050 mcs 28
slot 16 index 0 rnti 6050 mcs 28
slot 4 index 0 rnti 6050 mcs 28
slot 5 index 0 rnti 6050 mcs 28
slot 6 index 0 rnti 6050 mcs 28
slot 14 index 0 rnti 6050 mcs 28
slot 15 index 0 rnti 6050 mcs 28
slot 16 index 0 rnti 6050 mcs 28
slot 4 index 0 rnti 6050 mcs 28
slot 5 index 0 rnti 6050 mcs 28
slot 6 index 0 rnti 6050 mcs 28
slot 14 index 0 rnti 6050 mcs 28
[EMURAN-DL-CSV] t=28.958 win_tbs=20 win_fail=0 win_bler=0.00000 mcs_last=28 mcs_min=28 mcs_max=28 r0=20 r1=0 r2=0 r3=0  f0=0 f1=0 f2=0 f3=0 tot_tbs=8260 tot_fail=365 tot_bler=0.04419 tot_init=7867 tot_retx=393
slot 15 index 0 rnti 6050 mcs 28
slot 16 index 0 rnti 6050 mcs 28
slot 4 index 0 rnti 6050 mcs 28
slot 5 index 0 rnti 6050 mcs 28
slot 6 index 0 rnti 6050 mcs 28
slot 14 index 0 rnti 6050 mcs 28
slot 15 index 0 rnti 6050 mcs 28
slot 16 index 0 rnti 6050 mcs 28
slot 4 index 0 rnti 6050 mcs 28
slot 5 index 0 rnti 6050 mcs 28
slot 6 index 0 rnti 6050 mcs 28
slot 14 index 0 rnti 6050 mcs 28
slot 15 index 0 rnti 6050 mcs 28
slot 16 index 0 rnti 6050 mcs 28
slot 4 index 0 rnti 6050 mcs 28
slot 5 index 0 rnti 6050 mcs 28
slot 6 index 0 rnti 6050 mcs 28
slot 14 index 0 rnti 6050 mcs 28
slot 15 index 0 rnti 6050 mcs 28
slot 16 index 0 rnti 6050 mcs 28
[EMURAN-DL-CSV] t=29.023 win_tbs=20 win_fail=0 win_bler=0.00000 mcs_last=28 mcs_min=28 mcs_max=28 r0=19 r1=1 r2=0 r3=0  f0=0 f1=0 f2=0 f3=0 tot_tbs=8280 tot_fail=365 tot_bler=0.04408 tot_init=7886 tot_retx=394
slot 4 index 0 rnti 6050 mcs 28
slot 5 index 0 rnti 6050 mcs 28
slot 6 index 0 rnti 6050 mcs 28
slot 14 index 0 rnti 6050 mcs 28
slot 15 index 0 rnti 6050 mcs 28
slot 16 index 0 rnti 6050 mcs 28
slot 4 index 0 rnti 6050 mcs 28
slot 5 index 0 rnti 6050 mcs 28
slot 6 index 0 rnti 6050 mcs 28
slot 14 index 0 rnti 6050 mcs 28
slot 15 index 0 rnti 6050 mcs 28
slot 16 index 0 rnti 6050 mcs 28
slot 4 index 0 rnti 6050 mcs 28
slot 5 index 0 rnti 6050 mcs 28
slot 6 index 0 rnti 6050 mcs 28
slot 14 index 0 rnti 6050 mcs 28
slot 15 index 0 rnti 6050 mcs 28
slot 16 index 0 rnti 6050 mcs 28
slot 4 index 0 rnti 6050 mcs 28
slot 5 index 0 rnti 6050 mcs 28
[EMURAN-DL-CSV] t=29.096 win_tbs=20 win_fail=1 win_bler=0.05000 mcs_last=28 mcs_min=28 mcs_max=28 r0=19 r1=1 r2=0 r3=0  f0=1 f1=0 f2=0 f3=0 tot_tbs=8300 tot_fail=366 tot_bler=0.04410 tot_init=7905 tot_retx=395
slot 6 index 0 rnti 6050 mcs 28
slot 14 index 0 rnti 6050 mcs 28
slot 15 index 0 rnti 6050 mcs 28
slot 16 index 0 rnti 6050 mcs 28
slot 4 index 0 rnti 6050 mcs 28
slot 5 index 0 rnti 6050 mcs 28
slot 6 index 0 rnti 6050 mcs 28
slot 14 index 0 rnti 6050 mcs 28
slot 15 index 0 rnti 6050 mcs 28
slot 16 index 0 rnti 6050 mcs 28
slot 4 index 0 rnti 6050 mcs 28
slot 5 index 0 rnti 6050 mcs 28
slot 6 index 0 rnti 6050 mcs 28
slot 14 index 0 rnti 6050 mcs 28
slot 15 index 0 rnti 6050 mcs 28
slot 16 index 0 rnti 6050 mcs 28
slot 4 index 0 rnti 6050 mcs 28
slot 5 index 0 rnti 6050 mcs 28
slot 6 index 0 rnti 6050 mcs 28
slot 14 index 0 rnti 6050 mcs 28
[EMURAN-DL-CSV] t=29.168 win_tbs=20 win_fail=0 win_bler=0.00000 mcs_last=28 mcs_min=28 mcs_max=28 r0=20 r1=0 r2=0 r3=0  f0=0 f1=0 f2=0 f3=0 tot_tbs=8320 tot_fail=366 tot_bler=0.04399 tot_init=7925 tot_retx=395
slot 15 index 0 rnti 6050 mcs 28
slot 16 index 0 rnti 6050 mcs 28
slot 4 index 0 rnti 6050 mcs 28
slot 5 index 0 rnti 6050 mcs 28
slot 6 index 0 rnti 6050 mcs 28
slot 14 index 0 rnti 6050 mcs 28
slot 15 index 0 rnti 6050 mcs 28
slot 16 index 0 rnti 6050 mcs 28
slot 4 index 0 rnti 6050 mcs 28
slot 5 index 0 rnti 6050 mcs 28
slot 6 index 0 rnti 6050 mcs 28
slot 14 index 0 rnti 6050 mcs 28
slot 15 index 0 rnti 6050 mcs 28
slot 16 index 0 rnti 6050 mcs 28
slot 4 index 0 rnti 6050 mcs 28
slot 5 index 0 rnti 6050 mcs 28
slot 6 index 0 rnti 6050 mcs 28
slot 14 index 0 rnti 6050 mcs 28
slot 15 index 0 rnti 6050 mcs 28
slot 16 index 0 rnti 6050 mcs 28
[EMURAN-DL-CSV] t=29.234 win_tbs=20 win_fail=1 win_bler=0.05000 mcs_last=28 mcs_min=28 mcs_max=28 r0=20 r1=0 r2=0 r3=0  f0=1 f1=0 f2=0 f3=0 tot_tbs=8340 tot_fail=367 tot_bler=0.04400 tot_init=7945 tot_retx=395
slot 4 index 0 rnti 6050 mcs 28
slot 5 index 0 rnti 6050 mcs 28
slot 6 index 0 rnti 6050 mcs 28
slot 14 index 0 rnti 6050 mcs 28
slot 15 index 0 rnti 6050 mcs 28
slot 16 index 0 rnti 6050 mcs 28
slot 4 index 0 rnti 6050 mcs 28
slot 5 index 0 rnti 6050 mcs 28
slot 6 index 0 rnti 6050 mcs 28
slot 14 index 0 rnti 6050 mcs 28
slot 15 index 0 rnti 6050 mcs 28
slot 16 index 0 rnti 6050 mcs 28
slot 4 index 0 rnti 6050 mcs 28
slot 5 index 0 rnti 6050 mcs 28
slot 6 index 0 rnti 6050 mcs 28
slot 14 index 0 rnti 6050 mcs 28
slot 15 index 0 rnti 6050 mcs 28
slot 16 index 0 rnti 6050 mcs 28
slot 4 index 0 rnti 6050 mcs 28
slot 5 index 0 rnti 6050 mcs 28
[EMURAN-DL-CSV] t=29.306 win_tbs=20 win_fail=0 win_bler=0.00000 mcs_last=28 mcs_min=28 mcs_max=28 r0=20 r1=0 r2=0 r3=0  f0=0 f1=0 f2=0 f3=0 tot_tbs=8360 tot_fail=367 tot_bler=0.04390 tot_init=7965 tot_retx=395
slot 6 index 0 rnti 6050 mcs 28
slot 14 index 0 rnti 6050 mcs 28
slot 15 index 0 rnti 6050 mcs 28
slot 16 index 0 rnti 6050 mcs 28
slot 4 index 0 rnti 6050 mcs 28
slot 5 index 0 rnti 6050 mcs 28
slot 6 index 0 rnti 6050 mcs 28
slot 14 index 0 rnti 6050 mcs 28
slot 15 index 0 rnti 6050 mcs 28
slot 16 index 0 rnti 6050 mcs 28
slot 4 index 0 rnti 6050 mcs 28
slot 5 index 0 rnti 6050 mcs 28
slot 6 index 0 rnti 6050 mcs 28
slot 14 index 0 rnti 6050 mcs 28
slot 15 index 0 rnti 6050 mcs 28
slot 16 index 0 rnti 6050 mcs 28
slot 4 index 0 rnti 6050 mcs 28
slot 5 index 0 rnti 6050 mcs 28
slot 6 index 0 rnti 6050 mcs 28
slot 14 index 0 rnti 6050 mcs 28
[EMURAN-DL-CSV] t=29.379 win_tbs=20 win_fail=2 win_bler=0.10000 mcs_last=28 mcs_min=28 mcs_max=28 r0=19 r1=1 r2=0 r3=0  f0=2 f1=0 f2=0 f3=0 tot_tbs=8380 tot_fail=369 tot_bler=0.04403 tot_init=7984 tot_retx=396
slot 15 index 0 rnti 6050 mcs 28
slot 16 index 0 rnti 6050 mcs 28
slot 4 index 0 rnti 6050 mcs 28
slot 5 index 0 rnti 6050 mcs 28
slot 6 index 0 rnti 6050 mcs 28
slot 14 index 0 rnti 6050 mcs 28
slot 15 index 0 rnti 6050 mcs 28
slot 16 index 0 rnti 6050 mcs 28
slot 4 index 0 rnti 6050 mcs 28
slot 5 index 0 rnti 6050 mcs 28
slot 6 index 0 rnti 6050 mcs 28
slot 14 index 0 rnti 6050 mcs 28
slot 15 index 0 rnti 6050 mcs 28
slot 16 index 0 rnti 6050 mcs 28
slot 4 index 0 rnti 6050 mcs 28
slot 5 index 0 rnti 6050 mcs 28
slot 6 index 0 rnti 6050 mcs 28
slot 14 index 0 rnti 6050 mcs 28
slot 15 index 0 rnti 6050 mcs 28
slot 16 index 0 rnti 6050 mcs 28
[EMURAN-DL-CSV] t=29.444 win_tbs=20 win_fail=1 win_bler=0.05000 mcs_last=28 mcs_min=28 mcs_max=28 r0=18 r1=2 r2=0 r3=0  f0=1 f1=0 f2=0 f3=0 tot_tbs=8400 tot_fail=370 tot_bler=0.04405 tot_init=8002 tot_retx=398
slot 4 index 0 rnti 6050 mcs 28
slot 5 index 0 rnti 6050 mcs 28
slot 6 index 0 rnti 6050 mcs 28
slot 14 index 0 rnti 6050 mcs 28
slot 15 index 0 rnti 6050 mcs 28
slot 16 index 0 rnti 6050 mcs 28
slot 4 index 0 rnti 6050 mcs 28
slot 5 index 0 rnti 6050 mcs 28
slot 6 index 0 rnti 6050 mcs 28
slot 14 index 0 rnti 6050 mcs 28
slot 15 index 0 rnti 6050 mcs 28
slot 16 index 0 rnti 6050 mcs 28
slot 4 index 0 rnti 6050 mcs 28
slot 5 index 0 rnti 6050 mcs 28
slot 6 index 0 rnti 6050 mcs 28
slot 14 index 0 rnti 6050 mcs 28
slot 15 index 0 rnti 6050 mcs 28
slot 16 index 0 rnti 6050 mcs 28
slot 4 index 0 rnti 6050 mcs 28
slot 5 index 0 rnti 6050 mcs 28
[EMURAN-DL-CSV] t=29.517 win_tbs=20 win_fail=2 win_bler=0.10000 mcs_last=28 mcs_min=28 mcs_max=28 r0=19 r1=1 r2=0 r3=0  f0=2 f1=0 f2=0 f3=0 tot_tbs=8420 tot_fail=372 tot_bler=0.04418 tot_init=8021 tot_retx=399
slot 6 index 0 rnti 6050 mcs 28
slot 14 index 0 rnti 6050 mcs 28
slot 15 index 0 rnti 6050 mcs 28
slot 16 index 0 rnti 6050 mcs 28
slot 4 index 0 rnti 6050 mcs 28
slot 5 index 0 rnti 6050 mcs 28
slot 6 index 0 rnti 6050 mcs 28
slot 14 index 0 rnti 6050 mcs 28
slot 15 index 0 rnti 6050 mcs 28
slot 16 index 0 rnti 6050 mcs 28
slot 4 index 0 rnti 6050 mcs 28
slot 5 index 0 rnti 6050 mcs 28
slot 6 index 0 rnti 6050 mcs 28
slot 14 index 0 rnti 6050 mcs 28
slot 15 index 0 rnti 6050 mcs 28
slot 16 index 0 rnti 6050 mcs 28
slot 4 index 0 rnti 6050 mcs 28
slot 5 index 0 rnti 6050 mcs 28
slot 6 index 0 rnti 6050 mcs 28
slot 14 index 0 rnti 6050 mcs 28
slot 15 index 0 rnti 6050 mcs 28
[EMURAN-DL-CSV] t=29.590 win_tbs=20 win_fail=2 win_bler=0.10000 mcs_last=28 mcs_min=28 mcs_max=28 r0=17 r1=2 r2=1 r3=0  f0=2 f1=0 f2=0 f3=0 tot_tbs=8440 tot_fail=374 tot_bler=0.04431 tot_init=8038 tot_retx=402
slot 16 index 0 rnti 6050 mcs 28
slot 4 index 0 rnti 6050 mcs 28
slot 5 index 0 rnti 6050 mcs 28
slot 6 index 0 rnti 6050 mcs 28
slot 14 index 0 rnti 6050 mcs 28
slot 15 index 0 rnti 6050 mcs 28
slot 16 index 0 rnti 6050 mcs 28
slot 4 index 0 rnti 6050 mcs 28
slot 5 index 0 rnti 6050 mcs 28
slot 6 index 0 rnti 6050 mcs 28
slot 14 index 0 rnti 6050 mcs 28
slot 15 index 0 rnti 6050 mcs 28
slot 16 index 0 rnti 6050 mcs 28
slot 4 index 0 rnti 6050 mcs 28
slot 5 index 0 rnti 6050 mcs 28
slot 6 index 0 rnti 6050 mcs 28
slot 14 index 0 rnti 6050 mcs 28
slot 15 index 0 rnti 6050 mcs 28
slot 16 index 0 rnti 6050 mcs 28
[EMURAN-DL-CSV] t=29.655 win_tbs=20 win_fail=0 win_bler=0.00000 mcs_last=28 mcs_min=28 mcs_max=28 r0=20 r1=0 r2=0 r3=0  f0=0 f1=0 f2=0 f3=0 tot_tbs=8460 tot_fail=374 tot_bler=0.04421 tot_init=8058 tot_retx=402
slot 4 index 0 rnti 6050 mcs 28
slot 5 index 0 rnti 6050 mcs 28
slot 6 index 0 rnti 6050 mcs 28
slot 14 index 0 rnti 6050 mcs 28
slot 15 index 0 rnti 6050 mcs 28
slot 16 index 0 rnti 6050 mcs 28
slot 4 index 0 rnti 6050 mcs 28
slot 5 index 0 rnti 6050 mcs 28
slot 6 index 0 rnti 6050 mcs 28
slot 14 index 0 rnti 6050 mcs 28
slot 15 index 0 rnti 6050 mcs 28
slot 16 index 0 rnti 6050 mcs 28
slot 4 index 0 rnti 6050 mcs 28
slot 5 index 0 rnti 6050 mcs 28
slot 6 index 0 rnti 6050 mcs 28
slot 14 index 0 rnti 6050 mcs 28
slot 15 index 0 rnti 6050 mcs 28
slot 16 index 0 rnti 6050 mcs 28
slot 4 index 0 rnti 6050 mcs 28
slot 5 index 0 rnti 6050 mcs 28
[EMURAN-DL-CSV] t=29.727 win_tbs=20 win_fail=1 win_bler=0.05000 mcs_last=28 mcs_min=28 mcs_max=28 r0=18 r1=2 r2=0 r3=0  f0=1 f1=0 f2=0 f3=0 tot_tbs=8480 tot_fail=375 tot_bler=0.04422 tot_init=8076 tot_retx=404
slot 6 index 0 rnti 6050 mcs 28
slot 14 index 0 rnti 6050 mcs 28
slot 15 index 0 rnti 6050 mcs 28
slot 16 index 0 rnti 6050 mcs 28
slot 4 index 0 rnti 6050 mcs 28
slot 5 index 0 rnti 6050 mcs 28
slot 6 index 0 rnti 6050 mcs 28
slot 14 index 0 rnti 6050 mcs 28
slot 15 index 0 rnti 6050 mcs 28
slot 16 index 0 rnti 6050 mcs 28
slot 4 index 0 rnti 6050 mcs 28
slot 5 index 0 rnti 6050 mcs 28
slot 6 index 0 rnti 6050 mcs 28
slot 14 index 0 rnti 6050 mcs 28
slot 15 index 0 rnti 6050 mcs 28
slot 16 index 0 rnti 6050 mcs 28
slot 4 index 0 rnti 6050 mcs 28
slot 5 index 0 rnti 6050 mcs 28
slot 6 index 0 rnti 6050 mcs 28
slot 14 index 0 rnti 6050 mcs 28
[EMURAN-DL-CSV] t=29.800 win_tbs=20 win_fail=0 win_bler=0.00000 mcs_last=28 mcs_min=28 mcs_max=28 r0=20 r1=0 r2=0 r3=0  f0=0 f1=0 f2=0 f3=0 tot_tbs=8500 tot_fail=375 tot_bler=0.04412 tot_init=8096 tot_retx=404
slot 15 index 0 rnti 6050 mcs 28
slot 16 index 0 rnti 6050 mcs 28
slot 4 index 0 rnti 6050 mcs 28
slot 5 index 0 rnti 6050 mcs 28
slot 6 index 0 rnti 6050 mcs 28
slot 14 index 0 rnti 6050 mcs 28
slot 15 index 0 rnti 6050 mcs 28
slot 16 index 0 rnti 6050 mcs 28
slot 4 index 0 rnti 6050 mcs 28
slot 5 index 0 rnti 6050 mcs 28
slot 6 index 0 rnti 6050 mcs 28
slot 14 index 0 rnti 6050 mcs 28
slot 15 index 0 rnti 6050 mcs 28
slot 16 index 0 rnti 6050 mcs 28
slot 4 index 0 rnti 6050 mcs 28
slot 5 index 0 rnti 6050 mcs 28
slot 6 index 0 rnti 6050 mcs 28
slot 14 index 0 rnti 6050 mcs 28
slot 15 index 0 rnti 6050 mcs 28
slot 16 index 0 rnti 6050 mcs 28
[EMURAN-DL-CSV] t=29.865 win_tbs=20 win_fail=2 win_bler=0.10000 mcs_last=28 mcs_min=28 mcs_max=28 r0=18 r1=2 r2=0 r3=0  f0=2 f1=0 f2=0 f3=0 tot_tbs=8520 tot_fail=377 tot_bler=0.04425 tot_init=8114 tot_retx=406
slot 4 index 0 rnti 6050 mcs 28
slot 5 index 0 rnti 6050 mcs 28
slot 6 index 0 rnti 6050 mcs 28
slot 14 index 0 rnti 6050 mcs 28
slot 15 index 0 rnti 6050 mcs 28
slot 16 index 0 rnti 6050 mcs 28
slot 4 index 0 rnti 6050 mcs 28
slot 5 index 0 rnti 6050 mcs 28
slot 6 index 0 rnti 6050 mcs 28
slot 14 index 0 rnti 6050 mcs 28
slot 15 index 0 rnti 6050 mcs 28
slot 16 index 0 rnti 6050 mcs 28
slot 4 index 0 rnti 6050 mcs 28
slot 5 index 0 rnti 6050 mcs 28
slot 6 index 0 rnti 6050 mcs 28
slot 14 index 0 rnti 6050 mcs 28
slot 15 index 0 rnti 6050 mcs 28
slot 16 index 0 rnti 6050 mcs 28
slot 4 index 0 rnti 6050 mcs 28
slot 5 index 0 rnti 6050 mcs 28
[EMURAN-DL-CSV] t=29.937 win_tbs=20 win_fail=1 win_bler=0.05000 mcs_last=28 mcs_min=28 mcs_max=28 r0=20 r1=0 r2=0 r3=0  f0=1 f1=0 f2=0 f3=0 tot_tbs=8540 tot_fail=378 tot_bler=0.04426 tot_init=8134 tot_retx=406
slot 6 index 0 rnti 6050 mcs 28
slot 14 index 0 rnti 6050 mcs 28
slot 15 index 0 rnti 6050 mcs 28
slot 16 index 0 rnti 6050 mcs 28
slot 4 index 0 rnti 6050 mcs 28
slot 5 index 0 rnti 6050 mcs 28
slot 6 index 0 rnti 6050 mcs 28
slot 14 index 0 rnti 6050 mcs 28
slot 15 index 0 rnti 6050 mcs 28
slot 16 index 0 rnti 6050 mcs 28
slot 4 index 0 rnti 6050 mcs 28
slot 5 index 0 rnti 6050 mcs 28
slot 6 index 0 rnti 6050 mcs 28
slot 14 index 0 rnti 6050 mcs 28
slot 15 index 0 rnti 6050 mcs 28
slot 16 index 0 rnti 6050 mcs 28
slot 4 index 0 rnti 6050 mcs 28
slot 5 index 0 rnti 6050 mcs 28
slot 6 index 0 rnti 6050 mcs 28
slot 14 index 0 rnti 6050 mcs 28
[EMURAN-DL-CSV] t=30.010 win_tbs=20 win_fail=1 win_bler=0.05000 mcs_last=28 mcs_min=28 mcs_max=28 r0=19 r1=1 r2=0 r3=0  f0=1 f1=0 f2=0 f3=0 tot_tbs=8560 tot_fail=379 tot_bler=0.04428 tot_init=8153 tot_retx=407
slot 15 index 0 rnti 6050 mcs 28
slot 16 index 0 rnti 6050 mcs 28
slot 4 index 0 rnti 6050 mcs 28
slot 5 index 0 rnti 6050 mcs 28
slot 6 index 0 rnti 6050 mcs 28
slot 14 index 0 rnti 6050 mcs 28
slot 15 index 0 rnti 6050 mcs 28
slot 16 index 0 rnti 6050 mcs 28
slot 4 index 0 rnti 6050 mcs 28
slot 5 index 0 rnti 6050 mcs 28
slot 6 index 0 rnti 6050 mcs 28
slot 14 index 0 rnti 6050 mcs 28
slot 15 index 0 rnti 6050 mcs 28
slot 16 index 0 rnti 6050 mcs 28
slot 4 index 0 rnti 6050 mcs 28
slot 5 index 0 rnti 6050 mcs 28
slot 6 index 0 rnti 6050 mcs 28
slot 14 index 0 rnti 6050 mcs 28
slot 15 index 0 rnti 6050 mcs 28
slot 16 index 0 rnti 6050 mcs 28
[EMURAN-DL-CSV] t=30.075 win_tbs=20 win_fail=0 win_bler=0.00000 mcs_last=28 mcs_min=28 mcs_max=28 r0=20 r1=0 r2=0 r3=0  f0=0 f1=0 f2=0 f3=0 tot_tbs=8580 tot_fail=379 tot_bler=0.04417 tot_init=8173 tot_retx=407
slot 4 index 0 rnti 6050 mcs 28
slot 5 index 0 rnti 6050 mcs 28
slot 6 index 0 rnti 6050 mcs 28
slot 14 index 0 rnti 6050 mcs 28
slot 15 index 0 rnti 6050 mcs 28
slot 16 index 0 rnti 6050 mcs 28
slot 4 index 0 rnti 6050 mcs 28
slot 5 index 0 rnti 6050 mcs 28
slot 6 index 0 rnti 6050 mcs 28
slot 14 index 0 rnti 6050 mcs 28
slot 15 index 0 rnti 6050 mcs 28
slot 16 index 0 rnti 6050 mcs 28
slot 4 index 0 rnti 6050 mcs 28
slot 5 index 0 rnti 6050 mcs 28
slot 6 index 0 rnti 6050 mcs 28
slot 14 index 0 rnti 6050 mcs 28
slot 15 index 0 rnti 6050 mcs 28
slot 16 index 0 rnti 6050 mcs 28
slot 4 index 0 rnti 6050 mcs 28
slot 5 index 0 rnti 6050 mcs 28
[EMURAN-DL-CSV] t=30.148 win_tbs=20 win_fail=1 win_bler=0.05000 mcs_last=28 mcs_min=28 mcs_max=28 r0=19 r1=1 r2=0 r3=0  f0=1 f1=0 f2=0 f3=0 tot_tbs=8600 tot_fail=380 tot_bler=0.04419 tot_init=8192 tot_retx=408
slot 6 index 0 rnti 6050 mcs 28
slot 14 index 0 rnti 6050 mcs 28
slot 15 index 0 rnti 6050 mcs 28
slot 16 index 0 rnti 6050 mcs 28
[UE-STAT] frame=200 dci_cnt=600 total_tbs=50385600 ack_real=498 nack_real=21 fb_missing=81 decode_cnt=600
slot 4 index 0 rnti 6050 mcs 28
slot 5 index 0 rnti 6050 mcs 28
slot 6 index 0 rnti 6050 mcs 28
slot 14 index 0 rnti 6050 mcs 28
slot 15 index 0 rnti 6050 mcs 28
slot 16 index 0 rnti 6050 mcs 28
slot 4 index 0 rnti 6050 mcs 28
slot 5 index 0 rnti 6050 mcs 28
slot 6 index 0 rnti 6050 mcs 28
slot 14 index 0 rnti 6050 mcs 28
slot 15 index 0 rnti 6050 mcs 28
slot 16 index 0 rnti 6050 mcs 28
slot 4 index 0 rnti 6050 mcs 28
slot 5 index 0 rnti 6050 mcs 28
slot 6 index 0 rnti 6050 mcs 28
slot 14 index 0 rnti 6050 mcs 28
[EMURAN-DL-CSV] t=30.220 win_tbs=20 win_fail=2 win_bler=0.10000 mcs_last=28 mcs_min=28 mcs_max=28 r0=18 r1=2 r2=0 r3=0  f0=2 f1=0 f2=0 f3=0 tot_tbs=8620 tot_fail=382 tot_bler=0.04432 tot_init=8210 tot_retx=410
slot 15 index 0 rnti 6050 mcs 28
slot 16 index 0 rnti 6050 mcs 28
slot 4 index 0 rnti 6050 mcs 28
slot 5 index 0 rnti 6050 mcs 28
slot 6 index 0 rnti 6050 mcs 28
slot 14 index 0 rnti 6050 mcs 28
slot 15 index 0 rnti 6050 mcs 28
slot 16 index 0 rnti 6050 mcs 28
slot 4 index 0 rnti 6050 mcs 28
slot 5 index 0 rnti 6050 mcs 28
slot 6 index 0 rnti 6050 mcs 28
slot 14 index 0 rnti 6050 mcs 28
slot 15 index 0 rnti 6050 mcs 28
slot 16 index 0 rnti 6050 mcs 28
slot 4 index 0 rnti 6050 mcs 28
slot 5 index 0 rnti 6050 mcs 28
slot 6 index 0 rnti 6050 mcs 28
slot 14 index 0 rnti 6050 mcs 28
slot 15 index 0 rnti 6050 mcs 28
slot 16 index 0 rnti 6050 mcs 28
[EMURAN-DL-CSV] t=30.285 win_tbs=20 win_fail=1 win_bler=0.05000 mcs_last=28 mcs_min=28 mcs_max=28 r0=19 r1=1 r2=0 r3=0  f0=1 f1=0 f2=0 f3=0 tot_tbs=8640 tot_fail=383 tot_bler=0.04433 tot_init=8229 tot_retx=411
slot 4 index 0 rnti 6050 mcs 28
slot 5 index 0 rnti 6050 mcs 28
slot 6 index 0 rnti 6050 mcs 28
slot 14 index 0 rnti 6050 mcs 28
slot 15 index 0 rnti 6050 mcs 28
slot 16 index 0 rnti 6050 mcs 28
slot 4 index 0 rnti 6050 mcs 28
slot 5 index 0 rnti 6050 mcs 28
slot 6 index 0 rnti 6050 mcs 28
slot 14 index 0 rnti 6050 mcs 28
slot 15 index 0 rnti 6050 mcs 28
slot 16 index 0 rnti 6050 mcs 28
slot 4 index 0 rnti 6050 mcs 28
slot 5 index 0 rnti 6050 mcs 28
slot 6 index 0 rnti 6050 mcs 28
slot 14 index 0 rnti 6050 mcs 28
slot 15 index 0 rnti 6050 mcs 28
slot 16 index 0 rnti 6050 mcs 28
slot 4 index 0 rnti 6050 mcs 28
slot 5 index 0 rnti 6050 mcs 28
[EMURAN-DL-CSV] t=30.358 win_tbs=20 win_fail=1 win_bler=0.05000 mcs_last=28 mcs_min=28 mcs_max=28 r0=18 r1=2 r2=0 r3=0  f0=1 f1=0 f2=0 f3=0 tot_tbs=8660 tot_fail=384 tot_bler=0.04434 tot_init=8247 tot_retx=413
slot 6 index 0 rnti 6050 mcs 28
slot 14 index 0 rnti 6050 mcs 28
slot 15 index 0 rnti 6050 mcs 28
slot 16 index 0 rnti 6050 mcs 28
slot 4 index 0 rnti 6050 mcs 28
slot 5 index 0 rnti 6050 mcs 28
slot 6 index 0 rnti 6050 mcs 28
slot 14 index 0 rnti 6050 mcs 28
slot 15 index 0 rnti 6050 mcs 28
slot 16 index 0 rnti 6050 mcs 28
slot 4 index 0 rnti 6050 mcs 28
slot 5 index 0 rnti 6050 mcs 28
slot 6 index 0 rnti 6050 mcs 28
slot 14 index 0 rnti 6050 mcs 28
slot 15 index 0 rnti 6050 mcs 28
slot 16 index 0 rnti 6050 mcs 28
slot 4 index 0 rnti 6050 mcs 28
slot 5 index 0 rnti 6050 mcs 28
slot 6 index 0 rnti 6050 mcs 28
slot 14 index 0 rnti 6050 mcs 28
[EMURAN-DL-CSV] t=30.430 win_tbs=20 win_fail=0 win_bler=0.00000 mcs_last=28 mcs_min=28 mcs_max=28 r0=20 r1=0 r2=0 r3=0  f0=0 f1=0 f2=0 f3=0 tot_tbs=8680 tot_fail=384 tot_bler=0.04424 tot_init=8267 tot_retx=413
slot 15 index 0 rnti 6050 mcs 28
slot 16 index 0 rnti 6050 mcs 28
slot 4 index 0 rnti 6050 mcs 28
slot 5 index 0 rnti 6050 mcs 28
slot 6 index 0 rnti 6050 mcs 28
slot 14 index 0 rnti 6050 mcs 28
slot 15 index 0 rnti 6050 mcs 28
slot 16 index 0 rnti 6050 mcs 28
slot 4 index 0 rnti 6050 mcs 28
slot 5 index 0 rnti 6050 mcs 28
slot 6 index 0 rnti 6050 mcs 28
slot 14 index 0 rnti 6050 mcs 28
slot 15 index 0 rnti 6050 mcs 28
slot 16 index 0 rnti 6050 mcs 28
slot 4 index 0 rnti 6050 mcs 28
slot 5 index 0 rnti 6050 mcs 28
slot 6 index 0 rnti 6050 mcs 28
slot 14 index 0 rnti 6050 mcs 28
slot 15 index 0 rnti 6050 mcs 28
slot 16 index 0 rnti 6050 mcs 28
[EMURAN-DL-CSV] t=30.496 win_tbs=20 win_fail=1 win_bler=0.05000 mcs_last=28 mcs_min=28 mcs_max=28 r0=20 r1=0 r2=0 r3=0  f0=1 f1=0 f2=0 f3=0 tot_tbs=8700 tot_fail=385 tot_bler=0.04425 tot_init=8287 tot_retx=413
slot 4 index 0 rnti 6050 mcs 28
slot 5 index 0 rnti 6050 mcs 28
slot 6 index 0 rnti 6050 mcs 28
slot 14 index 0 rnti 6050 mcs 28
slot 15 index 0 rnti 6050 mcs 28
slot 16 index 0 rnti 6050 mcs 28
slot 4 index 0 rnti 6050 mcs 28
slot 5 index 0 rnti 6050 mcs 28
slot 6 index 0 rnti 6050 mcs 28
slot 14 index 0 rnti 6050 mcs 28
slot 15 index 0 rnti 6050 mcs 28
slot 16 index 0 rnti 6050 mcs 28
slot 4 index 0 rnti 6050 mcs 28
slot 5 index 0 rnti 6050 mcs 28
slot 6 index 0 rnti 6050 mcs 28
slot 14 index 0 rnti 6050 mcs 28
slot 15 index 0 rnti 6050 mcs 28
slot 16 index 0 rnti 6050 mcs 28
slot 4 index 0 rnti 6050 mcs 28
slot 5 index 0 rnti 6050 mcs 28
[EMURAN-DL-CSV] t=30.568 win_tbs=20 win_fail=1 win_bler=0.05000 mcs_last=28 mcs_min=28 mcs_max=28 r0=19 r1=1 r2=0 r3=0  f0=1 f1=0 f2=0 f3=0 tot_tbs=8720 tot_fail=386 tot_bler=0.04427 tot_init=8306 tot_retx=414
slot 6 index 0 rnti 6050 mcs 28
slot 14 index 0 rnti 6050 mcs 28
slot 15 index 0 rnti 6050 mcs 28
slot 16 index 0 rnti 6050 mcs 28
slot 4 index 0 rnti 6050 mcs 28
slot 5 index 0 rnti 6050 mcs 28
slot 6 index 0 rnti 6050 mcs 28
slot 14 index 0 rnti 6050 mcs 28
slot 15 index 0 rnti 6050 mcs 28
slot 16 index 0 rnti 6050 mcs 28
slot 4 index 0 rnti 6050 mcs 28
slot 5 index 0 rnti 6050 mcs 28
slot 6 index 0 rnti 6050 mcs 28
slot 14 index 0 rnti 6050 mcs 28
slot 15 index 0 rnti 6050 mcs 28
slot 16 index 0 rnti 6050 mcs 28
slot 4 index 0 rnti 6050 mcs 28
slot 5 index 0 rnti 6050 mcs 28
slot 6 index 0 rnti 6050 mcs 28
slot 14 index 0 rnti 6050 mcs 28
[EMURAN-DL-CSV] t=30.641 win_tbs=20 win_fail=0 win_bler=0.00000 mcs_last=28 mcs_min=28 mcs_max=28 r0=20 r1=0 r2=0 r3=0  f0=0 f1=0 f2=0 f3=0 tot_tbs=8740 tot_fail=386 tot_bler=0.04416 tot_init=8326 tot_retx=414
slot 15 index 0 rnti 6050 mcs 28
slot 16 index 0 rnti 6050 mcs 28
slot 4 index 0 rnti 6050 mcs 28
slot 5 index 0 rnti 6050 mcs 28
slot 6 index 0 rnti 6050 mcs 28
slot 14 index 0 rnti 6050 mcs 28
slot 15 index 0 rnti 6050 mcs 28
slot 16 index 0 rnti 6050 mcs 28
slot 4 index 0 rnti 6050 mcs 28
slot 5 index 0 rnti 6050 mcs 28
slot 6 index 0 rnti 6050 mcs 28
slot 14 index 0 rnti 6050 mcs 28
slot 15 index 0 rnti 6050 mcs 28
slot 16 index 0 rnti 6050 mcs 28
slot 4 index 0 rnti 6050 mcs 28
slot 5 index 0 rnti 6050 mcs 28
slot 6 index 0 rnti 6050 mcs 28
slot 14 index 0 rnti 6050 mcs 28
slot 15 index 0 rnti 6050 mcs 28
slot 16 index 0 rnti 6050 mcs 28
[EMURAN-DL-CSV] t=30.706 win_tbs=20 win_fail=2 win_bler=0.10000 mcs_last=28 mcs_min=28 mcs_max=28 r0=17 r1=3 r2=0 r3=0  f0=2 f1=0 f2=0 f3=0 tot_tbs=8760 tot_fail=388 tot_bler=0.04429 tot_init=8343 tot_retx=417
slot 4 index 0 rnti 6050 mcs 28
slot 5 index 0 rnti 6050 mcs 28
slot 6 index 0 rnti 6050 mcs 28
slot 14 index 0 rnti 6050 mcs 28
slot 15 index 0 rnti 6050 mcs 28
slot 16 index 0 rnti 6050 mcs 28
slot 4 index 0 rnti 6050 mcs 28
slot 5 index 0 rnti 6050 mcs 28
slot 6 index 0 rnti 6050 mcs 28
slot 14 index 0 rnti 6050 mcs 28
slot 15 index 0 rnti 6050 mcs 28
slot 16 index 0 rnti 6050 mcs 28
slot 4 index 0 rnti 6050 mcs 28
slot 5 index 0 rnti 6050 mcs 28
slot 6 index 0 rnti 6050 mcs 28
slot 14 index 0 rnti 6050 mcs 28
slot 15 index 0 rnti 6050 mcs 28
slot 16 index 0 rnti 6050 mcs 28
slot 4 index 0 rnti 6050 mcs 28
slot 5 index 0 rnti 6050 mcs 28
[EMURAN-DL-CSV] t=30.779 win_tbs=20 win_fail=0 win_bler=0.00000 mcs_last=28 mcs_min=28 mcs_max=28 r0=20 r1=0 r2=0 r3=0  f0=0 f1=0 f2=0 f3=0 tot_tbs=8780 tot_fail=388 tot_bler=0.04419 tot_init=8363 tot_retx=417
slot 6 index 0 rnti 6050 mcs 28
slot 14 index 0 rnti 6050 mcs 28
slot 15 index 0 rnti 6050 mcs 28
slot 16 index 0 rnti 6050 mcs 28
slot 4 index 0 rnti 6050 mcs 28
slot 5 index 0 rnti 6050 mcs 28
slot 6 index 0 rnti 6050 mcs 28
slot 14 index 0 rnti 6050 mcs 28
slot 15 index 0 rnti 6050 mcs 28
slot 16 index 0 rnti 6050 mcs 28
slot 4 index 0 rnti 6050 mcs 28
slot 5 index 0 rnti 6050 mcs 28
slot 6 index 0 rnti 6050 mcs 28
slot 14 index 0 rnti 6050 mcs 28
slot 15 index 0 rnti 6050 mcs 28
slot 16 index 0 rnti 6050 mcs 28
slot 4 index 0 rnti 6050 mcs 28
slot 5 index 0 rnti 6050 mcs 28
slot 6 index 0 rnti 6050 mcs 28
slot 14 index 0 rnti 6050 mcs 28
[EMURAN-DL-CSV] t=30.851 win_tbs=20 win_fail=1 win_bler=0.05000 mcs_last=28 mcs_min=28 mcs_max=28 r0=19 r1=1 r2=0 r3=0  f0=1 f1=0 f2=0 f3=0 tot_tbs=8800 tot_fail=389 tot_bler=0.04420 tot_init=8382 tot_retx=418
slot 15 index 0 rnti 6050 mcs 28
slot 16 index 0 rnti 6050 mcs 28
slot 4 index 0 rnti 6050 mcs 28
slot 5 index 0 rnti 6050 mcs 28
slot 6 index 0 rnti 6050 mcs 28
slot 14 index 0 rnti 6050 mcs 28
slot 15 index 0 rnti 6050 mcs 28
slot 16 index 0 rnti 6050 mcs 28
slot 4 index 0 rnti 6050 mcs 28
slot 5 index 0 rnti 6050 mcs 28
slot 6 index 0 rnti 6050 mcs 28
slot 14 index 0 rnti 6050 mcs 28
slot 15 index 0 rnti 6050 mcs 28
slot 16 index 0 rnti 6050 mcs 28
slot 4 index 0 rnti 6050 mcs 28
slot 5 index 0 rnti 6050 mcs 28
slot 6 index 0 rnti 6050 mcs 28
slot 14 index 0 rnti 6050 mcs 28
slot 15 index 0 rnti 6050 mcs 28
slot 16 index 0 rnti 6050 mcs 28
[EMURAN-DL-CSV] t=30.916 win_tbs=20 win_fail=1 win_bler=0.05000 mcs_last=28 mcs_min=28 mcs_max=28 r0=19 r1=1 r2=0 r3=0  f0=1 f1=0 f2=0 f3=0 tot_tbs=8820 tot_fail=390 tot_bler=0.04422 tot_init=8401 tot_retx=419
slot 4 index 0 rnti 6050 mcs 28
slot 5 index 0 rnti 6050 mcs 28
slot 6 index 0 rnti 6050 mcs 28
slot 14 index 0 rnti 6050 mcs 28
slot 15 index 0 rnti 6050 mcs 28
slot 16 index 0 rnti 6050 mcs 28
slot 4 index 0 rnti 6050 mcs 28
slot 5 index 0 rnti 6050 mcs 28
slot 6 index 0 rnti 6050 mcs 28
slot 14 index 0 rnti 6050 mcs 28
slot 15 index 0 rnti 6050 mcs 28
slot 16 index 0 rnti 6050 mcs 28
slot 4 index 0 rnti 6050 mcs 28
slot 5 index 0 rnti 6050 mcs 28
slot 6 index 0 rnti 6050 mcs 28
slot 14 index 0 rnti 6050 mcs 28
slot 15 index 0 rnti 6050 mcs 28
slot 16 index 0 rnti 6050 mcs 28
slot 4 index 0 rnti 6050 mcs 28
slot 5 index 0 rnti 6050 mcs 28
[EMURAN-DL-CSV] t=30.989 win_tbs=20 win_fail=1 win_bler=0.05000 mcs_last=28 mcs_min=28 mcs_max=28 r0=19 r1=1 r2=0 r3=0  f0=1 f1=0 f2=0 f3=0 tot_tbs=8840 tot_fail=391 tot_bler=0.04423 tot_init=8420 tot_retx=420
slot 6 index 0 rnti 6050 mcs 28
slot 14 index 0 rnti 6050 mcs 28
slot 15 index 0 rnti 6050 mcs 28
slot 16 index 0 rnti 6050 mcs 28
slot 4 index 0 rnti 6050 mcs 28
slot 5 index 0 rnti 6050 mcs 28
slot 6 index 0 rnti 6050 mcs 28
slot 14 index 0 rnti 6050 mcs 28
slot 15 index 0 rnti 6050 mcs 28
slot 16 index 0 rnti 6050 mcs 28
slot 4 index 0 rnti 6050 mcs 28
slot 5 index 0 rnti 6050 mcs 28
slot 6 index 0 rnti 6050 mcs 28
slot 14 index 0 rnti 6050 mcs 28
slot 15 index 0 rnti 6050 mcs 28
slot 16 index 0 rnti 6050 mcs 28
slot 4 index 0 rnti 6050 mcs 28
slot 5 index 0 rnti 6050 mcs 28
slot 6 index 0 rnti 6050 mcs 28
slot 14 index 0 rnti 6050 mcs 28
[EMURAN-DL-CSV] t=31.062 win_tbs=20 win_fail=0 win_bler=0.00000 mcs_last=28 mcs_min=28 mcs_max=28 r0=19 r1=1 r2=0 r3=0  f0=0 f1=0 f2=0 f3=0 tot_tbs=8860 tot_fail=391 tot_bler=0.04413 tot_init=8439 tot_retx=421
slot 15 index 0 rnti 6050 mcs 28
slot 16 index 0 rnti 6050 mcs 28
slot 4 index 0 rnti 6050 mcs 28
slot 5 index 0 rnti 6050 mcs 28
slot 6 index 0 rnti 6050 mcs 28
slot 14 index 0 rnti 6050 mcs 28
slot 15 index 0 rnti 6050 mcs 28
slot 16 index 0 rnti 6050 mcs 28
slot 4 index 0 rnti 6050 mcs 28
slot 5 index 0 rnti 6050 mcs 28
slot 6 index 0 rnti 6050 mcs 28
slot 14 index 0 rnti 6050 mcs 28
slot 15 index 0 rnti 6050 mcs 28
slot 16 index 0 rnti 6050 mcs 28
slot 4 index 0 rnti 6050 mcs 28
slot 5 index 0 rnti 6050 mcs 28
slot 6 index 0 rnti 6050 mcs 28
slot 14 index 0 rnti 6050 mcs 28
slot 15 index 0 rnti 6050 mcs 28
slot 16 index 0 rnti 6050 mcs 28
[EMURAN-DL-CSV] t=31.127 win_tbs=20 win_fail=2 win_bler=0.10000 mcs_last=28 mcs_min=28 mcs_max=28 r0=18 r1=2 r2=0 r3=0  f0=2 f1=0 f2=0 f3=0 tot_tbs=8880 tot_fail=393 tot_bler=0.04426 tot_init=8457 tot_retx=423
slot 4 index 0 rnti 6050 mcs 28
slot 5 index 0 rnti 6050 mcs 28
slot 6 index 0 rnti 6050 mcs 28
slot 14 index 0 rnti 6050 mcs 28
slot 15 index 0 rnti 6050 mcs 28
slot 16 index 0 rnti 6050 mcs 28
slot 4 index 0 rnti 6050 mcs 28
slot 5 index 0 rnti 6050 mcs 28
slot 6 index 0 rnti 6050 mcs 28
slot 14 index 0 rnti 6050 mcs 28
slot 15 index 0 rnti 6050 mcs 28
slot 16 index 0 rnti 6050 mcs 28
slot 4 index 0 rnti 6050 mcs 28
slot 5 index 0 rnti 6050 mcs 28
slot 6 index 0 rnti 6050 mcs 28
slot 14 index 0 rnti 6050 mcs 28
slot 15 index 0 rnti 6050 mcs 28
slot 16 index 0 rnti 6050 mcs 28
slot 4 index 0 rnti 6050 mcs 28
slot 5 index 0 rnti 6050 mcs 28
[EMURAN-DL-CSV] t=31.199 win_tbs=20 win_fail=0 win_bler=0.00000 mcs_last=28 mcs_min=28 mcs_max=28 r0=20 r1=0 r2=0 r3=0  f0=0 f1=0 f2=0 f3=0 tot_tbs=8900 tot_fail=393 tot_bler=0.04416 tot_init=8477 tot_retx=423
slot 6 index 0 rnti 6050 mcs 28
slot 14 index 0 rnti 6050 mcs 28
slot 15 index 0 rnti 6050 mcs 28
slot 16 index 0 rnti 6050 mcs 28
slot 4 index 0 rnti 6050 mcs 28
slot 5 index 0 rnti 6050 mcs 28
slot 6 index 0 rnti 6050 mcs 28
slot 14 index 0 rnti 6050 mcs 28
slot 15 index 0 rnti 6050 mcs 28
slot 16 index 0 rnti 6050 mcs 28
slot 4 index 0 rnti 6050 mcs 28
slot 5 index 0 rnti 6050 mcs 28
slot 6 index 0 rnti 6050 mcs 28
slot 14 index 0 rnti 6050 mcs 28
slot 15 index 0 rnti 6050 mcs 28
slot 16 index 0 rnti 6050 mcs 28
slot 4 index 0 rnti 6050 mcs 28
slot 5 index 0 rnti 6050 mcs 28
slot 6 index 0 rnti 6050 mcs 28
slot 14 index 0 rnti 6050 mcs 28
[EMURAN-DL-CSV] t=31.272 win_tbs=20 win_fail=0 win_bler=0.00000 mcs_last=28 mcs_min=28 mcs_max=28 r0=20 r1=0 r2=0 r3=0  f0=0 f1=0 f2=0 f3=0 tot_tbs=8920 tot_fail=393 tot_bler=0.04406 tot_init=8497 tot_retx=423
slot 15 index 0 rnti 6050 mcs 28
slot 16 index 0 rnti 6050 mcs 28
slot 4 index 0 rnti 6050 mcs 28
slot 5 index 0 rnti 6050 mcs 28
slot 6 index 0 rnti 6050 mcs 28
slot 14 index 0 rnti 6050 mcs 28
slot 15 index 0 rnti 6050 mcs 28
slot 16 index 0 rnti 6050 mcs 28
slot 4 index 0 rnti 6050 mcs 28
slot 5 index 0 rnti 6050 mcs 28
slot 6 index 0 rnti 6050 mcs 28
slot 14 index 0 rnti 6050 mcs 28
slot 15 index 0 rnti 6050 mcs 28
slot 16 index 0 rnti 6050 mcs 28
slot 4 index 0 rnti 6050 mcs 28
slot 5 index 0 rnti 6050 mcs 28
slot 6 index 0 rnti 6050 mcs 28
slot 14 index 0 rnti 6050 mcs 28
slot 15 index 0 rnti 6050 mcs 28
slot 16 index 0 rnti 6050 mcs 28
[EMURAN-DL-CSV] t=31.337 win_tbs=20 win_fail=0 win_bler=0.00000 mcs_last=28 mcs_min=28 mcs_max=28 r0=20 r1=0 r2=0 r3=0  f0=0 f1=0 f2=0 f3=0 tot_tbs=8940 tot_fail=393 tot_bler=0.04396 tot_init=8517 tot_retx=423
slot 4 index 0 rnti 6050 mcs 28
slot 5 index 0 rnti 6050 mcs 28
slot 6 index 0 rnti 6050 mcs 28
slot 14 index 0 rnti 6050 mcs 28
slot 15 index 0 rnti 6050 mcs 28
slot 16 index 0 rnti 6050 mcs 28
slot 4 index 0 rnti 6050 mcs 28
slot 5 index 0 rnti 6050 mcs 28
slot 6 index 0 rnti 6050 mcs 28
slot 14 index 0 rnti 6050 mcs 28
slot 15 index 0 rnti 6050 mcs 28
slot 16 index 0 rnti 6050 mcs 28
slot 4 index 0 rnti 6050 mcs 28
slot 5 index 0 rnti 6050 mcs 28
slot 6 index 0 rnti 6050 mcs 28
slot 14 index 0 rnti 6050 mcs 28
slot 15 index 0 rnti 6050 mcs 28
slot 16 index 0 rnti 6050 mcs 28
slot 4 index 0 rnti 6050 mcs 28
slot 5 index 0 rnti 6050 mcs 28
[EMURAN-DL-CSV] t=31.410 win_tbs=20 win_fail=2 win_bler=0.10000 mcs_last=28 mcs_min=28 mcs_max=28 r0=18 r1=2 r2=0 r3=0  f0=2 f1=0 f2=0 f3=0 tot_tbs=8960 tot_fail=395 tot_bler=0.04408 tot_init=8535 tot_retx=425
slot 6 index 0 rnti 6050 mcs 28
slot 14 index 0 rnti 6050 mcs 28
slot 15 index 0 rnti 6050 mcs 28
slot 16 index 0 rnti 6050 mcs 28
slot 4 index 0 rnti 6050 mcs 28
slot 5 index 0 rnti 6050 mcs 28
slot 6 index 0 rnti 6050 mcs 28
slot 14 index 0 rnti 6050 mcs 28
slot 15 index 0 rnti 6050 mcs 28
slot 16 index 0 rnti 6050 mcs 28
slot 4 index 0 rnti 6050 mcs 28
slot 5 index 0 rnti 6050 mcs 28
slot 6 index 0 rnti 6050 mcs 28
slot 14 index 0 rnti 6050 mcs 28
slot 15 index 0 rnti 6050 mcs 28
slot 16 index 0 rnti 6050 mcs 28
slot 4 index 0 rnti 6050 mcs 28
slot 5 index 0 rnti 6050 mcs 28
slot 6 index 0 rnti 6050 mcs 28
slot 14 index 0 rnti 6050 mcs 28
[EMURAN-DL-CSV] t=31.482 win_tbs=20 win_fail=2 win_bler=0.10000 mcs_last=28 mcs_min=28 mcs_max=28 r0=18 r1=2 r2=0 r3=0  f0=2 f1=0 f2=0 f3=0 tot_tbs=8980 tot_fail=397 tot_bler=0.04421 tot_init=8553 tot_retx=427
slot 15 index 0 rnti 6050 mcs 28
slot 16 index 0 rnti 6050 mcs 28
slot 4 index 0 rnti 6050 mcs 28
slot 5 index 0 rnti 6050 mcs 28
slot 6 index 0 rnti 6050 mcs 28
slot 14 index 0 rnti 6050 mcs 28
slot 15 index 0 rnti 6050 mcs 28
slot 16 index 0 rnti 6050 mcs 28
slot 4 index 0 rnti 6050 mcs 28
slot 5 index 0 rnti 6050 mcs 28
slot 6 index 0 rnti 6050 mcs 28
slot 14 index 0 rnti 6050 mcs 28
slot 15 index 0 rnti 6050 mcs 28
slot 16 index 0 rnti 6050 mcs 28
slot 4 index 0 rnti 6050 mcs 28
slot 5 index 0 rnti 6050 mcs 28
slot 6 index 0 rnti 6050 mcs 28
slot 14 index 0 rnti 6050 mcs 28
slot 15 index 0 rnti 6050 mcs 28
slot 16 index 0 rnti 6050 mcs 28
[EMURAN-DL-CSV] t=31.548 win_tbs=20 win_fail=0 win_bler=0.00000 mcs_last=28 mcs_min=28 mcs_max=28 r0=20 r1=0 r2=0 r3=0  f0=0 f1=0 f2=0 f3=0 tot_tbs=9000 tot_fail=397 tot_bler=0.04411 tot_init=8573 tot_retx=427
slot 4 index 0 rnti 6050 mcs 28
slot 5 index 0 rnti 6050 mcs 28
slot 6 index 0 rnti 6050 mcs 28
slot 14 index 0 rnti 6050 mcs 28
slot 15 index 0 rnti 6050 mcs 28
slot 16 index 0 rnti 6050 mcs 28
slot 4 index 0 rnti 6050 mcs 28
slot 5 index 0 rnti 6050 mcs 28
slot 6 index 0 rnti 6050 mcs 28
slot 14 index 0 rnti 6050 mcs 28
slot 15 index 0 rnti 6050 mcs 28
slot 16 index 0 rnti 6050 mcs 28
slot 4 index 0 rnti 6050 mcs 28
slot 5 index 0 rnti 6050 mcs 28
slot 6 index 0 rnti 6050 mcs 28
slot 14 index 0 rnti 6050 mcs 28
slot 15 index 0 rnti 6050 mcs 28
slot 16 index 0 rnti 6050 mcs 28
slot 4 index 0 rnti 6050 mcs 28
slot 5 index 0 rnti 6050 mcs 28
[EMURAN-DL-CSV] t=31.620 win_tbs=20 win_fail=0 win_bler=0.00000 mcs_last=28 mcs_min=28 mcs_max=28 r0=20 r1=0 r2=0 r3=0  f0=0 f1=0 f2=0 f3=0 tot_tbs=9020 tot_fail=397 tot_bler=0.04401 tot_init=8593 tot_retx=427
slot 6 index 0 rnti 6050 mcs 28
slot 14 index 0 rnti 6050 mcs 28
slot 15 index 0 rnti 6050 mcs 28
slot 16 index 0 rnti 6050 mcs 28
slot 4 index 0 rnti 6050 mcs 28
slot 5 index 0 rnti 6050 mcs 28
slot 6 index 0 rnti 6050 mcs 28
slot 14 index 0 rnti 6050 mcs 28
slot 15 index 0 rnti 6050 mcs 28
slot 16 index 0 rnti 6050 mcs 28
slot 4 index 0 rnti 6050 mcs 28
slot 5 index 0 rnti 6050 mcs 28
slot 6 index 0 rnti 6050 mcs 28
slot 14 index 0 rnti 6050 mcs 28
slot 15 index 0 rnti 6050 mcs 28
slot 16 index 0 rnti 6050 mcs 28
slot 4 index 0 rnti 6050 mcs 28
slot 5 index 0 rnti 6050 mcs 28
slot 6 index 0 rnti 6050 mcs 28
slot 14 index 0 rnti 6050 mcs 28
[EMURAN-DL-CSV] t=31.693 win_tbs=20 win_fail=1 win_bler=0.05000 mcs_last=28 mcs_min=28 mcs_max=28 r0=18 r1=2 r2=0 r3=0  f0=1 f1=0 f2=0 f3=0 tot_tbs=9040 tot_fail=398 tot_bler=0.04403 tot_init=8611 tot_retx=429
slot 15 index 0 rnti 6050 mcs 28
slot 16 index 0 rnti 6050 mcs 28
slot 4 index 0 rnti 6050 mcs 28
slot 5 index 0 rnti 6050 mcs 28
slot 6 index 0 rnti 6050 mcs 28
slot 14 index 0 rnti 6050 mcs 28
slot 15 index 0 rnti 6050 mcs 28
slot 16 index 0 rnti 6050 mcs 28
slot 4 index 0 rnti 6050 mcs 28
slot 5 index 0 rnti 6050 mcs 28
slot 6 index 0 rnti 6050 mcs 28
slot 14 index 0 rnti 6050 mcs 28
slot 15 index 0 rnti 6050 mcs 28
slot 16 index 0 rnti 6050 mcs 28
slot 4 index 0 rnti 6050 mcs 28
slot 5 index 0 rnti 6050 mcs 28
slot 6 index 0 rnti 6050 mcs 28
slot 14 index 0 rnti 6050 mcs 28
slot 15 index 0 rnti 6050 mcs 28
slot 16 index 0 rnti 6050 mcs 28
[EMURAN-DL-CSV] t=31.758 win_tbs=20 win_fail=1 win_bler=0.05000 mcs_last=28 mcs_min=28 mcs_max=28 r0=20 r1=0 r2=0 r3=0  f0=1 f1=0 f2=0 f3=0 tot_tbs=9060 tot_fail=399 tot_bler=0.04404 tot_init=8631 tot_retx=429
slot 4 index 0 rnti 6050 mcs 28
slot 5 index 0 rnti 6050 mcs 28
slot 6 index 0 rnti 6050 mcs 28
slot 14 index 0 rnti 6050 mcs 28
slot 15 index 0 rnti 6050 mcs 28
slot 16 index 0 rnti 6050 mcs 28
slot 4 index 0 rnti 6050 mcs 28
slot 5 index 0 rnti 6050 mcs 28
slot 6 index 0 rnti 6050 mcs 28
slot 14 index 0 rnti 6050 mcs 28
slot 15 index 0 rnti 6050 mcs 28
slot 16 index 0 rnti 6050 mcs 28
slot 4 index 0 rnti 6050 mcs 28
slot 5 index 0 rnti 6050 mcs 28
slot 6 index 0 rnti 6050 mcs 28
slot 14 index 0 rnti 6050 mcs 28
slot 15 index 0 rnti 6050 mcs 28
slot 16 index 0 rnti 6050 mcs 28
slot 4 index 0 rnti 6050 mcs 28
slot 5 index 0 rnti 6050 mcs 28
[EMURAN-DL-CSV] t=31.830 win_tbs=20 win_fail=1 win_bler=0.05000 mcs_last=28 mcs_min=28 mcs_max=28 r0=19 r1=1 r2=0 r3=0  f0=1 f1=0 f2=0 f3=0 tot_tbs=9080 tot_fail=400 tot_bler=0.04405 tot_init=8650 tot_retx=430
slot 6 index 0 rnti 6050 mcs 28
slot 14 index 0 rnti 6050 mcs 28
slot 15 index 0 rnti 6050 mcs 28
slot 16 index 0 rnti 6050 mcs 28
slot 4 index 0 rnti 6050 mcs 28
slot 5 index 0 rnti 6050 mcs 28
slot 6 index 0 rnti 6050 mcs 28
slot 14 index 0 rnti 6050 mcs 28
slot 15 index 0 rnti 6050 mcs 28
slot 16 index 0 rnti 6050 mcs 28
slot 4 index 0 rnti 6050 mcs 28
slot 5 index 0 rnti 6050 mcs 28
slot 6 index 0 rnti 6050 mcs 28
slot 14 index 0 rnti 6050 mcs 28
slot 15 index 0 rnti 6050 mcs 28
slot 16 index 0 rnti 6050 mcs 28
slot 4 index 0 rnti 6050 mcs 28
slot 5 index 0 rnti 6050 mcs 28
slot 6 index 0 rnti 6050 mcs 28
slot 14 index 0 rnti 6050 mcs 28
[EMURAN-DL-CSV] t=31.903 win_tbs=20 win_fail=0 win_bler=0.00000 mcs_last=28 mcs_min=28 mcs_max=28 r0=20 r1=0 r2=0 r3=0  f0=0 f1=0 f2=0 f3=0 tot_tbs=9100 tot_fail=400 tot_bler=0.04396 tot_init=8670 tot_retx=430
slot 15 index 0 rnti 6050 mcs 28
slot 16 index 0 rnti 6050 mcs 28
slot 4 index 0 rnti 6050 mcs 28
slot 5 index 0 rnti 6050 mcs 28
slot 6 index 0 rnti 6050 mcs 28
slot 14 index 0 rnti 6050 mcs 28
slot 15 index 0 rnti 6050 mcs 28
slot 16 index 0 rnti 6050 mcs 28
slot 4 index 0 rnti 6050 mcs 28
slot 5 index 0 rnti 6050 mcs 28
slot 6 index 0 rnti 6050 mcs 28
slot 14 index 0 rnti 6050 mcs 28
slot 15 index 0 rnti 6050 mcs 28
slot 16 index 0 rnti 6050 mcs 28
slot 4 index 0 rnti 6050 mcs 28
slot 5 index 0 rnti 6050 mcs 28
slot 6 index 0 rnti 6050 mcs 28
slot 14 index 0 rnti 6050 mcs 28
slot 15 index 0 rnti 6050 mcs 28
slot 16 index 0 rnti 6050 mcs 28
[EMURAN-DL-CSV] t=31.968 win_tbs=20 win_fail=1 win_bler=0.05000 mcs_last=28 mcs_min=28 mcs_max=28 r0=19 r1=1 r2=0 r3=0  f0=1 f1=0 f2=0 f3=0 tot_tbs=9120 tot_fail=401 tot_bler=0.04397 tot_init=8689 tot_retx=431
slot 4 index 0 rnti 6050 mcs 28
slot 5 index 0 rnti 6050 mcs 28
slot 6 index 0 rnti 6050 mcs 28
slot 14 index 0 rnti 6050 mcs 28
slot 15 index 0 rnti 6050 mcs 28
slot 16 index 0 rnti 6050 mcs 28
slot 4 index 0 rnti 6050 mcs 28
slot 5 index 0 rnti 6050 mcs 28
slot 6 index 0 rnti 6050 mcs 28
slot 14 index 0 rnti 6050 mcs 28
slot 15 index 0 rnti 6050 mcs 28
slot 16 index 0 rnti 6050 mcs 28
slot 4 index 0 rnti 6050 mcs 28
slot 5 index 0 rnti 6050 mcs 28
slot 6 index 0 rnti 6050 mcs 28
slot 14 index 0 rnti 6050 mcs 28
slot 15 index 0 rnti 6050 mcs 28
slot 16 index 0 rnti 6050 mcs 28
slot 4 index 0 rnti 6050 mcs 28
slot 5 index 0 rnti 6050 mcs 28
[EMURAN-DL-CSV] t=32.041 win_tbs=20 win_fail=1 win_bler=0.05000 mcs_last=28 mcs_min=28 mcs_max=28 r0=18 r1=2 r2=0 r3=0  f0=1 f1=0 f2=0 f3=0 tot_tbs=9140 tot_fail=402 tot_bler=0.04398 tot_init=8707 tot_retx=433
slot 6 index 0 rnti 6050 mcs 28
slot 14 index 0 rnti 6050 mcs 28
slot 15 index 0 rnti 6050 mcs 28
slot 16 index 0 rnti 6050 mcs 28
slot 4 index 0 rnti 6050 mcs 28
slot 5 index 0 rnti 6050 mcs 28
slot 6 index 0 rnti 6050 mcs 28
slot 14 index 0 rnti 6050 mcs 28
slot 15 index 0 rnti 6050 mcs 28
slot 16 index 0 rnti 6050 mcs 28
slot 4 index 0 rnti 6050 mcs 28
slot 5 index 0 rnti 6050 mcs 28
slot 6 index 0 rnti 6050 mcs 28
slot 14 index 0 rnti 6050 mcs 28
slot 15 index 0 rnti 6050 mcs 28
slot 16 index 0 rnti 6050 mcs 28
slot 4 index 0 rnti 6050 mcs 28
slot 5 index 0 rnti 6050 mcs 28
slot 6 index 0 rnti 6050 mcs 28
slot 14 index 0 rnti 6050 mcs 28
[EMURAN-DL-CSV] t=32.113 win_tbs=20 win_fail=0 win_bler=0.00000 mcs_last=28 mcs_min=28 mcs_max=28 r0=20 r1=0 r2=0 r3=0  f0=0 f1=0 f2=0 f3=0 tot_tbs=9160 tot_fail=402 tot_bler=0.04389 tot_init=8727 tot_retx=433
slot 15 index 0 rnti 6050 mcs 28
slot 16 index 0 rnti 6050 mcs 28
slot 4 index 0 rnti 6050 mcs 28
slot 5 index 0 rnti 6050 mcs 28
slot 6 index 0 rnti 6050 mcs 28
slot 14 index 0 rnti 6050 mcs 28
slot 15 index 0 rnti 6050 mcs 28
slot 16 index 0 rnti 6050 mcs 28
slot 4 index 0 rnti 6050 mcs 28
slot 5 index 0 rnti 6050 mcs 28
slot 6 index 0 rnti 6050 mcs 28
slot 14 index 0 rnti 6050 mcs 28
slot 15 index 0 rnti 6050 mcs 28
slot 16 index 0 rnti 6050 mcs 28
slot 4 index 0 rnti 6050 mcs 28
slot 5 index 0 rnti 6050 mcs 28
slot 6 index 0 rnti 6050 mcs 28
slot 14 index 0 rnti 6050 mcs 28
slot 15 index 0 rnti 6050 mcs 28
slot 16 index 0 rnti 6050 mcs 28
[EMURAN-DL-CSV] t=32.179 win_tbs=20 win_fail=1 win_bler=0.05000 mcs_last=28 mcs_min=28 mcs_max=28 r0=19 r1=1 r2=0 r3=0  f0=1 f1=0 f2=0 f3=0 tot_tbs=9180 tot_fail=403 tot_bler=0.04390 tot_init=8746 tot_retx=434
slot 4 index 0 rnti 6050 mcs 28
slot 5 index 0 rnti 6050 mcs 28
slot 6 index 0 rnti 6050 mcs 28
slot 14 index 0 rnti 6050 mcs 28
slot 15 index 0 rnti 6050 mcs 28
slot 16 index 0 rnti 6050 mcs 28
slot 4 index 0 rnti 6050 mcs 28
slot 5 index 0 rnti 6050 mcs 28
slot 6 index 0 rnti 6050 mcs 28
slot 14 index 0 rnti 6050 mcs 28
slot 15 index 0 rnti 6050 mcs 28
slot 16 index 0 rnti 6050 mcs 28
slot 4 index 0 rnti 6050 mcs 28
slot 5 index 0 rnti 6050 mcs 28
slot 6 index 0 rnti 6050 mcs 28
slot 14 index 0 rnti 6050 mcs 28
slot 15 index 0 rnti 6050 mcs 28
slot 16 index 0 rnti 6050 mcs 28
slot 4 index 0 rnti 6050 mcs 28
slot 5 index 0 rnti 6050 mcs 28
[EMURAN-DL-CSV] t=32.251 win_tbs=20 win_fail=1 win_bler=0.05000 mcs_last=28 mcs_min=28 mcs_max=28 r0=19 r1=1 r2=0 r3=0  f0=1 f1=0 f2=0 f3=0 tot_tbs=9200 tot_fail=404 tot_bler=0.04391 tot_init=8765 tot_retx=435
slot 6 index 0 rnti 6050 mcs 28
slot 14 index 0 rnti 6050 mcs 28
slot 15 index 0 rnti 6050 mcs 28
slot 16 index 0 rnti 6050 mcs 28
[UE-STAT] frame=300 dci_cnt=600 total_tbs=50385600 ack_real=496 nack_real=20 fb_missing=84 decode_cnt=600
slot 4 index 0 rnti 6050 mcs 28
slot 5 index 0 rnti 6050 mcs 28
slot 6 index 0 rnti 6050 mcs 28
slot 14 index 0 rnti 6050 mcs 28
slot 15 index 0 rnti 6050 mcs 28
slot 16 index 0 rnti 6050 mcs 28
slot 4 index 0 rnti 6050 mcs 28
slot 5 index 0 rnti 6050 mcs 28
slot 6 index 0 rnti 6050 mcs 28
slot 14 index 0 rnti 6050 mcs 28
slot 15 index 0 rnti 6050 mcs 28
slot 16 index 0 rnti 6050 mcs 28
slot 4 index 0 rnti 6050 mcs 28
slot 5 index 0 rnti 6050 mcs 28
slot 6 index 0 rnti 6050 mcs 28
slot 14 index 0 rnti 6050 mcs 28
[EMURAN-DL-CSV] t=32.324 win_tbs=20 win_fail=3 win_bler=0.15000 mcs_last=28 mcs_min=28 mcs_max=28 r0=17 r1=3 r2=0 r3=0  f0=2 f1=1 f2=0 f3=0 tot_tbs=9220 tot_fail=407 tot_bler=0.04414 tot_init=8782 tot_retx=438
slot 15 index 0 rnti 6050 mcs 28
slot 16 index 0 rnti 6050 mcs 28
slot 4 index 0 rnti 6050 mcs 28
slot 5 index 0 rnti 6050 mcs 28
slot 6 index 0 rnti 6050 mcs 28
slot 14 index 0 rnti 6050 mcs 28
slot 15 index 0 rnti 6050 mcs 28
slot 16 index 0 rnti 6050 mcs 28
slot 4 index 0 rnti 6050 mcs 28
slot 5 index 0 rnti 6050 mcs 28
slot 6 index 0 rnti 6050 mcs 28
slot 14 index 0 rnti 6050 mcs 28
slot 15 index 0 rnti 6050 mcs 28
slot 16 index 0 rnti 6050 mcs 28
slot 4 index 0 rnti 6050 mcs 28
slot 5 index 0 rnti 6050 mcs 28
slot 6 index 0 rnti 6050 mcs 28
slot 14 index 0 rnti 6050 mcs 28
slot 15 index 0 rnti 6050 mcs 28
slot 16 index 0 rnti 6050 mcs 28
[EMURAN-DL-CSV] t=32.389 win_tbs=20 win_fail=0 win_bler=0.00000 mcs_last=28 mcs_min=28 mcs_max=28 r0=19 r1=1 r2=0 r3=0  f0=0 f1=0 f2=0 f3=0 tot_tbs=9240 tot_fail=407 tot_bler=0.04405 tot_init=8801 tot_retx=439
slot 4 index 0 rnti 6050 mcs 28
slot 5 index 0 rnti 6050 mcs 28
slot 6 index 0 rnti 6050 mcs 28
slot 14 index 0 rnti 6050 mcs 28
slot 15 index 0 rnti 6050 mcs 28
slot 16 index 0 rnti 6050 mcs 28
slot 4 index 0 rnti 6050 mcs 28
slot 5 index 0 rnti 6050 mcs 28
slot 6 index 0 rnti 6050 mcs 28
slot 14 index 0 rnti 6050 mcs 28
slot 15 index 0 rnti 6050 mcs 28
slot 16 index 0 rnti 6050 mcs 28
slot 4 index 0 rnti 6050 mcs 28
slot 5 index 0 rnti 6050 mcs 28
slot 6 index 0 rnti 6050 mcs 28
slot 14 index 0 rnti 6050 mcs 28
slot 15 index 0 rnti 6050 mcs 28
slot 16 index 0 rnti 6050 mcs 28
slot 4 index 0 rnti 6050 mcs 28
slot 5 index 0 rnti 6050 mcs 28
[EMURAN-DL-CSV] t=32.461 win_tbs=20 win_fail=1 win_bler=0.05000 mcs_last=28 mcs_min=28 mcs_max=28 r0=19 r1=1 r2=0 r3=0  f0=1 f1=0 f2=0 f3=0 tot_tbs=9260 tot_fail=408 tot_bler=0.04406 tot_init=8820 tot_retx=440
slot 6 index 0 rnti 6050 mcs 28
slot 14 index 0 rnti 6050 mcs 28
slot 15 index 0 rnti 6050 mcs 28
slot 16 index 0 rnti 6050 mcs 28
slot 4 index 0 rnti 6050 mcs 28
slot 5 index 0 rnti 6050 mcs 28
slot 6 index 0 rnti 6050 mcs 28
slot 14 index 0 rnti 6050 mcs 28
slot 15 index 0 rnti 6050 mcs 28
slot 16 index 0 rnti 6050 mcs 28
slot 4 index 0 rnti 6050 mcs 28
slot 5 index 0 rnti 6050 mcs 28
slot 6 index 0 rnti 6050 mcs 28
slot 14 index 0 rnti 6050 mcs 28
slot 15 index 0 rnti 6050 mcs 28
slot 16 index 0 rnti 6050 mcs 28
slot 4 index 0 rnti 6050 mcs 28
slot 5 index 0 rnti 6050 mcs 28
slot 6 index 0 rnti 6050 mcs 28
slot 14 index 0 rnti 6050 mcs 28
[EMURAN-DL-CSV] t=32.534 win_tbs=20 win_fail=1 win_bler=0.05000 mcs_last=28 mcs_min=28 mcs_max=28 r0=20 r1=0 r2=0 r3=0  f0=1 f1=0 f2=0 f3=0 tot_tbs=9280 tot_fail=409 tot_bler=0.04407 tot_init=8840 tot_retx=440
slot 15 index 0 rnti 6050 mcs 28
slot 16 index 0 rnti 6050 mcs 28
slot 4 index 0 rnti 6050 mcs 28
slot 5 index 0 rnti 6050 mcs 28
slot 6 index 0 rnti 6050 mcs 28
slot 14 index 0 rnti 6050 mcs 28
slot 15 index 0 rnti 6050 mcs 28
slot 16 index 0 rnti 6050 mcs 28
slot 4 index 0 rnti 6050 mcs 28
slot 5 index 0 rnti 6050 mcs 28
slot 6 index 0 rnti 6050 mcs 28
slot 14 index 0 rnti 6050 mcs 28
slot 15 index 0 rnti 6050 mcs 28
slot 16 index 0 rnti 6050 mcs 28
slot 4 index 0 rnti 6050 mcs 28
slot 5 index 0 rnti 6050 mcs 28
slot 6 index 0 rnti 6050 mcs 28
slot 14 index 0 rnti 6050 mcs 28
slot 15 index 0 rnti 6050 mcs 28
slot 16 index 0 rnti 6050 mcs 28
[EMURAN-DL-CSV] t=32.599 win_tbs=20 win_fail=0 win_bler=0.00000 mcs_last=28 mcs_min=28 mcs_max=28 r0=19 r1=1 r2=0 r3=0  f0=0 f1=0 f2=0 f3=0 tot_tbs=9300 tot_fail=409 tot_bler=0.04398 tot_init=8859 tot_retx=441
slot 4 index 0 rnti 6050 mcs 28
slot 5 index 0 rnti 6050 mcs 28
slot 6 index 0 rnti 6050 mcs 28
slot 14 index 0 rnti 6050 mcs 28
slot 15 index 0 rnti 6050 mcs 28
slot 16 index 0 rnti 6050 mcs 28
slot 4 index 0 rnti 6050 mcs 28
slot 5 index 0 rnti 6050 mcs 28
slot 6 index 0 rnti 6050 mcs 28
slot 14 index 0 rnti 6050 mcs 28
slot 15 index 0 rnti 6050 mcs 28
slot 16 index 0 rnti 6050 mcs 28
slot 4 index 0 rnti 6050 mcs 28
slot 5 index 0 rnti 6050 mcs 28
slot 6 index 0 rnti 6050 mcs 28
slot 14 index 0 rnti 6050 mcs 28
slot 15 index 0 rnti 6050 mcs 28
slot 16 index 0 rnti 6050 mcs 28
slot 4 index 0 rnti 6050 mcs 28
slot 5 index 0 rnti 6050 mcs 28
[EMURAN-DL-CSV] t=32.672 win_tbs=20 win_fail=1 win_bler=0.05000 mcs_last=28 mcs_min=28 mcs_max=28 r0=19 r1=1 r2=0 r3=0  f0=1 f1=0 f2=0 f3=0 tot_tbs=9320 tot_fail=410 tot_bler=0.04399 tot_init=8878 tot_retx=442
slot 6 index 0 rnti 6050 mcs 28
slot 14 index 0 rnti 6050 mcs 28
slot 15 index 0 rnti 6050 mcs 28
slot 16 index 0 rnti 6050 mcs 28
slot 4 index 0 rnti 6050 mcs 28
slot 5 index 0 rnti 6050 mcs 28
slot 6 index 0 rnti 6050 mcs 28
slot 14 index 0 rnti 6050 mcs 28
slot 15 index 0 rnti 6050 mcs 28
slot 16 index 0 rnti 6050 mcs 28
slot 4 index 0 rnti 6050 mcs 28
slot 5 index 0 rnti 6050 mcs 28
slot 6 index 0 rnti 6050 mcs 28
slot 14 index 0 rnti 6050 mcs 28
slot 15 index 0 rnti 6050 mcs 28
slot 16 index 0 rnti 6050 mcs 28
slot 4 index 0 rnti 6050 mcs 28
slot 5 index 0 rnti 6050 mcs 28
slot 6 index 0 rnti 6050 mcs 28
slot 14 index 0 rnti 6050 mcs 28
slot 15 index 0 rnti 6050 mcs 28
[EMURAN-DL-CSV] t=32.745 win_tbs=20 win_fail=0 win_bler=0.00000 mcs_last=28 mcs_min=28 mcs_max=28 r0=19 r1=1 r2=0 r3=0  f0=0 f1=0 f2=0 f3=0 tot_tbs=9340 tot_fail=410 tot_bler=0.04390 tot_init=8897 tot_retx=443
slot 16 index 0 rnti 6050 mcs 28
slot 4 index 0 rnti 6050 mcs 28
slot 5 index 0 rnti 6050 mcs 28
slot 6 index 0 rnti 6050 mcs 28
slot 14 index 0 rnti 6050 mcs 28
slot 15 index 0 rnti 6050 mcs 28
slot 16 index 0 rnti 6050 mcs 28
slot 4 index 0 rnti 6050 mcs 28
slot 5 index 0 rnti 6050 mcs 28
slot 6 index 0 rnti 6050 mcs 28
slot 14 index 0 rnti 6050 mcs 28
slot 15 index 0 rnti 6050 mcs 28
slot 16 index 0 rnti 6050 mcs 28
slot 4 index 0 rnti 6050 mcs 28
slot 5 index 0 rnti 6050 mcs 28
slot 6 index 0 rnti 6050 mcs 28
slot 14 index 0 rnti 6050 mcs 28
slot 15 index 0 rnti 6050 mcs 28
slot 16 index 0 rnti 6050 mcs 28
[EMURAN-DL-CSV] t=32.810 win_tbs=20 win_fail=0 win_bler=0.00000 mcs_last=28 mcs_min=28 mcs_max=28 r0=20 r1=0 r2=0 r3=0  f0=0 f1=0 f2=0 f3=0 tot_tbs=9360 tot_fail=410 tot_bler=0.04380 tot_init=8917 tot_retx=443
slot 4 index 0 rnti 6050 mcs 28
slot 5 index 0 rnti 6050 mcs 28
slot 6 index 0 rnti 6050 mcs 28
slot 14 index 0 rnti 6050 mcs 28
slot 15 index 0 rnti 6050 mcs 28
slot 16 index 0 rnti 6050 mcs 28
slot 4 index 0 rnti 6050 mcs 28
slot 5 index 0 rnti 6050 mcs 28
slot 6 index 0 rnti 6050 mcs 28
slot 14 index 0 rnti 6050 mcs 28
slot 15 index 0 rnti 6050 mcs 28
slot 16 index 0 rnti 6050 mcs 28
slot 4 index 0 rnti 6050 mcs 28
slot 5 index 0 rnti 6050 mcs 28
slot 6 index 0 rnti 6050 mcs 28
slot 14 index 0 rnti 6050 mcs 28
slot 15 index 0 rnti 6050 mcs 28
slot 16 index 0 rnti 6050 mcs 28
slot 4 index 0 rnti 6050 mcs 28
slot 5 index 0 rnti 6050 mcs 28
[EMURAN-DL-CSV] t=32.882 win_tbs=20 win_fail=3 win_bler=0.15000 mcs_last=28 mcs_min=28 mcs_max=28 r0=19 r1=1 r2=0 r3=0  f0=3 f1=0 f2=0 f3=0 tot_tbs=9380 tot_fail=413 tot_bler=0.04403 tot_init=8936 tot_retx=444
slot 6 index 0 rnti 6050 mcs 28
slot 14 index 0 rnti 6050 mcs 28
slot 15 index 0 rnti 6050 mcs 28
slot 16 index 0 rnti 6050 mcs 28
slot 4 index 0 rnti 6050 mcs 28
slot 5 index 0 rnti 6050 mcs 28
slot 6 index 0 rnti 6050 mcs 28
slot 14 index 0 rnti 6050 mcs 28
slot 15 index 0 rnti 6050 mcs 28
slot 16 index 0 rnti 6050 mcs 28
slot 4 index 0 rnti 6050 mcs 28
slot 5 index 0 rnti 6050 mcs 28
slot 6 index 0 rnti 6050 mcs 28
slot 14 index 0 rnti 6050 mcs 28
slot 15 index 0 rnti 6050 mcs 28
slot 16 index 0 rnti 6050 mcs 28
slot 4 index 0 rnti 6050 mcs 28
slot 5 index 0 rnti 6050 mcs 28
slot 6 index 0 rnti 6050 mcs 28
slot 14 index 0 rnti 6050 mcs 28
[EMURAN-DL-CSV] t=32.955 win_tbs=20 win_fail=1 win_bler=0.05000 mcs_last=28 mcs_min=28 mcs_max=28 r0=18 r1=2 r2=0 r3=0  f0=1 f1=0 f2=0 f3=0 tot_tbs=9400 tot_fail=414 tot_bler=0.04404 tot_init=8954 tot_retx=446
slot 15 index 0 rnti 6050 mcs 28
slot 16 index 0 rnti 6050 mcs 28
slot 4 index 0 rnti 6050 mcs 28
slot 5 index 0 rnti 6050 mcs 28
slot 6 index 0 rnti 6050 mcs 28
slot 14 index 0 rnti 6050 mcs 28
slot 15 index 0 rnti 6050 mcs 28
slot 16 index 0 rnti 6050 mcs 28
slot 4 index 0 rnti 6050 mcs 28
slot 5 index 0 rnti 6050 mcs 28
slot 6 index 0 rnti 6050 mcs 28
slot 14 index 0 rnti 6050 mcs 28
slot 15 index 0 rnti 6050 mcs 28
slot 16 index 0 rnti 6050 mcs 28
slot 4 index 0 rnti 6050 mcs 28
slot 5 index 0 rnti 6050 mcs 28
slot 6 index 0 rnti 6050 mcs 28
slot 14 index 0 rnti 6050 mcs 28
slot 15 index 0 rnti 6050 mcs 28
slot 16 index 0 rnti 6050 mcs 28
[EMURAN-DL-CSV] t=33.020 win_tbs=20 win_fail=1 win_bler=0.05000 mcs_last=28 mcs_min=28 mcs_max=28 r0=19 r1=1 r2=0 r3=0  f0=1 f1=0 f2=0 f3=0 tot_tbs=9420 tot_fail=415 tot_bler=0.04406 tot_init=8973 tot_retx=447
slot 4 index 0 rnti 6050 mcs 28
slot 5 index 0 rnti 6050 mcs 28
slot 6 index 0 rnti 6050 mcs 28
slot 14 index 0 rnti 6050 mcs 28
slot 15 index 0 rnti 6050 mcs 28
slot 16 index 0 rnti 6050 mcs 28
slot 4 index 0 rnti 6050 mcs 28
slot 5 index 0 rnti 6050 mcs 28
slot 6 index 0 rnti 6050 mcs 28
slot 14 index 0 rnti 6050 mcs 28
slot 15 index 0 rnti 6050 mcs 28
slot 16 index 0 rnti 6050 mcs 28
slot 4 index 0 rnti 6050 mcs 28
slot 5 index 0 rnti 6050 mcs 28
slot 6 index 0 rnti 6050 mcs 28
slot 14 index 0 rnti 6050 mcs 28
slot 15 index 0 rnti 6050 mcs 28
slot 16 index 0 rnti 6050 mcs 28
slot 4 index 0 rnti 6050 mcs 28
slot 5 index 0 rnti 6050 mcs 28
[EMURAN-DL-CSV] t=33.092 win_tbs=20 win_fail=0 win_bler=0.00000 mcs_last=28 mcs_min=28 mcs_max=28 r0=19 r1=1 r2=0 r3=0  f0=0 f1=0 f2=0 f3=0 tot_tbs=9440 tot_fail=415 tot_bler=0.04396 tot_init=8992 tot_retx=448
slot 6 index 0 rnti 6050 mcs 28
slot 14 index 0 rnti 6050 mcs 28
slot 15 index 0 rnti 6050 mcs 28
slot 16 index 0 rnti 6050 mcs 28
slot 4 index 0 rnti 6050 mcs 28
slot 5 index 0 rnti 6050 mcs 28
slot 6 index 0 rnti 6050 mcs 28
slot 14 index 0 rnti 6050 mcs 28
slot 15 index 0 rnti 6050 mcs 28
slot 16 index 0 rnti 6050 mcs 28
slot 4 index 0 rnti 6050 mcs 28
slot 5 index 0 rnti 6050 mcs 28
slot 6 index 0 rnti 6050 mcs 28
slot 14 index 0 rnti 6050 mcs 28
slot 15 index 0 rnti 6050 mcs 28
slot 16 index 0 rnti 6050 mcs 28
slot 4 index 0 rnti 6050 mcs 28
slot 5 index 0 rnti 6050 mcs 28
slot 6 index 0 rnti 6050 mcs 28
slot 14 index 0 rnti 6050 mcs 28
[EMURAN-DL-CSV] t=33.165 win_tbs=20 win_fail=1 win_bler=0.05000 mcs_last=28 mcs_min=28 mcs_max=28 r0=20 r1=0 r2=0 r3=0  f0=1 f1=0 f2=0 f3=0 tot_tbs=9460 tot_fail=416 tot_bler=0.04397 tot_init=9012 tot_retx=448
slot 15 index 0 rnti 6050 mcs 28
slot 16 index 0 rnti 6050 mcs 28
slot 4 index 0 rnti 6050 mcs 28
slot 5 index 0 rnti 6050 mcs 28
slot 6 index 0 rnti 6050 mcs 28
slot 14 index 0 rnti 6050 mcs 28
slot 15 index 0 rnti 6050 mcs 28
slot 16 index 0 rnti 6050 mcs 28
slot 4 index 0 rnti 6050 mcs 28
slot 5 index 0 rnti 6050 mcs 28
slot 6 index 0 rnti 6050 mcs 28
slot 14 index 0 rnti 6050 mcs 28
slot 15 index 0 rnti 6050 mcs 28
slot 16 index 0 rnti 6050 mcs 28
slot 4 index 0 rnti 6050 mcs 28
slot 5 index 0 rnti 6050 mcs 28
slot 6 index 0 rnti 6050 mcs 28
slot 14 index 0 rnti 6050 mcs 28
slot 15 index 0 rnti 6050 mcs 28
slot 16 index 0 rnti 6050 mcs 28
[EMURAN-DL-CSV] t=33.230 win_tbs=20 win_fail=0 win_bler=0.00000 mcs_last=28 mcs_min=28 mcs_max=28 r0=20 r1=0 r2=0 r3=0  f0=0 f1=0 f2=0 f3=0 tot_tbs=9480 tot_fail=416 tot_bler=0.04388 tot_init=9032 tot_retx=448
slot 4 index 0 rnti 6050 mcs 28
slot 5 index 0 rnti 6050 mcs 28
slot 6 index 0 rnti 6050 mcs 28
slot 14 index 0 rnti 6050 mcs 28
slot 15 index 0 rnti 6050 mcs 28
slot 16 index 0 rnti 6050 mcs 28
slot 4 index 0 rnti 6050 mcs 28
slot 5 index 0 rnti 6050 mcs 28
slot 6 index 0 rnti 6050 mcs 28
slot 14 index 0 rnti 6050 mcs 28
slot 15 index 0 rnti 6050 mcs 28
slot 16 index 0 rnti 6050 mcs 28
slot 4 index 0 rnti 6050 mcs 28
slot 5 index 0 rnti 6050 mcs 28
slot 6 index 0 rnti 6050 mcs 28
slot 14 index 0 rnti 6050 mcs 28
slot 15 index 0 rnti 6050 mcs 28
slot 16 index 0 rnti 6050 mcs 28
slot 4 index 0 rnti 6050 mcs 28
slot 5 index 0 rnti 6050 mcs 28
[EMURAN-DL-CSV] t=33.303 win_tbs=20 win_fail=1 win_bler=0.05000 mcs_last=28 mcs_min=28 mcs_max=28 r0=20 r1=0 r2=0 r3=0  f0=1 f1=0 f2=0 f3=0 tot_tbs=9500 tot_fail=417 tot_bler=0.04389 tot_init=9052 tot_retx=448
slot 6 index 0 rnti 6050 mcs 28
slot 14 index 0 rnti 6050 mcs 28
slot 15 index 0 rnti 6050 mcs 28
slot 16 index 0 rnti 6050 mcs 28
slot 4 index 0 rnti 6050 mcs 28
slot 5 index 0 rnti 6050 mcs 28
slot 6 index 0 rnti 6050 mcs 28
slot 14 index 0 rnti 6050 mcs 28
slot 15 index 0 rnti 6050 mcs 28
slot 16 index 0 rnti 6050 mcs 28
slot 4 index 0 rnti 6050 mcs 28
slot 5 index 0 rnti 6050 mcs 28
slot 6 index 0 rnti 6050 mcs 28
slot 14 index 0 rnti 6050 mcs 28
slot 15 index 0 rnti 6050 mcs 28
slot 16 index 0 rnti 6050 mcs 28
slot 4 index 0 rnti 6050 mcs 28
slot 5 index 0 rnti 6050 mcs 28
slot 6 index 0 rnti 6050 mcs 28
slot 14 index 0 rnti 6050 mcs 28
slot 15 index 0 rnti 6050 mcs 28
[EMURAN-DL-CSV] t=33.376 win_tbs=20 win_fail=2 win_bler=0.10000 mcs_last=28 mcs_min=28 mcs_max=28 r0=18 r1=2 r2=0 r3=0  f0=2 f1=0 f2=0 f3=0 tot_tbs=9520 tot_fail=419 tot_bler=0.04401 tot_init=9070 tot_retx=450
slot 16 index 0 rnti 6050 mcs 28
slot 4 index 0 rnti 6050 mcs 28
slot 5 index 0 rnti 6050 mcs 28
slot 6 index 0 rnti 6050 mcs 28
slot 14 index 0 rnti 6050 mcs 28
slot 15 index 0 rnti 6050 mcs 28
slot 16 index 0 rnti 6050 mcs 28
slot 4 index 0 rnti 6050 mcs 28
slot 5 index 0 rnti 6050 mcs 28
slot 6 index 0 rnti 6050 mcs 28
slot 14 index 0 rnti 6050 mcs 28
slot 15 index 0 rnti 6050 mcs 28
slot 16 index 0 rnti 6050 mcs 28
slot 4 index 0 rnti 6050 mcs 28
slot 5 index 0 rnti 6050 mcs 28
slot 6 index 0 rnti 6050 mcs 28
slot 14 index 0 rnti 6050 mcs 28
slot 15 index 0 rnti 6050 mcs 28
slot 16 index 0 rnti 6050 mcs 28
[EMURAN-DL-CSV] t=33.441 win_tbs=20 win_fail=2 win_bler=0.10000 mcs_last=28 mcs_min=28 mcs_max=28 r0=17 r1=2 r2=1 r3=0  f0=2 f1=0 f2=0 f3=0 tot_tbs=9540 tot_fail=421 tot_bler=0.04413 tot_init=9087 tot_retx=453
slot 4 index 0 rnti 6050 mcs 28
slot 5 index 0 rnti 6050 mcs 28
slot 6 index 0 rnti 6050 mcs 28
slot 14 index 0 rnti 6050 mcs 28
slot 15 index 0 rnti 6050 mcs 28
slot 16 index 0 rnti 6050 mcs 28
slot 4 index 0 rnti 6050 mcs 28
slot 5 index 0 rnti 6050 mcs 28
slot 6 index 0 rnti 6050 mcs 28
slot 14 index 0 rnti 6050 mcs 28
slot 15 index 0 rnti 6050 mcs 28
slot 16 index 0 rnti 6050 mcs 28
slot 4 index 0 rnti 6050 mcs 28
slot 5 index 0 rnti 6050 mcs 28
slot 6 index 0 rnti 6050 mcs 28
slot 14 index 0 rnti 6050 mcs 28
slot 15 index 0 rnti 6050 mcs 28
slot 16 index 0 rnti 6050 mcs 28
slot 4 index 0 rnti 6050 mcs 28
slot 5 index 0 rnti 6050 mcs 28
[EMURAN-DL-CSV] t=33.513 win_tbs=20 win_fail=1 win_bler=0.05000 mcs_last=28 mcs_min=28 mcs_max=28 r0=19 r1=1 r2=0 r3=0  f0=1 f1=0 f2=0 f3=0 tot_tbs=9560 tot_fail=422 tot_bler=0.04414 tot_init=9106 tot_retx=454
slot 6 index 0 rnti 6050 mcs 28
slot 14 index 0 rnti 6050 mcs 28
slot 15 index 0 rnti 6050 mcs 28
slot 16 index 0 rnti 6050 mcs 28
slot 4 index 0 rnti 6050 mcs 28
slot 5 index 0 rnti 6050 mcs 28
slot 6 index 0 rnti 6050 mcs 28
slot 14 index 0 rnti 6050 mcs 28
slot 15 index 0 rnti 6050 mcs 28
slot 16 index 0 rnti 6050 mcs 28
slot 4 index 0 rnti 6050 mcs 28
slot 5 index 0 rnti 6050 mcs 28
slot 6 index 0 rnti 6050 mcs 28
slot 14 index 0 rnti 6050 mcs 28
slot 15 index 0 rnti 6050 mcs 28
slot 16 index 0 rnti 6050 mcs 28
slot 4 index 0 rnti 6050 mcs 28
slot 5 index 0 rnti 6050 mcs 28
slot 6 index 0 rnti 6050 mcs 28
slot 14 index 0 rnti 6050 mcs 28
[EMURAN-DL-CSV] t=33.586 win_tbs=20 win_fail=1 win_bler=0.05000 mcs_last=28 mcs_min=28 mcs_max=28 r0=19 r1=1 r2=0 r3=0  f0=1 f1=0 f2=0 f3=0 tot_tbs=9580 tot_fail=423 tot_bler=0.04415 tot_init=9125 tot_retx=455
slot 15 index 0 rnti 6050 mcs 28
slot 16 index 0 rnti 6050 mcs 28
slot 4 index 0 rnti 6050 mcs 28
slot 5 index 0 rnti 6050 mcs 28
slot 6 index 0 rnti 6050 mcs 28
slot 14 index 0 rnti 6050 mcs 28
slot 15 index 0 rnti 6050 mcs 28
slot 16 index 0 rnti 6050 mcs 28
slot 4 index 0 rnti 6050 mcs 28
slot 5 index 0 rnti 6050 mcs 28
slot 6 index 0 rnti 6050 mcs 28
slot 14 index 0 rnti 6050 mcs 28
slot 15 index 0 rnti 6050 mcs 28
slot 16 index 0 rnti 6050 mcs 28
slot 4 index 0 rnti 6050 mcs 28
slot 5 index 0 rnti 6050 mcs 28
slot 6 index 0 rnti 6050 mcs 28
slot 14 index 0 rnti 6050 mcs 28
slot 15 index 0 rnti 6050 mcs 28
slot 16 index 0 rnti 6050 mcs 28
[EMURAN-DL-CSV] t=33.651 win_tbs=20 win_fail=0 win_bler=0.00000 mcs_last=28 mcs_min=28 mcs_max=28 r0=20 r1=0 r2=0 r3=0  f0=0 f1=0 f2=0 f3=0 tot_tbs=9600 tot_fail=423 tot_bler=0.04406 tot_init=9145 tot_retx=455
slot 4 index 0 rnti 6050 mcs 28
slot 5 index 0 rnti 6050 mcs 28
slot 6 index 0 rnti 6050 mcs 28
slot 14 index 0 rnti 6050 mcs 28
slot 15 index 0 rnti 6050 mcs 28
slot 16 index 0 rnti 6050 mcs 28
slot 4 index 0 rnti 6050 mcs 28
slot 5 index 0 rnti 6050 mcs 28
slot 6 index 0 rnti 6050 mcs 28
slot 14 index 0 rnti 6050 mcs 28
slot 15 index 0 rnti 6050 mcs 28
slot 16 index 0 rnti 6050 mcs 28
slot 4 index 0 rnti 6050 mcs 28
slot 5 index 0 rnti 6050 mcs 28
slot 6 index 0 rnti 6050 mcs 28
slot 14 index 0 rnti 6050 mcs 28
slot 15 index 0 rnti 6050 mcs 28
slot 16 index 0 rnti 6050 mcs 28
slot 4 index 0 rnti 6050 mcs 28
slot 5 index 0 rnti 6050 mcs 28
[EMURAN-DL-CSV] t=33.724 win_tbs=20 win_fail=0 win_bler=0.00000 mcs_last=28 mcs_min=28 mcs_max=28 r0=19 r1=1 r2=0 r3=0  f0=0 f1=0 f2=0 f3=0 tot_tbs=9620 tot_fail=423 tot_bler=0.04397 tot_init=9164 tot_retx=456
slot 6 index 0 rnti 6050 mcs 28
slot 14 index 0 rnti 6050 mcs 28
slot 15 index 0 rnti 6050 mcs 28
slot 16 index 0 rnti 6050 mcs 28
slot 4 index 0 rnti 6050 mcs 28
slot 5 index 0 rnti 6050 mcs 28
slot 6 index 0 rnti 6050 mcs 28
slot 14 index 0 rnti 6050 mcs 28
slot 15 index 0 rnti 6050 mcs 28
slot 16 index 0 rnti 6050 mcs 28
slot 4 index 0 rnti 6050 mcs 28
slot 5 index 0 rnti 6050 mcs 28
slot 6 index 0 rnti 6050 mcs 28
slot 14 index 0 rnti 6050 mcs 28
slot 15 index 0 rnti 6050 mcs 28
slot 16 index 0 rnti 6050 mcs 28
slot 4 index 0 rnti 6050 mcs 28
slot 5 index 0 rnti 6050 mcs 28
slot 6 index 0 rnti 6050 mcs 28
slot 14 index 0 rnti 6050 mcs 28
[EMURAN-DL-CSV] t=33.796 win_tbs=20 win_fail=1 win_bler=0.05000 mcs_last=28 mcs_min=28 mcs_max=28 r0=19 r1=1 r2=0 r3=0  f0=1 f1=0 f2=0 f3=0 tot_tbs=9640 tot_fail=424 tot_bler=0.04398 tot_init=9183 tot_retx=457
slot 15 index 0 rnti 6050 mcs 28
slot 16 index 0 rnti 6050 mcs 28
slot 4 index 0 rnti 6050 mcs 28
slot 5 index 0 rnti 6050 mcs 28
slot 6 index 0 rnti 6050 mcs 28
slot 14 index 0 rnti 6050 mcs 28
slot 15 index 0 rnti 6050 mcs 28
slot 16 index 0 rnti 6050 mcs 28
slot 4 index 0 rnti 6050 mcs 28
slot 5 index 0 rnti 6050 mcs 28
slot 6 index 0 rnti 6050 mcs 28
slot 14 index 0 rnti 6050 mcs 28
slot 15 index 0 rnti 6050 mcs 28
slot 16 index 0 rnti 6050 mcs 28
slot 4 index 0 rnti 6050 mcs 28
slot 5 index 0 rnti 6050 mcs 28
slot 6 index 0 rnti 6050 mcs 28
slot 14 index 0 rnti 6050 mcs 28
slot 15 index 0 rnti 6050 mcs 28
slot 16 index 0 rnti 6050 mcs 28
[EMURAN-DL-CSV] t=33.862 win_tbs=20 win_fail=1 win_bler=0.05000 mcs_last=28 mcs_min=28 mcs_max=28 r0=19 r1=1 r2=0 r3=0  f0=1 f1=0 f2=0 f3=0 tot_tbs=9660 tot_fail=425 tot_bler=0.04400 tot_init=9202 tot_retx=458
slot 4 index 0 rnti 6050 mcs 28
slot 5 index 0 rnti 6050 mcs 28
slot 6 index 0 rnti 6050 mcs 28
slot 14 index 0 rnti 6050 mcs 28
slot 15 index 0 rnti 6050 mcs 28
slot 16 index 0 rnti 6050 mcs 28
slot 4 index 0 rnti 6050 mcs 28
slot 5 index 0 rnti 6050 mcs 28
slot 6 index 0 rnti 6050 mcs 28
slot 14 index 0 rnti 6050 mcs 28
slot 15 index 0 rnti 6050 mcs 28
slot 16 index 0 rnti 6050 mcs 28
slot 4 index 0 rnti 6050 mcs 28
slot 5 index 0 rnti 6050 mcs 28
slot 6 index 0 rnti 6050 mcs 28
slot 14 index 0 rnti 6050 mcs 28
slot 15 index 0 rnti 6050 mcs 28
slot 16 index 0 rnti 6050 mcs 28
slot 4 index 0 rnti 6050 mcs 28
slot 5 index 0 rnti 6050 mcs 28
[EMURAN-DL-CSV] t=33.934 win_tbs=20 win_fail=0 win_bler=0.00000 mcs_last=28 mcs_min=28 mcs_max=28 r0=20 r1=0 r2=0 r3=0  f0=0 f1=0 f2=0 f3=0 tot_tbs=9680 tot_fail=425 tot_bler=0.04390 tot_init=9222 tot_retx=458
slot 6 index 0 rnti 6050 mcs 28
slot 14 index 0 rnti 6050 mcs 28
slot 15 index 0 rnti 6050 mcs 28
slot 16 index 0 rnti 6050 mcs 28
slot 4 index 0 rnti 6050 mcs 28
slot 5 index 0 rnti 6050 mcs 28
slot 6 index 0 rnti 6050 mcs 28
slot 14 index 0 rnti 6050 mcs 28
slot 15 index 0 rnti 6050 mcs 28
slot 16 index 0 rnti 6050 mcs 28
slot 4 index 0 rnti 6050 mcs 28
slot 5 index 0 rnti 6050 mcs 28
slot 6 index 0 rnti 6050 mcs 28
slot 14 index 0 rnti 6050 mcs 28
slot 15 index 0 rnti 6050 mcs 28
slot 16 index 0 rnti 6050 mcs 28
slot 4 index 0 rnti 6050 mcs 28
slot 5 index 0 rnti 6050 mcs 28
slot 6 index 0 rnti 6050 mcs 28
slot 14 index 0 rnti 6050 mcs 28
[EMURAN-DL-CSV] t=34.006 win_tbs=20 win_fail=2 win_bler=0.10000 mcs_last=28 mcs_min=28 mcs_max=28 r0=18 r1=2 r2=0 r3=0  f0=2 f1=0 f2=0 f3=0 tot_tbs=9700 tot_fail=427 tot_bler=0.04402 tot_init=9240 tot_retx=460
slot 15 index 0 rnti 6050 mcs 28
slot 16 index 0 rnti 6050 mcs 28
slot 4 index 0 rnti 6050 mcs 28
slot 5 index 0 rnti 6050 mcs 28
slot 6 index 0 rnti 6050 mcs 28
slot 14 index 0 rnti 6050 mcs 28
slot 15 index 0 rnti 6050 mcs 28
slot 16 index 0 rnti 6050 mcs 28
slot 4 index 0 rnti 6050 mcs 28
slot 5 index 0 rnti 6050 mcs 28
slot 6 index 0 rnti 6050 mcs 28
slot 14 index 0 rnti 6050 mcs 28
slot 15 index 0 rnti 6050 mcs 28
slot 16 index 0 rnti 6050 mcs 28
slot 4 index 0 rnti 6050 mcs 28
slot 5 index 0 rnti 6050 mcs 28
slot 6 index 0 rnti 6050 mcs 28
slot 14 index 0 rnti 6050 mcs 28
slot 15 index 0 rnti 6050 mcs 28
slot 16 index 0 rnti 6050 mcs 28
[EMURAN-DL-CSV] t=34.072 win_tbs=20 win_fail=0 win_bler=0.00000 mcs_last=28 mcs_min=28 mcs_max=28 r0=19 r1=1 r2=0 r3=0  f0=0 f1=0 f2=0 f3=0 tot_tbs=9720 tot_fail=427 tot_bler=0.04393 tot_init=9259 tot_retx=461
slot 4 index 0 rnti 6050 mcs 28
slot 5 index 0 rnti 6050 mcs 28
slot 6 index 0 rnti 6050 mcs 28
slot 14 index 0 rnti 6050 mcs 28
slot 15 index 0 rnti 6050 mcs 28
slot 16 index 0 rnti 6050 mcs 28
slot 4 index 0 rnti 6050 mcs 28
slot 5 index 0 rnti 6050 mcs 28
slot 6 index 0 rnti 6050 mcs 28
slot 14 index 0 rnti 6050 mcs 28
slot 15 index 0 rnti 6050 mcs 28
slot 16 index 0 rnti 6050 mcs 28
slot 4 index 0 rnti 6050 mcs 28
slot 5 index 0 rnti 6050 mcs 28
slot 6 index 0 rnti 6050 mcs 28
slot 14 index 0 rnti 6050 mcs 28
slot 15 index 0 rnti 6050 mcs 28
slot 16 index 0 rnti 6050 mcs 28
slot 4 index 0 rnti 6050 mcs 28
slot 5 index 0 rnti 6050 mcs 28
[EMURAN-DL-CSV] t=34.144 win_tbs=20 win_fail=1 win_bler=0.05000 mcs_last=28 mcs_min=28 mcs_max=28 r0=19 r1=1 r2=0 r3=0  f0=1 f1=0 f2=0 f3=0 tot_tbs=9740 tot_fail=428 tot_bler=0.04394 tot_init=9278 tot_retx=462
slot 6 index 0 rnti 6050 mcs 28
slot 14 index 0 rnti 6050 mcs 28
slot 15 index 0 rnti 6050 mcs 28
slot 16 index 0 rnti 6050 mcs 28
slot 4 index 0 rnti 6050 mcs 28
slot 5 index 0 rnti 6050 mcs 28
slot 6 index 0 rnti 6050 mcs 28
slot 14 index 0 rnti 6050 mcs 28
slot 15 index 0 rnti 6050 mcs 28
slot 16 index 0 rnti 6050 mcs 28
slot 4 index 0 rnti 6050 mcs 28
slot 5 index 0 rnti 6050 mcs 28
slot 6 index 0 rnti 6050 mcs 28
slot 14 index 0 rnti 6050 mcs 28
slot 15 index 0 rnti 6050 mcs 28
slot 16 index 0 rnti 6050 mcs 28
slot 4 index 0 rnti 6050 mcs 28
slot 5 index 0 rnti 6050 mcs 28
slot 6 index 0 rnti 6050 mcs 28
slot 14 index 0 rnti 6050 mcs 28
slot 15 index 0 rnti 6050 mcs 28
[EMURAN-DL-CSV] t=34.218 win_tbs=20 win_fail=0 win_bler=0.00000 mcs_last=28 mcs_min=28 mcs_max=28 r0=20 r1=0 r2=0 r3=0  f0=0 f1=0 f2=0 f3=0 tot_tbs=9760 tot_fail=428 tot_bler=0.04385 tot_init=9298 tot_retx=462
slot 16 index 0 rnti 6050 mcs 28
slot 4 index 0 rnti 6050 mcs 28
slot 5 index 0 rnti 6050 mcs 28
slot 6 index 0 rnti 6050 mcs 28
slot 14 index 0 rnti 6050 mcs 28
slot 15 index 0 rnti 6050 mcs 28
slot 16 index 0 rnti 6050 mcs 28
slot 4 index 0 rnti 6050 mcs 28
slot 5 index 0 rnti 6050 mcs 28
slot 6 index 0 rnti 6050 mcs 28
slot 14 index 0 rnti 6050 mcs 28
slot 15 index 0 rnti 6050 mcs 28
slot 16 index 0 rnti 6050 mcs 28
slot 4 index 0 rnti 6050 mcs 28
slot 5 index 0 rnti 6050 mcs 28
slot 6 index 0 rnti 6050 mcs 28
slot 14 index 0 rnti 6050 mcs 28
slot 15 index 0 rnti 6050 mcs 28
slot 16 index 0 rnti 6050 mcs 28
[EMURAN-DL-CSV] t=34.282 win_tbs=20 win_fail=0 win_bler=0.00000 mcs_last=28 mcs_min=28 mcs_max=28 r0=20 r1=0 r2=0 r3=0  f0=0 f1=0 f2=0 f3=0 tot_tbs=9780 tot_fail=428 tot_bler=0.04376 tot_init=9318 tot_retx=462
slot 4 index 0 rnti 6050 mcs 28
slot 5 index 0 rnti 6050 mcs 28
slot 6 index 0 rnti 6050 mcs 28
slot 14 index 0 rnti 6050 mcs 28
slot 15 index 0 rnti 6050 mcs 28
slot 16 index 0 rnti 6050 mcs 28
slot 4 index 0 rnti 6050 mcs 28
slot 5 index 0 rnti 6050 mcs 28
slot 6 index 0 rnti 6050 mcs 28
slot 14 index 0 rnti 6050 mcs 28
slot 15 index 0 rnti 6050 mcs 28
slot 16 index 0 rnti 6050 mcs 28
slot 4 index 0 rnti 6050 mcs 28
slot 5 index 0 rnti 6050 mcs 28
slot 6 index 0 rnti 6050 mcs 28
slot 14 index 0 rnti 6050 mcs 28
slot 15 index 0 rnti 6050 mcs 28
slot 16 index 0 rnti 6050 mcs 28
slot 4 index 0 rnti 6050 mcs 28
slot 5 index 0 rnti 6050 mcs 28
[EMURAN-DL-CSV] t=34.355 win_tbs=20 win_fail=3 win_bler=0.15000 mcs_last=28 mcs_min=28 mcs_max=28 r0=19 r1=1 r2=0 r3=0  f0=2 f1=1 f2=0 f3=0 tot_tbs=9800 tot_fail=431 tot_bler=0.04398 tot_init=9337 tot_retx=463
slot 6 index 0 rnti 6050 mcs 28
slot 14 index 0 rnti 6050 mcs 28
slot 15 index 0 rnti 6050 mcs 28
slot 16 index 0 rnti 6050 mcs 28
[UE-STAT] frame=400 dci_cnt=600 total_tbs=50385600 ack_real=501 nack_real=24 fb_missing=75 decode_cnt=600
slot 4 index 0 rnti 6050 mcs 28
slot 5 index 0 rnti 6050 mcs 28
slot 6 index 0 rnti 6050 mcs 28
slot 14 index 0 rnti 6050 mcs 28
slot 15 index 0 rnti 6050 mcs 28
slot 16 index 0 rnti 6050 mcs 28
slot 4 index 0 rnti 6050 mcs 28
slot 5 index 0 rnti 6050 mcs 28
slot 6 index 0 rnti 6050 mcs 28
slot 14 index 0 rnti 6050 mcs 28
slot 15 index 0 rnti 6050 mcs 28
slot 16 index 0 rnti 6050 mcs 28
slot 4 index 0 rnti 6050 mcs 28
slot 5 index 0 rnti 6050 mcs 28
slot 6 index 0 rnti 6050 mcs 28
slot 14 index 0 rnti 6050 mcs 28
[EMURAN-DL-CSV] t=34.427 win_tbs=20 win_fail=1 win_bler=0.05000 mcs_last=28 mcs_min=28 mcs_max=28 r0=17 r1=3 r2=0 r3=0  f0=1 f1=0 f2=0 f3=0 tot_tbs=9820 tot_fail=432 tot_bler=0.04399 tot_init=9354 tot_retx=466
slot 15 index 0 rnti 6050 mcs 28
slot 16 index 0 rnti 6050 mcs 28
slot 4 index 0 rnti 6050 mcs 28
slot 5 index 0 rnti 6050 mcs 28
slot 6 index 0 rnti 6050 mcs 28
slot 14 index 0 rnti 6050 mcs 28
slot 15 index 0 rnti 6050 mcs 28
slot 16 index 0 rnti 6050 mcs 28
slot 4 index 0 rnti 6050 mcs 28
slot 5 index 0 rnti 6050 mcs 28
slot 6 index 0 rnti 6050 mcs 28
slot 14 index 0 rnti 6050 mcs 28
slot 15 index 0 rnti 6050 mcs 28
slot 16 index 0 rnti 6050 mcs 28
slot 4 index 0 rnti 6050 mcs 28
slot 5 index 0 rnti 6050 mcs 28
slot 6 index 0 rnti 6050 mcs 28
slot 14 index 0 rnti 6050 mcs 28
slot 15 index 0 rnti 6050 mcs 28
slot 16 index 0 rnti 6050 mcs 28
[EMURAN-DL-CSV] t=34.492 win_tbs=20 win_fail=0 win_bler=0.00000 mcs_last=28 mcs_min=28 mcs_max=28 r0=20 r1=0 r2=0 r3=0  f0=0 f1=0 f2=0 f3=0 tot_tbs=9840 tot_fail=432 tot_bler=0.04390 tot_init=9374 tot_retx=466
slot 4 index 0 rnti 6050 mcs 28
slot 5 index 0 rnti 6050 mcs 28
slot 6 index 0 rnti 6050 mcs 28
slot 14 index 0 rnti 6050 mcs 28
slot 15 index 0 rnti 6050 mcs 28
slot 16 index 0 rnti 6050 mcs 28
slot 4 index 0 rnti 6050 mcs 28
slot 5 index 0 rnti 6050 mcs 28
slot 6 index 0 rnti 6050 mcs 28
slot 14 index 0 rnti 6050 mcs 28
slot 15 index 0 rnti 6050 mcs 28
slot 16 index 0 rnti 6050 mcs 28
slot 4 index 0 rnti 6050 mcs 28
slot 5 index 0 rnti 6050 mcs 28
slot 6 index 0 rnti 6050 mcs 28
slot 14 index 0 rnti 6050 mcs 28
slot 15 index 0 rnti 6050 mcs 28
slot 16 index 0 rnti 6050 mcs 28
slot 4 index 0 rnti 6050 mcs 28
slot 5 index 0 rnti 6050 mcs 28
[EMURAN-DL-CSV] t=34.565 win_tbs=20 win_fail=0 win_bler=0.00000 mcs_last=28 mcs_min=28 mcs_max=28 r0=20 r1=0 r2=0 r3=0  f0=0 f1=0 f2=0 f3=0 tot_tbs=9860 tot_fail=432 tot_bler=0.04381 tot_init=9394 tot_retx=466
slot 6 index 0 rnti 6050 mcs 28
slot 14 index 0 rnti 6050 mcs 28
slot 15 index 0 rnti 6050 mcs 28
slot 16 index 0 rnti 6050 mcs 28
slot 4 index 0 rnti 6050 mcs 28
slot 5 index 0 rnti 6050 mcs 28
slot 6 index 0 rnti 6050 mcs 28
slot 14 index 0 rnti 6050 mcs 28
slot 15 index 0 rnti 6050 mcs 28
slot 16 index 0 rnti 6050 mcs 28
slot 4 index 0 rnti 6050 mcs 28
slot 5 index 0 rnti 6050 mcs 28
slot 6 index 0 rnti 6050 mcs 28
slot 14 index 0 rnti 6050 mcs 28
slot 15 index 0 rnti 6050 mcs 28
slot 16 index 0 rnti 6050 mcs 28
slot 4 index 0 rnti 6050 mcs 28
slot 5 index 0 rnti 6050 mcs 28
slot 6 index 0 rnti 6050 mcs 28
slot 14 index 0 rnti 6050 mcs 28
[EMURAN-DL-CSV] t=34.638 win_tbs=20 win_fail=1 win_bler=0.05000 mcs_last=28 mcs_min=28 mcs_max=28 r0=19 r1=1 r2=0 r3=0  f0=1 f1=0 f2=0 f3=0 tot_tbs=9880 tot_fail=433 tot_bler=0.04383 tot_init=9413 tot_retx=467
slot 15 index 0 rnti 6050 mcs 28
slot 16 index 0 rnti 6050 mcs 28
slot 4 index 0 rnti 6050 mcs 28
slot 5 index 0 rnti 6050 mcs 28
slot 6 index 0 rnti 6050 mcs 28
slot 14 index 0 rnti 6050 mcs 28
slot 15 index 0 rnti 6050 mcs 28
slot 16 index 0 rnti 6050 mcs 28
slot 4 index 0 rnti 6050 mcs 28
slot 5 index 0 rnti 6050 mcs 28
slot 6 index 0 rnti 6050 mcs 28
slot 14 index 0 rnti 6050 mcs 28
slot 15 index 0 rnti 6050 mcs 28
slot 16 index 0 rnti 6050 mcs 28
slot 4 index 0 rnti 6050 mcs 28
slot 5 index 0 rnti 6050 mcs 28
slot 6 index 0 rnti 6050 mcs 28
slot 14 index 0 rnti 6050 mcs 28
slot 15 index 0 rnti 6050 mcs 28
slot 16 index 0 rnti 6050 mcs 28
[EMURAN-DL-CSV] t=34.703 win_tbs=20 win_fail=1 win_bler=0.05000 mcs_last=28 mcs_min=28 mcs_max=28 r0=20 r1=0 r2=0 r3=0  f0=1 f1=0 f2=0 f3=0 tot_tbs=9900 tot_fail=434 tot_bler=0.04384 tot_init=9433 tot_retx=467
slot 4 index 0 rnti 6050 mcs 28
slot 5 index 0 rnti 6050 mcs 28
slot 6 index 0 rnti 6050 mcs 28
slot 14 index 0 rnti 6050 mcs 28
slot 15 index 0 rnti 6050 mcs 28
slot 16 index 0 rnti 6050 mcs 28
slot 4 index 0 rnti 6050 mcs 28
slot 5 index 0 rnti 6050 mcs 28
slot 6 index 0 rnti 6050 mcs 28
slot 14 index 0 rnti 6050 mcs 28
slot 15 index 0 rnti 6050 mcs 28
slot 16 index 0 rnti 6050 mcs 28
slot 4 index 0 rnti 6050 mcs 28
slot 5 index 0 rnti 6050 mcs 28
slot 6 index 0 rnti 6050 mcs 28
slot 14 index 0 rnti 6050 mcs 28
slot 15 index 0 rnti 6050 mcs 28
slot 16 index 0 rnti 6050 mcs 28
slot 4 index 0 rnti 6050 mcs 28
slot 5 index 0 rnti 6050 mcs 28
[EMURAN-DL-CSV] t=34.775 win_tbs=20 win_fail=1 win_bler=0.05000 mcs_last=28 mcs_min=28 mcs_max=28 r0=18 r1=2 r2=0 r3=0  f0=1 f1=0 f2=0 f3=0 tot_tbs=9920 tot_fail=435 tot_bler=0.04385 tot_init=9451 tot_retx=469
slot 6 index 0 rnti 6050 mcs 28
slot 14 index 0 rnti 6050 mcs 28
slot 15 index 0 rnti 6050 mcs 28
slot 16 index 0 rnti 6050 mcs 28
slot 4 index 0 rnti 6050 mcs 28
slot 5 index 0 rnti 6050 mcs 28
slot 6 index 0 rnti 6050 mcs 28
slot 14 index 0 rnti 6050 mcs 28
slot 15 index 0 rnti 6050 mcs 28
slot 16 index 0 rnti 6050 mcs 28
slot 4 index 0 rnti 6050 mcs 28
slot 5 index 0 rnti 6050 mcs 28
slot 6 index 0 rnti 6050 mcs 28
slot 14 index 0 rnti 6050 mcs 28
slot 15 index 0 rnti 6050 mcs 28
slot 16 index 0 rnti 6050 mcs 28
slot 4 index 0 rnti 6050 mcs 28
slot 5 index 0 rnti 6050 mcs 28
slot 6 index 0 rnti 6050 mcs 28
slot 14 index 0 rnti 6050 mcs 28
[EMURAN-DL-CSV] t=34.848 win_tbs=20 win_fail=0 win_bler=0.00000 mcs_last=28 mcs_min=28 mcs_max=28 r0=20 r1=0 r2=0 r3=0  f0=0 f1=0 f2=0 f3=0 tot_tbs=9940 tot_fail=435 tot_bler=0.04376 tot_init=9471 tot_retx=469
slot 15 index 0 rnti 6050 mcs 28
slot 16 index 0 rnti 6050 mcs 28
slot 4 index 0 rnti 6050 mcs 28
slot 5 index 0 rnti 6050 mcs 28
slot 6 index 0 rnti 6050 mcs 28
slot 14 index 0 rnti 6050 mcs 28
slot 15 index 0 rnti 6050 mcs 28
slot 16 index 0 rnti 6050 mcs 28
slot 4 index 0 rnti 6050 mcs 28
slot 5 index 0 rnti 6050 mcs 28
slot 6 index 0 rnti 6050 mcs 28
slot 14 index 0 rnti 6050 mcs 28
slot 15 index 0 rnti 6050 mcs 28
slot 16 index 0 rnti 6050 mcs 28
slot 4 index 0 rnti 6050 mcs 28
slot 5 index 0 rnti 6050 mcs 28
slot 6 index 0 rnti 6050 mcs 28
slot 14 index 0 rnti 6050 mcs 28
slot 15 index 0 rnti 6050 mcs 28
slot 16 index 0 rnti 6050 mcs 28
[EMURAN-DL-CSV] t=34.914 win_tbs=20 win_fail=0 win_bler=0.00000 mcs_last=28 mcs_min=28 mcs_max=28 r0=20 r1=0 r2=0 r3=0  f0=0 f1=0 f2=0 f3=0 tot_tbs=9960 tot_fail=435 tot_bler=0.04367 tot_init=9491 tot_retx=469
slot 4 index 0 rnti 6050 mcs 28
slot 5 index 0 rnti 6050 mcs 28
slot 6 index 0 rnti 6050 mcs 28
slot 14 index 0 rnti 6050 mcs 28
slot 15 index 0 rnti 6050 mcs 28
slot 16 index 0 rnti 6050 mcs 28
slot 4 index 0 rnti 6050 mcs 28
slot 5 index 0 rnti 6050 mcs 28
slot 6 index 0 rnti 6050 mcs 28
slot 14 index 0 rnti 6050 mcs 28
slot 15 index 0 rnti 6050 mcs 28
slot 16 index 0 rnti 6050 mcs 28
slot 4 index 0 rnti 6050 mcs 28
slot 5 index 0 rnti 6050 mcs 28
slot 6 index 0 rnti 6050 mcs 28
slot 14 index 0 rnti 6050 mcs 28
slot 15 index 0 rnti 6050 mcs 28
slot 16 index 0 rnti 6050 mcs 28
slot 4 index 0 rnti 6050 mcs 28
slot 5 index 0 rnti 6050 mcs 28
[EMURAN-DL-CSV] t=34.986 win_tbs=20 win_fail=1 win_bler=0.05000 mcs_last=28 mcs_min=28 mcs_max=28 r0=19 r1=1 r2=0 r3=0  f0=1 f1=0 f2=0 f3=0 tot_tbs=9980 tot_fail=436 tot_bler=0.04369 tot_init=9510 tot_retx=470
slot 6 index 0 rnti 6050 mcs 28
slot 14 index 0 rnti 6050 mcs 28
slot 15 index 0 rnti 6050 mcs 28
slot 16 index 0 rnti 6050 mcs 28
slot 4 index 0 rnti 6050 mcs 28
slot 5 index 0 rnti 6050 mcs 28
slot 6 index 0 rnti 6050 mcs 28
slot 14 index 0 rnti 6050 mcs 28
slot 15 index 0 rnti 6050 mcs 28
slot 16 index 0 rnti 6050 mcs 28
slot 4 index 0 rnti 6050 mcs 28
slot 5 index 0 rnti 6050 mcs 28
slot 6 index 0 rnti 6050 mcs 28
slot 14 index 0 rnti 6050 mcs 28
slot 15 index 0 rnti 6050 mcs 28
slot 16 index 0 rnti 6050 mcs 28
slot 4 index 0 rnti 6050 mcs 28
slot 5 index 0 rnti 6050 mcs 28
slot 6 index 0 rnti 6050 mcs 28
slot 14 index 0 rnti 6050 mcs 28
[EMURAN-DL-CSV] t=35.058 win_tbs=20 win_fail=0 win_bler=0.00000 mcs_last=28 mcs_min=28 mcs_max=28 r0=19 r1=1 r2=0 r3=0  f0=0 f1=0 f2=0 f3=0 tot_tbs=10000 tot_fail=436 tot_bler=0.04360 tot_init=9529 tot_retx=471
slot 15 index 0 rnti 6050 mcs 28
slot 16 index 0 rnti 6050 mcs 28
slot 4 index 0 rnti 6050 mcs 28
slot 5 index 0 rnti 6050 mcs 28
slot 6 index 0 rnti 6050 mcs 28
slot 14 index 0 rnti 6050 mcs 28
slot 15 index 0 rnti 6050 mcs 28
slot 16 index 0 rnti 6050 mcs 28
slot 4 index 0 rnti 6050 mcs 28
slot 5 index 0 rnti 6050 mcs 28
slot 6 index 0 rnti 6050 mcs 28
slot 14 index 0 rnti 6050 mcs 28
slot 15 index 0 rnti 6050 mcs 28
slot 16 index 0 rnti 6050 mcs 28
slot 4 index 0 rnti 6050 mcs 28
slot 5 index 0 rnti 6050 mcs 28
slot 6 index 0 rnti 6050 mcs 28
slot 14 index 0 rnti 6050 mcs 28
slot 15 index 0 rnti 6050 mcs 28
slot 16 index 0 rnti 6050 mcs 28
[EMURAN-DL-CSV] t=35.123 win_tbs=20 win_fail=0 win_bler=0.00000 mcs_last=28 mcs_min=28 mcs_max=28 r0=20 r1=0 r2=0 r3=0  f0=0 f1=0 f2=0 f3=0 tot_tbs=10020 tot_fail=436 tot_bler=0.04351 tot_init=9549 tot_retx=471
slot 4 index 0 rnti 6050 mcs 28
slot 5 index 0 rnti 6050 mcs 28
slot 6 index 0 rnti 6050 mcs 28
slot 14 index 0 rnti 6050 mcs 28
slot 15 index 0 rnti 6050 mcs 28
slot 16 index 0 rnti 6050 mcs 28
slot 4 index 0 rnti 6050 mcs 28
slot 5 index 0 rnti 6050 mcs 28
slot 6 index 0 rnti 6050 mcs 28
slot 14 index 0 rnti 6050 mcs 28
slot 15 index 0 rnti 6050 mcs 28
slot 16 index 0 rnti 6050 mcs 28
slot 4 index 0 rnti 6050 mcs 28
slot 5 index 0 rnti 6050 mcs 28
slot 6 index 0 rnti 6050 mcs 28
slot 14 index 0 rnti 6050 mcs 28
slot 15 index 0 rnti 6050 mcs 28
slot 16 index 0 rnti 6050 mcs 28
slot 4 index 0 rnti 6050 mcs 28
slot 5 index 0 rnti 6050 mcs 28
slot 6 index 0 rnti 6050 mcs 28
[EMURAN-DL-CSV] t=35.197 win_tbs=20 win_fail=2 win_bler=0.10000 mcs_last=28 mcs_min=28 mcs_max=28 r0=19 r1=1 r2=0 r3=0  f0=2 f1=0 f2=0 f3=0 tot_tbs=10040 tot_fail=438 tot_bler=0.04363 tot_init=9568 tot_retx=472
slot 14 index 0 rnti 6050 mcs 28
slot 15 index 0 rnti 6050 mcs 28
slot 16 index 0 rnti 6050 mcs 28
slot 4 index 0 rnti 6050 mcs 28
slot 5 index 0 rnti 6050 mcs 28
slot 6 index 0 rnti 6050 mcs 28
slot 14 index 0 rnti 6050 mcs 28
slot 15 index 0 rnti 6050 mcs 28
slot 16 index 0 rnti 6050 mcs 28
slot 4 index 0 rnti 6050 mcs 28
slot 5 index 0 rnti 6050 mcs 28
slot 6 index 0 rnti 6050 mcs 28
slot 14 index 0 rnti 6050 mcs 28
slot 15 index 0 rnti 6050 mcs 28
slot 16 index 0 rnti 6050 mcs 28
slot 4 index 0 rnti 6050 mcs 28
slot 5 index 0 rnti 6050 mcs 28
slot 6 index 0 rnti 6050 mcs 28
slot 14 index 0 rnti 6050 mcs 28
[EMURAN-DL-CSV] t=35.269 win_tbs=20 win_fail=3 win_bler=0.15000 mcs_last=28 mcs_min=28 mcs_max=28 r0=17 r1=3 r2=0 r3=0  f0=2 f1=1 f2=0 f3=0 tot_tbs=10060 tot_fail=441 tot_bler=0.04384 tot_init=9585 tot_retx=475
slot 15 index 0 rnti 6050 mcs 28
slot 16 index 0 rnti 6050 mcs 28
slot 4 index 0 rnti 6050 mcs 28
slot 5 index 0 rnti 6050 mcs 28
slot 6 index 0 rnti 6050 mcs 28
slot 14 index 0 rnti 6050 mcs 28
slot 15 index 0 rnti 6050 mcs 28
slot 16 index 0 rnti 6050 mcs 28
slot 4 index 0 rnti 6050 mcs 28
slot 5 index 0 rnti 6050 mcs 28
slot 6 index 0 rnti 6050 mcs 28
slot 14 index 0 rnti 6050 mcs 28
slot 15 index 0 rnti 6050 mcs 28
slot 16 index 0 rnti 6050 mcs 28
slot 4 index 0 rnti 6050 mcs 28
slot 5 index 0 rnti 6050 mcs 28
slot 6 index 0 rnti 6050 mcs 28
slot 14 index 0 rnti 6050 mcs 28
slot 15 index 0 rnti 6050 mcs 28
slot 16 index 0 rnti 6050 mcs 28
[EMURAN-DL-CSV] t=35.334 win_tbs=20 win_fail=1 win_bler=0.05000 mcs_last=28 mcs_min=28 mcs_max=28 r0=19 r1=1 r2=0 r3=0  f0=1 f1=0 f2=0 f3=0 tot_tbs=10080 tot_fail=442 tot_bler=0.04385 tot_init=9604 tot_retx=476
slot 4 index 0 rnti 6050 mcs 28
slot 5 index 0 rnti 6050 mcs 28
slot 6 index 0 rnti 6050 mcs 28
slot 14 index 0 rnti 6050 mcs 28
slot 15 index 0 rnti 6050 mcs 28
slot 16 index 0 rnti 6050 mcs 28
slot 4 index 0 rnti 6050 mcs 28
slot 5 index 0 rnti 6050 mcs 28
slot 6 index 0 rnti 6050 mcs 28
slot 14 index 0 rnti 6050 mcs 28
slot 15 index 0 rnti 6050 mcs 28
slot 16 index 0 rnti 6050 mcs 28
slot 4 index 0 rnti 6050 mcs 28
slot 5 index 0 rnti 6050 mcs 28
slot 6 index 0 rnti 6050 mcs 28
slot 14 index 0 rnti 6050 mcs 28
slot 15 index 0 rnti 6050 mcs 28
slot 16 index 0 rnti 6050 mcs 28
slot 4 index 0 rnti 6050 mcs 28
slot 5 index 0 rnti 6050 mcs 28
[EMURAN-DL-CSV] t=35.406 win_tbs=20 win_fail=1 win_bler=0.05000 mcs_last=28 mcs_min=28 mcs_max=28 r0=18 r1=2 r2=0 r3=0  f0=0 f1=1 f2=0 f3=0 tot_tbs=10100 tot_fail=443 tot_bler=0.04386 tot_init=9622 tot_retx=478
slot 6 index 0 rnti 6050 mcs 28
slot 14 index 0 rnti 6050 mcs 28
slot 15 index 0 rnti 6050 mcs 28
slot 16 index 0 rnti 6050 mcs 28
slot 4 index 0 rnti 6050 mcs 28
slot 5 index 0 rnti 6050 mcs 28
slot 6 index 0 rnti 6050 mcs 28
slot 14 index 0 rnti 6050 mcs 28
slot 15 index 0 rnti 6050 mcs 28
slot 16 index 0 rnti 6050 mcs 28
slot 4 index 0 rnti 6050 mcs 28
slot 5 index 0 rnti 6050 mcs 28
slot 6 index 0 rnti 6050 mcs 28
slot 14 index 0 rnti 6050 mcs 28
slot 15 index 0 rnti 6050 mcs 28
slot 16 index 0 rnti 6050 mcs 28
slot 4 index 0 rnti 6050 mcs 28
slot 5 index 0 rnti 6050 mcs 28
slot 6 index 0 rnti 6050 mcs 28
slot 14 index 0 rnti 6050 mcs 28
[EMURAN-DL-CSV] t=35.479 win_tbs=20 win_fail=2 win_bler=0.10000 mcs_last=28 mcs_min=28 mcs_max=28 r0=18 r1=2 r2=0 r3=0  f0=2 f1=0 f2=0 f3=0 tot_tbs=10120 tot_fail=445 tot_bler=0.04397 tot_init=9640 tot_retx=480
slot 15 index 0 rnti 6050 mcs 28
slot 16 index 0 rnti 6050 mcs 28
slot 4 index 0 rnti 6050 mcs 28
slot 5 index 0 rnti 6050 mcs 28
slot 6 index 0 rnti 6050 mcs 28
slot 14 index 0 rnti 6050 mcs 28
slot 15 index 0 rnti 6050 mcs 28
slot 16 index 0 rnti 6050 mcs 28
slot 4 index 0 rnti 6050 mcs 28
slot 5 index 0 rnti 6050 mcs 28
slot 6 index 0 rnti 6050 mcs 28
slot 14 index 0 rnti 6050 mcs 28
slot 15 index 0 rnti 6050 mcs 28
slot 16 index 0 rnti 6050 mcs 28
slot 4 index 0 rnti 6050 mcs 28
slot 5 index 0 rnti 6050 mcs 28
slot 6 index 0 rnti 6050 mcs 28
slot 14 index 0 rnti 6050 mcs 28
slot 15 index 0 rnti 6050 mcs 28
slot 16 index 0 rnti 6050 mcs 28
[EMURAN-DL-CSV] t=35.544 win_tbs=20 win_fail=1 win_bler=0.05000 mcs_last=28 mcs_min=28 mcs_max=28 r0=19 r1=1 r2=0 r3=0  f0=1 f1=0 f2=0 f3=0 tot_tbs=10140 tot_fail=446 tot_bler=0.04398 tot_init=9659 tot_retx=481
slot 4 index 0 rnti 6050 mcs 28
slot 5 index 0 rnti 6050 mcs 28
slot 6 index 0 rnti 6050 mcs 28
slot 14 index 0 rnti 6050 mcs 28
slot 15 index 0 rnti 6050 mcs 28
slot 16 index 0 rnti 6050 mcs 28
slot 4 index 0 rnti 6050 mcs 28
slot 5 index 0 rnti 6050 mcs 28
slot 6 index 0 rnti 6050 mcs 28
slot 14 index 0 rnti 6050 mcs 28
slot 15 index 0 rnti 6050 mcs 28
slot 16 index 0 rnti 6050 mcs 28
slot 4 index 0 rnti 6050 mcs 28
slot 5 index 0 rnti 6050 mcs 28
slot 6 index 0 rnti 6050 mcs 28
slot 14 index 0 rnti 6050 mcs 28
slot 15 index 0 rnti 6050 mcs 28
slot 16 index 0 rnti 6050 mcs 28
slot 4 index 0 rnti 6050 mcs 28
slot 5 index 0 rnti 6050 mcs 28
[EMURAN-DL-CSV] t=35.617 win_tbs=20 win_fail=1 win_bler=0.05000 mcs_last=28 mcs_min=28 mcs_max=28 r0=19 r1=1 r2=0 r3=0  f0=1 f1=0 f2=0 f3=0 tot_tbs=10160 tot_fail=447 tot_bler=0.04400 tot_init=9678 tot_retx=482
slot 6 index 0 rnti 6050 mcs 28
slot 14 index 0 rnti 6050 mcs 28
slot 15 index 0 rnti 6050 mcs 28
slot 16 index 0 rnti 6050 mcs 28
slot 4 index 0 rnti 6050 mcs 28
slot 5 index 0 rnti 6050 mcs 28
slot 6 index 0 rnti 6050 mcs 28
slot 14 index 0 rnti 6050 mcs 28
slot 15 index 0 rnti 6050 mcs 28
slot 16 index 0 rnti 6050 mcs 28
slot 4 index 0 rnti 6050 mcs 28
slot 5 index 0 rnti 6050 mcs 28
slot 6 index 0 rnti 6050 mcs 28
slot 14 index 0 rnti 6050 mcs 28
slot 15 index 0 rnti 6050 mcs 28
slot 16 index 0 rnti 6050 mcs 28
slot 4 index 0 rnti 6050 mcs 28
slot 5 index 0 rnti 6050 mcs 28
slot 6 index 0 rnti 6050 mcs 28
slot 14 index 0 rnti 6050 mcs 28
slot 15 index 0 rnti 6050 mcs 28
[EMURAN-DL-CSV] t=35.690 win_tbs=20 win_fail=0 win_bler=0.00000 mcs_last=28 mcs_min=28 mcs_max=28 r0=20 r1=0 r2=0 r3=0  f0=0 f1=0 f2=0 f3=0 tot_tbs=10180 tot_fail=447 tot_bler=0.04391 tot_init=9698 tot_retx=482
slot 16 index 0 rnti 6050 mcs 28
slot 4 index 0 rnti 6050 mcs 28
slot 5 index 0 rnti 6050 mcs 28
slot 6 index 0 rnti 6050 mcs 28
slot 14 index 0 rnti 6050 mcs 28
slot 15 index 0 rnti 6050 mcs 28
slot 16 index 0 rnti 6050 mcs 28
slot 4 index 0 rnti 6050 mcs 28
slot 5 index 0 rnti 6050 mcs 28
slot 6 index 0 rnti 6050 mcs 28
slot 14 index 0 rnti 6050 mcs 28
slot 15 index 0 rnti 6050 mcs 28
slot 16 index 0 rnti 6050 mcs 28
slot 4 index 0 rnti 6050 mcs 28
slot 5 index 0 rnti 6050 mcs 28
slot 6 index 0 rnti 6050 mcs 28
slot 14 index 0 rnti 6050 mcs 28
slot 15 index 0 rnti 6050 mcs 28
slot 16 index 0 rnti 6050 mcs 28
[EMURAN-DL-CSV] t=35.754 win_tbs=20 win_fail=1 win_bler=0.05000 mcs_last=28 mcs_min=28 mcs_max=28 r0=19 r1=1 r2=0 r3=0  f0=1 f1=0 f2=0 f3=0 tot_tbs=10200 tot_fail=448 tot_bler=0.04392 tot_init=9717 tot_retx=483
slot 4 index 0 rnti 6050 mcs 28
slot 5 index 0 rnti 6050 mcs 28
slot 6 index 0 rnti 6050 mcs 28
slot 14 index 0 rnti 6050 mcs 28
slot 15 index 0 rnti 6050 mcs 28
slot 16 index 0 rnti 6050 mcs 28
slot 4 index 0 rnti 6050 mcs 28
slot 5 index 0 rnti 6050 mcs 28
slot 6 index 0 rnti 6050 mcs 28
slot 14 index 0 rnti 6050 mcs 28
slot 15 index 0 rnti 6050 mcs 28
slot 16 index 0 rnti 6050 mcs 28
slot 4 index 0 rnti 6050 mcs 28
slot 5 index 0 rnti 6050 mcs 28
slot 6 index 0 rnti 6050 mcs 28
slot 14 index 0 rnti 6050 mcs 28
slot 15 index 0 rnti 6050 mcs 28
slot 16 index 0 rnti 6050 mcs 28
slot 4 index 0 rnti 6050 mcs 28
slot 5 index 0 rnti 6050 mcs 28
[EMURAN-DL-CSV] t=35.827 win_tbs=20 win_fail=0 win_bler=0.00000 mcs_last=28 mcs_min=28 mcs_max=28 r0=20 r1=0 r2=0 r3=0  f0=0 f1=0 f2=0 f3=0 tot_tbs=10220 tot_fail=448 tot_bler=0.04384 tot_init=9737 tot_retx=483
slot 6 index 0 rnti 6050 mcs 28
slot 14 index 0 rnti 6050 mcs 28
slot 15 index 0 rnti 6050 mcs 28
slot 16 index 0 rnti 6050 mcs 28
slot 4 index 0 rnti 6050 mcs 28
slot 5 index 0 rnti 6050 mcs 28
slot 6 index 0 rnti 6050 mcs 28
slot 14 index 0 rnti 6050 mcs 28
slot 15 index 0 rnti 6050 mcs 28
slot 16 index 0 rnti 6050 mcs 28
slot 4 index 0 rnti 6050 mcs 28
slot 5 index 0 rnti 6050 mcs 28
slot 6 index 0 rnti 6050 mcs 28
slot 14 index 0 rnti 6050 mcs 28
slot 15 index 0 rnti 6050 mcs 28
slot 16 index 0 rnti 6050 mcs 28
slot 4 index 0 rnti 6050 mcs 28
slot 5 index 0 rnti 6050 mcs 28
slot 6 index 0 rnti 6050 mcs 28
slot 14 index 0 rnti 6050 mcs 28
slot 15 index 0 rnti 6050 mcs 28
[EMURAN-DL-CSV] t=35.900 win_tbs=20 win_fail=0 win_bler=0.00000 mcs_last=28 mcs_min=28 mcs_max=28 r0=20 r1=0 r2=0 r3=0  f0=0 f1=0 f2=0 f3=0 tot_tbs=10240 tot_fail=448 tot_bler=0.04375 tot_init=9757 tot_retx=483
slot 16 index 0 rnti 6050 mcs 28
slot 4 index 0 rnti 6050 mcs 28
slot 5 index 0 rnti 6050 mcs 28
slot 6 index 0 rnti 6050 mcs 28
slot 14 index 0 rnti 6050 mcs 28
slot 15 index 0 rnti 6050 mcs 28
slot 16 index 0 rnti 6050 mcs 28
slot 4 index 0 rnti 6050 mcs 28
slot 5 index 0 rnti 6050 mcs 28
slot 6 index 0 rnti 6050 mcs 28
slot 14 index 0 rnti 6050 mcs 28
slot 15 index 0 rnti 6050 mcs 28
slot 16 index 0 rnti 6050 mcs 28
slot 4 index 0 rnti 6050 mcs 28
slot 5 index 0 rnti 6050 mcs 28
slot 6 index 0 rnti 6050 mcs 28
slot 14 index 0 rnti 6050 mcs 28
slot 15 index 0 rnti 6050 mcs 28
slot 16 index 0 rnti 6050 mcs 28
[EMURAN-DL-CSV] t=35.965 win_tbs=20 win_fail=0 win_bler=0.00000 mcs_last=28 mcs_min=28 mcs_max=28 r0=20 r1=0 r2=0 r3=0  f0=0 f1=0 f2=0 f3=0 tot_tbs=10260 tot_fail=448 tot_bler=0.04366 tot_init=9777 tot_retx=483
slot 4 index 0 rnti 6050 mcs 28
slot 5 index 0 rnti 6050 mcs 28
slot 6 index 0 rnti 6050 mcs 28
slot 14 index 0 rnti 6050 mcs 28
slot 15 index 0 rnti 6050 mcs 28
slot 16 index 0 rnti 6050 mcs 28
slot 4 index 0 rnti 6050 mcs 28
slot 5 index 0 rnti 6050 mcs 28
slot 6 index 0 rnti 6050 mcs 28
slot 14 index 0 rnti 6050 mcs 28
slot 15 index 0 rnti 6050 mcs 28
slot 16 index 0 rnti 6050 mcs 28
slot 4 index 0 rnti 6050 mcs 28
slot 5 index 0 rnti 6050 mcs 28
slot 6 index 0 rnti 6050 mcs 28
slot 14 index 0 rnti 6050 mcs 28
slot 15 index 0 rnti 6050 mcs 28
slot 16 index 0 rnti 6050 mcs 28
slot 4 index 0 rnti 6050 mcs 28
slot 5 index 0 rnti 6050 mcs 28
[EMURAN-DL-CSV] t=36.037 win_tbs=20 win_fail=1 win_bler=0.05000 mcs_last=28 mcs_min=28 mcs_max=28 r0=20 r1=0 r2=0 r3=0  f0=1 f1=0 f2=0 f3=0 tot_tbs=10280 tot_fail=449 tot_bler=0.04368 tot_init=9797 tot_retx=483
slot 6 index 0 rnti 6050 mcs 28
slot 14 index 0 rnti 6050 mcs 28
slot 15 index 0 rnti 6050 mcs 28
slot 16 index 0 rnti 6050 mcs 28
slot 4 index 0 rnti 6050 mcs 28
slot 5 index 0 rnti 6050 mcs 28
slot 6 index 0 rnti 6050 mcs 28
slot 14 index 0 rnti 6050 mcs 28
slot 15 index 0 rnti 6050 mcs 28
slot 16 index 0 rnti 6050 mcs 28
slot 4 index 0 rnti 6050 mcs 28
slot 5 index 0 rnti 6050 mcs 28
slot 6 index 0 rnti 6050 mcs 28
slot 14 index 0 rnti 6050 mcs 28
slot 15 index 0 rnti 6050 mcs 28
slot 16 index 0 rnti 6050 mcs 28
slot 4 index 0 rnti 6050 mcs 28
slot 5 index 0 rnti 6050 mcs 28
slot 6 index 0 rnti 6050 mcs 28
slot 14 index 0 rnti 6050 mcs 28
[EMURAN-DL-CSV] t=36.110 win_tbs=20 win_fail=1 win_bler=0.05000 mcs_last=28 mcs_min=28 mcs_max=28 r0=18 r1=2 r2=0 r3=0  f0=1 f1=0 f2=0 f3=0 tot_tbs=10300 tot_fail=450 tot_bler=0.04369 tot_init=9815 tot_retx=485
slot 15 index 0 rnti 6050 mcs 28
slot 16 index 0 rnti 6050 mcs 28
slot 4 index 0 rnti 6050 mcs 28
slot 5 index 0 rnti 6050 mcs 28
slot 6 index 0 rnti 6050 mcs 28
slot 14 index 0 rnti 6050 mcs 28
slot 15 index 0 rnti 6050 mcs 28
slot 16 index 0 rnti 6050 mcs 28
slot 4 index 0 rnti 6050 mcs 28
slot 5 index 0 rnti 6050 mcs 28
slot 6 index 0 rnti 6050 mcs 28
slot 14 index 0 rnti 6050 mcs 28
slot 15 index 0 rnti 6050 mcs 28
slot 16 index 0 rnti 6050 mcs 28
slot 4 index 0 rnti 6050 mcs 28
slot 5 index 0 rnti 6050 mcs 28
slot 6 index 0 rnti 6050 mcs 28
slot 14 index 0 rnti 6050 mcs 28
slot 15 index 0 rnti 6050 mcs 28
slot 16 index 0 rnti 6050 mcs 28
[EMURAN-DL-CSV] t=36.175 win_tbs=20 win_fail=2 win_bler=0.10000 mcs_last=28 mcs_min=28 mcs_max=28 r0=18 r1=2 r2=0 r3=0  f0=2 f1=0 f2=0 f3=0 tot_tbs=10320 tot_fail=452 tot_bler=0.04380 tot_init=9833 tot_retx=487
slot 4 index 0 rnti 6050 mcs 28
slot 5 index 0 rnti 6050 mcs 28
slot 6 index 0 rnti 6050 mcs 28
slot 14 index 0 rnti 6050 mcs 28
slot 15 index 0 rnti 6050 mcs 28
slot 16 index 0 rnti 6050 mcs 28
slot 4 index 0 rnti 6050 mcs 28
slot 5 index 0 rnti 6050 mcs 28
slot 6 index 0 rnti 6050 mcs 28
slot 14 index 0 rnti 6050 mcs 28
slot 15 index 0 rnti 6050 mcs 28
slot 16 index 0 rnti 6050 mcs 28
slot 4 index 0 rnti 6050 mcs 28
slot 5 index 0 rnti 6050 mcs 28
slot 6 index 0 rnti 6050 mcs 28
slot 14 index 0 rnti 6050 mcs 28
slot 15 index 0 rnti 6050 mcs 28
slot 16 index 0 rnti 6050 mcs 28
slot 4 index 0 rnti 6050 mcs 28
slot 5 index 0 rnti 6050 mcs 28
[EMURAN-DL-CSV] t=36.248 win_tbs=20 win_fail=1 win_bler=0.05000 mcs_last=28 mcs_min=28 mcs_max=28 r0=19 r1=1 r2=0 r3=0  f0=1 f1=0 f2=0 f3=0 tot_tbs=10340 tot_fail=453 tot_bler=0.04381 tot_init=9852 tot_retx=488
slot 6 index 0 rnti 6050 mcs 28
slot 14 index 0 rnti 6050 mcs 28
slot 15 index 0 rnti 6050 mcs 28
slot 16 index 0 rnti 6050 mcs 28
slot 4 index 0 rnti 6050 mcs 28
slot 5 index 0 rnti 6050 mcs 28
slot 6 index 0 rnti 6050 mcs 28
slot 14 index 0 rnti 6050 mcs 28
slot 15 index 0 rnti 6050 mcs 28
slot 16 index 0 rnti 6050 mcs 28
slot 4 index 0 rnti 6050 mcs 28
slot 5 index 0 rnti 6050 mcs 28
slot 6 index 0 rnti 6050 mcs 28
slot 14 index 0 rnti 6050 mcs 28
slot 15 index 0 rnti 6050 mcs 28
slot 16 index 0 rnti 6050 mcs 28
slot 4 index 0 rnti 6050 mcs 28
slot 5 index 0 rnti 6050 mcs 28
slot 6 index 0 rnti 6050 mcs 28
slot 14 index 0 rnti 6050 mcs 28
[EMURAN-DL-CSV] t=36.320 win_tbs=20 win_fail=3 win_bler=0.15000 mcs_last=28 mcs_min=28 mcs_max=28 r0=18 r1=1 r2=1 r3=0  f0=3 f1=0 f2=0 f3=0 tot_tbs=10360 tot_fail=456 tot_bler=0.04402 tot_init=9870 tot_retx=490
slot 15 index 0 rnti 6050 mcs 28
slot 16 index 0 rnti 6050 mcs 28
slot 4 index 0 rnti 6050 mcs 28
slot 5 index 0 rnti 6050 mcs 28
slot 6 index 0 rnti 6050 mcs 28
slot 14 index 0 rnti 6050 mcs 28
slot 15 index 0 rnti 6050 mcs 28
slot 16 index 0 rnti 6050 mcs 28
slot 4 index 0 rnti 6050 mcs 28
slot 5 index 0 rnti 6050 mcs 28
slot 6 index 0 rnti 6050 mcs 28
slot 14 index 0 rnti 6050 mcs 28
slot 15 index 0 rnti 6050 mcs 28
slot 16 index 0 rnti 6050 mcs 28
slot 4 index 0 rnti 6050 mcs 28
slot 5 index 0 rnti 6050 mcs 28
slot 6 index 0 rnti 6050 mcs 28
slot 14 index 0 rnti 6050 mcs 28
slot 15 index 0 rnti 6050 mcs 28
slot 16 index 0 rnti 6050 mcs 28
[EMURAN-DL-CSV] t=36.386 win_tbs=20 win_fail=1 win_bler=0.05000 mcs_last=28 mcs_min=28 mcs_max=28 r0=19 r1=1 r2=0 r3=0  f0=1 f1=0 f2=0 f3=0 tot_tbs=10380 tot_fail=457 tot_bler=0.04403 tot_init=9889 tot_retx=491
slot 4 index 0 rnti 6050 mcs 28
slot 5 index 0 rnti 6050 mcs 28
slot 6 index 0 rnti 6050 mcs 28
slot 14 index 0 rnti 6050 mcs 28
slot 15 index 0 rnti 6050 mcs 28
slot 16 index 0 rnti 6050 mcs 28
slot 4 index 0 rnti 6050 mcs 28
slot 5 index 0 rnti 6050 mcs 28
slot 6 index 0 rnti 6050 mcs 28
slot 14 index 0 rnti 6050 mcs 28
slot 15 index 0 rnti 6050 mcs 28
slot 16 index 0 rnti 6050 mcs 28
slot 4 index 0 rnti 6050 mcs 28
slot 5 index 0 rnti 6050 mcs 28
slot 6 index 0 rnti 6050 mcs 28
slot 14 index 0 rnti 6050 mcs 28
slot 15 index 0 rnti 6050 mcs 28
slot 16 index 0 rnti 6050 mcs 28
slot 4 index 0 rnti 6050 mcs 28
slot 5 index 0 rnti 6050 mcs 28
slot 6 index 0 rnti 6050 mcs 28
[EMURAN-DL-CSV] t=36.459 win_tbs=20 win_fail=1 win_bler=0.05000 mcs_last=28 mcs_min=28 mcs_max=28 r0=18 r1=2 r2=0 r3=0  f0=1 f1=0 f2=0 f3=0 tot_tbs=10400 tot_fail=458 tot_bler=0.04404 tot_init=9907 tot_retx=493
slot 14 index 0 rnti 6050 mcs 28
slot 15 index 0 rnti 6050 mcs 28
slot 16 index 0 rnti 6050 mcs 28
[UE-STAT] frame=500 dci_cnt=600 total_tbs=50385600 ack_real=501 nack_real=21 fb_missing=78 decode_cnt=600
slot 4 index 0 rnti 6050 mcs 28
slot 5 index 0 rnti 6050 mcs 28
slot 6 index 0 rnti 6050 mcs 28
slot 14 index 0 rnti 6050 mcs 28
slot 15 index 0 rnti 6050 mcs 28
slot 16 index 0 rnti 6050 mcs 28
slot 4 index 0 rnti 6050 mcs 28
slot 5 index 0 rnti 6050 mcs 28
slot 6 index 0 rnti 6050 mcs 28
slot 14 index 0 rnti 6050 mcs 28
slot 15 index 0 rnti 6050 mcs 28
slot 16 index 0 rnti 6050 mcs 28
slot 4 index 0 rnti 6050 mcs 28
slot 5 index 0 rnti 6050 mcs 28
slot 6 index 0 rnti 6050 mcs 28
slot 14 index 0 rnti 6050 mcs 28
[EMURAN-DL-CSV] t=36.531 win_tbs=20 win_fail=1 win_bler=0.05000 mcs_last=28 mcs_min=28 mcs_max=28 r0=19 r1=1 r2=0 r3=0  f0=1 f1=0 f2=0 f3=0 tot_tbs=10420 tot_fail=459 tot_bler=0.04405 tot_init=9926 tot_retx=494
slot 15 index 0 rnti 6050 mcs 28
slot 16 index 0 rnti 6050 mcs 28
slot 4 index 0 rnti 6050 mcs 28
slot 5 index 0 rnti 6050 mcs 28
slot 6 index 0 rnti 6050 mcs 28
slot 14 index 0 rnti 6050 mcs 28
slot 15 index 0 rnti 6050 mcs 28
slot 16 index 0 rnti 6050 mcs 28
slot 4 index 0 rnti 6050 mcs 28
slot 5 index 0 rnti 6050 mcs 28
slot 6 index 0 rnti 6050 mcs 28
slot 14 index 0 rnti 6050 mcs 28
slot 15 index 0 rnti 6050 mcs 28
slot 16 index 0 rnti 6050 mcs 28
slot 4 index 0 rnti 6050 mcs 28
slot 5 index 0 rnti 6050 mcs 28
slot 6 index 0 rnti 6050 mcs 28
slot 14 index 0 rnti 6050 mcs 28
slot 15 index 0 rnti 6050 mcs 28
slot 16 index 0 rnti 6050 mcs 28
[EMURAN-DL-CSV] t=36.596 win_tbs=20 win_fail=1 win_bler=0.05000 mcs_last=28 mcs_min=28 mcs_max=28 r0=19 r1=1 r2=0 r3=0  f0=1 f1=0 f2=0 f3=0 tot_tbs=10440 tot_fail=460 tot_bler=0.04406 tot_init=9945 tot_retx=495
slot 4 index 0 rnti 6050 mcs 28
slot 5 index 0 rnti 6050 mcs 28
slot 6 index 0 rnti 6050 mcs 28
slot 14 index 0 rnti 6050 mcs 28
slot 15 index 0 rnti 6050 mcs 28
slot 16 index 0 rnti 6050 mcs 28
slot 4 index 0 rnti 6050 mcs 28
slot 5 index 0 rnti 6050 mcs 28
slot 6 index 0 rnti 6050 mcs 28
slot 14 index 0 rnti 6050 mcs 28
slot 15 index 0 rnti 6050 mcs 28
slot 16 index 0 rnti 6050 mcs 28
slot 4 index 0 rnti 6050 mcs 28
slot 5 index 0 rnti 6050 mcs 28
slot 6 index 0 rnti 6050 mcs 28
slot 14 index 0 rnti 6050 mcs 28
slot 15 index 0 rnti 6050 mcs 28
slot 16 index 0 rnti 6050 mcs 28
slot 4 index 0 rnti 6050 mcs 28
slot 5 index 0 rnti 6050 mcs 28
slot 6 index 0 rnti 6050 mcs 28
[EMURAN-DL-CSV] t=36.669 win_tbs=20 win_fail=1 win_bler=0.05000 mcs_last=28 mcs_min=28 mcs_max=28 r0=19 r1=1 r2=0 r3=0  f0=1 f1=0 f2=0 f3=0 tot_tbs=10460 tot_fail=461 tot_bler=0.04407 tot_init=9964 tot_retx=496
slot 14 index 0 rnti 6050 mcs 28
slot 15 index 0 rnti 6050 mcs 28
slot 16 index 0 rnti 6050 mcs 28
slot 4 index 0 rnti 6050 mcs 28
slot 5 index 0 rnti 6050 mcs 28
slot 6 index 0 rnti 6050 mcs 28
slot 14 index 0 rnti 6050 mcs 28
slot 15 index 0 rnti 6050 mcs 28
slot 16 index 0 rnti 6050 mcs 28
slot 4 index 0 rnti 6050 mcs 28
slot 5 index 0 rnti 6050 mcs 28
slot 6 index 0 rnti 6050 mcs 28
slot 14 index 0 rnti 6050 mcs 28
slot 15 index 0 rnti 6050 mcs 28
slot 16 index 0 rnti 6050 mcs 28
slot 4 index 0 rnti 6050 mcs 28
slot 5 index 0 rnti 6050 mcs 28
slot 6 index 0 rnti 6050 mcs 28
slot 14 index 0 rnti 6050 mcs 28
[EMURAN-DL-CSV] t=36.741 win_tbs=20 win_fail=0 win_bler=0.00000 mcs_last=28 mcs_min=28 mcs_max=28 r0=19 r1=1 r2=0 r3=0  f0=0 f1=0 f2=0 f3=0 tot_tbs=10480 tot_fail=461 tot_bler=0.04399 tot_init=9983 tot_retx=497
slot 15 index 0 rnti 6050 mcs 28
slot 16 index 0 rnti 6050 mcs 28
slot 4 index 0 rnti 6050 mcs 28
slot 5 index 0 rnti 6050 mcs 28
slot 6 index 0 rnti 6050 mcs 28
slot 14 index 0 rnti 6050 mcs 28
slot 15 index 0 rnti 6050 mcs 28
slot 16 index 0 rnti 6050 mcs 28
slot 4 index 0 rnti 6050 mcs 28
slot 5 index 0 rnti 6050 mcs 28
slot 6 index 0 rnti 6050 mcs 28
slot 14 index 0 rnti 6050 mcs 28
slot 15 index 0 rnti 6050 mcs 28
slot 16 index 0 rnti 6050 mcs 28
slot 4 index 0 rnti 6050 mcs 28
slot 5 index 0 rnti 6050 mcs 28
slot 6 index 0 rnti 6050 mcs 28
slot 14 index 0 rnti 6050 mcs 28
slot 15 index 0 rnti 6050 mcs 28
slot 16 index 0 rnti 6050 mcs 28
[EMURAN-DL-CSV] t=36.807 win_tbs=20 win_fail=0 win_bler=0.00000 mcs_last=28 mcs_min=28 mcs_max=28 r0=20 r1=0 r2=0 r3=0  f0=0 f1=0 f2=0 f3=0 tot_tbs=10500 tot_fail=461 tot_bler=0.04390 tot_init=10003 tot_retx=497
slot 4 index 0 rnti 6050 mcs 28
slot 5 index 0 rnti 6050 mcs 28
slot 6 index 0 rnti 6050 mcs 28
slot 14 index 0 rnti 6050 mcs 28
slot 15 index 0 rnti 6050 mcs 28
slot 16 index 0 rnti 6050 mcs 28
slot 4 index 0 rnti 6050 mcs 28
slot 5 index 0 rnti 6050 mcs 28
slot 6 index 0 rnti 6050 mcs 28
slot 14 index 0 rnti 6050 mcs 28
slot 15 index 0 rnti 6050 mcs 28
slot 16 index 0 rnti 6050 mcs 28
slot 4 index 0 rnti 6050 mcs 28
slot 5 index 0 rnti 6050 mcs 28
slot 6 index 0 rnti 6050 mcs 28
slot 14 index 0 rnti 6050 mcs 28
slot 15 index 0 rnti 6050 mcs 28
slot 16 index 0 rnti 6050 mcs 28
slot 4 index 0 rnti 6050 mcs 28
slot 5 index 0 rnti 6050 mcs 28
[EMURAN-DL-CSV] t=36.879 win_tbs=20 win_fail=2 win_bler=0.10000 mcs_last=28 mcs_min=28 mcs_max=28 r0=19 r1=1 r2=0 r3=0  f0=2 f1=0 f2=0 f3=0 tot_tbs=10520 tot_fail=463 tot_bler=0.04401 tot_init=10022 tot_retx=498
slot 6 index 0 rnti 6050 mcs 28
slot 14 index 0 rnti 6050 mcs 28
slot 15 index 0 rnti 6050 mcs 28
slot 16 index 0 rnti 6050 mcs 28
slot 4 index 0 rnti 6050 mcs 28
slot 5 index 0 rnti 6050 mcs 28
slot 6 index 0 rnti 6050 mcs 28
slot 14 index 0 rnti 6050 mcs 28
slot 15 index 0 rnti 6050 mcs 28
slot 16 index 0 rnti 6050 mcs 28
slot 4 index 0 rnti 6050 mcs 28
slot 5 index 0 rnti 6050 mcs 28
slot 6 index 0 rnti 6050 mcs 28
slot 14 index 0 rnti 6050 mcs 28
slot 15 index 0 rnti 6050 mcs 28
slot 16 index 0 rnti 6050 mcs 28
slot 4 index 0 rnti 6050 mcs 28
slot 5 index 0 rnti 6050 mcs 28
slot 6 index 0 rnti 6050 mcs 28
slot 14 index 0 rnti 6050 mcs 28
[EMURAN-DL-CSV] t=36.951 win_tbs=20 win_fail=0 win_bler=0.00000 mcs_last=28 mcs_min=28 mcs_max=28 r0=19 r1=1 r2=0 r3=0  f0=0 f1=0 f2=0 f3=0 tot_tbs=10540 tot_fail=463 tot_bler=0.04393 tot_init=10041 tot_retx=499
slot 15 index 0 rnti 6050 mcs 28
slot 16 index 0 rnti 6050 mcs 28
slot 4 index 0 rnti 6050 mcs 28
slot 5 index 0 rnti 6050 mcs 28
slot 6 index 0 rnti 6050 mcs 28
slot 14 index 0 rnti 6050 mcs 28
slot 15 index 0 rnti 6050 mcs 28
slot 16 index 0 rnti 6050 mcs 28
slot 4 index 0 rnti 6050 mcs 28
slot 5 index 0 rnti 6050 mcs 28
slot 6 index 0 rnti 6050 mcs 28
slot 14 index 0 rnti 6050 mcs 28
slot 15 index 0 rnti 6050 mcs 28
slot 16 index 0 rnti 6050 mcs 28
slot 4 index 0 rnti 6050 mcs 28
slot 5 index 0 rnti 6050 mcs 28
slot 6 index 0 rnti 6050 mcs 28
slot 14 index 0 rnti 6050 mcs 28
slot 15 index 0 rnti 6050 mcs 28
slot 16 index 0 rnti 6050 mcs 28
[EMURAN-DL-CSV] t=37.017 win_tbs=20 win_fail=0 win_bler=0.00000 mcs_last=28 mcs_min=28 mcs_max=28 r0=20 r1=0 r2=0 r3=0  f0=0 f1=0 f2=0 f3=0 tot_tbs=10560 tot_fail=463 tot_bler=0.04384 tot_init=10061 tot_retx=499
slot 4 index 0 rnti 6050 mcs 28
slot 5 index 0 rnti 6050 mcs 28
slot 6 index 0 rnti 6050 mcs 28
slot 14 index 0 rnti 6050 mcs 28
slot 15 index 0 rnti 6050 mcs 28
slot 16 index 0 rnti 6050 mcs 28
slot 4 index 0 rnti 6050 mcs 28
slot 5 index 0 rnti 6050 mcs 28
slot 6 index 0 rnti 6050 mcs 28
slot 14 index 0 rnti 6050 mcs 28
slot 15 index 0 rnti 6050 mcs 28
slot 16 index 0 rnti 6050 mcs 28
slot 4 index 0 rnti 6050 mcs 28
slot 5 index 0 rnti 6050 mcs 28
slot 6 index 0 rnti 6050 mcs 28
slot 14 index 0 rnti 6050 mcs 28
slot 15 index 0 rnti 6050 mcs 28
slot 16 index 0 rnti 6050 mcs 28
slot 4 index 0 rnti 6050 mcs 28
slot 5 index 0 rnti 6050 mcs 28
[EMURAN-DL-CSV] t=37.089 win_tbs=20 win_fail=2 win_bler=0.10000 mcs_last=28 mcs_min=28 mcs_max=28 r0=18 r1=2 r2=0 r3=0  f0=2 f1=0 f2=0 f3=0 tot_tbs=10580 tot_fail=465 tot_bler=0.04395 tot_init=10079 tot_retx=501
slot 6 index 0 rnti 6050 mcs 28
slot 14 index 0 rnti 6050 mcs 28
slot 15 index 0 rnti 6050 mcs 28
slot 16 index 0 rnti 6050 mcs 28
slot 4 index 0 rnti 6050 mcs 28
slot 5 index 0 rnti 6050 mcs 28
slot 6 index 0 rnti 6050 mcs 28
slot 14 index 0 rnti 6050 mcs 28
slot 15 index 0 rnti 6050 mcs 28
slot 16 index 0 rnti 6050 mcs 28
slot 4 index 0 rnti 6050 mcs 28
slot 5 index 0 rnti 6050 mcs 28
slot 6 index 0 rnti 6050 mcs 28
slot 14 index 0 rnti 6050 mcs 28
slot 15 index 0 rnti 6050 mcs 28
slot 16 index 0 rnti 6050 mcs 28
slot 4 index 0 rnti 6050 mcs 28
slot 5 index 0 rnti 6050 mcs 28
slot 6 index 0 rnti 6050 mcs 28
slot 14 index 0 rnti 6050 mcs 28
[EMURAN-DL-CSV] t=37.162 win_tbs=20 win_fail=1 win_bler=0.05000 mcs_last=28 mcs_min=28 mcs_max=28 r0=19 r1=1 r2=0 r3=0  f0=1 f1=0 f2=0 f3=0 tot_tbs=10600 tot_fail=466 tot_bler=0.04396 tot_init=10098 tot_retx=502
slot 15 index 0 rnti 6050 mcs 28
slot 16 index 0 rnti 6050 mcs 28
slot 4 index 0 rnti 6050 mcs 28
slot 5 index 0 rnti 6050 mcs 28
slot 6 index 0 rnti 6050 mcs 28
slot 14 index 0 rnti 6050 mcs 28
slot 15 index 0 rnti 6050 mcs 28
slot 16 index 0 rnti 6050 mcs 28
slot 4 index 0 rnti 6050 mcs 28
slot 5 index 0 rnti 6050 mcs 28
slot 6 index 0 rnti 6050 mcs 28
slot 14 index 0 rnti 6050 mcs 28
slot 15 index 0 rnti 6050 mcs 28
slot 16 index 0 rnti 6050 mcs 28
slot 4 index 0 rnti 6050 mcs 28
slot 5 index 0 rnti 6050 mcs 28
slot 6 index 0 rnti 6050 mcs 28
slot 14 index 0 rnti 6050 mcs 28
slot 15 index 0 rnti 6050 mcs 28
slot 16 index 0 rnti 6050 mcs 28
[EMURAN-DL-CSV] t=37.227 win_tbs=20 win_fail=0 win_bler=0.00000 mcs_last=28 mcs_min=28 mcs_max=28 r0=20 r1=0 r2=0 r3=0  f0=0 f1=0 f2=0 f3=0 tot_tbs=10620 tot_fail=466 tot_bler=0.04388 tot_init=10118 tot_retx=502
slot 4 index 0 rnti 6050 mcs 28
slot 5 index 0 rnti 6050 mcs 28
slot 6 index 0 rnti 6050 mcs 28
slot 14 index 0 rnti 6050 mcs 28
slot 15 index 0 rnti 6050 mcs 28
slot 16 index 0 rnti 6050 mcs 28
slot 4 index 0 rnti 6050 mcs 28
slot 5 index 0 rnti 6050 mcs 28
slot 6 index 0 rnti 6050 mcs 28
slot 14 index 0 rnti 6050 mcs 28
slot 15 index 0 rnti 6050 mcs 28
slot 16 index 0 rnti 6050 mcs 28
slot 4 index 0 rnti 6050 mcs 28
slot 5 index 0 rnti 6050 mcs 28
slot 6 index 0 rnti 6050 mcs 28
slot 14 index 0 rnti 6050 mcs 28
slot 15 index 0 rnti 6050 mcs 28
slot 16 index 0 rnti 6050 mcs 28
slot 4 index 0 rnti 6050 mcs 28
slot 5 index 0 rnti 6050 mcs 28
[EMURAN-DL-CSV] t=37.299 win_tbs=20 win_fail=0 win_bler=0.00000 mcs_last=28 mcs_min=28 mcs_max=28 r0=20 r1=0 r2=0 r3=0  f0=0 f1=0 f2=0 f3=0 tot_tbs=10640 tot_fail=466 tot_bler=0.04380 tot_init=10138 tot_retx=502
slot 6 index 0 rnti 6050 mcs 28
slot 14 index 0 rnti 6050 mcs 28
slot 15 index 0 rnti 6050 mcs 28
slot 16 index 0 rnti 6050 mcs 28
slot 4 index 0 rnti 6050 mcs 28
slot 5 index 0 rnti 6050 mcs 28
slot 6 index 0 rnti 6050 mcs 28
slot 14 index 0 rnti 6050 mcs 28
slot 15 index 0 rnti 6050 mcs 28
slot 16 index 0 rnti 6050 mcs 28
slot 4 index 0 rnti 6050 mcs 28
slot 5 index 0 rnti 6050 mcs 28
slot 6 index 0 rnti 6050 mcs 28
slot 14 index 0 rnti 6050 mcs 28
slot 15 index 0 rnti 6050 mcs 28
slot 16 index 0 rnti 6050 mcs 28
slot 4 index 0 rnti 6050 mcs 28
slot 5 index 0 rnti 6050 mcs 28
slot 6 index 0 rnti 6050 mcs 28
slot 14 index 0 rnti 6050 mcs 28
[EMURAN-DL-CSV] t=37.372 win_tbs=20 win_fail=1 win_bler=0.05000 mcs_last=28 mcs_min=28 mcs_max=28 r0=19 r1=1 r2=0 r3=0  f0=1 f1=0 f2=0 f3=0 tot_tbs=10660 tot_fail=467 tot_bler=0.04381 tot_init=10157 tot_retx=503
slot 15 index 0 rnti 6050 mcs 28
slot 16 index 0 rnti 6050 mcs 28
slot 4 index 0 rnti 6050 mcs 28
slot 5 index 0 rnti 6050 mcs 28
slot 6 index 0 rnti 6050 mcs 28
slot 14 index 0 rnti 6050 mcs 28
slot 15 index 0 rnti 6050 mcs 28
slot 16 index 0 rnti 6050 mcs 28
slot 4 index 0 rnti 6050 mcs 28
slot 5 index 0 rnti 6050 mcs 28
slot 6 index 0 rnti 6050 mcs 28
slot 14 index 0 rnti 6050 mcs 28
slot 15 index 0 rnti 6050 mcs 28
slot 16 index 0 rnti 6050 mcs 28
slot 4 index 0 rnti 6050 mcs 28
slot 5 index 0 rnti 6050 mcs 28
slot 6 index 0 rnti 6050 mcs 28
slot 14 index 0 rnti 6050 mcs 28
slot 15 index 0 rnti 6050 mcs 28
slot 16 index 0 rnti 6050 mcs 28
[EMURAN-DL-CSV] t=37.437 win_tbs=20 win_fail=2 win_bler=0.10000 mcs_last=28 mcs_min=28 mcs_max=28 r0=18 r1=2 r2=0 r3=0  f0=2 f1=0 f2=0 f3=0 tot_tbs=10680 tot_fail=469 tot_bler=0.04391 tot_init=10175 tot_retx=505
slot 4 index 0 rnti 6050 mcs 28
slot 5 index 0 rnti 6050 mcs 28
slot 6 index 0 rnti 6050 mcs 28
slot 14 index 0 rnti 6050 mcs 28
slot 15 index 0 rnti 6050 mcs 28
slot 16 index 0 rnti 6050 mcs 28
slot 4 index 0 rnti 6050 mcs 28
slot 5 index 0 rnti 6050 mcs 28
slot 6 index 0 rnti 6050 mcs 28
slot 14 index 0 rnti 6050 mcs 28
slot 15 index 0 rnti 6050 mcs 28
slot 16 index 0 rnti 6050 mcs 28
slot 4 index 0 rnti 6050 mcs 28
slot 5 index 0 rnti 6050 mcs 28
slot 6 index 0 rnti 6050 mcs 28
slot 14 index 0 rnti 6050 mcs 28
slot 15 index 0 rnti 6050 mcs 28
slot 16 index 0 rnti 6050 mcs 28
slot 4 index 0 rnti 6050 mcs 28
slot 5 index 0 rnti 6050 mcs 28
slot 6 index 0 rnti 6050 mcs 28
[EMURAN-DL-CSV] t=37.511 win_tbs=20 win_fail=1 win_bler=0.05000 mcs_last=28 mcs_min=28 mcs_max=28 r0=18 r1=2 r2=0 r3=0  f0=1 f1=0 f2=0 f3=0 tot_tbs=10700 tot_fail=470 tot_bler=0.04393 tot_init=10193 tot_retx=507
slot 14 index 0 rnti 6050 mcs 28
slot 15 index 0 rnti 6050 mcs 28
slot 16 index 0 rnti 6050 mcs 28
slot 4 index 0 rnti 6050 mcs 28
slot 5 index 0 rnti 6050 mcs 28
slot 6 index 0 rnti 6050 mcs 28
slot 14 index 0 rnti 6050 mcs 28
slot 15 index 0 rnti 6050 mcs 28
slot 16 index 0 rnti 6050 mcs 28
slot 4 index 0 rnti 6050 mcs 28
slot 5 index 0 rnti 6050 mcs 28
slot 6 index 0 rnti 6050 mcs 28
slot 14 index 0 rnti 6050 mcs 28
slot 15 index 0 rnti 6050 mcs 28
slot 16 index 0 rnti 6050 mcs 28
slot 4 index 0 rnti 6050 mcs 28
slot 5 index 0 rnti 6050 mcs 28
slot 6 index 0 rnti 6050 mcs 28
slot 14 index 0 rnti 6050 mcs 28
[EMURAN-DL-CSV] t=37.582 win_tbs=20 win_fail=0 win_bler=0.00000 mcs_last=28 mcs_min=28 mcs_max=28 r0=20 r1=0 r2=0 r3=0  f0=0 f1=0 f2=0 f3=0 tot_tbs=10720 tot_fail=470 tot_bler=0.04384 tot_init=10213 tot_retx=507
slot 15 index 0 rnti 6050 mcs 28
slot 16 index 0 rnti 6050 mcs 28
slot 4 index 0 rnti 6050 mcs 28
slot 5 index 0 rnti 6050 mcs 28
slot 6 index 0 rnti 6050 mcs 28
slot 14 index 0 rnti 6050 mcs 28
slot 15 index 0 rnti 6050 mcs 28
slot 16 index 0 rnti 6050 mcs 28
slot 4 index 0 rnti 6050 mcs 28
slot 5 index 0 rnti 6050 mcs 28
slot 6 index 0 rnti 6050 mcs 28
slot 14 index 0 rnti 6050 mcs 28
slot 15 index 0 rnti 6050 mcs 28
slot 16 index 0 rnti 6050 mcs 28
slot 4 index 0 rnti 6050 mcs 28
slot 5 index 0 rnti 6050 mcs 28
slot 6 index 0 rnti 6050 mcs 28
slot 14 index 0 rnti 6050 mcs 28
slot 15 index 0 rnti 6050 mcs 28
slot 16 index 0 rnti 6050 mcs 28
[EMURAN-DL-CSV] t=37.648 win_tbs=20 win_fail=1 win_bler=0.05000 mcs_last=28 mcs_min=28 mcs_max=28 r0=19 r1=1 r2=0 r3=0  f0=1 f1=0 f2=0 f3=0 tot_tbs=10740 tot_fail=471 tot_bler=0.04385 tot_init=10232 tot_retx=508
slot 4 index 0 rnti 6050 mcs 28
slot 5 index 0 rnti 6050 mcs 28
slot 6 index 0 rnti 6050 mcs 28
slot 14 index 0 rnti 6050 mcs 28
slot 15 index 0 rnti 6050 mcs 28
slot 16 index 0 rnti 6050 mcs 28
slot 4 index 0 rnti 6050 mcs 28
slot 5 index 0 rnti 6050 mcs 28
slot 6 index 0 rnti 6050 mcs 28
slot 14 index 0 rnti 6050 mcs 28
slot 15 index 0 rnti 6050 mcs 28
slot 16 index 0 rnti 6050 mcs 28
slot 4 index 0 rnti 6050 mcs 28
slot 5 index 0 rnti 6050 mcs 28
slot 6 index 0 rnti 6050 mcs 28
slot 14 index 0 rnti 6050 mcs 28
slot 15 index 0 rnti 6050 mcs 28
slot 16 index 0 rnti 6050 mcs 28
slot 4 index 0 rnti 6050 mcs 28
slot 5 index 0 rnti 6050 mcs 28
[EMURAN-DL-CSV] t=37.720 win_tbs=20 win_fail=1 win_bler=0.05000 mcs_last=28 mcs_min=28 mcs_max=28 r0=19 r1=1 r2=0 r3=0  f0=1 f1=0 f2=0 f3=0 tot_tbs=10760 tot_fail=472 tot_bler=0.04387 tot_init=10251 tot_retx=509
slot 6 index 0 rnti 6050 mcs 28
slot 14 index 0 rnti 6050 mcs 28
slot 15 index 0 rnti 6050 mcs 28
slot 16 index 0 rnti 6050 mcs 28
slot 4 index 0 rnti 6050 mcs 28
slot 5 index 0 rnti 6050 mcs 28
slot 6 index 0 rnti 6050 mcs 28
slot 14 index 0 rnti 6050 mcs 28
slot 15 index 0 rnti 6050 mcs 28
slot 16 index 0 rnti 6050 mcs 28
slot 4 index 0 rnti 6050 mcs 28
slot 5 index 0 rnti 6050 mcs 28
slot 6 index 0 rnti 6050 mcs 28
slot 14 index 0 rnti 6050 mcs 28
slot 15 index 0 rnti 6050 mcs 28
slot 16 index 0 rnti 6050 mcs 28
slot 4 index 0 rnti 6050 mcs 28
slot 5 index 0 rnti 6050 mcs 28
slot 6 index 0 rnti 6050 mcs 28
slot 14 index 0 rnti 6050 mcs 28
[EMURAN-DL-CSV] t=37.793 win_tbs=20 win_fail=0 win_bler=0.00000 mcs_last=28 mcs_min=28 mcs_max=28 r0=19 r1=1 r2=0 r3=0  f0=0 f1=0 f2=0 f3=0 tot_tbs=10780 tot_fail=472 tot_bler=0.04378 tot_init=10270 tot_retx=510
slot 15 index 0 rnti 6050 mcs 28
slot 16 index 0 rnti 6050 mcs 28
slot 4 index 0 rnti 6050 mcs 28
slot 5 index 0 rnti 6050 mcs 28
slot 6 index 0 rnti 6050 mcs 28
slot 14 index 0 rnti 6050 mcs 28
slot 15 index 0 rnti 6050 mcs 28
slot 16 index 0 rnti 6050 mcs 28
slot 4 index 0 rnti 6050 mcs 28
slot 5 index 0 rnti 6050 mcs 28
slot 6 index 0 rnti 6050 mcs 28
slot 14 index 0 rnti 6050 mcs 28
slot 15 index 0 rnti 6050 mcs 28
slot 16 index 0 rnti 6050 mcs 28
slot 4 index 0 rnti 6050 mcs 28
slot 5 index 0 rnti 6050 mcs 28
slot 6 index 0 rnti 6050 mcs 28
slot 14 index 0 rnti 6050 mcs 28
slot 15 index 0 rnti 6050 mcs 28
slot 16 index 0 rnti 6050 mcs 28
[EMURAN-DL-CSV] t=37.858 win_tbs=20 win_fail=0 win_bler=0.00000 mcs_last=28 mcs_min=28 mcs_max=28 r0=20 r1=0 r2=0 r3=0  f0=0 f1=0 f2=0 f3=0 tot_tbs=10800 tot_fail=472 tot_bler=0.04370 tot_init=10290 tot_retx=510
slot 4 index 0 rnti 6050 mcs 28
slot 5 index 0 rnti 6050 mcs 28
slot 6 index 0 rnti 6050 mcs 28
slot 14 index 0 rnti 6050 mcs 28
slot 15 index 0 rnti 6050 mcs 28
slot 16 index 0 rnti 6050 mcs 28
slot 4 index 0 rnti 6050 mcs 28
slot 5 index 0 rnti 6050 mcs 28
slot 6 index 0 rnti 6050 mcs 28
slot 14 index 0 rnti 6050 mcs 28
slot 15 index 0 rnti 6050 mcs 28
slot 16 index 0 rnti 6050 mcs 28
slot 4 index 0 rnti 6050 mcs 28
slot 5 index 0 rnti 6050 mcs 28
slot 6 index 0 rnti 6050 mcs 28
slot 14 index 0 rnti 6050 mcs 28
slot 15 index 0 rnti 6050 mcs 28
slot 16 index 0 rnti 6050 mcs 28
slot 4 index 0 rnti 6050 mcs 28
slot 5 index 0 rnti 6050 mcs 28
[EMURAN-DL-CSV] t=37.931 win_tbs=20 win_fail=2 win_bler=0.10000 mcs_last=28 mcs_min=28 mcs_max=28 r0=19 r1=1 r2=0 r3=0  f0=2 f1=0 f2=0 f3=0 tot_tbs=10820 tot_fail=474 tot_bler=0.04381 tot_init=10309 tot_retx=511
slot 6 index 0 rnti 6050 mcs 28
slot 14 index 0 rnti 6050 mcs 28
slot 15 index 0 rnti 6050 mcs 28
slot 16 index 0 rnti 6050 mcs 28
slot 4 index 0 rnti 6050 mcs 28
slot 5 index 0 rnti 6050 mcs 28
slot 6 index 0 rnti 6050 mcs 28
slot 14 index 0 rnti 6050 mcs 28
slot 15 index 0 rnti 6050 mcs 28
slot 16 index 0 rnti 6050 mcs 28
slot 4 index 0 rnti 6050 mcs 28
slot 5 index 0 rnti 6050 mcs 28
slot 6 index 0 rnti 6050 mcs 28
slot 14 index 0 rnti 6050 mcs 28
slot 15 index 0 rnti 6050 mcs 28
slot 16 index 0 rnti 6050 mcs 28
slot 4 index 0 rnti 6050 mcs 28
slot 5 index 0 rnti 6050 mcs 28
slot 6 index 0 rnti 6050 mcs 28
slot 14 index 0 rnti 6050 mcs 28
[EMURAN-DL-CSV] t=38.003 win_tbs=20 win_fail=1 win_bler=0.05000 mcs_last=28 mcs_min=28 mcs_max=28 r0=20 r1=0 r2=0 r3=0  f0=1 f1=0 f2=0 f3=0 tot_tbs=10840 tot_fail=475 tot_bler=0.04382 tot_init=10329 tot_retx=511
slot 15 index 0 rnti 6050 mcs 28
slot 16 index 0 rnti 6050 mcs 28
slot 4 index 0 rnti 6050 mcs 28
slot 5 index 0 rnti 6050 mcs 28
slot 6 index 0 rnti 6050 mcs 28
slot 14 index 0 rnti 6050 mcs 28
slot 15 index 0 rnti 6050 mcs 28
slot 16 index 0 rnti 6050 mcs 28
slot 4 index 0 rnti 6050 mcs 28
slot 5 index 0 rnti 6050 mcs 28
slot 6 index 0 rnti 6050 mcs 28
slot 14 index 0 rnti 6050 mcs 28
slot 15 index 0 rnti 6050 mcs 28
slot 16 index 0 rnti 6050 mcs 28
slot 4 index 0 rnti 6050 mcs 28
slot 5 index 0 rnti 6050 mcs 28
slot 6 index 0 rnti 6050 mcs 28
slot 14 index 0 rnti 6050 mcs 28
slot 15 index 0 rnti 6050 mcs 28
slot 16 index 0 rnti 6050 mcs 28
[EMURAN-DL-CSV] t=38.069 win_tbs=20 win_fail=1 win_bler=0.05000 mcs_last=28 mcs_min=28 mcs_max=28 r0=18 r1=2 r2=0 r3=0  f0=1 f1=0 f2=0 f3=0 tot_tbs=10860 tot_fail=476 tot_bler=0.04383 tot_init=10347 tot_retx=513
slot 4 index 0 rnti 6050 mcs 28
slot 5 index 0 rnti 6050 mcs 28
slot 6 index 0 rnti 6050 mcs 28
slot 14 index 0 rnti 6050 mcs 28
slot 15 index 0 rnti 6050 mcs 28
slot 16 index 0 rnti 6050 mcs 28
slot 4 index 0 rnti 6050 mcs 28
slot 5 index 0 rnti 6050 mcs 28
slot 6 index 0 rnti 6050 mcs 28
slot 14 index 0 rnti 6050 mcs 28
slot 15 index 0 rnti 6050 mcs 28
slot 16 index 0 rnti 6050 mcs 28
slot 4 index 0 rnti 6050 mcs 28
slot 5 index 0 rnti 6050 mcs 28
slot 6 index 0 rnti 6050 mcs 28
slot 14 index 0 rnti 6050 mcs 28
slot 15 index 0 rnti 6050 mcs 28
slot 16 index 0 rnti 6050 mcs 28
slot 4 index 0 rnti 6050 mcs 28
slot 5 index 0 rnti 6050 mcs 28
[EMURAN-DL-CSV] t=38.141 win_tbs=20 win_fail=3 win_bler=0.15000 mcs_last=28 mcs_min=28 mcs_max=28 r0=17 r1=3 r2=0 r3=0  f0=2 f1=1 f2=0 f3=0 tot_tbs=10880 tot_fail=479 tot_bler=0.04403 tot_init=10364 tot_retx=516
slot 6 index 0 rnti 6050 mcs 28
slot 14 index 0 rnti 6050 mcs 28
slot 15 index 0 rnti 6050 mcs 28
slot 16 index 0 rnti 6050 mcs 28
slot 4 index 0 rnti 6050 mcs 28
slot 5 index 0 rnti 6050 mcs 28
slot 6 index 0 rnti 6050 mcs 28
slot 14 index 0 rnti 6050 mcs 28
slot 15 index 0 rnti 6050 mcs 28
slot 16 index 0 rnti 6050 mcs 28
slot 4 index 0 rnti 6050 mcs 28
slot 5 index 0 rnti 6050 mcs 28
slot 6 index 0 rnti 6050 mcs 28
slot 14 index 0 rnti 6050 mcs 28
slot 15 index 0 rnti 6050 mcs 28
slot 16 index 0 rnti 6050 mcs 28
slot 4 index 0 rnti 6050 mcs 28
slot 5 index 0 rnti 6050 mcs 28
slot 6 index 0 rnti 6050 mcs 28
slot 14 index 0 rnti 6050 mcs 28
[EMURAN-DL-CSV] t=38.214 win_tbs=20 win_fail=0 win_bler=0.00000 mcs_last=28 mcs_min=28 mcs_max=28 r0=19 r1=1 r2=0 r3=0  f0=0 f1=0 f2=0 f3=0 tot_tbs=10900 tot_fail=479 tot_bler=0.04394 tot_init=10383 tot_retx=517
slot 15 index 0 rnti 6050 mcs 28
slot 16 index 0 rnti 6050 mcs 28
slot 4 index 0 rnti 6050 mcs 28
slot 5 index 0 rnti 6050 mcs 28
slot 6 index 0 rnti 6050 mcs 28
slot 14 index 0 rnti 6050 mcs 28
slot 15 index 0 rnti 6050 mcs 28
slot 16 index 0 rnti 6050 mcs 28
slot 4 index 0 rnti 6050 mcs 28
slot 5 index 0 rnti 6050 mcs 28
slot 6 index 0 rnti 6050 mcs 28
slot 14 index 0 rnti 6050 mcs 28
slot 15 index 0 rnti 6050 mcs 28
slot 16 index 0 rnti 6050 mcs 28
slot 4 index 0 rnti 6050 mcs 28
slot 5 index 0 rnti 6050 mcs 28
slot 6 index 0 rnti 6050 mcs 28
slot 14 index 0 rnti 6050 mcs 28
slot 15 index 0 rnti 6050 mcs 28
slot 16 index 0 rnti 6050 mcs 28
[EMURAN-DL-CSV] t=38.279 win_tbs=20 win_fail=1 win_bler=0.05000 mcs_last=28 mcs_min=28 mcs_max=28 r0=19 r1=1 r2=0 r3=0  f0=1 f1=0 f2=0 f3=0 tot_tbs=10920 tot_fail=480 tot_bler=0.04396 tot_init=10402 tot_retx=518
slot 4 index 0 rnti 6050 mcs 28
slot 5 index 0 rnti 6050 mcs 28
slot 6 index 0 rnti 6050 mcs 28
slot 14 index 0 rnti 6050 mcs 28
slot 15 index 0 rnti 6050 mcs 28
slot 16 index 0 rnti 6050 mcs 28
slot 4 index 0 rnti 6050 mcs 28
slot 5 index 0 rnti 6050 mcs 28
slot 6 index 0 rnti 6050 mcs 28
slot 14 index 0 rnti 6050 mcs 28
slot 15 index 0 rnti 6050 mcs 28
slot 16 index 0 rnti 6050 mcs 28
slot 4 index 0 rnti 6050 mcs 28
slot 5 index 0 rnti 6050 mcs 28
slot 6 index 0 rnti 6050 mcs 28
slot 14 index 0 rnti 6050 mcs 28
slot 15 index 0 rnti 6050 mcs 28
slot 16 index 0 rnti 6050 mcs 28
slot 4 index 0 rnti 6050 mcs 28
slot 5 index 0 rnti 6050 mcs 28
slot 6 index 0 rnti 6050 mcs 28
[EMURAN-DL-CSV] t=38.352 win_tbs=20 win_fail=2 win_bler=0.10000 mcs_last=28 mcs_min=28 mcs_max=28 r0=19 r1=1 r2=0 r3=0  f0=1 f1=1 f2=0 f3=0 tot_tbs=10940 tot_fail=482 tot_bler=0.04406 tot_init=10421 tot_retx=519
slot 14 index 0 rnti 6050 mcs 28
slot 15 index 0 rnti 6050 mcs 28
slot 16 index 0 rnti 6050 mcs 28
slot 4 index 0 rnti 6050 mcs 28
slot 5 index 0 rnti 6050 mcs 28
slot 6 index 0 rnti 6050 mcs 28
slot 14 index 0 rnti 6050 mcs 28
slot 15 index 0 rnti 6050 mcs 28
slot 16 index 0 rnti 6050 mcs 28
slot 4 index 0 rnti 6050 mcs 28
slot 5 index 0 rnti 6050 mcs 28
slot 6 index 0 rnti 6050 mcs 28
slot 14 index 0 rnti 6050 mcs 28
slot 15 index 0 rnti 6050 mcs 28
slot 16 index 0 rnti 6050 mcs 28
slot 4 index 0 rnti 6050 mcs 28
slot 5 index 0 rnti 6050 mcs 28
slot 6 index 0 rnti 6050 mcs 28
slot 14 index 0 rnti 6050 mcs 28
slot 15 index 0 rnti 6050 mcs 28
[EMURAN-DL-CSV] t=38.425 win_tbs=20 win_fail=0 win_bler=0.00000 mcs_last=28 mcs_min=28 mcs_max=28 r0=19 r1=1 r2=0 r3=0  f0=0 f1=0 f2=0 f3=0 tot_tbs=10960 tot_fail=482 tot_bler=0.04398 tot_init=10440 tot_retx=520
slot 16 index 0 rnti 6050 mcs 28
slot 4 index 0 rnti 6050 mcs 28
slot 5 index 0 rnti 6050 mcs 28
slot 6 index 0 rnti 6050 mcs 28
slot 14 index 0 rnti 6050 mcs 28
slot 15 index 0 rnti 6050 mcs 28
slot 16 index 0 rnti 6050 mcs 28
slot 4 index 0 rnti 6050 mcs 28
slot 5 index 0 rnti 6050 mcs 28
slot 6 index 0 rnti 6050 mcs 28
slot 14 index 0 rnti 6050 mcs 28
slot 15 index 0 rnti 6050 mcs 28
slot 16 index 0 rnti 6050 mcs 28
slot 4 index 0 rnti 6050 mcs 28
slot 5 index 0 rnti 6050 mcs 28
slot 6 index 0 rnti 6050 mcs 28
slot 14 index 0 rnti 6050 mcs 28
slot 15 index 0 rnti 6050 mcs 28
slot 16 index 0 rnti 6050 mcs 28
[EMURAN-DL-CSV] t=38.489 win_tbs=20 win_fail=2 win_bler=0.10000 mcs_last=28 mcs_min=28 mcs_max=28 r0=18 r1=2 r2=0 r3=0  f0=1 f1=1 f2=0 f3=0 tot_tbs=10980 tot_fail=484 tot_bler=0.04408 tot_init=10458 tot_retx=522
slot 4 index 0 rnti 6050 mcs 28
slot 5 index 0 rnti 6050 mcs 28
slot 6 index 0 rnti 6050 mcs 28
slot 14 index 0 rnti 6050 mcs 28
slot 15 index 0 rnti 6050 mcs 28
slot 16 index 0 rnti 6050 mcs 28
slot 4 index 0 rnti 6050 mcs 28
slot 5 index 0 rnti 6050 mcs 28
slot 6 index 0 rnti 6050 mcs 28
slot 14 index 0 rnti 6050 mcs 28
slot 15 index 0 rnti 6050 mcs 28
slot 16 index 0 rnti 6050 mcs 28
slot 4 index 0 rnti 6050 mcs 28
slot 5 index 0 rnti 6050 mcs 28
slot 6 index 0 rnti 6050 mcs 28
slot 14 index 0 rnti 6050 mcs 28
slot 15 index 0 rnti 6050 mcs 28
slot 16 index 0 rnti 6050 mcs 28
slot 4 index 0 rnti 6050 mcs 28
slot 5 index 0 rnti 6050 mcs 28
[EMURAN-DL-CSV] t=38.562 win_tbs=20 win_fail=1 win_bler=0.05000 mcs_last=28 mcs_min=28 mcs_max=28 r0=19 r1=1 r2=0 r3=0  f0=1 f1=0 f2=0 f3=0 tot_tbs=11000 tot_fail=485 tot_bler=0.04409 tot_init=10477 tot_retx=523
slot 6 index 0 rnti 6050 mcs 28
slot 14 index 0 rnti 6050 mcs 28
slot 15 index 0 rnti 6050 mcs 28
slot 16 index 0 rnti 6050 mcs 28
[UE-STAT] frame=600 dci_cnt=600 total_tbs=50385600 ack_real=494 nack_real=24 fb_missing=82 decode_cnt=600
slot 4 index 0 rnti 6050 mcs 28
slot 5 index 0 rnti 6050 mcs 28
slot 6 index 0 rnti 6050 mcs 28
slot 14 index 0 rnti 6050 mcs 28
slot 15 index 0 rnti 6050 mcs 28
slot 16 index 0 rnti 6050 mcs 28
slot 4 index 0 rnti 6050 mcs 28
slot 5 index 0 rnti 6050 mcs 28
slot 6 index 0 rnti 6050 mcs 28
slot 14 index 0 rnti 6050 mcs 28
slot 15 index 0 rnti 6050 mcs 28
slot 16 index 0 rnti 6050 mcs 28
slot 4 index 0 rnti 6050 mcs 28
slot 5 index 0 rnti 6050 mcs 28
slot 6 index 0 rnti 6050 mcs 28
slot 14 index 0 rnti 6050 mcs 28
slot 15 index 0 rnti 6050 mcs 28
[EMURAN-DL-CSV] t=38.635 win_tbs=20 win_fail=1 win_bler=0.05000 mcs_last=28 mcs_min=28 mcs_max=28 r0=19 r1=1 r2=0 r3=0  f0=1 f1=0 f2=0 f3=0 tot_tbs=11020 tot_fail=486 tot_bler=0.04410 tot_init=10496 tot_retx=524
slot 16 index 0 rnti 6050 mcs 28
slot 4 index 0 rnti 6050 mcs 28
slot 5 index 0 rnti 6050 mcs 28
slot 6 index 0 rnti 6050 mcs 28
slot 14 index 0 rnti 6050 mcs 28
slot 15 index 0 rnti 6050 mcs 28
slot 16 index 0 rnti 6050 mcs 28
slot 4 index 0 rnti 6050 mcs 28
slot 5 index 0 rnti 6050 mcs 28
slot 6 index 0 rnti 6050 mcs 28
slot 14 index 0 rnti 6050 mcs 28
slot 15 index 0 rnti 6050 mcs 28
slot 16 index 0 rnti 6050 mcs 28
slot 4 index 0 rnti 6050 mcs 28
slot 5 index 0 rnti 6050 mcs 28
slot 6 index 0 rnti 6050 mcs 28
slot 14 index 0 rnti 6050 mcs 28
slot 15 index 0 rnti 6050 mcs 28
slot 16 index 0 rnti 6050 mcs 28
[EMURAN-DL-CSV] t=38.699 win_tbs=20 win_fail=1 win_bler=0.05000 mcs_last=28 mcs_min=28 mcs_max=28 r0=19 r1=1 r2=0 r3=0  f0=1 f1=0 f2=0 f3=0 tot_tbs=11040 tot_fail=487 tot_bler=0.04411 tot_init=10515 tot_retx=525
slot 4 index 0 rnti 6050 mcs 28
slot 5 index 0 rnti 6050 mcs 28
slot 6 index 0 rnti 6050 mcs 28
slot 14 index 0 rnti 6050 mcs 28
slot 15 index 0 rnti 6050 mcs 28
slot 16 index 0 rnti 6050 mcs 28
slot 4 index 0 rnti 6050 mcs 28
slot 5 index 0 rnti 6050 mcs 28
slot 6 index 0 rnti 6050 mcs 28
slot 14 index 0 rnti 6050 mcs 28
slot 15 index 0 rnti 6050 mcs 28
slot 16 index 0 rnti 6050 mcs 28
slot 4 index 0 rnti 6050 mcs 28
slot 5 index 0 rnti 6050 mcs 28
slot 6 index 0 rnti 6050 mcs 28
slot 14 index 0 rnti 6050 mcs 28
slot 15 index 0 rnti 6050 mcs 28
slot 16 index 0 rnti 6050 mcs 28
slot 4 index 0 rnti 6050 mcs 28
slot 5 index 0 rnti 6050 mcs 28
[EMURAN-DL-CSV] t=38.772 win_tbs=20 win_fail=0 win_bler=0.00000 mcs_last=28 mcs_min=28 mcs_max=28 r0=19 r1=1 r2=0 r3=0  f0=0 f1=0 f2=0 f3=0 tot_tbs=11060 tot_fail=487 tot_bler=0.04403 tot_init=10534 tot_retx=526
slot 6 index 0 rnti 6050 mcs 28
slot 14 index 0 rnti 6050 mcs 28
slot 15 index 0 rnti 6050 mcs 28
slot 16 index 0 rnti 6050 mcs 28
slot 4 index 0 rnti 6050 mcs 28
slot 5 index 0 rnti 6050 mcs 28
slot 6 index 0 rnti 6050 mcs 28
slot 14 index 0 rnti 6050 mcs 28
slot 15 index 0 rnti 6050 mcs 28
slot 16 index 0 rnti 6050 mcs 28
slot 4 index 0 rnti 6050 mcs 28
slot 5 index 0 rnti 6050 mcs 28
slot 6 index 0 rnti 6050 mcs 28
slot 14 index 0 rnti 6050 mcs 28
slot 15 index 0 rnti 6050 mcs 28
slot 16 index 0 rnti 6050 mcs 28
slot 4 index 0 rnti 6050 mcs 28
slot 5 index 0 rnti 6050 mcs 28
slot 6 index 0 rnti 6050 mcs 28
slot 14 index 0 rnti 6050 mcs 28
[EMURAN-DL-CSV] t=38.845 win_tbs=20 win_fail=1 win_bler=0.05000 mcs_last=28 mcs_min=28 mcs_max=28 r0=19 r1=1 r2=0 r3=0  f0=1 f1=0 f2=0 f3=0 tot_tbs=11080 tot_fail=488 tot_bler=0.04404 tot_init=10553 tot_retx=527
slot 15 index 0 rnti 6050 mcs 28
slot 16 index 0 rnti 6050 mcs 28
slot 4 index 0 rnti 6050 mcs 28
slot 5 index 0 rnti 6050 mcs 28
slot 6 index 0 rnti 6050 mcs 28
slot 14 index 0 rnti 6050 mcs 28
slot 15 index 0 rnti 6050 mcs 28
slot 16 index 0 rnti 6050 mcs 28
slot 4 index 0 rnti 6050 mcs 28
slot 5 index 0 rnti 6050 mcs 28
slot 6 index 0 rnti 6050 mcs 28
slot 14 index 0 rnti 6050 mcs 28
slot 15 index 0 rnti 6050 mcs 28
slot 16 index 0 rnti 6050 mcs 28
slot 4 index 0 rnti 6050 mcs 28
slot 5 index 0 rnti 6050 mcs 28
slot 6 index 0 rnti 6050 mcs 28
slot 14 index 0 rnti 6050 mcs 28
slot 15 index 0 rnti 6050 mcs 28
slot 16 index 0 rnti 6050 mcs 28
[EMURAN-DL-CSV] t=38.910 win_tbs=20 win_fail=0 win_bler=0.00000 mcs_last=28 mcs_min=28 mcs_max=28 r0=20 r1=0 r2=0 r3=0  f0=0 f1=0 f2=0 f3=0 tot_tbs=11100 tot_fail=488 tot_bler=0.04396 tot_init=10573 tot_retx=527
slot 4 index 0 rnti 6050 mcs 28
slot 5 index 0 rnti 6050 mcs 28
slot 6 index 0 rnti 6050 mcs 28
slot 14 index 0 rnti 6050 mcs 28
slot 15 index 0 rnti 6050 mcs 28
slot 16 index 0 rnti 6050 mcs 28
slot 4 index 0 rnti 6050 mcs 28
slot 5 index 0 rnti 6050 mcs 28
slot 6 index 0 rnti 6050 mcs 28
slot 14 index 0 rnti 6050 mcs 28
slot 15 index 0 rnti 6050 mcs 28
slot 16 index 0 rnti 6050 mcs 28
slot 4 index 0 rnti 6050 mcs 28
slot 5 index 0 rnti 6050 mcs 28
slot 6 index 0 rnti 6050 mcs 28
slot 14 index 0 rnti 6050 mcs 28
slot 15 index 0 rnti 6050 mcs 28
slot 16 index 0 rnti 6050 mcs 28
slot 4 index 0 rnti 6050 mcs 28
slot 5 index 0 rnti 6050 mcs 28
[EMURAN-DL-CSV] t=38.982 win_tbs=20 win_fail=2 win_bler=0.10000 mcs_last=28 mcs_min=28 mcs_max=28 r0=18 r1=2 r2=0 r3=0  f0=1 f1=1 f2=0 f3=0 tot_tbs=11120 tot_fail=490 tot_bler=0.04406 tot_init=10591 tot_retx=529
slot 6 index 0 rnti 6050 mcs 28
slot 14 index 0 rnti 6050 mcs 28
slot 15 index 0 rnti 6050 mcs 28
slot 16 index 0 rnti 6050 mcs 28
slot 4 index 0 rnti 6050 mcs 28
slot 5 index 0 rnti 6050 mcs 28
slot 6 index 0 rnti 6050 mcs 28
slot 14 index 0 rnti 6050 mcs 28
slot 15 index 0 rnti 6050 mcs 28
slot 16 index 0 rnti 6050 mcs 28
slot 4 index 0 rnti 6050 mcs 28
slot 5 index 0 rnti 6050 mcs 28
slot 6 index 0 rnti 6050 mcs 28
slot 14 index 0 rnti 6050 mcs 28
slot 15 index 0 rnti 6050 mcs 28
slot 16 index 0 rnti 6050 mcs 28
slot 4 index 0 rnti 6050 mcs 28
slot 5 index 0 rnti 6050 mcs 28
slot 6 index 0 rnti 6050 mcs 28
slot 14 index 0 rnti 6050 mcs 28
[EMURAN-DL-CSV] t=39.055 win_tbs=20 win_fail=4 win_bler=0.20000 mcs_last=28 mcs_min=28 mcs_max=28 r0=17 r1=3 r2=0 r3=0  f0=4 f1=0 f2=0 f3=0 tot_tbs=11140 tot_fail=494 tot_bler=0.04434 tot_init=10608 tot_retx=532
slot 15 index 0 rnti 6050 mcs 28
slot 16 index 0 rnti 6050 mcs 28
slot 4 index 0 rnti 6050 mcs 28
slot 5 index 0 rnti 6050 mcs 28
slot 6 index 0 rnti 6050 mcs 28
slot 14 index 0 rnti 6050 mcs 28
slot 15 index 0 rnti 6050 mcs 28
slot 16 index 0 rnti 6050 mcs 28
slot 4 index 0 rnti 6050 mcs 28
slot 5 index 0 rnti 6050 mcs 28
slot 6 index 0 rnti 6050 mcs 28
slot 14 index 0 rnti 6050 mcs 28
slot 15 index 0 rnti 6050 mcs 28
slot 16 index 0 rnti 6050 mcs 28
slot 4 index 0 rnti 6050 mcs 28
slot 5 index 0 rnti 6050 mcs 28
slot 6 index 0 rnti 6050 mcs 28
slot 14 index 0 rnti 6050 mcs 28
slot 15 index 0 rnti 6050 mcs 28
slot 16 index 0 rnti 6050 mcs 28
[EMURAN-DL-CSV] t=39.120 win_tbs=20 win_fail=2 win_bler=0.10000 mcs_last=28 mcs_min=28 mcs_max=28 r0=17 r1=3 r2=0 r3=0  f0=2 f1=0 f2=0 f3=0 tot_tbs=11160 tot_fail=496 tot_bler=0.04444 tot_init=10625 tot_retx=535
slot 4 index 0 rnti 6050 mcs 28
slot 5 index 0 rnti 6050 mcs 28
slot 6 index 0 rnti 6050 mcs 28
slot 14 index 0 rnti 6050 mcs 28
slot 15 index 0 rnti 6050 mcs 28
slot 16 index 0 rnti 6050 mcs 28
slot 4 index 0 rnti 6050 mcs 28
slot 5 index 0 rnti 6050 mcs 28
slot 6 index 0 rnti 6050 mcs 28
slot 14 index 0 rnti 6050 mcs 28
slot 15 index 0 rnti 6050 mcs 28
slot 16 index 0 rnti 6050 mcs 28
slot 4 index 0 rnti 6050 mcs 28
slot 5 index 0 rnti 6050 mcs 28
slot 6 index 0 rnti 6050 mcs 28
slot 14 index 0 rnti 6050 mcs 28
slot 15 index 0 rnti 6050 mcs 28
slot 16 index 0 rnti 6050 mcs 28
slot 4 index 0 rnti 6050 mcs 28
slot 5 index 0 rnti 6050 mcs 28
[EMURAN-DL-CSV] t=39.193 win_tbs=20 win_fail=1 win_bler=0.05000 mcs_last=28 mcs_min=28 mcs_max=28 r0=19 r1=1 r2=0 r3=0  f0=1 f1=0 f2=0 f3=0 tot_tbs=11180 tot_fail=497 tot_bler=0.04445 tot_init=10644 tot_retx=536
slot 6 index 0 rnti 6050 mcs 28
slot 14 index 0 rnti 6050 mcs 28
slot 15 index 0 rnti 6050 mcs 28
slot 16 index 0 rnti 6050 mcs 28
slot 4 index 0 rnti 6050 mcs 28
slot 5 index 0 rnti 6050 mcs 28
slot 6 index 0 rnti 6050 mcs 28
slot 14 index 0 rnti 6050 mcs 28
slot 15 index 0 rnti 6050 mcs 28
slot 16 index 0 rnti 6050 mcs 28
slot 4 index 0 rnti 6050 mcs 28
slot 5 index 0 rnti 6050 mcs 28
slot 6 index 0 rnti 6050 mcs 28
slot 14 index 0 rnti 6050 mcs 28
slot 15 index 0 rnti 6050 mcs 28
slot 16 index 0 rnti 6050 mcs 28
slot 4 index 0 rnti 6050 mcs 28
slot 5 index 0 rnti 6050 mcs 28
slot 6 index 0 rnti 6050 mcs 28
slot 14 index 0 rnti 6050 mcs 28
[EMURAN-DL-CSV] t=39.265 win_tbs=20 win_fail=2 win_bler=0.10000 mcs_last=28 mcs_min=28 mcs_max=28 r0=18 r1=2 r2=0 r3=0  f0=2 f1=0 f2=0 f3=0 tot_tbs=11200 tot_fail=499 tot_bler=0.04455 tot_init=10662 tot_retx=538
slot 15 index 0 rnti 6050 mcs 28
slot 16 index 0 rnti 6050 mcs 28
slot 4 index 0 rnti 6050 mcs 28
slot 5 index 0 rnti 6050 mcs 28
slot 6 index 0 rnti 6050 mcs 28
slot 14 index 0 rnti 6050 mcs 28
slot 15 index 0 rnti 6050 mcs 28
slot 16 index 0 rnti 6050 mcs 28
slot 4 index 0 rnti 6050 mcs 28
slot 5 index 0 rnti 6050 mcs 28
slot 6 index 0 rnti 6050 mcs 28
slot 14 index 0 rnti 6050 mcs 28
slot 15 index 0 rnti 6050 mcs 28
slot 16 index 0 rnti 6050 mcs 28
slot 4 index 0 rnti 6050 mcs 28
slot 5 index 0 rnti 6050 mcs 28
slot 6 index 0 rnti 6050 mcs 28
slot 14 index 0 rnti 6050 mcs 28
slot 15 index 0 rnti 6050 mcs 28
slot 16 index 0 rnti 6050 mcs 28
[EMURAN-DL-CSV] t=39.331 win_tbs=20 win_fail=1 win_bler=0.05000 mcs_last=28 mcs_min=28 mcs_max=28 r0=19 r1=1 r2=0 r3=0  f0=1 f1=0 f2=0 f3=0 tot_tbs=11220 tot_fail=500 tot_bler=0.04456 tot_init=10681 tot_retx=539
slot 4 index 0 rnti 6050 mcs 28
slot 5 index 0 rnti 6050 mcs 28
slot 6 index 0 rnti 6050 mcs 28
slot 14 index 0 rnti 6050 mcs 28
slot 15 index 0 rnti 6050 mcs 28
slot 16 index 0 rnti 6050 mcs 28
slot 4 index 0 rnti 6050 mcs 28
slot 5 index 0 rnti 6050 mcs 28
slot 6 index 0 rnti 6050 mcs 28
slot 14 index 0 rnti 6050 mcs 28
slot 15 index 0 rnti 6050 mcs 28
slot 16 index 0 rnti 6050 mcs 28
slot 4 index 0 rnti 6050 mcs 28
slot 5 index 0 rnti 6050 mcs 28
slot 6 index 0 rnti 6050 mcs 28
slot 14 index 0 rnti 6050 mcs 28
slot 15 index 0 rnti 6050 mcs 28
slot 16 index 0 rnti 6050 mcs 28
slot 4 index 0 rnti 6050 mcs 28
slot 5 index 0 rnti 6050 mcs 28
slot 6 index 0 rnti 6050 mcs 28
[EMURAN-DL-CSV] t=39.404 win_tbs=20 win_fail=2 win_bler=0.10000 mcs_last=28 mcs_min=28 mcs_max=28 r0=18 r1=2 r2=0 r3=0  f0=2 f1=0 f2=0 f3=0 tot_tbs=11240 tot_fail=502 tot_bler=0.04466 tot_init=10699 tot_retx=541
slot 14 index 0 rnti 6050 mcs 28
slot 15 index 0 rnti 6050 mcs 28
slot 16 index 0 rnti 6050 mcs 28
slot 4 index 0 rnti 6050 mcs 28
slot 5 index 0 rnti 6050 mcs 28
slot 6 index 0 rnti 6050 mcs 28
slot 14 index 0 rnti 6050 mcs 28
slot 15 index 0 rnti 6050 mcs 28
slot 16 index 0 rnti 6050 mcs 28
slot 4 index 0 rnti 6050 mcs 28
slot 5 index 0 rnti 6050 mcs 28
slot 6 index 0 rnti 6050 mcs 28
slot 14 index 0 rnti 6050 mcs 28
slot 15 index 0 rnti 6050 mcs 28
slot 16 index 0 rnti 6050 mcs 28
slot 4 index 0 rnti 6050 mcs 28
slot 5 index 0 rnti 6050 mcs 28
slot 6 index 0 rnti 6050 mcs 28
slot 14 index 0 rnti 6050 mcs 28
[EMURAN-DL-CSV] t=39.476 win_tbs=20 win_fail=1 win_bler=0.05000 mcs_last=28 mcs_min=28 mcs_max=28 r0=18 r1=2 r2=0 r3=0  f0=1 f1=0 f2=0 f3=0 tot_tbs=11260 tot_fail=503 tot_bler=0.04467 tot_init=10717 tot_retx=543
slot 15 index 0 rnti 6050 mcs 28
slot 16 index 0 rnti 6050 mcs 28
slot 4 index 0 rnti 6050 mcs 28
slot 5 index 0 rnti 6050 mcs 28
slot 6 index 0 rnti 6050 mcs 28
slot 14 index 0 rnti 6050 mcs 28
slot 15 index 0 rnti 6050 mcs 28
slot 16 index 0 rnti 6050 mcs 28
slot 4 index 0 rnti 6050 mcs 28
slot 5 index 0 rnti 6050 mcs 28
slot 6 index 0 rnti 6050 mcs 28
slot 14 index 0 rnti 6050 mcs 28
slot 15 index 0 rnti 6050 mcs 28
slot 16 index 0 rnti 6050 mcs 28
slot 4 index 0 rnti 6050 mcs 28
slot 5 index 0 rnti 6050 mcs 28
slot 6 index 0 rnti 6050 mcs 28
slot 14 index 0 rnti 6050 mcs 28
slot 15 index 0 rnti 6050 mcs 28
slot 16 index 0 rnti 6050 mcs 28
[EMURAN-DL-CSV] t=39.541 win_tbs=20 win_fail=1 win_bler=0.05000 mcs_last=28 mcs_min=28 mcs_max=28 r0=19 r1=1 r2=0 r3=0  f0=1 f1=0 f2=0 f3=0 tot_tbs=11280 tot_fail=504 tot_bler=0.04468 tot_init=10736 tot_retx=544
slot 4 index 0 rnti 6050 mcs 28
slot 5 index 0 rnti 6050 mcs 28
slot 6 index 0 rnti 6050 mcs 28
slot 14 index 0 rnti 6050 mcs 28
slot 15 index 0 rnti 6050 mcs 28
slot 16 index 0 rnti 6050 mcs 28
slot 4 index 0 rnti 6050 mcs 28
slot 5 index 0 rnti 6050 mcs 28
slot 6 index 0 rnti 6050 mcs 28
slot 14 index 0 rnti 6050 mcs 28
slot 15 index 0 rnti 6050 mcs 28
slot 16 index 0 rnti 6050 mcs 28
slot 4 index 0 rnti 6050 mcs 28
slot 5 index 0 rnti 6050 mcs 28
slot 6 index 0 rnti 6050 mcs 28
slot 14 index 0 rnti 6050 mcs 28
slot 15 index 0 rnti 6050 mcs 28
slot 16 index 0 rnti 6050 mcs 28
slot 4 index 0 rnti 6050 mcs 28
slot 5 index 0 rnti 6050 mcs 28
[EMURAN-DL-CSV] t=39.613 win_tbs=20 win_fail=0 win_bler=0.00000 mcs_last=28 mcs_min=28 mcs_max=28 r0=20 r1=0 r2=0 r3=0  f0=0 f1=0 f2=0 f3=0 tot_tbs=11300 tot_fail=504 tot_bler=0.04460 tot_init=10756 tot_retx=544
slot 6 index 0 rnti 6050 mcs 28
slot 14 index 0 rnti 6050 mcs 28
slot 15 index 0 rnti 6050 mcs 28
slot 16 index 0 rnti 6050 mcs 28
slot 4 index 0 rnti 6050 mcs 28
slot 5 index 0 rnti 6050 mcs 28
slot 6 index 0 rnti 6050 mcs 28
slot 14 index 0 rnti 6050 mcs 28
slot 15 index 0 rnti 6050 mcs 28
slot 16 index 0 rnti 6050 mcs 28
slot 4 index 0 rnti 6050 mcs 28
slot 5 index 0 rnti 6050 mcs 28
slot 6 index 0 rnti 6050 mcs 28
slot 14 index 0 rnti 6050 mcs 28
slot 15 index 0 rnti 6050 mcs 28
slot 16 index 0 rnti 6050 mcs 28
slot 4 index 0 rnti 6050 mcs 28
slot 5 index 0 rnti 6050 mcs 28
slot 6 index 0 rnti 6050 mcs 28
slot 14 index 0 rnti 6050 mcs 28
slot 15 index 0 rnti 6050 mcs 28
[EMURAN-DL-CSV] t=39.687 win_tbs=20 win_fail=0 win_bler=0.00000 mcs_last=28 mcs_min=28 mcs_max=28 r0=20 r1=0 r2=0 r3=0  f0=0 f1=0 f2=0 f3=0 tot_tbs=11320 tot_fail=504 tot_bler=0.04452 tot_init=10776 tot_retx=544
slot 16 index 0 rnti 6050 mcs 28
slot 4 index 0 rnti 6050 mcs 28
slot 5 index 0 rnti 6050 mcs 28
slot 6 index 0 rnti 6050 mcs 28
slot 14 index 0 rnti 6050 mcs 28
slot 15 index 0 rnti 6050 mcs 28
slot 16 index 0 rnti 6050 mcs 28
slot 4 index 0 rnti 6050 mcs 28
slot 5 index 0 rnti 6050 mcs 28
slot 6 index 0 rnti 6050 mcs 28
slot 14 index 0 rnti 6050 mcs 28
slot 15 index 0 rnti 6050 mcs 28
slot 16 index 0 rnti 6050 mcs 28
slot 4 index 0 rnti 6050 mcs 28
slot 5 index 0 rnti 6050 mcs 28
slot 6 index 0 rnti 6050 mcs 28
slot 14 index 0 rnti 6050 mcs 28
slot 15 index 0 rnti 6050 mcs 28
slot 16 index 0 rnti 6050 mcs 28
[EMURAN-DL-CSV] t=39.751 win_tbs=20 win_fail=2 win_bler=0.10000 mcs_last=28 mcs_min=28 mcs_max=28 r0=18 r1=2 r2=0 r3=0  f0=2 f1=0 f2=0 f3=0 tot_tbs=11340 tot_fail=506 tot_bler=0.04462 tot_init=10794 tot_retx=546
slot 4 index 0 rnti 6050 mcs 28
slot 5 index 0 rnti 6050 mcs 28
slot 6 index 0 rnti 6050 mcs 28
slot 14 index 0 rnti 6050 mcs 28
slot 15 index 0 rnti 6050 mcs 28
slot 16 index 0 rnti 6050 mcs 28
slot 4 index 0 rnti 6050 mcs 28
slot 5 index 0 rnti 6050 mcs 28
slot 6 index 0 rnti 6050 mcs 28
slot 14 index 0 rnti 6050 mcs 28
slot 15 index 0 rnti 6050 mcs 28
slot 16 index 0 rnti 6050 mcs 28
slot 4 index 0 rnti 6050 mcs 28
slot 5 index 0 rnti 6050 mcs 28
slot 6 index 0 rnti 6050 mcs 28
slot 14 index 0 rnti 6050 mcs 28
slot 15 index 0 rnti 6050 mcs 28
slot 16 index 0 rnti 6050 mcs 28
slot 4 index 0 rnti 6050 mcs 28
slot 5 index 0 rnti 6050 mcs 28
[EMURAN-DL-CSV] t=39.824 win_tbs=20 win_fail=1 win_bler=0.05000 mcs_last=28 mcs_min=28 mcs_max=28 r0=18 r1=2 r2=0 r3=0  f0=1 f1=0 f2=0 f3=0 tot_tbs=11360 tot_fail=507 tot_bler=0.04463 tot_init=10812 tot_retx=548
slot 6 index 0 rnti 6050 mcs 28
slot 14 index 0 rnti 6050 mcs 28
slot 15 index 0 rnti 6050 mcs 28
slot 16 index 0 rnti 6050 mcs 28
slot 4 index 0 rnti 6050 mcs 28
slot 5 index 0 rnti 6050 mcs 28
slot 6 index 0 rnti 6050 mcs 28
slot 14 index 0 rnti 6050 mcs 28
slot 15 index 0 rnti 6050 mcs 28
slot 16 index 0 rnti 6050 mcs 28
slot 4 index 0 rnti 6050 mcs 28
slot 5 index 0 rnti 6050 mcs 28
slot 6 index 0 rnti 6050 mcs 28
slot 14 index 0 rnti 6050 mcs 28
slot 15 index 0 rnti 6050 mcs 28
slot 16 index 0 rnti 6050 mcs 28
slot 4 index 0 rnti 6050 mcs 28
slot 5 index 0 rnti 6050 mcs 28
slot 6 index 0 rnti 6050 mcs 28
slot 14 index 0 rnti 6050 mcs 28
[EMURAN-DL-CSV] t=39.896 win_tbs=20 win_fail=1 win_bler=0.05000 mcs_last=28 mcs_min=28 mcs_max=28 r0=19 r1=1 r2=0 r3=0  f0=1 f1=0 f2=0 f3=0 tot_tbs=11380 tot_fail=508 tot_bler=0.04464 tot_init=10831 tot_retx=549
slot 15 index 0 rnti 6050 mcs 28
slot 16 index 0 rnti 6050 mcs 28
slot 4 index 0 rnti 6050 mcs 28
slot 5 index 0 rnti 6050 mcs 28
slot 6 index 0 rnti 6050 mcs 28
slot 14 index 0 rnti 6050 mcs 28
slot 15 index 0 rnti 6050 mcs 28
slot 16 index 0 rnti 6050 mcs 28
slot 4 index 0 rnti 6050 mcs 28
slot 5 index 0 rnti 6050 mcs 28
slot 6 index 0 rnti 6050 mcs 28
slot 14 index 0 rnti 6050 mcs 28
slot 15 index 0 rnti 6050 mcs 28
slot 16 index 0 rnti 6050 mcs 28
slot 4 index 0 rnti 6050 mcs 28
slot 5 index 0 rnti 6050 mcs 28
slot 6 index 0 rnti 6050 mcs 28
slot 14 index 0 rnti 6050 mcs 28
slot 15 index 0 rnti 6050 mcs 28
slot 16 index 0 rnti 6050 mcs 28
[EMURAN-DL-CSV] t=39.962 win_tbs=20 win_fail=0 win_bler=0.00000 mcs_last=28 mcs_min=28 mcs_max=28 r0=20 r1=0 r2=0 r3=0  f0=0 f1=0 f2=0 f3=0 tot_tbs=11400 tot_fail=508 tot_bler=0.04456 tot_init=10851 tot_retx=549
slot 4 index 0 rnti 6050 mcs 28
slot 5 index 0 rnti 6050 mcs 28
slot 6 index 0 rnti 6050 mcs 28
slot 14 index 0 rnti 6050 mcs 28
slot 15 index 0 rnti 6050 mcs 28
slot 16 index 0 rnti 6050 mcs 28
slot 4 index 0 rnti 6050 mcs 28
slot 5 index 0 rnti 6050 mcs 28
slot 6 index 0 rnti 6050 mcs 28
slot 14 index 0 rnti 6050 mcs 28
slot 15 index 0 rnti 6050 mcs 28
slot 16 index 0 rnti 6050 mcs 28
slot 4 index 0 rnti 6050 mcs 28
slot 5 index 0 rnti 6050 mcs 28
slot 6 index 0 rnti 6050 mcs 28
slot 14 index 0 rnti 6050 mcs 28
slot 15 index 0 rnti 6050 mcs 28
slot 16 index 0 rnti 6050 mcs 28
slot 4 index 0 rnti 6050 mcs 28
slot 5 index 0 rnti 6050 mcs 28
[EMURAN-DL-CSV] t=40.034 win_tbs=20 win_fail=1 win_bler=0.05000 mcs_last=28 mcs_min=28 mcs_max=28 r0=20 r1=0 r2=0 r3=0  f0=1 f1=0 f2=0 f3=0 tot_tbs=11420 tot_fail=509 tot_bler=0.04457 tot_init=10871 tot_retx=549
slot 6 index 0 rnti 6050 mcs 28
slot 14 index 0 rnti 6050 mcs 28
slot 15 index 0 rnti 6050 mcs 28
slot 16 index 0 rnti 6050 mcs 28
slot 4 index 0 rnti 6050 mcs 28
slot 5 index 0 rnti 6050 mcs 28
slot 6 index 0 rnti 6050 mcs 28
slot 14 index 0 rnti 6050 mcs 28
slot 15 index 0 rnti 6050 mcs 28
slot 16 index 0 rnti 6050 mcs 28
slot 4 index 0 rnti 6050 mcs 28
slot 5 index 0 rnti 6050 mcs 28
slot 6 index 0 rnti 6050 mcs 28
slot 14 index 0 rnti 6050 mcs 28
slot 15 index 0 rnti 6050 mcs 28
slot 16 index 0 rnti 6050 mcs 28
slot 4 index 0 rnti 6050 mcs 28
slot 5 index 0 rnti 6050 mcs 28
slot 6 index 0 rnti 6050 mcs 28
slot 14 index 0 rnti 6050 mcs 28
[EMURAN-DL-CSV] t=40.107 win_tbs=20 win_fail=0 win_bler=0.00000 mcs_last=28 mcs_min=28 mcs_max=28 r0=19 r1=1 r2=0 r3=0  f0=0 f1=0 f2=0 f3=0 tot_tbs=11440 tot_fail=509 tot_bler=0.04449 tot_init=10890 tot_retx=550
slot 15 index 0 rnti 6050 mcs 28
slot 16 index 0 rnti 6050 mcs 28
slot 4 index 0 rnti 6050 mcs 28
slot 5 index 0 rnti 6050 mcs 28
slot 6 index 0 rnti 6050 mcs 28
slot 14 index 0 rnti 6050 mcs 28
slot 15 index 0 rnti 6050 mcs 28
slot 16 index 0 rnti 6050 mcs 28
slot 4 index 0 rnti 6050 mcs 28
slot 5 index 0 rnti 6050 mcs 28
slot 6 index 0 rnti 6050 mcs 28
slot 14 index 0 rnti 6050 mcs 28
slot 15 index 0 rnti 6050 mcs 28
slot 16 index 0 rnti 6050 mcs 28
slot 4 index 0 rnti 6050 mcs 28
slot 5 index 0 rnti 6050 mcs 28
slot 6 index 0 rnti 6050 mcs 28
slot 14 index 0 rnti 6050 mcs 28
slot 15 index 0 rnti 6050 mcs 28
slot 16 index 0 rnti 6050 mcs 28
[EMURAN-DL-CSV] t=40.172 win_tbs=20 win_fail=0 win_bler=0.00000 mcs_last=28 mcs_min=28 mcs_max=28 r0=20 r1=0 r2=0 r3=0  f0=0 f1=0 f2=0 f3=0 tot_tbs=11460 tot_fail=509 tot_bler=0.04442 tot_init=10910 tot_retx=550
slot 4 index 0 rnti 6050 mcs 28
slot 5 index 0 rnti 6050 mcs 28
slot 6 index 0 rnti 6050 mcs 28
slot 14 index 0 rnti 6050 mcs 28
slot 15 index 0 rnti 6050 mcs 28
slot 16 index 0 rnti 6050 mcs 28
slot 4 index 0 rnti 6050 mcs 28
slot 5 index 0 rnti 6050 mcs 28
slot 6 index 0 rnti 6050 mcs 28
slot 14 index 0 rnti 6050 mcs 28
slot 15 index 0 rnti 6050 mcs 28
slot 16 index 0 rnti 6050 mcs 28
slot 4 index 0 rnti 6050 mcs 28
slot 5 index 0 rnti 6050 mcs 28
slot 6 index 0 rnti 6050 mcs 28
slot 14 index 0 rnti 6050 mcs 28
slot 15 index 0 rnti 6050 mcs 28
slot 16 index 0 rnti 6050 mcs 28
slot 4 index 0 rnti 6050 mcs 28
slot 5 index 0 rnti 6050 mcs 28
[EMURAN-DL-CSV] t=40.245 win_tbs=20 win_fail=1 win_bler=0.05000 mcs_last=28 mcs_min=28 mcs_max=28 r0=19 r1=1 r2=0 r3=0  f0=1 f1=0 f2=0 f3=0 tot_tbs=11480 tot_fail=510 tot_bler=0.04443 tot_init=10929 tot_retx=551
slot 6 index 0 rnti 6050 mcs 28
slot 14 index 0 rnti 6050 mcs 28
slot 15 index 0 rnti 6050 mcs 28
slot 16 index 0 rnti 6050 mcs 28
slot 4 index 0 rnti 6050 mcs 28
slot 5 index 0 rnti 6050 mcs 28
slot 6 index 0 rnti 6050 mcs 28
slot 14 index 0 rnti 6050 mcs 28
slot 15 index 0 rnti 6050 mcs 28
slot 16 index 0 rnti 6050 mcs 28
slot 4 index 0 rnti 6050 mcs 28
slot 5 index 0 rnti 6050 mcs 28
slot 6 index 0 rnti 6050 mcs 28
slot 14 index 0 rnti 6050 mcs 28
slot 15 index 0 rnti 6050 mcs 28
slot 16 index 0 rnti 6050 mcs 28
slot 4 index 0 rnti 6050 mcs 28
slot 5 index 0 rnti 6050 mcs 28
slot 6 index 0 rnti 6050 mcs 28
slot 14 index 0 rnti 6050 mcs 28
[EMURAN-DL-CSV] t=40.317 win_tbs=20 win_fail=2 win_bler=0.10000 mcs_last=28 mcs_min=28 mcs_max=28 r0=18 r1=2 r2=0 r3=0  f0=2 f1=0 f2=0 f3=0 tot_tbs=11500 tot_fail=512 tot_bler=0.04452 tot_init=10947 tot_retx=553
slot 15 index 0 rnti 6050 mcs 28
slot 16 index 0 rnti 6050 mcs 28
slot 4 index 0 rnti 6050 mcs 28
slot 5 index 0 rnti 6050 mcs 28
slot 6 index 0 rnti 6050 mcs 28
slot 14 index 0 rnti 6050 mcs 28
slot 15 index 0 rnti 6050 mcs 28
slot 16 index 0 rnti 6050 mcs 28
slot 4 index 0 rnti 6050 mcs 28
slot 5 index 0 rnti 6050 mcs 28
slot 6 index 0 rnti 6050 mcs 28
slot 14 index 0 rnti 6050 mcs 28
slot 15 index 0 rnti 6050 mcs 28
slot 16 index 0 rnti 6050 mcs 28
slot 4 index 0 rnti 6050 mcs 28
slot 5 index 0 rnti 6050 mcs 28
slot 6 index 0 rnti 6050 mcs 28
slot 14 index 0 rnti 6050 mcs 28
slot 15 index 0 rnti 6050 mcs 28
slot 16 index 0 rnti 6050 mcs 28
[EMURAN-DL-CSV] t=40.382 win_tbs=20 win_fail=0 win_bler=0.00000 mcs_last=28 mcs_min=28 mcs_max=28 r0=20 r1=0 r2=0 r3=0  f0=0 f1=0 f2=0 f3=0 tot_tbs=11520 tot_fail=512 tot_bler=0.04444 tot_init=10967 tot_retx=553
slot 4 index 0 rnti 6050 mcs 28
slot 5 index 0 rnti 6050 mcs 28
slot 6 index 0 rnti 6050 mcs 28
slot 14 index 0 rnti 6050 mcs 28
slot 15 index 0 rnti 6050 mcs 28
slot 16 index 0 rnti 6050 mcs 28
slot 4 index 0 rnti 6050 mcs 28
slot 5 index 0 rnti 6050 mcs 28
slot 6 index 0 rnti 6050 mcs 28
slot 14 index 0 rnti 6050 mcs 28
slot 15 index 0 rnti 6050 mcs 28
slot 16 index 0 rnti 6050 mcs 28
slot 4 index 0 rnti 6050 mcs 28
slot 5 index 0 rnti 6050 mcs 28
slot 6 index 0 rnti 6050 mcs 28
slot 14 index 0 rnti 6050 mcs 28
slot 15 index 0 rnti 6050 mcs 28
slot 16 index 0 rnti 6050 mcs 28
slot 4 index 0 rnti 6050 mcs 28
slot 5 index 0 rnti 6050 mcs 28
[EMURAN-DL-CSV] t=40.455 win_tbs=20 win_fail=1 win_bler=0.05000 mcs_last=28 mcs_min=28 mcs_max=28 r0=18 r1=2 r2=0 r3=0  f0=1 f1=0 f2=0 f3=0 tot_tbs=11540 tot_fail=513 tot_bler=0.04445 tot_init=10985 tot_retx=555
slot 6 index 0 rnti 6050 mcs 28
slot 14 index 0 rnti 6050 mcs 28
slot 15 index 0 rnti 6050 mcs 28
slot 16 index 0 rnti 6050 mcs 28
slot 4 index 0 rnti 6050 mcs 28
slot 5 index 0 rnti 6050 mcs 28
slot 6 index 0 rnti 6050 mcs 28
slot 14 index 0 rnti 6050 mcs 28
slot 15 index 0 rnti 6050 mcs 28
slot 16 index 0 rnti 6050 mcs 28
slot 4 index 0 rnti 6050 mcs 28
slot 5 index 0 rnti 6050 mcs 28
slot 6 index 0 rnti 6050 mcs 28
slot 14 index 0 rnti 6050 mcs 28
slot 15 index 0 rnti 6050 mcs 28
slot 16 index 0 rnti 6050 mcs 28
slot 4 index 0 rnti 6050 mcs 28
slot 5 index 0 rnti 6050 mcs 28
slot 6 index 0 rnti 6050 mcs 28
slot 14 index 0 rnti 6050 mcs 28
[EMURAN-DL-CSV] t=40.527 win_tbs=20 win_fail=2 win_bler=0.10000 mcs_last=28 mcs_min=28 mcs_max=28 r0=19 r1=1 r2=0 r3=0  f0=2 f1=0 f2=0 f3=0 tot_tbs=11560 tot_fail=515 tot_bler=0.04455 tot_init=11004 tot_retx=556
slot 15 index 0 rnti 6050 mcs 28
slot 16 index 0 rnti 6050 mcs 28
slot 4 index 0 rnti 6050 mcs 28
slot 5 index 0 rnti 6050 mcs 28
slot 6 index 0 rnti 6050 mcs 28
slot 14 index 0 rnti 6050 mcs 28
slot 15 index 0 rnti 6050 mcs 28
slot 16 index 0 rnti 6050 mcs 28
slot 4 index 0 rnti 6050 mcs 28
slot 5 index 0 rnti 6050 mcs 28
slot 6 index 0 rnti 6050 mcs 28
slot 14 index 0 rnti 6050 mcs 28
slot 15 index 0 rnti 6050 mcs 28
slot 16 index 0 rnti 6050 mcs 28
slot 4 index 0 rnti 6050 mcs 28
slot 5 index 0 rnti 6050 mcs 28
slot 6 index 0 rnti 6050 mcs 28
slot 14 index 0 rnti 6050 mcs 28
slot 15 index 0 rnti 6050 mcs 28
slot 16 index 0 rnti 6050 mcs 28
[EMURAN-DL-CSV] t=40.593 win_tbs=20 win_fail=1 win_bler=0.05000 mcs_last=28 mcs_min=28 mcs_max=28 r0=19 r1=1 r2=0 r3=0  f0=1 f1=0 f2=0 f3=0 tot_tbs=11580 tot_fail=516 tot_bler=0.04456 tot_init=11023 tot_retx=557
slot 4 index 0 rnti 6050 mcs 28
slot 5 index 0 rnti 6050 mcs 28
slot 6 index 0 rnti 6050 mcs 28
slot 14 index 0 rnti 6050 mcs 28
slot 15 index 0 rnti 6050 mcs 28
slot 16 index 0 rnti 6050 mcs 28
slot 4 index 0 rnti 6050 mcs 28
slot 5 index 0 rnti 6050 mcs 28
slot 6 index 0 rnti 6050 mcs 28
slot 14 index 0 rnti 6050 mcs 28
slot 15 index 0 rnti 6050 mcs 28
slot 16 index 0 rnti 6050 mcs 28
slot 4 index 0 rnti 6050 mcs 28
slot 5 index 0 rnti 6050 mcs 28
slot 6 index 0 rnti 6050 mcs 28
slot 14 index 0 rnti 6050 mcs 28
slot 15 index 0 rnti 6050 mcs 28
slot 16 index 0 rnti 6050 mcs 28
slot 4 index 0 rnti 6050 mcs 28
slot 5 index 0 rnti 6050 mcs 28
[EMURAN-DL-CSV] t=40.665 win_tbs=20 win_fail=0 win_bler=0.00000 mcs_last=28 mcs_min=28 mcs_max=28 r0=20 r1=0 r2=0 r3=0  f0=0 f1=0 f2=0 f3=0 tot_tbs=11600 tot_fail=516 tot_bler=0.04448 tot_init=11043 tot_retx=557
slot 6 index 0 rnti 6050 mcs 28
slot 14 index 0 rnti 6050 mcs 28
slot 15 index 0 rnti 6050 mcs 28
slot 16 index 0 rnti 6050 mcs 28
[UE-STAT] frame=700 dci_cnt=600 total_tbs=50385600 ack_real=497 nack_real=29 fb_missing=74 decode_cnt=600
slot 4 index 0 rnti 6050 mcs 28
slot 5 index 0 rnti 6050 mcs 28
slot 6 index 0 rnti 6050 mcs 28
slot 14 index 0 rnti 6050 mcs 28
slot 15 index 0 rnti 6050 mcs 28
slot 16 index 0 rnti 6050 mcs 28
slot 4 index 0 rnti 6050 mcs 28
slot 5 index 0 rnti 6050 mcs 28
slot 6 index 0 rnti 6050 mcs 28
slot 14 index 0 rnti 6050 mcs 28
slot 15 index 0 rnti 6050 mcs 28
slot 16 index 0 rnti 6050 mcs 28
slot 4 index 0 rnti 6050 mcs 28
slot 5 index 0 rnti 6050 mcs 28
slot 6 index 0 rnti 6050 mcs 28
slot 14 index 0 rnti 6050 mcs 28
slot 15 index 0 rnti 6050 mcs 28
[EMURAN-DL-CSV] t=40.739 win_tbs=20 win_fail=2 win_bler=0.10000 mcs_last=28 mcs_min=28 mcs_max=28 r0=19 r1=1 r2=0 r3=0  f0=2 f1=0 f2=0 f3=0 tot_tbs=11620 tot_fail=518 tot_bler=0.04458 tot_init=11062 tot_retx=558
slot 16 index 0 rnti 6050 mcs 28
slot 4 index 0 rnti 6050 mcs 28
slot 5 index 0 rnti 6050 mcs 28
slot 6 index 0 rnti 6050 mcs 28
slot 14 index 0 rnti 6050 mcs 28
slot 15 index 0 rnti 6050 mcs 28
slot 16 index 0 rnti 6050 mcs 28
slot 4 index 0 rnti 6050 mcs 28
slot 5 index 0 rnti 6050 mcs 28
slot 6 index 0 rnti 6050 mcs 28
slot 14 index 0 rnti 6050 mcs 28
slot 15 index 0 rnti 6050 mcs 28
slot 16 index 0 rnti 6050 mcs 28
slot 4 index 0 rnti 6050 mcs 28
slot 5 index 0 rnti 6050 mcs 28
slot 6 index 0 rnti 6050 mcs 28
slot 14 index 0 rnti 6050 mcs 28
slot 15 index 0 rnti 6050 mcs 28
slot 16 index 0 rnti 6050 mcs 28
[EMURAN-DL-CSV] t=40.803 win_tbs=20 win_fail=2 win_bler=0.10000 mcs_last=28 mcs_min=28 mcs_max=28 r0=17 r1=2 r2=1 r3=0  f0=2 f1=0 f2=0 f3=0 tot_tbs=11640 tot_fail=520 tot_bler=0.04467 tot_init=11079 tot_retx=561
slot 4 index 0 rnti 6050 mcs 28
slot 5 index 0 rnti 6050 mcs 28
slot 6 index 0 rnti 6050 mcs 28
slot 14 index 0 rnti 6050 mcs 28
slot 15 index 0 rnti 6050 mcs 28
slot 16 index 0 rnti 6050 mcs 28
slot 4 index 0 rnti 6050 mcs 28
slot 5 index 0 rnti 6050 mcs 28
slot 6 index 0 rnti 6050 mcs 28
slot 14 index 0 rnti 6050 mcs 28
slot 15 index 0 rnti 6050 mcs 28
slot 16 index 0 rnti 6050 mcs 28
slot 4 index 0 rnti 6050 mcs 28
slot 5 index 0 rnti 6050 mcs 28
slot 6 index 0 rnti 6050 mcs 28
slot 14 index 0 rnti 6050 mcs 28
slot 15 index 0 rnti 6050 mcs 28
slot 16 index 0 rnti 6050 mcs 28
slot 4 index 0 rnti 6050 mcs 28
slot 5 index 0 rnti 6050 mcs 28
[EMURAN-DL-CSV] t=40.875 win_tbs=20 win_fail=2 win_bler=0.10000 mcs_last=28 mcs_min=28 mcs_max=28 r0=18 r1=2 r2=0 r3=0  f0=1 f1=1 f2=0 f3=0 tot_tbs=11660 tot_fail=522 tot_bler=0.04477 tot_init=11097 tot_retx=563
slot 6 index 0 rnti 6050 mcs 28
slot 14 index 0 rnti 6050 mcs 28
slot 15 index 0 rnti 6050 mcs 28
slot 16 index 0 rnti 6050 mcs 28
slot 4 index 0 rnti 6050 mcs 28
slot 5 index 0 rnti 6050 mcs 28
slot 6 index 0 rnti 6050 mcs 28
slot 14 index 0 rnti 6050 mcs 28
slot 15 index 0 rnti 6050 mcs 28
slot 16 index 0 rnti 6050 mcs 28
slot 4 index 0 rnti 6050 mcs 28
slot 5 index 0 rnti 6050 mcs 28
slot 6 index 0 rnti 6050 mcs 28
slot 14 index 0 rnti 6050 mcs 28
slot 15 index 0 rnti 6050 mcs 28
slot 16 index 0 rnti 6050 mcs 28
slot 4 index 0 rnti 6050 mcs 28
slot 5 index 0 rnti 6050 mcs 28
slot 6 index 0 rnti 6050 mcs 28
slot 14 index 0 rnti 6050 mcs 28
[EMURAN-DL-CSV] t=40.948 win_tbs=20 win_fail=1 win_bler=0.05000 mcs_last=28 mcs_min=28 mcs_max=28 r0=20 r1=0 r2=0 r3=0  f0=1 f1=0 f2=0 f3=0 tot_tbs=11680 tot_fail=523 tot_bler=0.04478 tot_init=11117 tot_retx=563
slot 15 index 0 rnti 6050 mcs 28
slot 16 index 0 rnti 6050 mcs 28
slot 4 index 0 rnti 6050 mcs 28
slot 5 index 0 rnti 6050 mcs 28
slot 6 index 0 rnti 6050 mcs 28
slot 14 index 0 rnti 6050 mcs 28
slot 15 index 0 rnti 6050 mcs 28
slot 16 index 0 rnti 6050 mcs 28
slot 4 index 0 rnti 6050 mcs 28
slot 5 index 0 rnti 6050 mcs 28
slot 6 index 0 rnti 6050 mcs 28
slot 14 index 0 rnti 6050 mcs 28
slot 15 index 0 rnti 6050 mcs 28
slot 16 index 0 rnti 6050 mcs 28
slot 4 index 0 rnti 6050 mcs 28
slot 5 index 0 rnti 6050 mcs 28
slot 6 index 0 rnti 6050 mcs 28
slot 14 index 0 rnti 6050 mcs 28
slot 15 index 0 rnti 6050 mcs 28
slot 16 index 0 rnti 6050 mcs 28
[EMURAN-DL-CSV] t=41.013 win_tbs=20 win_fail=2 win_bler=0.10000 mcs_last=28 mcs_min=28 mcs_max=28 r0=18 r1=2 r2=0 r3=0  f0=2 f1=0 f2=0 f3=0 tot_tbs=11700 tot_fail=525 tot_bler=0.04487 tot_init=11135 tot_retx=565
slot 4 index 0 rnti 6050 mcs 28
slot 5 index 0 rnti 6050 mcs 28
slot 6 index 0 rnti 6050 mcs 28
slot 14 index 0 rnti 6050 mcs 28
slot 15 index 0 rnti 6050 mcs 28
slot 16 index 0 rnti 6050 mcs 28
slot 4 index 0 rnti 6050 mcs 28
slot 5 index 0 rnti 6050 mcs 28
slot 6 index 0 rnti 6050 mcs 28
slot 14 index 0 rnti 6050 mcs 28
slot 15 index 0 rnti 6050 mcs 28
slot 16 index 0 rnti 6050 mcs 28
slot 4 index 0 rnti 6050 mcs 28
slot 5 index 0 rnti 6050 mcs 28
slot 6 index 0 rnti 6050 mcs 28
slot 14 index 0 rnti 6050 mcs 28
slot 15 index 0 rnti 6050 mcs 28
slot 16 index 0 rnti 6050 mcs 28
slot 4 index 0 rnti 6050 mcs 28
slot 5 index 0 rnti 6050 mcs 28
[EMURAN-DL-CSV] t=41.086 win_tbs=20 win_fail=1 win_bler=0.05000 mcs_last=28 mcs_min=28 mcs_max=28 r0=19 r1=1 r2=0 r3=0  f0=1 f1=0 f2=0 f3=0 tot_tbs=11720 tot_fail=526 tot_bler=0.04488 tot_init=11154 tot_retx=566
slot 6 index 0 rnti 6050 mcs 28
slot 14 index 0 rnti 6050 mcs 28
slot 15 index 0 rnti 6050 mcs 28
slot 16 index 0 rnti 6050 mcs 28
slot 4 index 0 rnti 6050 mcs 28
slot 5 index 0 rnti 6050 mcs 28
slot 6 index 0 rnti 6050 mcs 28
slot 14 index 0 rnti 6050 mcs 28
slot 15 index 0 rnti 6050 mcs 28
slot 16 index 0 rnti 6050 mcs 28
slot 4 index 0 rnti 6050 mcs 28
slot 5 index 0 rnti 6050 mcs 28
slot 6 index 0 rnti 6050 mcs 28
slot 14 index 0 rnti 6050 mcs 28
slot 15 index 0 rnti 6050 mcs 28
slot 16 index 0 rnti 6050 mcs 28
slot 4 index 0 rnti 6050 mcs 28
slot 5 index 0 rnti 6050 mcs 28
slot 6 index 0 rnti 6050 mcs 28
slot 14 index 0 rnti 6050 mcs 28
[EMURAN-DL-CSV] t=41.159 win_tbs=20 win_fail=1 win_bler=0.05000 mcs_last=28 mcs_min=28 mcs_max=28 r0=18 r1=2 r2=0 r3=0  f0=1 f1=0 f2=0 f3=0 tot_tbs=11740 tot_fail=527 tot_bler=0.04489 tot_init=11172 tot_retx=568
slot 15 index 0 rnti 6050 mcs 28
slot 16 index 0 rnti 6050 mcs 28
slot 4 index 0 rnti 6050 mcs 28
slot 5 index 0 rnti 6050 mcs 28
slot 6 index 0 rnti 6050 mcs 28
slot 14 index 0 rnti 6050 mcs 28
slot 15 index 0 rnti 6050 mcs 28
slot 16 index 0 rnti 6050 mcs 28
slot 4 index 0 rnti 6050 mcs 28
slot 5 index 0 rnti 6050 mcs 28
slot 6 index 0 rnti 6050 mcs 28
slot 14 index 0 rnti 6050 mcs 28
slot 15 index 0 rnti 6050 mcs 28
slot 16 index 0 rnti 6050 mcs 28
slot 4 index 0 rnti 6050 mcs 28
slot 5 index 0 rnti 6050 mcs 28
slot 6 index 0 rnti 6050 mcs 28
slot 14 index 0 rnti 6050 mcs 28
slot 15 index 0 rnti 6050 mcs 28
slot 16 index 0 rnti 6050 mcs 28
[EMURAN-DL-CSV] t=41.224 win_tbs=20 win_fail=1 win_bler=0.05000 mcs_last=28 mcs_min=28 mcs_max=28 r0=19 r1=1 r2=0 r3=0  f0=1 f1=0 f2=0 f3=0 tot_tbs=11760 tot_fail=528 tot_bler=0.04490 tot_init=11191 tot_retx=569
slot 4 index 0 rnti 6050 mcs 28
slot 5 index 0 rnti 6050 mcs 28
slot 6 index 0 rnti 6050 mcs 28
slot 14 index 0 rnti 6050 mcs 28
slot 15 index 0 rnti 6050 mcs 28
slot 16 index 0 rnti 6050 mcs 28
slot 4 index 0 rnti 6050 mcs 28
slot 5 index 0 rnti 6050 mcs 28
slot 6 index 0 rnti 6050 mcs 28
slot 14 index 0 rnti 6050 mcs 28
slot 15 index 0 rnti 6050 mcs 28
slot 16 index 0 rnti 6050 mcs 28
slot 4 index 0 rnti 6050 mcs 28
slot 5 index 0 rnti 6050 mcs 28
slot 6 index 0 rnti 6050 mcs 28
slot 14 index 0 rnti 6050 mcs 28
slot 15 index 0 rnti 6050 mcs 28
slot 16 index 0 rnti 6050 mcs 28
slot 4 index 0 rnti 6050 mcs 28
slot 5 index 0 rnti 6050 mcs 28
[EMURAN-DL-CSV] t=41.296 win_tbs=20 win_fail=0 win_bler=0.00000 mcs_last=28 mcs_min=28 mcs_max=28 r0=20 r1=0 r2=0 r3=0  f0=0 f1=0 f2=0 f3=0 tot_tbs=11780 tot_fail=528 tot_bler=0.04482 tot_init=11211 tot_retx=569
slot 6 index 0 rnti 6050 mcs 28
slot 14 index 0 rnti 6050 mcs 28
slot 15 index 0 rnti 6050 mcs 28
slot 16 index 0 rnti 6050 mcs 28
slot 4 index 0 rnti 6050 mcs 28
slot 5 index 0 rnti 6050 mcs 28
slot 6 index 0 rnti 6050 mcs 28
slot 14 index 0 rnti 6050 mcs 28
slot 15 index 0 rnti 6050 mcs 28
slot 16 index 0 rnti 6050 mcs 28
slot 4 index 0 rnti 6050 mcs 28
slot 5 index 0 rnti 6050 mcs 28
slot 6 index 0 rnti 6050 mcs 28
slot 14 index 0 rnti 6050 mcs 28
slot 15 index 0 rnti 6050 mcs 28
slot 16 index 0 rnti 6050 mcs 28
slot 4 index 0 rnti 6050 mcs 28
slot 5 index 0 rnti 6050 mcs 28
slot 6 index 0 rnti 6050 mcs 28
slot 14 index 0 rnti 6050 mcs 28
[EMURAN-DL-CSV] t=41.369 win_tbs=20 win_fail=0 win_bler=0.00000 mcs_last=28 mcs_min=28 mcs_max=28 r0=20 r1=0 r2=0 r3=0  f0=0 f1=0 f2=0 f3=0 tot_tbs=11800 tot_fail=528 tot_bler=0.04475 tot_init=11231 tot_retx=569
slot 15 index 0 rnti 6050 mcs 28
slot 16 index 0 rnti 6050 mcs 28
slot 4 index 0 rnti 6050 mcs 28
slot 5 index 0 rnti 6050 mcs 28
slot 6 index 0 rnti 6050 mcs 28
slot 14 index 0 rnti 6050 mcs 28
slot 15 index 0 rnti 6050 mcs 28
slot 16 index 0 rnti 6050 mcs 28
slot 4 index 0 rnti 6050 mcs 28
slot 5 index 0 rnti 6050 mcs 28
slot 6 index 0 rnti 6050 mcs 28
slot 14 index 0 rnti 6050 mcs 28
slot 15 index 0 rnti 6050 mcs 28
slot 16 index 0 rnti 6050 mcs 28
slot 4 index 0 rnti 6050 mcs 28
slot 5 index 0 rnti 6050 mcs 28
slot 6 index 0 rnti 6050 mcs 28
slot 14 index 0 rnti 6050 mcs 28
slot 15 index 0 rnti 6050 mcs 28
slot 16 index 0 rnti 6050 mcs 28
[EMURAN-DL-CSV] t=41.434 win_tbs=20 win_fail=1 win_bler=0.05000 mcs_last=28 mcs_min=28 mcs_max=28 r0=19 r1=1 r2=0 r3=0  f0=1 f1=0 f2=0 f3=0 tot_tbs=11820 tot_fail=529 tot_bler=0.04475 tot_init=11250 tot_retx=570
slot 4 index 0 rnti 6050 mcs 28
slot 5 index 0 rnti 6050 mcs 28
slot 6 index 0 rnti 6050 mcs 28
slot 14 index 0 rnti 6050 mcs 28
slot 15 index 0 rnti 6050 mcs 28
slot 16 index 0 rnti 6050 mcs 28
slot 4 index 0 rnti 6050 mcs 28
slot 5 index 0 rnti 6050 mcs 28
slot 6 index 0 rnti 6050 mcs 28
slot 14 index 0 rnti 6050 mcs 28
slot 15 index 0 rnti 6050 mcs 28
slot 16 index 0 rnti 6050 mcs 28
slot 4 index 0 rnti 6050 mcs 28
slot 5 index 0 rnti 6050 mcs 28
slot 6 index 0 rnti 6050 mcs 28
slot 14 index 0 rnti 6050 mcs 28
slot 15 index 0 rnti 6050 mcs 28
slot 16 index 0 rnti 6050 mcs 28
slot 4 index 0 rnti 6050 mcs 28
slot 5 index 0 rnti 6050 mcs 28
[EMURAN-DL-CSV] t=41.507 win_tbs=20 win_fail=0 win_bler=0.00000 mcs_last=28 mcs_min=28 mcs_max=28 r0=19 r1=0 r2=1 r3=0  f0=0 f1=0 f2=0 f3=0 tot_tbs=11840 tot_fail=529 tot_bler=0.04468 tot_init=11269 tot_retx=571
slot 6 index 0 rnti 6050 mcs 28
slot 14 index 0 rnti 6050 mcs 28
slot 15 index 0 rnti 6050 mcs 28
slot 16 index 0 rnti 6050 mcs 28
slot 4 index 0 rnti 6050 mcs 28
slot 5 index 0 rnti 6050 mcs 28
slot 6 index 0 rnti 6050 mcs 28
slot 14 index 0 rnti 6050 mcs 28
slot 15 index 0 rnti 6050 mcs 28
slot 16 index 0 rnti 6050 mcs 28
slot 4 index 0 rnti 6050 mcs 28
slot 5 index 0 rnti 6050 mcs 28
slot 6 index 0 rnti 6050 mcs 28
slot 14 index 0 rnti 6050 mcs 28
slot 15 index 0 rnti 6050 mcs 28
slot 16 index 0 rnti 6050 mcs 28
slot 4 index 0 rnti 6050 mcs 28
slot 5 index 0 rnti 6050 mcs 28
slot 6 index 0 rnti 6050 mcs 28
slot 14 index 0 rnti 6050 mcs 28
[EMURAN-DL-CSV] t=41.579 win_tbs=20 win_fail=2 win_bler=0.10000 mcs_last=28 mcs_min=28 mcs_max=28 r0=18 r1=2 r2=0 r3=0  f0=2 f1=0 f2=0 f3=0 tot_tbs=11860 tot_fail=531 tot_bler=0.04477 tot_init=11287 tot_retx=573
slot 15 index 0 rnti 6050 mcs 28
slot 16 index 0 rnti 6050 mcs 28
slot 4 index 0 rnti 6050 mcs 28
slot 5 index 0 rnti 6050 mcs 28
slot 6 index 0 rnti 6050 mcs 28
slot 14 index 0 rnti 6050 mcs 28
slot 15 index 0 rnti 6050 mcs 28
slot 16 index 0 rnti 6050 mcs 28
slot 4 index 0 rnti 6050 mcs 28
slot 5 index 0 rnti 6050 mcs 28
slot 6 index 0 rnti 6050 mcs 28
slot 14 index 0 rnti 6050 mcs 28
slot 15 index 0 rnti 6050 mcs 28
slot 16 index 0 rnti 6050 mcs 28
slot 4 index 0 rnti 6050 mcs 28
slot 5 index 0 rnti 6050 mcs 28
slot 6 index 0 rnti 6050 mcs 28
slot 14 index 0 rnti 6050 mcs 28
slot 15 index 0 rnti 6050 mcs 28
slot 16 index 0 rnti 6050 mcs 28
[EMURAN-DL-CSV] t=41.644 win_tbs=20 win_fail=0 win_bler=0.00000 mcs_last=28 mcs_min=28 mcs_max=28 r0=20 r1=0 r2=0 r3=0  f0=0 f1=0 f2=0 f3=0 tot_tbs=11880 tot_fail=531 tot_bler=0.04470 tot_init=11307 tot_retx=573
slot 4 index 0 rnti 6050 mcs 28
slot 5 index 0 rnti 6050 mcs 28
slot 6 index 0 rnti 6050 mcs 28
slot 14 index 0 rnti 6050 mcs 28
slot 15 index 0 rnti 6050 mcs 28
slot 16 index 0 rnti 6050 mcs 28
slot 4 index 0 rnti 6050 mcs 28
slot 5 index 0 rnti 6050 mcs 28
slot 6 index 0 rnti 6050 mcs 28
slot 14 index 0 rnti 6050 mcs 28
slot 15 index 0 rnti 6050 mcs 28
slot 16 index 0 rnti 6050 mcs 28
slot 4 index 0 rnti 6050 mcs 28
slot 5 index 0 rnti 6050 mcs 28
slot 6 index 0 rnti 6050 mcs 28
slot 14 index 0 rnti 6050 mcs 28
slot 15 index 0 rnti 6050 mcs 28
slot 16 index 0 rnti 6050 mcs 28
slot 4 index 0 rnti 6050 mcs 28
slot 5 index 0 rnti 6050 mcs 28
[EMURAN-DL-CSV] t=41.717 win_tbs=20 win_fail=1 win_bler=0.05000 mcs_last=28 mcs_min=28 mcs_max=28 r0=19 r1=1 r2=0 r3=0  f0=1 f1=0 f2=0 f3=0 tot_tbs=11900 tot_fail=532 tot_bler=0.04471 tot_init=11326 tot_retx=574
slot 6 index 0 rnti 6050 mcs 28
slot 14 index 0 rnti 6050 mcs 28
slot 15 index 0 rnti 6050 mcs 28
slot 16 index 0 rnti 6050 mcs 28
slot 4 index 0 rnti 6050 mcs 28
slot 5 index 0 rnti 6050 mcs 28
slot 6 index 0 rnti 6050 mcs 28
slot 14 index 0 rnti 6050 mcs 28
slot 15 index 0 rnti 6050 mcs 28
slot 16 index 0 rnti 6050 mcs 28
slot 4 index 0 rnti 6050 mcs 28
slot 5 index 0 rnti 6050 mcs 28
slot 6 index 0 rnti 6050 mcs 28
slot 14 index 0 rnti 6050 mcs 28
slot 15 index 0 rnti 6050 mcs 28
slot 16 index 0 rnti 6050 mcs 28
slot 4 index 0 rnti 6050 mcs 28
slot 5 index 0 rnti 6050 mcs 28
slot 6 index 0 rnti 6050 mcs 28
slot 14 index 0 rnti 6050 mcs 28
[EMURAN-DL-CSV] t=41.790 win_tbs=20 win_fail=1 win_bler=0.05000 mcs_last=28 mcs_min=28 mcs_max=28 r0=18 r1=2 r2=0 r3=0  f0=1 f1=0 f2=0 f3=0 tot_tbs=11920 tot_fail=533 tot_bler=0.04471 tot_init=11344 tot_retx=576
slot 15 index 0 rnti 6050 mcs 28
slot 16 index 0 rnti 6050 mcs 28
slot 4 index 0 rnti 6050 mcs 28
slot 5 index 0 rnti 6050 mcs 28
slot 6 index 0 rnti 6050 mcs 28
slot 14 index 0 rnti 6050 mcs 28
slot 15 index 0 rnti 6050 mcs 28
slot 16 index 0 rnti 6050 mcs 28
slot 4 index 0 rnti 6050 mcs 28
slot 5 index 0 rnti 6050 mcs 28
slot 6 index 0 rnti 6050 mcs 28
slot 14 index 0 rnti 6050 mcs 28
slot 15 index 0 rnti 6050 mcs 28
slot 16 index 0 rnti 6050 mcs 28
slot 4 index 0 rnti 6050 mcs 28
slot 5 index 0 rnti 6050 mcs 28
slot 6 index 0 rnti 6050 mcs 28
slot 14 index 0 rnti 6050 mcs 28
slot 15 index 0 rnti 6050 mcs 28
slot 16 index 0 rnti 6050 mcs 28
[EMURAN-DL-CSV] t=41.855 win_tbs=20 win_fail=0 win_bler=0.00000 mcs_last=28 mcs_min=28 mcs_max=28 r0=20 r1=0 r2=0 r3=0  f0=0 f1=0 f2=0 f3=0 tot_tbs=11940 tot_fail=533 tot_bler=0.04464 tot_init=11364 tot_retx=576
slot 4 index 0 rnti 6050 mcs 28
slot 5 index 0 rnti 6050 mcs 28
slot 6 index 0 rnti 6050 mcs 28
slot 14 index 0 rnti 6050 mcs 28
slot 15 index 0 rnti 6050 mcs 28
slot 16 index 0 rnti 6050 mcs 28
slot 4 index 0 rnti 6050 mcs 28
slot 5 index 0 rnti 6050 mcs 28
slot 6 index 0 rnti 6050 mcs 28
slot 14 index 0 rnti 6050 mcs 28
slot 15 index 0 rnti 6050 mcs 28
slot 16 index 0 rnti 6050 mcs 28
slot 4 index 0 rnti 6050 mcs 28
slot 5 index 0 rnti 6050 mcs 28
slot 6 index 0 rnti 6050 mcs 28
slot 14 index 0 rnti 6050 mcs 28
slot 15 index 0 rnti 6050 mcs 28
slot 16 index 0 rnti 6050 mcs 28
slot 4 index 0 rnti 6050 mcs 28
slot 5 index 0 rnti 6050 mcs 28
[EMURAN-DL-CSV] t=41.927 win_tbs=20 win_fail=0 win_bler=0.00000 mcs_last=28 mcs_min=28 mcs_max=28 r0=20 r1=0 r2=0 r3=0  f0=0 f1=0 f2=0 f3=0 tot_tbs=11960 tot_fail=533 tot_bler=0.04457 tot_init=11384 tot_retx=576
slot 6 index 0 rnti 6050 mcs 28
slot 14 index 0 rnti 6050 mcs 28
slot 15 index 0 rnti 6050 mcs 28
slot 16 index 0 rnti 6050 mcs 28
slot 4 index 0 rnti 6050 mcs 28
slot 5 index 0 rnti 6050 mcs 28
slot 6 index 0 rnti 6050 mcs 28
slot 14 index 0 rnti 6050 mcs 28
slot 15 index 0 rnti 6050 mcs 28
slot 16 index 0 rnti 6050 mcs 28
slot 4 index 0 rnti 6050 mcs 28
slot 5 index 0 rnti 6050 mcs 28
slot 6 index 0 rnti 6050 mcs 28
slot 14 index 0 rnti 6050 mcs 28
slot 15 index 0 rnti 6050 mcs 28
slot 16 index 0 rnti 6050 mcs 28
slot 4 index 0 rnti 6050 mcs 28
slot 5 index 0 rnti 6050 mcs 28
slot 6 index 0 rnti 6050 mcs 28
slot 14 index 0 rnti 6050 mcs 28
[EMURAN-DL-CSV] t=42.000 win_tbs=20 win_fail=2 win_bler=0.10000 mcs_last=28 mcs_min=28 mcs_max=28 r0=19 r1=1 r2=0 r3=0  f0=2 f1=0 f2=0 f3=0 tot_tbs=11980 tot_fail=535 tot_bler=0.04466 tot_init=11403 tot_retx=577
slot 15 index 0 rnti 6050 mcs 28
slot 16 index 0 rnti 6050 mcs 28
slot 4 index 0 rnti 6050 mcs 28
slot 5 index 0 rnti 6050 mcs 28
slot 6 index 0 rnti 6050 mcs 28
slot 14 index 0 rnti 6050 mcs 28
slot 15 index 0 rnti 6050 mcs 28
slot 16 index 0 rnti 6050 mcs 28
slot 4 index 0 rnti 6050 mcs 28
slot 5 index 0 rnti 6050 mcs 28
slot 6 index 0 rnti 6050 mcs 28
slot 14 index 0 rnti 6050 mcs 28
slot 15 index 0 rnti 6050 mcs 28
slot 16 index 0 rnti 6050 mcs 28
slot 4 index 0 rnti 6050 mcs 28
slot 5 index 0 rnti 6050 mcs 28
slot 6 index 0 rnti 6050 mcs 28
slot 14 index 0 rnti 6050 mcs 28
slot 15 index 0 rnti 6050 mcs 28
slot 16 index 0 rnti 6050 mcs 28
[EMURAN-DL-CSV] t=42.065 win_tbs=20 win_fail=1 win_bler=0.05000 mcs_last=28 mcs_min=28 mcs_max=28 r0=19 r1=1 r2=0 r3=0  f0=1 f1=0 f2=0 f3=0 tot_tbs=12000 tot_fail=536 tot_bler=0.04467 tot_init=11422 tot_retx=578
slot 4 index 0 rnti 6050 mcs 28
slot 5 index 0 rnti 6050 mcs 28
slot 6 index 0 rnti 6050 mcs 28
slot 14 index 0 rnti 6050 mcs 28
slot 15 index 0 rnti 6050 mcs 28
slot 16 index 0 rnti 6050 mcs 28
slot 4 index 0 rnti 6050 mcs 28
slot 5 index 0 rnti 6050 mcs 28
slot 6 index 0 rnti 6050 mcs 28
slot 14 index 0 rnti 6050 mcs 28
slot 15 index 0 rnti 6050 mcs 28
slot 16 index 0 rnti 6050 mcs 28
slot 4 index 0 rnti 6050 mcs 28
slot 5 index 0 rnti 6050 mcs 28
slot 6 index 0 rnti 6050 mcs 28
slot 14 index 0 rnti 6050 mcs 28
slot 15 index 0 rnti 6050 mcs 28
slot 16 index 0 rnti 6050 mcs 28
slot 4 index 0 rnti 6050 mcs 28
slot 5 index 0 rnti 6050 mcs 28
[EMURAN-DL-CSV] t=42.138 win_tbs=20 win_fail=1 win_bler=0.05000 mcs_last=28 mcs_min=28 mcs_max=28 r0=19 r1=1 r2=0 r3=0  f0=1 f1=0 f2=0 f3=0 tot_tbs=12020 tot_fail=537 tot_bler=0.04468 tot_init=11441 tot_retx=579
slot 6 index 0 rnti 6050 mcs 28
slot 14 index 0 rnti 6050 mcs 28
slot 15 index 0 rnti 6050 mcs 28
slot 16 index 0 rnti 6050 mcs 28
slot 4 index 0 rnti 6050 mcs 28
slot 5 index 0 rnti 6050 mcs 28
slot 6 index 0 rnti 6050 mcs 28
slot 14 index 0 rnti 6050 mcs 28
slot 15 index 0 rnti 6050 mcs 28
slot 16 index 0 rnti 6050 mcs 28
slot 4 index 0 rnti 6050 mcs 28
slot 5 index 0 rnti 6050 mcs 28
slot 6 index 0 rnti 6050 mcs 28
slot 14 index 0 rnti 6050 mcs 28
slot 15 index 0 rnti 6050 mcs 28
slot 16 index 0 rnti 6050 mcs 28
slot 4 index 0 rnti 6050 mcs 28
slot 5 index 0 rnti 6050 mcs 28
slot 6 index 0 rnti 6050 mcs 28
slot 14 index 0 rnti 6050 mcs 28
[EMURAN-DL-CSV] t=42.210 win_tbs=20 win_fail=3 win_bler=0.15000 mcs_last=28 mcs_min=28 mcs_max=28 r0=17 r1=3 r2=0 r3=0  f0=2 f1=1 f2=0 f3=0 tot_tbs=12040 tot_fail=540 tot_bler=0.04485 tot_init=11458 tot_retx=582
slot 15 index 0 rnti 6050 mcs 28
slot 16 index 0 rnti 6050 mcs 28
slot 4 index 0 rnti 6050 mcs 28
slot 5 index 0 rnti 6050 mcs 28
slot 6 index 0 rnti 6050 mcs 28
slot 14 index 0 rnti 6050 mcs 28
slot 15 index 0 rnti 6050 mcs 28
slot 16 index 0 rnti 6050 mcs 28
slot 4 index 0 rnti 6050 mcs 28
slot 5 index 0 rnti 6050 mcs 28
slot 6 index 0 rnti 6050 mcs 28
slot 14 index 0 rnti 6050 mcs 28
slot 15 index 0 rnti 6050 mcs 28
slot 16 index 0 rnti 6050 mcs 28
slot 4 index 0 rnti 6050 mcs 28
slot 5 index 0 rnti 6050 mcs 28
slot 6 index 0 rnti 6050 mcs 28
slot 14 index 0 rnti 6050 mcs 28
slot 15 index 0 rnti 6050 mcs 28
slot 16 index 0 rnti 6050 mcs 28
[EMURAN-DL-CSV] t=42.275 win_tbs=20 win_fail=1 win_bler=0.05000 mcs_last=28 mcs_min=28 mcs_max=28 r0=19 r1=1 r2=0 r3=0  f0=1 f1=0 f2=0 f3=0 tot_tbs=12060 tot_fail=541 tot_bler=0.04486 tot_init=11477 tot_retx=583
slot 4 index 0 rnti 6050 mcs 28
slot 5 index 0 rnti 6050 mcs 28
slot 6 index 0 rnti 6050 mcs 28
slot 14 index 0 rnti 6050 mcs 28
slot 15 index 0 rnti 6050 mcs 28
slot 16 index 0 rnti 6050 mcs 28
slot 4 index 0 rnti 6050 mcs 28
slot 5 index 0 rnti 6050 mcs 28
slot 6 index 0 rnti 6050 mcs 28
slot 14 index 0 rnti 6050 mcs 28
slot 15 index 0 rnti 6050 mcs 28
slot 16 index 0 rnti 6050 mcs 28
slot 4 index 0 rnti 6050 mcs 28
slot 5 index 0 rnti 6050 mcs 28
slot 6 index 0 rnti 6050 mcs 28
slot 14 index 0 rnti 6050 mcs 28
slot 15 index 0 rnti 6050 mcs 28
slot 16 index 0 rnti 6050 mcs 28
slot 4 index 0 rnti 6050 mcs 28
slot 5 index 0 rnti 6050 mcs 28
[EMURAN-DL-CSV] t=42.348 win_tbs=20 win_fail=2 win_bler=0.10000 mcs_last=28 mcs_min=28 mcs_max=28 r0=18 r1=2 r2=0 r3=0  f0=2 f1=0 f2=0 f3=0 tot_tbs=12080 tot_fail=543 tot_bler=0.04495 tot_init=11495 tot_retx=585
slot 6 index 0 rnti 6050 mcs 28
slot 14 index 0 rnti 6050 mcs 28
slot 15 index 0 rnti 6050 mcs 28
slot 16 index 0 rnti 6050 mcs 28
slot 4 index 0 rnti 6050 mcs 28
slot 5 index 0 rnti 6050 mcs 28
slot 6 index 0 rnti 6050 mcs 28
slot 14 index 0 rnti 6050 mcs 28
slot 15 index 0 rnti 6050 mcs 28
slot 16 index 0 rnti 6050 mcs 28
slot 4 index 0 rnti 6050 mcs 28
slot 5 index 0 rnti 6050 mcs 28
slot 6 index 0 rnti 6050 mcs 28
slot 14 index 0 rnti 6050 mcs 28
slot 15 index 0 rnti 6050 mcs 28
slot 16 index 0 rnti 6050 mcs 28
slot 4 index 0 rnti 6050 mcs 28
slot 5 index 0 rnti 6050 mcs 28
slot 6 index 0 rnti 6050 mcs 28
slot 14 index 0 rnti 6050 mcs 28
[EMURAN-DL-CSV] t=42.421 win_tbs=20 win_fail=0 win_bler=0.00000 mcs_last=28 mcs_min=28 mcs_max=28 r0=20 r1=0 r2=0 r3=0  f0=0 f1=0 f2=0 f3=0 tot_tbs=12100 tot_fail=543 tot_bler=0.04488 tot_init=11515 tot_retx=585
slot 15 index 0 rnti 6050 mcs 28
slot 16 index 0 rnti 6050 mcs 28
slot 4 index 0 rnti 6050 mcs 28
slot 5 index 0 rnti 6050 mcs 28
slot 6 index 0 rnti 6050 mcs 28
slot 14 index 0 rnti 6050 mcs 28
slot 15 index 0 rnti 6050 mcs 28
slot 16 index 0 rnti 6050 mcs 28
slot 4 index 0 rnti 6050 mcs 28
slot 5 index 0 rnti 6050 mcs 28
slot 6 index 0 rnti 6050 mcs 28
slot 14 index 0 rnti 6050 mcs 28
slot 15 index 0 rnti 6050 mcs 28
slot 16 index 0 rnti 6050 mcs 28
slot 4 index 0 rnti 6050 mcs 28
slot 5 index 0 rnti 6050 mcs 28
slot 6 index 0 rnti 6050 mcs 28
slot 14 index 0 rnti 6050 mcs 28
slot 15 index 0 rnti 6050 mcs 28
slot 16 index 0 rnti 6050 mcs 28
[EMURAN-DL-CSV] t=42.486 win_tbs=20 win_fail=0 win_bler=0.00000 mcs_last=28 mcs_min=28 mcs_max=28 r0=19 r1=1 r2=0 r3=0  f0=0 f1=0 f2=0 f3=0 tot_tbs=12120 tot_fail=543 tot_bler=0.04480 tot_init=11534 tot_retx=586
slot 4 index 0 rnti 6050 mcs 28
slot 5 index 0 rnti 6050 mcs 28
slot 6 index 0 rnti 6050 mcs 28
slot 14 index 0 rnti 6050 mcs 28
slot 15 index 0 rnti 6050 mcs 28
slot 16 index 0 rnti 6050 mcs 28
slot 4 index 0 rnti 6050 mcs 28
slot 5 index 0 rnti 6050 mcs 28
slot 6 index 0 rnti 6050 mcs 28
slot 14 index 0 rnti 6050 mcs 28
slot 15 index 0 rnti 6050 mcs 28
slot 16 index 0 rnti 6050 mcs 28
slot 4 index 0 rnti 6050 mcs 28
slot 5 index 0 rnti 6050 mcs 28
slot 6 index 0 rnti 6050 mcs 28
slot 14 index 0 rnti 6050 mcs 28
slot 15 index 0 rnti 6050 mcs 28
slot 16 index 0 rnti 6050 mcs 28
slot 4 index 0 rnti 6050 mcs 28
slot 5 index 0 rnti 6050 mcs 28
[EMURAN-DL-CSV] t=42.558 win_tbs=20 win_fail=0 win_bler=0.00000 mcs_last=28 mcs_min=28 mcs_max=28 r0=20 r1=0 r2=0 r3=0  f0=0 f1=0 f2=0 f3=0 tot_tbs=12140 tot_fail=543 tot_bler=0.04473 tot_init=11554 tot_retx=586
slot 6 index 0 rnti 6050 mcs 28
slot 14 index 0 rnti 6050 mcs 28
slot 15 index 0 rnti 6050 mcs 28
slot 16 index 0 rnti 6050 mcs 28
slot 4 index 0 rnti 6050 mcs 28
slot 5 index 0 rnti 6050 mcs 28
slot 6 index 0 rnti 6050 mcs 28
slot 14 index 0 rnti 6050 mcs 28
slot 15 index 0 rnti 6050 mcs 28
slot 16 index 0 rnti 6050 mcs 28
slot 4 index 0 rnti 6050 mcs 28
slot 5 index 0 rnti 6050 mcs 28
slot 6 index 0 rnti 6050 mcs 28
slot 14 index 0 rnti 6050 mcs 28
slot 15 index 0 rnti 6050 mcs 28
slot 16 index 0 rnti 6050 mcs 28
slot 4 index 0 rnti 6050 mcs 28
slot 5 index 0 rnti 6050 mcs 28
slot 6 index 0 rnti 6050 mcs 28
slot 14 index 0 rnti 6050 mcs 28
slot 15 index 0 rnti 6050 mcs 28
[EMURAN-DL-CSV] t=42.632 win_tbs=20 win_fail=2 win_bler=0.10000 mcs_last=28 mcs_min=28 mcs_max=28 r0=18 r1=2 r2=0 r3=0  f0=2 f1=0 f2=0 f3=0 tot_tbs=12160 tot_fail=545 tot_bler=0.04482 tot_init=11572 tot_retx=588
slot 16 index 0 rnti 6050 mcs 28
slot 4 index 0 rnti 6050 mcs 28
slot 5 index 0 rnti 6050 mcs 28
slot 6 index 0 rnti 6050 mcs 28
slot 14 index 0 rnti 6050 mcs 28
slot 15 index 0 rnti 6050 mcs 28
slot 16 index 0 rnti 6050 mcs 28
slot 4 index 0 rnti 6050 mcs 28
slot 5 index 0 rnti 6050 mcs 28
slot 6 index 0 rnti 6050 mcs 28
slot 14 index 0 rnti 6050 mcs 28
slot 15 index 0 rnti 6050 mcs 28
slot 16 index 0 rnti 6050 mcs 28
slot 4 index 0 rnti 6050 mcs 28
slot 5 index 0 rnti 6050 mcs 28
slot 6 index 0 rnti 6050 mcs 28
slot 14 index 0 rnti 6050 mcs 28
slot 15 index 0 rnti 6050 mcs 28
slot 16 index 0 rnti 6050 mcs 28
[EMURAN-DL-CSV] t=42.696 win_tbs=20 win_fail=0 win_bler=0.00000 mcs_last=28 mcs_min=28 mcs_max=28 r0=20 r1=0 r2=0 r3=0  f0=0 f1=0 f2=0 f3=0 tot_tbs=12180 tot_fail=545 tot_bler=0.04475 tot_init=11592 tot_retx=588
slot 4 index 0 rnti 6050 mcs 28
slot 5 index 0 rnti 6050 mcs 28
slot 6 index 0 rnti 6050 mcs 28
slot 14 index 0 rnti 6050 mcs 28
slot 15 index 0 rnti 6050 mcs 28
slot 16 index 0 rnti 6050 mcs 28
slot 4 index 0 rnti 6050 mcs 28
slot 5 index 0 rnti 6050 mcs 28
slot 6 index 0 rnti 6050 mcs 28
slot 14 index 0 rnti 6050 mcs 28
slot 15 index 0 rnti 6050 mcs 28
slot 16 index 0 rnti 6050 mcs 28
slot 4 index 0 rnti 6050 mcs 28
slot 5 index 0 rnti 6050 mcs 28
slot 6 index 0 rnti 6050 mcs 28
slot 14 index 0 rnti 6050 mcs 28
slot 15 index 0 rnti 6050 mcs 28
slot 16 index 0 rnti 6050 mcs 28
slot 4 index 0 rnti 6050 mcs 28
slot 5 index 0 rnti 6050 mcs 28
[EMURAN-DL-CSV] t=42.769 win_tbs=20 win_fail=1 win_bler=0.05000 mcs_last=28 mcs_min=28 mcs_max=28 r0=19 r1=1 r2=0 r3=0  f0=1 f1=0 f2=0 f3=0 tot_tbs=12200 tot_fail=546 tot_bler=0.04475 tot_init=11611 tot_retx=589
slot 6 index 0 rnti 6050 mcs 28
slot 14 index 0 rnti 6050 mcs 28
slot 15 index 0 rnti 6050 mcs 28
slot 16 index 0 rnti 6050 mcs 28
[UE-STAT] frame=800 dci_cnt=600 total_tbs=50385600 ack_real=497 nack_real=25 fb_missing=78 decode_cnt=600
slot 4 index 0 rnti 6050 mcs 28
slot 5 index 0 rnti 6050 mcs 28
slot 6 index 0 rnti 6050 mcs 28
slot 14 index 0 rnti 6050 mcs 28
slot 15 index 0 rnti 6050 mcs 28
slot 16 index 0 rnti 6050 mcs 28
slot 4 index 0 rnti 6050 mcs 28
slot 5 index 0 rnti 6050 mcs 28
slot 6 index 0 rnti 6050 mcs 28
slot 14 index 0 rnti 6050 mcs 28
slot 15 index 0 rnti 6050 mcs 28
slot 16 index 0 rnti 6050 mcs 28
slot 4 index 0 rnti 6050 mcs 28
slot 5 index 0 rnti 6050 mcs 28
slot 6 index 0 rnti 6050 mcs 28
slot 14 index 0 rnti 6050 mcs 28
slot 15 index 0 rnti 6050 mcs 28
[EMURAN-DL-CSV] t=42.842 win_tbs=20 win_fail=1 win_bler=0.05000 mcs_last=28 mcs_min=28 mcs_max=28 r0=18 r1=2 r2=0 r3=0  f0=1 f1=0 f2=0 f3=0 tot_tbs=12220 tot_fail=547 tot_bler=0.04476 tot_init=11629 tot_retx=591
slot 16 index 0 rnti 6050 mcs 28
slot 4 index 0 rnti 6050 mcs 28
slot 5 index 0 rnti 6050 mcs 28
slot 6 index 0 rnti 6050 mcs 28
slot 14 index 0 rnti 6050 mcs 28
slot 15 index 0 rnti 6050 mcs 28
slot 16 index 0 rnti 6050 mcs 28
slot 4 index 0 rnti 6050 mcs 28
slot 5 index 0 rnti 6050 mcs 28
slot 6 index 0 rnti 6050 mcs 28
slot 14 index 0 rnti 6050 mcs 28
slot 15 index 0 rnti 6050 mcs 28
slot 16 index 0 rnti 6050 mcs 28
slot 4 index 0 rnti 6050 mcs 28
slot 5 index 0 rnti 6050 mcs 28
slot 6 index 0 rnti 6050 mcs 28
slot 14 index 0 rnti 6050 mcs 28
slot 15 index 0 rnti 6050 mcs 28
slot 16 index 0 rnti 6050 mcs 28
[EMURAN-DL-CSV] t=42.906 win_tbs=20 win_fail=0 win_bler=0.00000 mcs_last=28 mcs_min=28 mcs_max=28 r0=20 r1=0 r2=0 r3=0  f0=0 f1=0 f2=0 f3=0 tot_tbs=12240 tot_fail=547 tot_bler=0.04469 tot_init=11649 tot_retx=591
slot 4 index 0 rnti 6050 mcs 28
slot 5 index 0 rnti 6050 mcs 28
slot 6 index 0 rnti 6050 mcs 28
slot 14 index 0 rnti 6050 mcs 28
slot 15 index 0 rnti 6050 mcs 28
slot 16 index 0 rnti 6050 mcs 28
slot 4 index 0 rnti 6050 mcs 28
slot 5 index 0 rnti 6050 mcs 28
slot 6 index 0 rnti 6050 mcs 28
slot 14 index 0 rnti 6050 mcs 28
slot 15 index 0 rnti 6050 mcs 28
slot 16 index 0 rnti 6050 mcs 28
slot 4 index 0 rnti 6050 mcs 28
slot 5 index 0 rnti 6050 mcs 28
slot 6 index 0 rnti 6050 mcs 28
slot 14 index 0 rnti 6050 mcs 28
slot 15 index 0 rnti 6050 mcs 28
slot 16 index 0 rnti 6050 mcs 28
slot 4 index 0 rnti 6050 mcs 28
slot 5 index 0 rnti 6050 mcs 28
slot 6 index 0 rnti 6050 mcs 28
[EMURAN-DL-CSV] t=42.980 win_tbs=20 win_fail=0 win_bler=0.00000 mcs_last=28 mcs_min=28 mcs_max=28 r0=20 r1=0 r2=0 r3=0  f0=0 f1=0 f2=0 f3=0 tot_tbs=12260 tot_fail=547 tot_bler=0.04462 tot_init=11669 tot_retx=591
slot 14 index 0 rnti 6050 mcs 28
slot 15 index 0 rnti 6050 mcs 28
slot 16 index 0 rnti 6050 mcs 28
slot 4 index 0 rnti 6050 mcs 28
slot 5 index 0 rnti 6050 mcs 28
slot 6 index 0 rnti 6050 mcs 28
slot 14 index 0 rnti 6050 mcs 28
slot 15 index 0 rnti 6050 mcs 28
slot 16 index 0 rnti 6050 mcs 28
slot 4 index 0 rnti 6050 mcs 28
slot 5 index 0 rnti 6050 mcs 28
slot 6 index 0 rnti 6050 mcs 28
slot 14 index 0 rnti 6050 mcs 28
slot 15 index 0 rnti 6050 mcs 28
slot 16 index 0 rnti 6050 mcs 28
slot 4 index 0 rnti 6050 mcs 28
slot 5 index 0 rnti 6050 mcs 28
slot 6 index 0 rnti 6050 mcs 28
slot 14 index 0 rnti 6050 mcs 28
slot 15 index 0 rnti 6050 mcs 28
[EMURAN-DL-CSV] t=43.052 win_tbs=20 win_fail=1 win_bler=0.05000 mcs_last=28 mcs_min=28 mcs_max=28 r0=19 r1=1 r2=0 r3=0  f0=1 f1=0 f2=0 f3=0 tot_tbs=12280 tot_fail=548 tot_bler=0.04463 tot_init=11688 tot_retx=592
slot 16 index 0 rnti 6050 mcs 28
slot 4 index 0 rnti 6050 mcs 28
slot 5 index 0 rnti 6050 mcs 28
slot 6 index 0 rnti 6050 mcs 28
slot 14 index 0 rnti 6050 mcs 28
slot 15 index 0 rnti 6050 mcs 28
slot 16 index 0 rnti 6050 mcs 28
slot 4 index 0 rnti 6050 mcs 28
slot 5 index 0 rnti 6050 mcs 28
slot 6 index 0 rnti 6050 mcs 28
slot 14 index 0 rnti 6050 mcs 28
slot 15 index 0 rnti 6050 mcs 28
slot 16 index 0 rnti 6050 mcs 28
slot 4 index 0 rnti 6050 mcs 28
slot 5 index 0 rnti 6050 mcs 28
slot 6 index 0 rnti 6050 mcs 28
slot 14 index 0 rnti 6050 mcs 28
slot 15 index 0 rnti 6050 mcs 28
slot 16 index 0 rnti 6050 mcs 28
[EMURAN-DL-CSV] t=43.117 win_tbs=20 win_fail=1 win_bler=0.05000 mcs_last=28 mcs_min=28 mcs_max=28 r0=19 r1=1 r2=0 r3=0  f0=1 f1=0 f2=0 f3=0 tot_tbs=12300 tot_fail=549 tot_bler=0.04463 tot_init=11707 tot_retx=593
slot 4 index 0 rnti 6050 mcs 28
slot 5 index 0 rnti 6050 mcs 28
slot 6 index 0 rnti 6050 mcs 28
slot 14 index 0 rnti 6050 mcs 28
slot 15 index 0 rnti 6050 mcs 28
slot 16 index 0 rnti 6050 mcs 28
slot 4 index 0 rnti 6050 mcs 28
slot 5 index 0 rnti 6050 mcs 28
slot 6 index 0 rnti 6050 mcs 28
slot 14 index 0 rnti 6050 mcs 28
slot 15 index 0 rnti 6050 mcs 28
slot 16 index 0 rnti 6050 mcs 28
slot 4 index 0 rnti 6050 mcs 28
slot 5 index 0 rnti 6050 mcs 28
slot 6 index 0 rnti 6050 mcs 28
slot 14 index 0 rnti 6050 mcs 28
slot 15 index 0 rnti 6050 mcs 28
slot 16 index 0 rnti 6050 mcs 28
slot 4 index 0 rnti 6050 mcs 28
slot 5 index 0 rnti 6050 mcs 28
[EMURAN-DL-CSV] t=43.189 win_tbs=20 win_fail=0 win_bler=0.00000 mcs_last=28 mcs_min=28 mcs_max=28 r0=19 r1=1 r2=0 r3=0  f0=0 f1=0 f2=0 f3=0 tot_tbs=12320 tot_fail=549 tot_bler=0.04456 tot_init=11726 tot_retx=594
slot 6 index 0 rnti 6050 mcs 28
slot 14 index 0 rnti 6050 mcs 28
slot 15 index 0 rnti 6050 mcs 28
slot 16 index 0 rnti 6050 mcs 28
slot 4 index 0 rnti 6050 mcs 28
slot 5 index 0 rnti 6050 mcs 28
slot 6 index 0 rnti 6050 mcs 28
slot 14 index 0 rnti 6050 mcs 28
slot 15 index 0 rnti 6050 mcs 28
slot 16 index 0 rnti 6050 mcs 28
slot 4 index 0 rnti 6050 mcs 28
slot 5 index 0 rnti 6050 mcs 28
slot 6 index 0 rnti 6050 mcs 28
slot 14 index 0 rnti 6050 mcs 28
slot 15 index 0 rnti 6050 mcs 28
slot 16 index 0 rnti 6050 mcs 28
slot 4 index 0 rnti 6050 mcs 28
slot 5 index 0 rnti 6050 mcs 28
slot 6 index 0 rnti 6050 mcs 28
slot 14 index 0 rnti 6050 mcs 28
[EMURAN-DL-CSV] t=43.262 win_tbs=20 win_fail=0 win_bler=0.00000 mcs_last=28 mcs_min=28 mcs_max=28 r0=20 r1=0 r2=0 r3=0  f0=0 f1=0 f2=0 f3=0 tot_tbs=12340 tot_fail=549 tot_bler=0.04449 tot_init=11746 tot_retx=594
slot 15 index 0 rnti 6050 mcs 28
slot 16 index 0 rnti 6050 mcs 28
slot 4 index 0 rnti 6050 mcs 28
slot 5 index 0 rnti 6050 mcs 28
slot 6 index 0 rnti 6050 mcs 28
slot 14 index 0 rnti 6050 mcs 28
slot 15 index 0 rnti 6050 mcs 28
slot 16 index 0 rnti 6050 mcs 28
slot 4 index 0 rnti 6050 mcs 28
slot 5 index 0 rnti 6050 mcs 28
slot 6 index 0 rnti 6050 mcs 28
slot 14 index 0 rnti 6050 mcs 28
slot 15 index 0 rnti 6050 mcs 28
slot 16 index 0 rnti 6050 mcs 28
slot 4 index 0 rnti 6050 mcs 28
slot 5 index 0 rnti 6050 mcs 28
slot 6 index 0 rnti 6050 mcs 28
slot 14 index 0 rnti 6050 mcs 28
slot 15 index 0 rnti 6050 mcs 28
slot 16 index 0 rnti 6050 mcs 28
[EMURAN-DL-CSV] t=43.327 win_tbs=20 win_fail=0 win_bler=0.00000 mcs_last=28 mcs_min=28 mcs_max=28 r0=20 r1=0 r2=0 r3=0  f0=0 f1=0 f2=0 f3=0 tot_tbs=12360 tot_fail=549 tot_bler=0.04442 tot_init=11766 tot_retx=594
slot 4 index 0 rnti 6050 mcs 28
slot 5 index 0 rnti 6050 mcs 28
slot 6 index 0 rnti 6050 mcs 28
slot 14 index 0 rnti 6050 mcs 28
slot 15 index 0 rnti 6050 mcs 28
slot 16 index 0 rnti 6050 mcs 28
slot 4 index 0 rnti 6050 mcs 28
slot 5 index 0 rnti 6050 mcs 28
slot 6 index 0 rnti 6050 mcs 28
slot 14 index 0 rnti 6050 mcs 28
slot 15 index 0 rnti 6050 mcs 28
slot 16 index 0 rnti 6050 mcs 28
slot 4 index 0 rnti 6050 mcs 28
slot 5 index 0 rnti 6050 mcs 28
slot 6 index 0 rnti 6050 mcs 28
slot 14 index 0 rnti 6050 mcs 28
slot 15 index 0 rnti 6050 mcs 28
slot 16 index 0 rnti 6050 mcs 28
slot 4 index 0 rnti 6050 mcs 28
slot 5 index 0 rnti 6050 mcs 28
slot 6 index 0 rnti 6050 mcs 28
[EMURAN-DL-CSV] t=43.401 win_tbs=20 win_fail=2 win_bler=0.10000 mcs_last=28 mcs_min=28 mcs_max=28 r0=19 r1=1 r2=0 r3=0  f0=2 f1=0 f2=0 f3=0 tot_tbs=12380 tot_fail=551 tot_bler=0.04451 tot_init=11785 tot_retx=595
slot 14 index 0 rnti 6050 mcs 28
slot 15 index 0 rnti 6050 mcs 28
slot 16 index 0 rnti 6050 mcs 28
slot 4 index 0 rnti 6050 mcs 28
slot 5 index 0 rnti 6050 mcs 28
slot 6 index 0 rnti 6050 mcs 28
slot 14 index 0 rnti 6050 mcs 28
slot 15 index 0 rnti 6050 mcs 28
slot 16 index 0 rnti 6050 mcs 28
slot 4 index 0 rnti 6050 mcs 28
slot 5 index 0 rnti 6050 mcs 28
slot 6 index 0 rnti 6050 mcs 28
slot 14 index 0 rnti 6050 mcs 28
slot 15 index 0 rnti 6050 mcs 28
slot 16 index 0 rnti 6050 mcs 28
slot 4 index 0 rnti 6050 mcs 28
slot 5 index 0 rnti 6050 mcs 28
slot 6 index 0 rnti 6050 mcs 28
slot 14 index 0 rnti 6050 mcs 28
[EMURAN-DL-CSV] t=43.472 win_tbs=20 win_fail=1 win_bler=0.05000 mcs_last=28 mcs_min=28 mcs_max=28 r0=19 r1=1 r2=0 r3=0  f0=1 f1=0 f2=0 f3=0 tot_tbs=12400 tot_fail=552 tot_bler=0.04452 tot_init=11804 tot_retx=596
slot 15 index 0 rnti 6050 mcs 28
slot 16 index 0 rnti 6050 mcs 28
slot 4 index 0 rnti 6050 mcs 28
slot 5 index 0 rnti 6050 mcs 28
slot 6 index 0 rnti 6050 mcs 28
slot 14 index 0 rnti 6050 mcs 28
slot 15 index 0 rnti 6050 mcs 28
slot 16 index 0 rnti 6050 mcs 28
slot 4 index 0 rnti 6050 mcs 28
slot 5 index 0 rnti 6050 mcs 28
slot 6 index 0 rnti 6050 mcs 28
slot 14 index 0 rnti 6050 mcs 28
slot 15 index 0 rnti 6050 mcs 28
slot 16 index 0 rnti 6050 mcs 28
slot 4 index 0 rnti 6050 mcs 28
slot 5 index 0 rnti 6050 mcs 28
slot 6 index 0 rnti 6050 mcs 28
slot 14 index 0 rnti 6050 mcs 28
slot 15 index 0 rnti 6050 mcs 28
slot 16 index 0 rnti 6050 mcs 28
[EMURAN-DL-CSV] t=43.537 win_tbs=20 win_fail=0 win_bler=0.00000 mcs_last=28 mcs_min=28 mcs_max=28 r0=19 r1=1 r2=0 r3=0  f0=0 f1=0 f2=0 f3=0 tot_tbs=12420 tot_fail=552 tot_bler=0.04444 tot_init=11823 tot_retx=597
slot 4 index 0 rnti 6050 mcs 28
slot 5 index 0 rnti 6050 mcs 28
slot 6 index 0 rnti 6050 mcs 28
slot 14 index 0 rnti 6050 mcs 28
slot 15 index 0 rnti 6050 mcs 28
slot 16 index 0 rnti 6050 mcs 28
slot 4 index 0 rnti 6050 mcs 28
slot 5 index 0 rnti 6050 mcs 28
slot 6 index 0 rnti 6050 mcs 28
slot 14 index 0 rnti 6050 mcs 28
slot 15 index 0 rnti 6050 mcs 28
slot 16 index 0 rnti 6050 mcs 28
slot 4 index 0 rnti 6050 mcs 28
slot 5 index 0 rnti 6050 mcs 28
slot 6 index 0 rnti 6050 mcs 28
slot 14 index 0 rnti 6050 mcs 28
slot 15 index 0 rnti 6050 mcs 28
slot 16 index 0 rnti 6050 mcs 28
slot 4 index 0 rnti 6050 mcs 28
slot 5 index 0 rnti 6050 mcs 28
[EMURAN-DL-CSV] t=43.610 win_tbs=20 win_fail=0 win_bler=0.00000 mcs_last=28 mcs_min=28 mcs_max=28 r0=20 r1=0 r2=0 r3=0  f0=0 f1=0 f2=0 f3=0 tot_tbs=12440 tot_fail=552 tot_bler=0.04437 tot_init=11843 tot_retx=597
slot 6 index 0 rnti 6050 mcs 28
slot 14 index 0 rnti 6050 mcs 28
slot 15 index 0 rnti 6050 mcs 28
slot 16 index 0 rnti 6050 mcs 28
slot 4 index 0 rnti 6050 mcs 28
slot 5 index 0 rnti 6050 mcs 28
slot 6 index 0 rnti 6050 mcs 28
slot 14 index 0 rnti 6050 mcs 28
slot 15 index 0 rnti 6050 mcs 28
slot 16 index 0 rnti 6050 mcs 28
slot 4 index 0 rnti 6050 mcs 28
slot 5 index 0 rnti 6050 mcs 28
slot 6 index 0 rnti 6050 mcs 28
slot 14 index 0 rnti 6050 mcs 28
slot 15 index 0 rnti 6050 mcs 28
slot 16 index 0 rnti 6050 mcs 28
slot 4 index 0 rnti 6050 mcs 28
slot 5 index 0 rnti 6050 mcs 28
slot 6 index 0 rnti 6050 mcs 28
slot 14 index 0 rnti 6050 mcs 28
[EMURAN-DL-CSV] t=43.683 win_tbs=20 win_fail=0 win_bler=0.00000 mcs_last=28 mcs_min=28 mcs_max=28 r0=20 r1=0 r2=0 r3=0  f0=0 f1=0 f2=0 f3=0 tot_tbs=12460 tot_fail=552 tot_bler=0.04430 tot_init=11863 tot_retx=597
slot 15 index 0 rnti 6050 mcs 28
slot 16 index 0 rnti 6050 mcs 28
slot 4 index 0 rnti 6050 mcs 28
slot 5 index 0 rnti 6050 mcs 28
slot 6 index 0 rnti 6050 mcs 28
slot 14 index 0 rnti 6050 mcs 28
slot 15 index 0 rnti 6050 mcs 28
slot 16 index 0 rnti 6050 mcs 28
slot 4 index 0 rnti 6050 mcs 28
slot 5 index 0 rnti 6050 mcs 28
slot 6 index 0 rnti 6050 mcs 28
slot 14 index 0 rnti 6050 mcs 28
slot 15 index 0 rnti 6050 mcs 28
slot 16 index 0 rnti 6050 mcs 28
slot 4 index 0 rnti 6050 mcs 28
slot 5 index 0 rnti 6050 mcs 28
slot 6 index 0 rnti 6050 mcs 28
slot 14 index 0 rnti 6050 mcs 28
slot 15 index 0 rnti 6050 mcs 28
slot 16 index 0 rnti 6050 mcs 28
[EMURAN-DL-CSV] t=43.748 win_tbs=20 win_fail=0 win_bler=0.00000 mcs_last=28 mcs_min=28 mcs_max=28 r0=20 r1=0 r2=0 r3=0  f0=0 f1=0 f2=0 f3=0 tot_tbs=12480 tot_fail=552 tot_bler=0.04423 tot_init=11883 tot_retx=597
slot 4 index 0 rnti 6050 mcs 28
slot 5 index 0 rnti 6050 mcs 28
slot 6 index 0 rnti 6050 mcs 28
slot 14 index 0 rnti 6050 mcs 28
slot 15 index 0 rnti 6050 mcs 28
slot 16 index 0 rnti 6050 mcs 28
slot 4 index 0 rnti 6050 mcs 28
slot 5 index 0 rnti 6050 mcs 28
slot 6 index 0 rnti 6050 mcs 28
slot 14 index 0 rnti 6050 mcs 28
slot 15 index 0 rnti 6050 mcs 28
slot 16 index 0 rnti 6050 mcs 28
slot 4 index 0 rnti 6050 mcs 28
slot 5 index 0 rnti 6050 mcs 28
slot 6 index 0 rnti 6050 mcs 28
slot 14 index 0 rnti 6050 mcs 28
slot 15 index 0 rnti 6050 mcs 28
slot 16 index 0 rnti 6050 mcs 28
slot 4 index 0 rnti 6050 mcs 28
slot 5 index 0 rnti 6050 mcs 28
[EMURAN-DL-CSV] t=43.820 win_tbs=20 win_fail=1 win_bler=0.05000 mcs_last=28 mcs_min=28 mcs_max=28 r0=18 r1=2 r2=0 r3=0  f0=1 f1=0 f2=0 f3=0 tot_tbs=12500 tot_fail=553 tot_bler=0.04424 tot_init=11901 tot_retx=599
slot 6 index 0 rnti 6050 mcs 28
slot 14 index 0 rnti 6050 mcs 28
slot 15 index 0 rnti 6050 mcs 28
slot 16 index 0 rnti 6050 mcs 28
slot 4 index 0 rnti 6050 mcs 28
slot 5 index 0 rnti 6050 mcs 28
slot 6 index 0 rnti 6050 mcs 28
slot 14 index 0 rnti 6050 mcs 28
slot 15 index 0 rnti 6050 mcs 28
slot 16 index 0 rnti 6050 mcs 28
slot 4 index 0 rnti 6050 mcs 28
slot 5 index 0 rnti 6050 mcs 28
slot 6 index 0 rnti 6050 mcs 28
slot 14 index 0 rnti 6050 mcs 28
slot 15 index 0 rnti 6050 mcs 28
slot 16 index 0 rnti 6050 mcs 28
slot 4 index 0 rnti 6050 mcs 28
slot 5 index 0 rnti 6050 mcs 28
slot 6 index 0 rnti 6050 mcs 28
slot 14 index 0 rnti 6050 mcs 28
[EMURAN-DL-CSV] t=43.893 win_tbs=20 win_fail=0 win_bler=0.00000 mcs_last=28 mcs_min=28 mcs_max=28 r0=20 r1=0 r2=0 r3=0  f0=0 f1=0 f2=0 f3=0 tot_tbs=12520 tot_fail=553 tot_bler=0.04417 tot_init=11921 tot_retx=599
slot 15 index 0 rnti 6050 mcs 28
slot 16 index 0 rnti 6050 mcs 28
slot 4 index 0 rnti 6050 mcs 28
slot 5 index 0 rnti 6050 mcs 28
slot 6 index 0 rnti 6050 mcs 28
slot 14 index 0 rnti 6050 mcs 28
slot 15 index 0 rnti 6050 mcs 28
slot 16 index 0 rnti 6050 mcs 28
slot 4 index 0 rnti 6050 mcs 28
slot 5 index 0 rnti 6050 mcs 28
slot 6 index 0 rnti 6050 mcs 28
slot 14 index 0 rnti 6050 mcs 28
slot 15 index 0 rnti 6050 mcs 28
slot 16 index 0 rnti 6050 mcs 28
slot 4 index 0 rnti 6050 mcs 28
slot 5 index 0 rnti 6050 mcs 28
slot 6 index 0 rnti 6050 mcs 28
slot 14 index 0 rnti 6050 mcs 28
slot 15 index 0 rnti 6050 mcs 28
slot 16 index 0 rnti 6050 mcs 28
[EMURAN-DL-CSV] t=43.958 win_tbs=20 win_fail=0 win_bler=0.00000 mcs_last=28 mcs_min=28 mcs_max=28 r0=20 r1=0 r2=0 r3=0  f0=0 f1=0 f2=0 f3=0 tot_tbs=12540 tot_fail=553 tot_bler=0.04410 tot_init=11941 tot_retx=599
slot 4 index 0 rnti 6050 mcs 28
slot 5 index 0 rnti 6050 mcs 28
slot 6 index 0 rnti 6050 mcs 28
slot 14 index 0 rnti 6050 mcs 28
slot 15 index 0 rnti 6050 mcs 28
slot 16 index 0 rnti 6050 mcs 28
slot 4 index 0 rnti 6050 mcs 28
slot 5 index 0 rnti 6050 mcs 28
slot 6 index 0 rnti 6050 mcs 28
slot 14 index 0 rnti 6050 mcs 28
slot 15 index 0 rnti 6050 mcs 28
slot 16 index 0 rnti 6050 mcs 28
slot 4 index 0 rnti 6050 mcs 28
slot 5 index 0 rnti 6050 mcs 28
slot 6 index 0 rnti 6050 mcs 28
slot 14 index 0 rnti 6050 mcs 28
slot 15 index 0 rnti 6050 mcs 28
slot 16 index 0 rnti 6050 mcs 28
slot 4 index 0 rnti 6050 mcs 28
slot 5 index 0 rnti 6050 mcs 28
[EMURAN-DL-CSV] t=44.031 win_tbs=20 win_fail=0 win_bler=0.00000 mcs_last=28 mcs_min=28 mcs_max=28 r0=20 r1=0 r2=0 r3=0  f0=0 f1=0 f2=0 f3=0 tot_tbs=12560 tot_fail=553 tot_bler=0.04403 tot_init=11961 tot_retx=599
slot 6 index 0 rnti 6050 mcs 28
slot 14 index 0 rnti 6050 mcs 28
slot 15 index 0 rnti 6050 mcs 28
slot 16 index 0 rnti 6050 mcs 28
slot 4 index 0 rnti 6050 mcs 28
slot 5 index 0 rnti 6050 mcs 28
slot 6 index 0 rnti 6050 mcs 28
slot 14 index 0 rnti 6050 mcs 28
slot 15 index 0 rnti 6050 mcs 28
slot 16 index 0 rnti 6050 mcs 28
slot 4 index 0 rnti 6050 mcs 28
slot 5 index 0 rnti 6050 mcs 28
slot 6 index 0 rnti 6050 mcs 28
slot 14 index 0 rnti 6050 mcs 28
slot 15 index 0 rnti 6050 mcs 28
slot 16 index 0 rnti 6050 mcs 28
slot 4 index 0 rnti 6050 mcs 28
slot 5 index 0 rnti 6050 mcs 28
slot 6 index 0 rnti 6050 mcs 28
slot 14 index 0 rnti 6050 mcs 28
[EMURAN-DL-CSV] t=44.103 win_tbs=20 win_fail=1 win_bler=0.05000 mcs_last=28 mcs_min=28 mcs_max=28 r0=19 r1=1 r2=0 r3=0  f0=1 f1=0 f2=0 f3=0 tot_tbs=12580 tot_fail=554 tot_bler=0.04404 tot_init=11980 tot_retx=600
slot 15 index 0 rnti 6050 mcs 28
slot 16 index 0 rnti 6050 mcs 28
slot 4 index 0 rnti 6050 mcs 28
slot 5 index 0 rnti 6050 mcs 28
slot 6 index 0 rnti 6050 mcs 28
slot 14 index 0 rnti 6050 mcs 28
slot 15 index 0 rnti 6050 mcs 28
slot 16 index 0 rnti 6050 mcs 28
slot 4 index 0 rnti 6050 mcs 28
slot 5 index 0 rnti 6050 mcs 28
slot 6 index 0 rnti 6050 mcs 28
slot 14 index 0 rnti 6050 mcs 28
slot 15 index 0 rnti 6050 mcs 28
slot 16 index 0 rnti 6050 mcs 28
slot 4 index 0 rnti 6050 mcs 28
slot 5 index 0 rnti 6050 mcs 28
slot 6 index 0 rnti 6050 mcs 28
slot 14 index 0 rnti 6050 mcs 28
slot 15 index 0 rnti 6050 mcs 28
slot 16 index 0 rnti 6050 mcs 28
[EMURAN-DL-CSV] t=44.169 win_tbs=20 win_fail=0 win_bler=0.00000 mcs_last=28 mcs_min=28 mcs_max=28 r0=19 r1=1 r2=0 r3=0  f0=0 f1=0 f2=0 f3=0 tot_tbs=12600 tot_fail=554 tot_bler=0.04397 tot_init=11999 tot_retx=601
slot 4 index 0 rnti 6050 mcs 28
slot 5 index 0 rnti 6050 mcs 28
slot 6 index 0 rnti 6050 mcs 28
slot 14 index 0 rnti 6050 mcs 28
slot 15 index 0 rnti 6050 mcs 28
slot 16 index 0 rnti 6050 mcs 28
slot 4 index 0 rnti 6050 mcs 28
slot 5 index 0 rnti 6050 mcs 28
slot 6 index 0 rnti 6050 mcs 28
slot 14 index 0 rnti 6050 mcs 28
slot 15 index 0 rnti 6050 mcs 28
slot 16 index 0 rnti 6050 mcs 28
slot 4 index 0 rnti 6050 mcs 28
slot 5 index 0 rnti 6050 mcs 28
slot 6 index 0 rnti 6050 mcs 28
slot 14 index 0 rnti 6050 mcs 28
slot 15 index 0 rnti 6050 mcs 28
slot 16 index 0 rnti 6050 mcs 28
slot 4 index 0 rnti 6050 mcs 28
slot 5 index 0 rnti 6050 mcs 28
slot 6 index 0 rnti 6050 mcs 28
[EMURAN-DL-CSV] t=44.242 win_tbs=20 win_fail=1 win_bler=0.05000 mcs_last=28 mcs_min=28 mcs_max=28 r0=19 r1=1 r2=0 r3=0  f0=1 f1=0 f2=0 f3=0 tot_tbs=12620 tot_fail=555 tot_bler=0.04398 tot_init=12018 tot_retx=602
slot 14 index 0 rnti 6050 mcs 28
slot 15 index 0 rnti 6050 mcs 28
slot 16 index 0 rnti 6050 mcs 28
slot 4 index 0 rnti 6050 mcs 28
slot 5 index 0 rnti 6050 mcs 28
slot 6 index 0 rnti 6050 mcs 28
slot 14 index 0 rnti 6050 mcs 28
slot 15 index 0 rnti 6050 mcs 28
slot 16 index 0 rnti 6050 mcs 28
slot 4 index 0 rnti 6050 mcs 28
slot 5 index 0 rnti 6050 mcs 28
slot 6 index 0 rnti 6050 mcs 28
slot 14 index 0 rnti 6050 mcs 28
slot 15 index 0 rnti 6050 mcs 28
slot 16 index 0 rnti 6050 mcs 28
slot 4 index 0 rnti 6050 mcs 28
slot 5 index 0 rnti 6050 mcs 28
slot 6 index 0 rnti 6050 mcs 28
slot 14 index 0 rnti 6050 mcs 28
slot 15 index 0 rnti 6050 mcs 28
[EMURAN-DL-CSV] t=44.315 win_tbs=20 win_fail=1 win_bler=0.05000 mcs_last=28 mcs_min=28 mcs_max=28 r0=19 r1=1 r2=0 r3=0  f0=1 f1=0 f2=0 f3=0 tot_tbs=12640 tot_fail=556 tot_bler=0.04399 tot_init=12037 tot_retx=603
slot 16 index 0 rnti 6050 mcs 28
slot 4 index 0 rnti 6050 mcs 28
slot 5 index 0 rnti 6050 mcs 28
slot 6 index 0 rnti 6050 mcs 28
slot 14 index 0 rnti 6050 mcs 28
slot 15 index 0 rnti 6050 mcs 28
slot 16 index 0 rnti 6050 mcs 28
slot 4 index 0 rnti 6050 mcs 28
slot 5 index 0 rnti 6050 mcs 28
slot 6 index 0 rnti 6050 mcs 28
slot 14 index 0 rnti 6050 mcs 28
slot 15 index 0 rnti 6050 mcs 28
slot 16 index 0 rnti 6050 mcs 28
slot 4 index 0 rnti 6050 mcs 28
slot 5 index 0 rnti 6050 mcs 28
slot 6 index 0 rnti 6050 mcs 28
slot 14 index 0 rnti 6050 mcs 28
slot 15 index 0 rnti 6050 mcs 28
slot 16 index 0 rnti 6050 mcs 28
slot 4 index 0 rnti 6050 mcs 28
[EMURAN-DL-CSV] t=44.387 win_tbs=20 win_fail=2 win_bler=0.10000 mcs_last=28 mcs_min=28 mcs_max=28 r0=18 r1=2 r2=0 r3=0  f0=2 f1=0 f2=0 f3=0 tot_tbs=12660 tot_fail=558 tot_bler=0.04408 tot_init=12055 tot_retx=605
slot 5 index 0 rnti 6050 mcs 28
slot 6 index 0 rnti 6050 mcs 28
slot 14 index 0 rnti 6050 mcs 28
slot 15 index 0 rnti 6050 mcs 28
slot 16 index 0 rnti 6050 mcs 28
slot 4 index 0 rnti 6050 mcs 28
slot 5 index 0 rnti 6050 mcs 28
slot 6 index 0 rnti 6050 mcs 28
slot 14 index 0 rnti 6050 mcs 28
slot 15 index 0 rnti 6050 mcs 28
slot 16 index 0 rnti 6050 mcs 28
slot 4 index 0 rnti 6050 mcs 28
slot 5 index 0 rnti 6050 mcs 28
slot 6 index 0 rnti 6050 mcs 28
slot 14 index 0 rnti 6050 mcs 28
slot 15 index 0 rnti 6050 mcs 28
slot 16 index 0 rnti 6050 mcs 28
slot 4 index 0 rnti 6050 mcs 28
slot 5 index 0 rnti 6050 mcs 28
slot 6 index 0 rnti 6050 mcs 28
[EMURAN-DL-CSV] t=44.453 win_tbs=20 win_fail=0 win_bler=0.00000 mcs_last=28 mcs_min=28 mcs_max=28 r0=20 r1=0 r2=0 r3=0  f0=0 f1=0 f2=0 f3=0 tot_tbs=12680 tot_fail=558 tot_bler=0.04401 tot_init=12075 tot_retx=605
slot 14 index 0 rnti 6050 mcs 28
slot 15 index 0 rnti 6050 mcs 28
slot 16 index 0 rnti 6050 mcs 28
slot 4 index 0 rnti 6050 mcs 28
slot 5 index 0 rnti 6050 mcs 28
slot 6 index 0 rnti 6050 mcs 28
slot 14 index 0 rnti 6050 mcs 28
slot 15 index 0 rnti 6050 mcs 28
slot 16 index 0 rnti 6050 mcs 28
slot 4 index 0 rnti 6050 mcs 28
slot 5 index 0 rnti 6050 mcs 28
slot 6 index 0 rnti 6050 mcs 28
slot 14 index 0 rnti 6050 mcs 28
slot 15 index 0 rnti 6050 mcs 28
slot 16 index 0 rnti 6050 mcs 28
slot 4 index 0 rnti 6050 mcs 28
slot 5 index 0 rnti 6050 mcs 28
slot 6 index 0 rnti 6050 mcs 28
slot 14 index 0 rnti 6050 mcs 28
slot 15 index 0 rnti 6050 mcs 28
[EMURAN-DL-CSV] t=44.525 win_tbs=20 win_fail=0 win_bler=0.00000 mcs_last=28 mcs_min=28 mcs_max=28 r0=19 r1=1 r2=0 r3=0  f0=0 f1=0 f2=0 f3=0 tot_tbs=12700 tot_fail=558 tot_bler=0.04394 tot_init=12094 tot_retx=606
slot 16 index 0 rnti 6050 mcs 28
slot 4 index 0 rnti 6050 mcs 28
slot 5 index 0 rnti 6050 mcs 28
slot 6 index 0 rnti 6050 mcs 28
slot 14 index 0 rnti 6050 mcs 28
slot 15 index 0 rnti 6050 mcs 28
slot 16 index 0 rnti 6050 mcs 28
slot 4 index 0 rnti 6050 mcs 28
slot 5 index 0 rnti 6050 mcs 28
slot 6 index 0 rnti 6050 mcs 28
slot 14 index 0 rnti 6050 mcs 28
slot 15 index 0 rnti 6050 mcs 28
slot 16 index 0 rnti 6050 mcs 28
slot 4 index 0 rnti 6050 mcs 28
slot 5 index 0 rnti 6050 mcs 28
slot 6 index 0 rnti 6050 mcs 28
slot 14 index 0 rnti 6050 mcs 28
slot 15 index 0 rnti 6050 mcs 28
slot 16 index 0 rnti 6050 mcs 28
slot 4 index 0 rnti 6050 mcs 28
[EMURAN-DL-CSV] t=44.598 win_tbs=20 win_fail=0 win_bler=0.00000 mcs_last=28 mcs_min=28 mcs_max=28 r0=20 r1=0 r2=0 r3=0  f0=0 f1=0 f2=0 f3=0 tot_tbs=12720 tot_fail=558 tot_bler=0.04387 tot_init=12114 tot_retx=606
slot 5 index 0 rnti 6050 mcs 28
slot 6 index 0 rnti 6050 mcs 28
slot 14 index 0 rnti 6050 mcs 28
slot 15 index 0 rnti 6050 mcs 28
slot 16 index 0 rnti 6050 mcs 28
slot 4 index 0 rnti 6050 mcs 28
slot 5 index 0 rnti 6050 mcs 28
slot 6 index 0 rnti 6050 mcs 28
slot 14 index 0 rnti 6050 mcs 28
slot 15 index 0 rnti 6050 mcs 28
slot 16 index 0 rnti 6050 mcs 28
slot 4 index 0 rnti 6050 mcs 28
slot 5 index 0 rnti 6050 mcs 28
slot 6 index 0 rnti 6050 mcs 28
slot 14 index 0 rnti 6050 mcs 28
slot 15 index 0 rnti 6050 mcs 28
slot 16 index 0 rnti 6050 mcs 28
slot 4 index 0 rnti 6050 mcs 28
slot 5 index 0 rnti 6050 mcs 28
slot 6 index 0 rnti 6050 mcs 28
[EMURAN-DL-CSV] t=44.663 win_tbs=20 win_fail=2 win_bler=0.10000 mcs_last=28 mcs_min=28 mcs_max=28 r0=18 r1=2 r2=0 r3=0  f0=2 f1=0 f2=0 f3=0 tot_tbs=12740 tot_fail=560 tot_bler=0.04396 tot_init=12132 tot_retx=608
slot 14 index 0 rnti 6050 mcs 28
slot 15 index 0 rnti 6050 mcs 28
slot 16 index 0 rnti 6050 mcs 28
slot 4 index 0 rnti 6050 mcs 28
slot 5 index 0 rnti 6050 mcs 28
slot 6 index 0 rnti 6050 mcs 28
slot 14 index 0 rnti 6050 mcs 28
slot 15 index 0 rnti 6050 mcs 28
slot 16 index 0 rnti 6050 mcs 28
slot 4 index 0 rnti 6050 mcs 28
slot 5 index 0 rnti 6050 mcs 28
slot 6 index 0 rnti 6050 mcs 28
slot 14 index 0 rnti 6050 mcs 28
slot 15 index 0 rnti 6050 mcs 28
slot 16 index 0 rnti 6050 mcs 28
slot 4 index 0 rnti 6050 mcs 28
slot 5 index 0 rnti 6050 mcs 28
slot 6 index 0 rnti 6050 mcs 28
slot 14 index 0 rnti 6050 mcs 28
slot 15 index 0 rnti 6050 mcs 28
[EMURAN-DL-CSV] t=44.735 win_tbs=20 win_fail=2 win_bler=0.10000 mcs_last=28 mcs_min=28 mcs_max=28 r0=18 r1=2 r2=0 r3=0  f0=2 f1=0 f2=0 f3=0 tot_tbs=12760 tot_fail=562 tot_bler=0.04404 tot_init=12150 tot_retx=610
slot 16 index 0 rnti 6050 mcs 28
slot 4 index 0 rnti 6050 mcs 28
slot 5 index 0 rnti 6050 mcs 28
slot 6 index 0 rnti 6050 mcs 28
slot 14 index 0 rnti 6050 mcs 28
slot 15 index 0 rnti 6050 mcs 28
slot 16 index 0 rnti 6050 mcs 28
slot 4 index 0 rnti 6050 mcs 28
slot 5 index 0 rnti 6050 mcs 28
slot 6 index 0 rnti 6050 mcs 28
slot 14 index 0 rnti 6050 mcs 28
slot 15 index 0 rnti 6050 mcs 28
slot 16 index 0 rnti 6050 mcs 28
slot 4 index 0 rnti 6050 mcs 28
slot 5 index 0 rnti 6050 mcs 28
slot 6 index 0 rnti 6050 mcs 28
slot 14 index 0 rnti 6050 mcs 28
slot 15 index 0 rnti 6050 mcs 28
slot 16 index 0 rnti 6050 mcs 28
slot 4 index 0 rnti 6050 mcs 28
[EMURAN-DL-CSV] t=44.808 win_tbs=20 win_fail=0 win_bler=0.00000 mcs_last=28 mcs_min=28 mcs_max=28 r0=20 r1=0 r2=0 r3=0  f0=0 f1=0 f2=0 f3=0 tot_tbs=12780 tot_fail=562 tot_bler=0.04397 tot_init=12170 tot_retx=610
slot 5 index 0 rnti 6050 mcs 28
slot 6 index 0 rnti 6050 mcs 28
slot 14 index 0 rnti 6050 mcs 28
slot 15 index 0 rnti 6050 mcs 28
slot 16 index 0 rnti 6050 mcs 28
slot 4 index 0 rnti 6050 mcs 28
slot 5 index 0 rnti 6050 mcs 28
slot 6 index 0 rnti 6050 mcs 28
slot 14 index 0 rnti 6050 mcs 28
slot 15 index 0 rnti 6050 mcs 28
slot 16 index 0 rnti 6050 mcs 28
slot 4 index 0 rnti 6050 mcs 28
slot 5 index 0 rnti 6050 mcs 28
slot 6 index 0 rnti 6050 mcs 28
slot 14 index 0 rnti 6050 mcs 28
slot 15 index 0 rnti 6050 mcs 28
slot 16 index 0 rnti 6050 mcs 28
slot 4 index 0 rnti 6050 mcs 28
slot 5 index 0 rnti 6050 mcs 28
slot 6 index 0 rnti 6050 mcs 28
[EMURAN-DL-CSV] t=44.873 win_tbs=20 win_fail=1 win_bler=0.05000 mcs_last=28 mcs_min=28 mcs_max=28 r0=18 r1=2 r2=0 r3=0  f0=1 f1=0 f2=0 f3=0 tot_tbs=12800 tot_fail=563 tot_bler=0.04398 tot_init=12188 tot_retx=612
slot 14 index 0 rnti 6050 mcs 28
slot 15 index 0 rnti 6050 mcs 28
slot 16 index 0 rnti 6050 mcs 28
[UE-STAT] frame=900 dci_cnt=599 total_tbs=50301624 ack_real=503 nack_real=15 fb_missing=81 decode_cnt=599
slot 4 index 0 rnti 6050 mcs 28
slot 5 index 0 rnti 6050 mcs 28
slot 6 index 0 rnti 6050 mcs 28
slot 14 index 0 rnti 6050 mcs 28
slot 15 index 0 rnti 6050 mcs 28
slot 16 index 0 rnti 6050 mcs 28
slot 4 index 0 rnti 6050 mcs 28
slot 5 index 0 rnti 6050 mcs 28
slot 6 index 0 rnti 6050 mcs 28
slot 14 index 0 rnti 6050 mcs 28
slot 15 index 0 rnti 6050 mcs 28
slot 16 index 0 rnti 6050 mcs 28
slot 4 index 0 rnti 6050 mcs 28
slot 5 index 0 rnti 6050 mcs 28
slot 6 index 0 rnti 6050 mcs 28
slot 14 index 0 rnti 6050 mcs 28
slot 15 index 0 rnti 6050 mcs 28
[EMURAN-DL-CSV] t=44.946 win_tbs=20 win_fail=0 win_bler=0.00000 mcs_last=28 mcs_min=28 mcs_max=28 r0=20 r1=0 r2=0 r3=0  f0=0 f1=0 f2=0 f3=0 tot_tbs=12820 tot_fail=563 tot_bler=0.04392 tot_init=12208 tot_retx=612
slot 16 index 0 rnti 6050 mcs 28
slot 4 index 0 rnti 6050 mcs 28
slot 5 index 0 rnti 6050 mcs 28
slot 6 index 0 rnti 6050 mcs 28
slot 14 index 0 rnti 6050 mcs 28
slot 15 index 0 rnti 6050 mcs 28
slot 16 index 0 rnti 6050 mcs 28
slot 4 index 0 rnti 6050 mcs 28
slot 5 index 0 rnti 6050 mcs 28
slot 6 index 0 rnti 6050 mcs 28
slot 14 index 0 rnti 6050 mcs 28
slot 15 index 0 rnti 6050 mcs 28
slot 16 index 0 rnti 6050 mcs 28
slot 4 index 0 rnti 6050 mcs 28
slot 5 index 0 rnti 6050 mcs 28
slot 6 index 0 rnti 6050 mcs 28
slot 14 index 0 rnti 6050 mcs 28
slot 15 index 0 rnti 6050 mcs 28
slot 16 index 0 rnti 6050 mcs 28
slot 4 index 0 rnti 6050 mcs 28
[EMURAN-DL-CSV] t=45.019 win_tbs=20 win_fail=2 win_bler=0.10000 mcs_last=28 mcs_min=28 mcs_max=28 r0=18 r1=2 r2=0 r3=0  f0=2 f1=0 f2=0 f3=0 tot_tbs=12840 tot_fail=565 tot_bler=0.04400 tot_init=12226 tot_retx=614
slot 5 index 0 rnti 6050 mcs 28
slot 6 index 0 rnti 6050 mcs 28
slot 14 index 0 rnti 6050 mcs 28
slot 15 index 0 rnti 6050 mcs 28
slot 16 index 0 rnti 6050 mcs 28
slot 4 index 0 rnti 6050 mcs 28
slot 5 index 0 rnti 6050 mcs 28
slot 6 index 0 rnti 6050 mcs 28
slot 14 index 0 rnti 6050 mcs 28
slot 15 index 0 rnti 6050 mcs 28
slot 16 index 0 rnti 6050 mcs 28
slot 4 index 0 rnti 6050 mcs 28
slot 5 index 0 rnti 6050 mcs 28
slot 6 index 0 rnti 6050 mcs 28
slot 14 index 0 rnti 6050 mcs 28
slot 15 index 0 rnti 6050 mcs 28
slot 16 index 0 rnti 6050 mcs 28
slot 4 index 0 rnti 6050 mcs 28
slot 5 index 0 rnti 6050 mcs 28
slot 6 index 0 rnti 6050 mcs 28
[EMURAN-DL-CSV] t=45.084 win_tbs=20 win_fail=0 win_bler=0.00000 mcs_last=28 mcs_min=28 mcs_max=28 r0=20 r1=0 r2=0 r3=0  f0=0 f1=0 f2=0 f3=0 tot_tbs=12860 tot_fail=565 tot_bler=0.04393 tot_init=12246 tot_retx=614
slot 14 index 0 rnti 6050 mcs 28
slot 15 index 0 rnti 6050 mcs 28
slot 16 index 0 rnti 6050 mcs 28
slot 4 index 0 rnti 6050 mcs 28
slot 5 index 0 rnti 6050 mcs 28
slot 6 index 0 rnti 6050 mcs 28
slot 14 index 0 rnti 6050 mcs 28
slot 15 index 0 rnti 6050 mcs 28
slot 16 index 0 rnti 6050 mcs 28
slot 4 index 0 rnti 6050 mcs 28
slot 5 index 0 rnti 6050 mcs 28
slot 6 index 0 rnti 6050 mcs 28
slot 14 index 0 rnti 6050 mcs 28
slot 15 index 0 rnti 6050 mcs 28
slot 16 index 0 rnti 6050 mcs 28
slot 4 index 0 rnti 6050 mcs 28
slot 5 index 0 rnti 6050 mcs 28
slot 6 index 0 rnti 6050 mcs 28
slot 14 index 0 rnti 6050 mcs 28
slot 15 index 0 rnti 6050 mcs 28
[EMURAN-DL-CSV] t=45.156 win_tbs=20 win_fail=1 win_bler=0.05000 mcs_last=28 mcs_min=28 mcs_max=28 r0=18 r1=1 r2=1 r3=0  f0=1 f1=0 f2=0 f3=0 tot_tbs=12880 tot_fail=566 tot_bler=0.04394 tot_init=12264 tot_retx=616
slot 16 index 0 rnti 6050 mcs 28
slot 4 index 0 rnti 6050 mcs 28
slot 5 index 0 rnti 6050 mcs 28
slot 6 index 0 rnti 6050 mcs 28
slot 14 index 0 rnti 6050 mcs 28
slot 15 index 0 rnti 6050 mcs 28
slot 16 index 0 rnti 6050 mcs 28
slot 4 index 0 rnti 6050 mcs 28
slot 5 index 0 rnti 6050 mcs 28
slot 6 index 0 rnti 6050 mcs 28
slot 14 index 0 rnti 6050 mcs 28
slot 15 index 0 rnti 6050 mcs 28
slot 16 index 0 rnti 6050 mcs 28
slot 4 index 0 rnti 6050 mcs 28
slot 5 index 0 rnti 6050 mcs 28
slot 6 index 0 rnti 6050 mcs 28
slot 14 index 0 rnti 6050 mcs 28
slot 15 index 0 rnti 6050 mcs 28
slot 16 index 0 rnti 6050 mcs 28
slot 4 index 0 rnti 6050 mcs 28
[EMURAN-DL-CSV] t=45.229 win_tbs=20 win_fail=1 win_bler=0.05000 mcs_last=28 mcs_min=28 mcs_max=28 r0=20 r1=0 r2=0 r3=0  f0=1 f1=0 f2=0 f3=0 tot_tbs=12900 tot_fail=567 tot_bler=0.04395 tot_init=12284 tot_retx=616
slot 5 index 0 rnti 6050 mcs 28
slot 6 index 0 rnti 6050 mcs 28
slot 14 index 0 rnti 6050 mcs 28
slot 15 index 0 rnti 6050 mcs 28
slot 16 index 0 rnti 6050 mcs 28
slot 4 index 0 rnti 6050 mcs 28
slot 5 index 0 rnti 6050 mcs 28
slot 6 index 0 rnti 6050 mcs 28
slot 14 index 0 rnti 6050 mcs 28
slot 15 index 0 rnti 6050 mcs 28
slot 16 index 0 rnti 6050 mcs 28
slot 4 index 0 rnti 6050 mcs 28
slot 5 index 0 rnti 6050 mcs 28
slot 6 index 0 rnti 6050 mcs 28
slot 14 index 0 rnti 6050 mcs 28
slot 15 index 0 rnti 6050 mcs 28
slot 16 index 0 rnti 6050 mcs 28
slot 4 index 0 rnti 6050 mcs 28
slot 5 index 0 rnti 6050 mcs 28
slot 6 index 0 rnti 6050 mcs 28
[EMURAN-DL-CSV] t=45.295 win_tbs=20 win_fail=3 win_bler=0.15000 mcs_last=28 mcs_min=28 mcs_max=28 r0=18 r1=2 r2=0 r3=0  f0=2 f1=1 f2=0 f3=0 tot_tbs=12920 tot_fail=570 tot_bler=0.04412 tot_init=12302 tot_retx=618
slot 14 index 0 rnti 6050 mcs 28
slot 15 index 0 rnti 6050 mcs 28
slot 16 index 0 rnti 6050 mcs 28
slot 4 index 0 rnti 6050 mcs 28
slot 5 index 0 rnti 6050 mcs 28
slot 6 index 0 rnti 6050 mcs 28
slot 14 index 0 rnti 6050 mcs 28
slot 15 index 0 rnti 6050 mcs 28
slot 16 index 0 rnti 6050 mcs 28
slot 4 index 0 rnti 6050 mcs 28
slot 5 index 0 rnti 6050 mcs 28
slot 6 index 0 rnti 6050 mcs 28
slot 14 index 0 rnti 6050 mcs 28
slot 15 index 0 rnti 6050 mcs 28
slot 16 index 0 rnti 6050 mcs 28
slot 4 index 0 rnti 6050 mcs 28
slot 5 index 0 rnti 6050 mcs 28
slot 6 index 0 rnti 6050 mcs 28
slot 14 index 0 rnti 6050 mcs 28
slot 15 index 0 rnti 6050 mcs 28
[EMURAN-DL-CSV] t=45.367 win_tbs=20 win_fail=3 win_bler=0.15000 mcs_last=28 mcs_min=28 mcs_max=28 r0=17 r1=3 r2=0 r3=0  f0=3 f1=0 f2=0 f3=0 tot_tbs=12940 tot_fail=573 tot_bler=0.04428 tot_init=12319 tot_retx=621
slot 16 index 0 rnti 6050 mcs 28
slot 4 index 0 rnti 6050 mcs 28
slot 5 index 0 rnti 6050 mcs 28
slot 6 index 0 rnti 6050 mcs 28
slot 14 index 0 rnti 6050 mcs 28
slot 15 index 0 rnti 6050 mcs 28
slot 16 index 0 rnti 6050 mcs 28
slot 4 index 0 rnti 6050 mcs 28
slot 5 index 0 rnti 6050 mcs 28
slot 6 index 0 rnti 6050 mcs 28
slot 14 index 0 rnti 6050 mcs 28
slot 15 index 0 rnti 6050 mcs 28
slot 16 index 0 rnti 6050 mcs 28
slot 4 index 0 rnti 6050 mcs 28
slot 5 index 0 rnti 6050 mcs 28
slot 6 index 0 rnti 6050 mcs 28
slot 14 index 0 rnti 6050 mcs 28
slot 15 index 0 rnti 6050 mcs 28
slot 16 index 0 rnti 6050 mcs 28
slot 4 index 0 rnti 6050 mcs 28
[EMURAN-DL-CSV] t=45.439 win_tbs=20 win_fail=0 win_bler=0.00000 mcs_last=28 mcs_min=28 mcs_max=28 r0=19 r1=1 r2=0 r3=0  f0=0 f1=0 f2=0 f3=0 tot_tbs=12960 tot_fail=573 tot_bler=0.04421 tot_init=12338 tot_retx=622
slot 5 index 0 rnti 6050 mcs 28
slot 6 index 0 rnti 6050 mcs 28
slot 14 index 0 rnti 6050 mcs 28
slot 15 index 0 rnti 6050 mcs 28
slot 16 index 0 rnti 6050 mcs 28
slot 4 index 0 rnti 6050 mcs 28
slot 5 index 0 rnti 6050 mcs 28
slot 6 index 0 rnti 6050 mcs 28
slot 14 index 0 rnti 6050 mcs 28
slot 15 index 0 rnti 6050 mcs 28
slot 16 index 0 rnti 6050 mcs 28
slot 4 index 0 rnti 6050 mcs 28
slot 5 index 0 rnti 6050 mcs 28
slot 6 index 0 rnti 6050 mcs 28
slot 14 index 0 rnti 6050 mcs 28
slot 15 index 0 rnti 6050 mcs 28
slot 16 index 0 rnti 6050 mcs 28
slot 4 index 0 rnti 6050 mcs 28
slot 5 index 0 rnti 6050 mcs 28
slot 6 index 0 rnti 6050 mcs 28
[EMURAN-DL-CSV] t=45.505 win_tbs=20 win_fail=0 win_bler=0.00000 mcs_last=28 mcs_min=28 mcs_max=28 r0=19 r1=1 r2=0 r3=0  f0=0 f1=0 f2=0 f3=0 tot_tbs=12980 tot_fail=573 tot_bler=0.04414 tot_init=12357 tot_retx=623
slot 14 index 0 rnti 6050 mcs 28
slot 15 index 0 rnti 6050 mcs 28
slot 16 index 0 rnti 6050 mcs 28
slot 4 index 0 rnti 6050 mcs 28
slot 5 index 0 rnti 6050 mcs 28
slot 6 index 0 rnti 6050 mcs 28
slot 14 index 0 rnti 6050 mcs 28
slot 15 index 0 rnti 6050 mcs 28
slot 16 index 0 rnti 6050 mcs 28
slot 4 index 0 rnti 6050 mcs 28
slot 5 index 0 rnti 6050 mcs 28
slot 6 index 0 rnti 6050 mcs 28
slot 14 index 0 rnti 6050 mcs 28
slot 15 index 0 rnti 6050 mcs 28
slot 16 index 0 rnti 6050 mcs 28
slot 4 index 0 rnti 6050 mcs 28
slot 5 index 0 rnti 6050 mcs 28
slot 6 index 0 rnti 6050 mcs 28
slot 14 index 0 rnti 6050 mcs 28
slot 15 index 0 rnti 6050 mcs 28
[EMURAN-DL-CSV] t=45.577 win_tbs=20 win_fail=1 win_bler=0.05000 mcs_last=28 mcs_min=28 mcs_max=28 r0=19 r1=1 r2=0 r3=0  f0=1 f1=0 f2=0 f3=0 tot_tbs=13000 tot_fail=574 tot_bler=0.04415 tot_init=12376 tot_retx=624
slot 16 index 0 rnti 6050 mcs 28
slot 4 index 0 rnti 6050 mcs 28
slot 5 index 0 rnti 6050 mcs 28
slot 6 index 0 rnti 6050 mcs 28
slot 14 index 0 rnti 6050 mcs 28
slot 15 index 0 rnti 6050 mcs 28
slot 16 index 0 rnti 6050 mcs 28
slot 4 index 0 rnti 6050 mcs 28
slot 5 index 0 rnti 6050 mcs 28
slot 6 index 0 rnti 6050 mcs 28
slot 14 index 0 rnti 6050 mcs 28
slot 15 index 0 rnti 6050 mcs 28
slot 16 index 0 rnti 6050 mcs 28
slot 4 index 0 rnti 6050 mcs 28
slot 5 index 0 rnti 6050 mcs 28
slot 6 index 0 rnti 6050 mcs 28
slot 14 index 0 rnti 6050 mcs 28
slot 15 index 0 rnti 6050 mcs 28
slot 16 index 0 rnti 6050 mcs 28
slot 4 index 0 rnti 6050 mcs 28
[EMURAN-DL-CSV] t=45.650 win_tbs=20 win_fail=1 win_bler=0.05000 mcs_last=28 mcs_min=28 mcs_max=28 r0=19 r1=1 r2=0 r3=0  f0=1 f1=0 f2=0 f3=0 tot_tbs=13020 tot_fail=575 tot_bler=0.04416 tot_init=12395 tot_retx=625
slot 5 index 0 rnti 6050 mcs 28
slot 6 index 0 rnti 6050 mcs 28
slot 14 index 0 rnti 6050 mcs 28
slot 15 index 0 rnti 6050 mcs 28
slot 16 index 0 rnti 6050 mcs 28
slot 4 index 0 rnti 6050 mcs 28
slot 5 index 0 rnti 6050 mcs 28
slot 6 index 0 rnti 6050 mcs 28
slot 14 index 0 rnti 6050 mcs 28
slot 15 index 0 rnti 6050 mcs 28
slot 16 index 0 rnti 6050 mcs 28
slot 4 index 0 rnti 6050 mcs 28
slot 5 index 0 rnti 6050 mcs 28
slot 6 index 0 rnti 6050 mcs 28
slot 14 index 0 rnti 6050 mcs 28
slot 15 index 0 rnti 6050 mcs 28
slot 16 index 0 rnti 6050 mcs 28
slot 4 index 0 rnti 6050 mcs 28
slot 5 index 0 rnti 6050 mcs 28
slot 6 index 0 rnti 6050 mcs 28
[EMURAN-DL-CSV] t=45.715 win_tbs=20 win_fail=2 win_bler=0.10000 mcs_last=28 mcs_min=28 mcs_max=28 r0=19 r1=1 r2=0 r3=0  f0=2 f1=0 f2=0 f3=0 tot_tbs=13040 tot_fail=577 tot_bler=0.04425 tot_init=12414 tot_retx=626
slot 14 index 0 rnti 6050 mcs 28
slot 15 index 0 rnti 6050 mcs 28
slot 16 index 0 rnti 6050 mcs 28
slot 4 index 0 rnti 6050 mcs 28
slot 5 index 0 rnti 6050 mcs 28
slot 6 index 0 rnti 6050 mcs 28
slot 14 index 0 rnti 6050 mcs 28
slot 15 index 0 rnti 6050 mcs 28
slot 16 index 0 rnti 6050 mcs 28
slot 4 index 0 rnti 6050 mcs 28
slot 5 index 0 rnti 6050 mcs 28
slot 6 index 0 rnti 6050 mcs 28
slot 14 index 0 rnti 6050 mcs 28
slot 15 index 0 rnti 6050 mcs 28
slot 16 index 0 rnti 6050 mcs 28
slot 4 index 0 rnti 6050 mcs 28
slot 5 index 0 rnti 6050 mcs 28
slot 6 index 0 rnti 6050 mcs 28
slot 14 index 0 rnti 6050 mcs 28
slot 15 index 0 rnti 6050 mcs 28
[EMURAN-DL-CSV] t=45.788 win_tbs=20 win_fail=3 win_bler=0.15000 mcs_last=28 mcs_min=28 mcs_max=28 r0=17 r1=2 r2=1 r3=0  f0=3 f1=0 f2=0 f3=0 tot_tbs=13060 tot_fail=580 tot_bler=0.04441 tot_init=12431 tot_retx=629
slot 16 index 0 rnti 6050 mcs 28
slot 4 index 0 rnti 6050 mcs 28
slot 5 index 0 rnti 6050 mcs 28
slot 6 index 0 rnti 6050 mcs 28
slot 14 index 0 rnti 6050 mcs 28
slot 15 index 0 rnti 6050 mcs 28
slot 16 index 0 rnti 6050 mcs 28
slot 4 index 0 rnti 6050 mcs 28
slot 5 index 0 rnti 6050 mcs 28
slot 6 index 0 rnti 6050 mcs 28
slot 14 index 0 rnti 6050 mcs 28
slot 15 index 0 rnti 6050 mcs 28
slot 16 index 0 rnti 6050 mcs 28
slot 4 index 0 rnti 6050 mcs 28
slot 5 index 0 rnti 6050 mcs 28
slot 6 index 0 rnti 6050 mcs 28
slot 14 index 0 rnti 6050 mcs 28
slot 15 index 0 rnti 6050 mcs 28
slot 16 index 0 rnti 6050 mcs 28
slot 4 index 0 rnti 6050 mcs 28
slot 5 index 0 rnti 6050 mcs 28
[EMURAN-DL-CSV] t=45.861 win_tbs=20 win_fail=1 win_bler=0.05000 mcs_last=28 mcs_min=28 mcs_max=28 r0=17 r1=2 r2=0 r3=1  f0=1 f1=0 f2=0 f3=0 tot_tbs=13080 tot_fail=581 tot_bler=0.04442 tot_init=12448 tot_retx=632
slot 6 index 0 rnti 6050 mcs 28
slot 14 index 0 rnti 6050 mcs 28
slot 15 index 0 rnti 6050 mcs 28
slot 16 index 0 rnti 6050 mcs 28
slot 4 index 0 rnti 6050 mcs 28
slot 5 index 0 rnti 6050 mcs 28
slot 6 index 0 rnti 6050 mcs 28
slot 14 index 0 rnti 6050 mcs 28
slot 15 index 0 rnti 6050 mcs 28
slot 16 index 0 rnti 6050 mcs 28
slot 4 index 0 rnti 6050 mcs 28
slot 5 index 0 rnti 6050 mcs 28
slot 6 index 0 rnti 6050 mcs 28
slot 14 index 0 rnti 6050 mcs 28
slot 15 index 0 rnti 6050 mcs 28
slot 16 index 0 rnti 6050 mcs 28
slot 4 index 0 rnti 6050 mcs 28
slot 4 index 0 rnti 6050 mcs 28
slot 15 index 0 rnti 6050 mcs 28
[EMURAN-DL-CSV] t=45.956 win_tbs=20 win_fail=0 win_bler=0.00000 mcs_last=28 mcs_min=28 mcs_max=28 r0=19 r1=1 r2=0 r3=0  f0=0 f1=0 f2=0 f3=0 tot_tbs=13100 tot_fail=581 tot_bler=0.04435 tot_init=12467 tot_retx=633
