Calling sched_setscheduler(79)
EMURAN-DIAG-UE-RECV message_id=0x81 len=80
EMURAN-DIAG-UE-RECV message_id=0x81 len=80
EMURAN-DIAG-UE-RECV message_id=0x81 len=80
EMURAN-DIAG-UE-RECV message_id=0x81 len=80
EMURAN-DIAG-UE-RECV message_id=0x81 len=42
EMURAN-DIAG-UE-RECV message_id=0x84 len=166
EMURAN-DIAG-UE-RECV message_id=0x80 len=190
EMURAN-DIAG-UE-RECV message_id=0x81 len=80
EMURAN-DIAG-UE-RECV message_id=0x81 len=80
EMURAN-DIAG-UE-RECV message_id=0x81 len=80
EMURAN-DIAG-UE-RECV message_id=0x81 len=80
EMURAN-DIAG-UE-RECV message_id=0x81 len=80
EMURAN-DIAG-UE-RECV message_id=0x81 len=42
EMURAN-DIAG-UE-RECV message_id=0x84 len=166
EMURAN-DIAG-UE-RECV message_id=0x80 len=190
EMURAN-DIAG-UE-RECV message_id=0x81 len=80
EMURAN-DIAG-UE-RECV message_id=0x81 len=80
EMURAN-DIAG-UE-RECV message_id=0x81 len=80
EMURAN-DIAG-UE-RECV message_id=0x81 len=80
EMURAN-DIAG-UE-RECV message_id=0x81 len=42
EMURAN-DIAG-UE-RECV message_id=0x84 len=166
EMURAN-DIAG-UE-RECV message_id=0x80 len=190
EMURAN-DIAG-UE-RECV message_id=0x84 len=158
EMURAN-DIAG-UE-RECV message_id=0x80 len=164
EMURAN-DIAG-UE-RECV message_id=0x81 len=80
EMURAN-DIAG-UE-RECV message_id=0x81 len=80
EMURAN-DIAG-UE-RECV message_id=0x81 len=80
EMURAN-DIAG-UE-RECV message_id=0x81 len=80
EMURAN-DIAG-UE-RECV message_id=0x81 len=42
EMURAN-DIAG-UE-RECV message_id=0x84 len=166
EMURAN-DIAG-UE-RECV message_id=0x80 len=190
EMURAN-DIAG-UE-RECV message_id=0x81 len=80
EMURAN-DIAG-UE-RECV message_id=0x81 len=80
EMURAN-DIAG-UE-RECV message_id=0x81 len=80
EMURAN-DIAG-UE-RECV message_id=0x81 len=80
EMURAN-DIAG-UE-RECV message_id=0x81 len=42
EMURAN-DIAG-UE-RECV message_id=0x84 len=166
EMURAN-DIAG-UE-RECV message_id=0x80 len=190
EMURAN-DIAG-UE-RECV message_id=0x81 len=80
EMURAN-DIAG-UE-RECV message_id=0x81 len=80
EMURAN-DIAG-UE-RECV message_id=0x81 len=80
EMURAN-DIAG-UE-RECV message_id=0x81 len=80
EMURAN-DIAG-UE-RECV message_id=0x81 len=42
EMURAN-DIAG-UE-RECV message_id=0x84 len=166
EMURAN-DIAG-UE-RECV message_id=0x80 len=190
EMURAN-DIAG-UE-RECV message_id=0x81 len=80
EMURAN-DIAG-UE-RECV message_id=0x81 len=80
EMURAN-DIAG-UE-RECV message_id=0x81 len=80
EMURAN-DIAG-UE-RECV message_id=0x81 len=80
EMURAN-DIAG-UE-RECV message_id=0x81 len=42
EMURAN-DIAG-UE-RECV message_id=0x84 len=166
EMURAN-DIAG-UE-RECV message_id=0x80 len=190
EMURAN-DIAG-UE-RECV message_id=0x81 len=80
EMURAN-DIAG-UE-RECV message_id=0x81 len=80
EMURAN-DIAG-UE-RECV message_id=0x81 len=80
EMURAN-DIAG-UE-RECV message_id=0x81 len=80
EMURAN-DIAG-UE-RECV message_id=0x81 len=42
EMURAN-DIAG-UE-RECV message_id=0x84 len=166
EMURAN-DIAG-UE-RECV message_id=0x80 len=190
EMURAN-DIAG-UE-RECV message_id=0x84 len=158
EMURAN-DIAG-UE-RECV message_id=0x80 len=164
EMURAN-DIAG-UE-RECV message_id=0x81 len=80
EMURAN-DIAG-UE-RECV message_id=0x81 len=80
EMURAN-DIAG-UE-RECV message_id=0x81 len=80
EMURAN-DIAG-UE-RECV message_id=0x81 len=80
EMURAN-DIAG-UE-RECV message_id=0x81 len=42
EMURAN-DIAG-UE-RECV message_id=0x84 len=166
EMURAN-DIAG-UE-RECV message_id=0x80 len=190
EMURAN-DIAG-UE-RECV message_id=0x81 len=80
EMURAN-DIAG-UE-RECV message_id=0x81 len=80
EMURAN-DIAG-UE-RECV message_id=0x81 len=80
EMURAN-DIAG-UE-RECV message_id=0x81 len=80
EMURAN-DIAG-UE-RECV message_id=0x81 len=80
EMURAN-DIAG-UE-RECV message_id=0x81 len=42
EMURAN-DIAG-UE-RECV message_id=0x84 len=166
EMURAN-DIAG-UE-RECV message_id=0x80 len=190
EMURAN-DIAG-UE-RECV message_id=0x81 len=80
EMURAN-DIAG-UE-RECV message_id=0x81 len=80
EMURAN-DIAG-UE-RECV message_id=0x81 len=80
EMURAN-DIAG-UE-RECV message_id=0x81 len=80
EMURAN-DIAG-UE-RECV message_id=0x81 len=42
EMURAN-DIAG-UE-RECV message_id=0x84 len=166
EMURAN-DIAG-UE-RECV message_id=0x80 len=190
EMURAN-DIAG-UE-RECV message_id=0x81 len=80
EMURAN-DIAG-UE-RECV message_id=0x81 len=80
EMURAN-DIAG-UE-RECV message_id=0x81 len=80
EMURAN-DIAG-UE-RECV message_id=0x81 len=80
EMURAN-DIAG-UE-RECV message_id=0x81 len=42
EMURAN-DIAG-UE-RECV message_id=0x84 len=166
EMURAN-DIAG-UE-RECV message_id=0x80 len=190
EMURAN-DIAG-UE-RECV message_id=0x81 len=80
EMURAN-DIAG-UE-RECV message_id=0x81 len=80
EMURAN-DIAG-UE-RECV message_id=0x81 len=80
EMURAN-DIAG-UE-RECV message_id=0x81 len=80
EMURAN-DIAG-UE-RECV message_id=0x81 len=42
EMURAN-DIAG-UE-RECV message_id=0x84 len=166
EMURAN-DIAG-UE-RECV message_id=0x80 len=190
EMURAN-DIAG-UE-RECV message_id=0x81 len=80
EMURAN-DIAG-UE-RECV message_id=0x81 len=80
EMURAN-DIAG-UE-RECV message_id=0x81 len=80
EMURAN-DIAG-UE-RECV message_id=0x81 len=80
EMURAN-DIAG-UE-RECV message_id=0x81 len=42
EMURAN-DIAG-UE-RECV message_id=0x84 len=166
EMURAN-DIAG-UE-RECV message_id=0x80 len=190
EMURAN-DIAG-UE-RECV message_id=0x81 len=80
EMURAN-DIAG-UE-RECV message_id=0x81 len=80
EMURAN-DIAG-UE-RECV message_id=0x81 len=80
EMURAN-DIAG-UE-RECV message_id=0x81 len=80
EMURAN-DIAG-UE-RECV message_id=0x81 len=42
EMURAN-DIAG-UE-RECV message_id=0x84 len=166
EMURAN-DIAG-UE-RECV message_id=0x80 len=190
EMURAN-DIAG-UE-RECV message_id=0x81 len=80
EMURAN-DIAG-UE-RECV message_id=0x81 len=80
EMURAN-DIAG-UE-RECV message_id=0x81 len=80
EMURAN-DIAG-UE-RECV message_id=0x81 len=80
EMURAN-DIAG-UE-RECV message_id=0x81 len=42
EMURAN-DIAG-UE-RECV message_id=0x84 len=166
EMURAN-DIAG-UE-RECV message_id=0x80 len=190
EMURAN-DIAG-UE-RECV message_id=0x81 len=80
EMURAN-DIAG-UE-RECV message_id=0x81 len=80
EMURAN-DIAG-UE-RECV message_id=0x81 len=80
EMURAN-DIAG-UE-RECV message_id=0x81 len=80
EMURAN-DIAG-UE-RECV message_id=0x81 len=42
EMURAN-DIAG-UE-RECV message_id=0x84 len=166
EMURAN-DIAG-UE-RECV message_id=0x80 len=190
EMURAN-DIAG-UE-RECV message_id=0x81 len=80
EMURAN-DIAG-UE-RECV message_id=0x81 len=80
EMURAN-DIAG-UE-RECV message_id=0x81 len=80
EMURAN-DIAG-UE-RECV message_id=0x81 len=80
EMURAN-DIAG-UE-RECV message_id=0x81 len=80
EMURAN-DIAG-UE-RECV message_id=0x81 len=42
EMURAN-DIAG-UE-RECV message_id=0x84 len=166
EMURAN-DIAG-UE-RECV message_id=0x80 len=190
EMURAN-DIAG-UE-RECV message_id=0x81 len=80
EMURAN-DIAG-UE-RECV message_id=0x81 len=80
EMURAN-DIAG-UE-RECV message_id=0x81 len=80
EMURAN-DIAG-UE-RECV message_id=0x81 len=80
EMURAN-DIAG-UE-RECV message_id=0x81 len=42
EMURAN-DIAG-UE-RECV message_id=0x84 len=166
EMURAN-DIAG-UE-RECV message_id=0x80 len=190
EMURAN-DIAG-UE-RECV message_id=0x81 len=80
EMURAN-DIAG-UE-RECV message_id=0x81 len=80
EMURAN-DIAG-UE-RECV message_id=0x81 len=80
EMURAN-DIAG-UE-RECV message_id=0x81 len=80
EMURAN-DIAG-UE-RECV message_id=0x81 len=42
EMURAN-DIAG-UE-RECV message_id=0x84 len=166
EMURAN-DIAG-UE-RECV message_id=0x80 len=190
EMURAN-DIAG-UE-RECV message_id=0x81 len=80
EMURAN-DIAG-UE-RECV message_id=0x81 len=80
EMURAN-DIAG-UE-RECV message_id=0x81 len=80
EMURAN-DIAG-UE-RECV message_id=0x81 len=80
EMURAN-DIAG-UE-RECV message_id=0x81 len=42
EMURAN-DIAG-UE-RECV message_id=0x84 len=166
EMURAN-DIAG-UE-RECV message_id=0x80 len=190
EMURAN-DIAG-UE-RECV message_id=0x81 len=80
EMURAN-DIAG-UE-RECV message_id=0x81 len=80
EMURAN-DIAG-UE-RECV message_id=0x81 len=80
EMURAN-DIAG-UE-RECV message_id=0x81 len=80
EMURAN-DIAG-UE-RECV message_id=0x81 len=42
EMURAN-DIAG-UE-RECV message_id=0x84 len=166
EMURAN-DIAG-UE-RECV message_id=0x80 len=190
EMURAN-DIAG-UE-RECV message_id=0x81 len=80
EMURAN-DIAG-UE-RECV message_id=0x81 len=80
EMURAN-DIAG-UE-RECV message_id=0x81 len=80
EMURAN-DIAG-UE-RECV message_id=0x81 len=80
EMURAN-DIAG-UE-RECV message_id=0x81 len=42
EMURAN-DIAG-UE-RECV message_id=0x84 len=166
EMURAN-DIAG-UE-RECV message_id=0x80 len=190
EMURAN-DIAG-UE-RECV message_id=0x81 len=80
EMURAN-DIAG-UE-RECV message_id=0x81 len=80
EMURAN-DIAG-UE-RECV message_id=0x81 len=80
EMURAN-DIAG-UE-RECV message_id=0x81 len=80
EMURAN-DIAG-UE-RECV message_id=0x81 len=42
EMURAN-DIAG-UE-RECV message_id=0x84 len=166
EMURAN-DIAG-UE-RECV message_id=0x80 len=190
EMURAN-DIAG-UE-RECV message_id=0x81 len=80
EMURAN-DIAG-UE-RECV message_id=0x81 len=80
EMURAN-DIAG-UE-RECV message_id=0x81 len=80
EMURAN-DIAG-UE-RECV message_id=0x81 len=80
EMURAN-DIAG-UE-RECV message_id=0x81 len=42
EMURAN-DIAG-UE-RECV message_id=0x84 len=166
EMURAN-DIAG-UE-RECV message_id=0x80 len=190
EMURAN-DIAG-UE-RECV message_id=0x81 len=80
EMURAN-DIAG-UE-RECV message_id=0x81 len=80
EMURAN-DIAG-UE-RECV message_id=0x81 len=80
EMURAN-DIAG-UE-RECV message_id=0x81 len=80
EMURAN-DIAG-UE-RECV message_id=0x81 len=80
EMURAN-DIAG-UE-RECV message_id=0x81 len=42
EMURAN-DIAG-UE-RECV message_id=0x84 len=166
EMURAN-DIAG-UE-RECV message_id=0x80 len=190
EMURAN-DIAG-UE-RECV message_id=0x81 len=80
EMURAN-DIAG-UE-RECV message_id=0x81 len=80
EMURAN-DIAG-UE-RECV message_id=0x81 len=80
EMURAN-DIAG-UE-RECV message_id=0x81 len=80
EMURAN-DIAG-UE-RECV message_id=0x81 len=42
EMURAN-DIAG-UE-RECV message_id=0x84 len=166
EMURAN-DIAG-UE-RECV message_id=0x80 len=190
EMURAN-DIAG-UE-RECV message_id=0x81 len=80
EMURAN-DIAG-UE-RECV message_id=0x81 len=80
EMURAN-DIAG-UE-RECV message_id=0x81 len=80
EMURAN-DIAG-UE-RECV message_id=0x81 len=80
EMURAN-DIAG-UE-RECV message_id=0x81 len=42
EMURAN-DIAG-UE-RECV message_id=0x84 len=166
EMURAN-DIAG-UE-RECV message_id=0x80 len=190
EMURAN-DIAG-UE-RECV message_id=0x81 len=80
EMURAN-DIAG-UE-RECV message_id=0x81 len=80
EMURAN-DIAG-UE-RECV message_id=0x81 len=80
EMURAN-DIAG-UE-RECV message_id=0x81 len=80
EMURAN-DIAG-UE-RECV message_id=0x81 len=42
EMURAN-DIAG-UE-RECV message_id=0x84 len=166
EMURAN-DIAG-UE-RECV message_id=0x80 len=190
EMURAN-DIAG-UE-RECV message_id=0x81 len=80
EMURAN-DIAG-UE-RECV message_id=0x81 len=80
EMURAN-DIAG-UE-RECV message_id=0x81 len=80
EMURAN-DIAG-UE-RECV message_id=0x81 len=80
EMURAN-DIAG-UE-RECV message_id=0x81 len=42
EMURAN-DIAG-UE-RECV message_id=0x84 len=166
EMURAN-DIAG-UE-RECV message_id=0x80 len=190
EMURAN-DIAG-UE-RECV message_id=0x81 len=80
EMURAN-DIAG-UE-RECV message_id=0x81 len=80
EMURAN-DIAG-UE-RECV message_id=0x81 len=80
EMURAN-DIAG-UE-RECV message_id=0x81 len=80
EMURAN-DIAG-UE-RECV message_id=0x81 len=42
EMURAN-DIAG-UE-RECV message_id=0x84 len=166
EMURAN-DIAG-UE-RECV message_id=0x80 len=190
EMURAN-DIAG-UE-RECV message_id=0x81 len=80
EMURAN-DIAG-UE-RECV message_id=0x81 len=80
EMURAN-DIAG-UE-RECV message_id=0x81 len=80
EMURAN-DIAG-UE-RECV message_id=0x81 len=80
EMURAN-DIAG-UE-RECV message_id=0x81 len=42
EMURAN-DIAG-UE-RECV message_id=0x84 len=166
EMURAN-DIAG-UE-RECV message_id=0x80 len=190
EMURAN-DIAG-UE-RECV message_id=0x81 len=80
EMURAN-DIAG-UE-RECV message_id=0x81 len=80
EMURAN-DIAG-UE-RECV message_id=0x81 len=80
EMURAN-DIAG-UE-RECV message_id=0x81 len=80
EMURAN-DIAG-UE-RECV message_id=0x81 len=42
EMURAN-DIAG-UE-RECV message_id=0x84 len=166
EMURAN-DIAG-UE-RECV message_id=0x80 len=190
EMURAN-DIAG-UE-RECV message_id=0x81 len=80
EMURAN-DIAG-UE-RECV message_id=0x81 len=80
EMURAN-DIAG-UE-RECV message_id=0x81 len=80
EMURAN-DIAG-UE-RECV message_id=0x81 len=80
EMURAN-DIAG-UE-RECV message_id=0x81 len=80
EMURAN-DIAG-UE-RECV message_id=0x81 len=42
EMURAN-DIAG-UE-RECV message_id=0x84 len=166
EMURAN-DIAG-UE-RECV message_id=0x80 len=190
EMURAN-DIAG-UE-RECV message_id=0x81 len=80
EMURAN-DIAG-UE-RECV message_id=0x81 len=80
EMURAN-DIAG-UE-RECV message_id=0x81 len=80
EMURAN-DIAG-UE-RECV message_id=0x81 len=80
EMURAN-DIAG-UE-RECV message_id=0x81 len=42
EMURAN-DIAG-UE-RECV message_id=0x84 len=166
EMURAN-DIAG-UE-RECV message_id=0x80 len=190
EMURAN-DIAG-UE-RECV message_id=0x81 len=80
EMURAN-DIAG-UE-RECV message_id=0x81 len=80
EMURAN-DIAG-UE-RECV message_id=0x81 len=80
EMURAN-DIAG-UE-RECV message_id=0x81 len=80
EMURAN-DIAG-UE-RECV message_id=0x81 len=42
EMURAN-DIAG-UE-RECV message_id=0x84 len=166
EMURAN-DIAG-UE-RECV message_id=0x80 len=190
EMURAN-DIAG-UE-RECV message_id=0x81 len=80
EMURAN-DIAG-UE-RECV message_id=0x81 len=80
EMURAN-DIAG-UE-RECV message_id=0x81 len=80
EMURAN-DIAG-UE-RECV message_id=0x81 len=80
EMURAN-DIAG-UE-RECV message_id=0x81 len=42
EMURAN-DIAG-UE-RECV message_id=0x84 len=166
EMURAN-DIAG-UE-RECV message_id=0x80 len=190
EMURAN-DIAG-UE-RECV message_id=0x81 len=80
EMURAN-DIAG-UE-RECV message_id=0x81 len=80
EMURAN-DIAG-UE-RECV message_id=0x81 len=80
EMURAN-DIAG-UE-RECV message_id=0x81 len=80
EMURAN-DIAG-UE-RECV message_id=0x81 len=42
EMURAN-DIAG-UE-RECV message_id=0x84 len=166
EMURAN-DIAG-UE-RECV message_id=0x80 len=190
EMURAN-DIAG-UE-RECV message_id=0x81 len=80
EMURAN-DIAG-UE-RECV message_id=0x81 len=80
EMURAN-DIAG-UE-RECV message_id=0x81 len=80
EMURAN-DIAG-UE-RECV message_id=0x81 len=80
EMURAN-DIAG-UE-RECV message_id=0x81 len=42
EMURAN-DIAG-UE-RECV message_id=0x84 len=166
EMURAN-DIAG-UE-RECV message_id=0x80 len=190
EMURAN-DIAG-UE-RECV message_id=0x81 len=80
EMURAN-DIAG-UE-RECV message_id=0x81 len=80
EMURAN-DIAG-UE-RECV message_id=0x81 len=80
EMURAN-DIAG-UE-RECV message_id=0x81 len=80
EMURAN-DIAG-UE-RECV message_id=0x81 len=42
EMURAN-DIAG-UE-RECV message_id=0x84 len=166
EMURAN-DIAG-UE-RECV message_id=0x80 len=190
EMURAN-DIAG-UE-RECV message_id=0x81 len=80
EMURAN-DIAG-UE-RECV message_id=0x81 len=80
EMURAN-DIAG-UE-RECV message_id=0x81 len=80
EMURAN-DIAG-UE-RECV message_id=0x81 len=80
EMURAN-DIAG-UE-RECV message_id=0x81 len=42
EMURAN-DIAG-UE-RECV message_id=0x84 len=166
EMURAN-DIAG-UE-RECV message_id=0x80 len=190
EMURAN-DIAG-UE-RECV message_id=0x81 len=80
EMURAN-DIAG-UE-RECV message_id=0x81 len=80
EMURAN-DIAG-UE-RECV message_id=0x81 len=80
EMURAN-DIAG-UE-RECV message_id=0x81 len=80
CMDLINE: "./nr-uesoftmodem" "-O" "/home/ubuntu/oai-configs/ue.conf" "--nfapi" "STANDALONE_PNF" "--node-number" "2" "--emulate-l1" "--sa" "1" 
[CONFIG] get parameters from libconfig /home/ubuntu/oai-configs/ue.conf [LIBCONFIG] Path for include directive set to: /home/ubuntu/oai-configs
[CONFIG] function config_libconfig_init returned 0
[CONFIG] config module libconfig loaded
[LIBCONFIG] config: 2/2 parameters successfully set, (2 to default value)
[CONFIG] debug flags: 0x00000000
[LIBCONFIG] log_config: 3/3 parameters successfully set, (1 to default value)
[LIBCONFIG] log_config: 53/53 parameters successfully set, (45 to default value)
[LIBCONFIG] log_config: 53/53 parameters successfully set, (53 to default value)
[LIBCONFIG] log_config: 16/16 parameters successfully set, (16 to default value)
[LIBCONFIG] log_config: 16/16 parameters successfully set, (16 to default value)
log init done
[LIBCONFIG] (root): 33/33 parameters successfully set, (30 to default value)
[LIBCONFIG] (root): 41/41 parameters successfully set, (38 to default value)
[LIBCONFIG] (root): 6/6 parameters successfully set, (5 to default value)
[LIBCONFIG] TTracer: 3/3 parameters successfully set, (3 to default value)
create a thread for core -1
create a thread for core -1
create a thread for core -1
create a thread for core -1
create a thread for core -1
create a thread for core -1
create a thread for core -1
create a thread for core -1
[LIBCONFIG] opt: 3/3 parameters successfully set, (3 to default value)
[LIBCONFIG] loader: 2/2 parameters successfully set, (2 to default value)
[LIBCONFIG] loader.ldpc: 2/2 parameters successfully set, (1 to default value)
shlib_path libldpc.so
[LOADER] library libldpc.so successfully loaded
[LIBCONFIG] nas.noS1: 3/3 parameters successfully set, (3 to default value)
[LIBCONFIG] MACRLCs.[0]: 34/34 parameters successfully set, (25 to default value)
[LIBCONFIG] (root): 30/30 parameters successfully set, (28 to default value)
Ujjwal: start -> 0
TYPE <CTRL-C> TO TERMINATE
[LIBCONFIG] uicc0: 10/10 parameters successfully set, (5 to default value)
Entering ITTI signals handler
TYPE <CTRL-C> TO TERMINATE
slot 4 index 0 rnti 5505 mcs 9
slot 14 index 0 rnti 5505 mcs 9
kgnb : c5 d0 14 90 66 86 33 61 57 bf 17 b2 8d 72 cf 7d c5 38 06 39 9f 95 9e 58 36 5e 8a 9c 09 49 f2 62 
kausf:fd 3b d1 c0 1b f0 7a 84 1e 13 51 5f 46 7a af 34 d0 a6 ad f0 50 6 b2 1b 5f 3e b3 14 58 be 14 7 
kseaf:7a 44 91 19 8e 71 b6 42 23 8b 6e 61 f6 79 c4 96 d1 35 a6 ae 13 7b 3d 82 89 13 f5 48 db 26 73 2b 
kamf:35 77 df 6d f0 63 f5 f6 a8 7b ac 3 ca e2 aa 45 d0 57 c2 b8 4c 5b 58 7f 55 d8 31 3 dc 36 1d 8c 
knas_int:
d7 a9 ff 85 24 0 31 16 a 27 ee d1 3a 1c ef a5 
slot 4 index 0 rnti 5505 mcs 9
mac 5b 65 95 58 
slot 4 index 0 rnti 5505 mcs 9
slot 14 index 0 rnti 5505 mcs 9
[NR_RRC]   driving kRRCenc, kRRCint and kUPenc from KgNB=c5 d0 14 90 66 86 33 61 57 bf 17 b2 8d 72 cf 7d c5 38 06 39 9f 95 9e 58 36 5e 8a 9c 09 49 f2 62 [0m
[NR_RRC]   securityModeComplete payload: 2e 00 00 00 00 00 00 00 08 00 00 00 00 00 00 00 [0m
slot 14 index 0 rnti 5505 mcs 9
<UE-NR-Capability>
    <accessStratumRelease><rel15/></accessStratumRelease>
    <pdcp-Parameters>
        <supportedROHC-Profiles>
            <profile0x0000><false/></profile0x0000>
            <profile0x0001><false/></profile0x0001>
            <profile0x0002><false/></profile0x0002>
            <profile0x0003><false/></profile0x0003>
            <profile0x0004><false/></profile0x0004>
            <profile0x0006><false/></profile0x0006>
            <profile0x0101><false/></profile0x0101>
            <profile0x0102><false/></profile0x0102>
            <profile0x0103><false/></profile0x0103>
            <profile0x0104><false/></profile0x0104>
        </supportedROHC-Profiles>
        <maxNumberROHC-ContextSessions><cs2/></maxNumberROHC-ContextSessions>
    </pdcp-Parameters>
    <phy-Parameters>
    </phy-Parameters>
    <rf-Parameters>
        <supportedBandListNR>
            <BandNR>
                <bandNR>1</bandNR>
            </BandNR>
        </supportedBandListNR>
    </rf-Parameters>
</UE-NR-Capability>
slot 4 index 0 rnti 5505 mcs 9
slot 4 index 0 rnti 5505 mcs 9
slot 4 index 0 rnti 5505 mcs 9
slot 4 index 0 rnti 5505 mcs 9
slot 4 index 0 rnti 5505 mcs 9
slot 4 index 0 rnti 5505 mcs 9
slot 4 index 0 rnti 5505 mcs 9
mac 82 bf 85 71 
mac 3 d 34 23 
slot 4 index 0 rnti 5505 mcs 9
slot 15 index 0 rnti 5505 mcs 9
slot 4 index 0 rnti 5505 mcs 9
slot 14 index 0 rnti 5505 mcs 9
[LIBCONFIG] nas.noS1: 3/3 parameters successfully set, (3 to default value)
slot 4 index 0 rnti 5505 mcs 9
slot 4 index 0 rnti 5505 mcs 9
slot 4 index 0 rnti 5505 mcs 9
slot 4 index 0 rnti 5505 mcs 9
slot 4 index 0 rnti 5505 mcs 9
slot 4 index 0 rnti 5505 mcs 9
slot 4 index 0 rnti 5505 mcs 9
slot 4 index 0 rnti 5505 mcs 9
slot 16 index 0 rnti 5505 mcs 9
slot 14 index 0 rnti 5505 mcs 9
slot 4 index 0 rnti 5505 mcs 9
slot 4 index 0 rnti 5505 mcs 9
slot 6 index 0 rnti 5505 mcs 9
slot 15 index 0 rnti 5505 mcs 9
slot 4 index 0 rnti 5505 mcs 9
slot 4 index 0 rnti 5505 mcs 9
slot 5 index 0 rnti 5505 mcs 9
slot 6 index 0 rnti 5505 mcs 9
slot 14 index 0 rnti 5505 mcs 9
slot 15 index 0 rnti 5505 mcs 9
slot 16 index 0 rnti 5505 mcs 9
slot 4 index 0 rnti 5505 mcs 9
slot 5 index 0 rnti 5505 mcs 9
slot 14 index 0 rnti 5505 mcs 9
slot 15 index 0 rnti 5505 mcs 9
slot 16 index 0 rnti 5505 mcs 9
slot 4 index 0 rnti 5505 mcs 9
slot 5 index 0 rnti 5505 mcs 9
slot 6 index 0 rnti 5505 mcs 9
slot 14 index 0 rnti 5505 mcs 9
slot 15 index 0 rnti 5505 mcs 9
slot 16 index 0 rnti 5505 mcs 9
slot 4 index 0 rnti 5505 mcs 9
slot 5 index 0 rnti 5505 mcs 9
slot 6 index 0 rnti 5505 mcs 9
slot 14 index 0 rnti 5505 mcs 9
slot 15 index 0 rnti 5505 mcs 9
slot 16 index 0 rnti 5505 mcs 9
slot 4 index 0 rnti 5505 mcs 9
slot 5 index 0 rnti 5505 mcs 9
slot 6 index 0 rnti 5505 mcs 9
slot 14 index 0 rnti 5505 mcs 9
slot 15 index 0 rnti 5505 mcs 9
slot 16 index 0 rnti 5505 mcs 9
slot 4 index 0 rnti 5505 mcs 9
slot 5 index 0 rnti 5505 mcs 9
slot 6 index 0 rnti 5505 mcs 9
slot 14 index 0 rnti 5505 mcs 9
slot 15 index 0 rnti 5505 mcs 9
slot 16 index 0 rnti 5505 mcs 9
slot 4 index 0 rnti 5505 mcs 9
slot 5 index 0 rnti 5505 mcs 9
slot 6 index 0 rnti 5505 mcs 9
slot 14 index 0 rnti 5505 mcs 9
slot 15 index 0 rnti 5505 mcs 9
slot 16 index 0 rnti 5505 mcs 9
slot 4 index 0 rnti 5505 mcs 9
slot 5 index 0 rnti 5505 mcs 9
slot 6 index 0 rnti 5505 mcs 9
slot 14 index 0 rnti 5505 mcs 9
slot 15 index 0 rnti 5505 mcs 9
slot 16 index 0 rnti 5505 mcs 9
slot 4 index 0 rnti 5505 mcs 9
slot 5 index 0 rnti 5505 mcs 9
slot 6 index 0 rnti 5505 mcs 9
slot 14 index 0 rnti 5505 mcs 9
slot 15 index 0 rnti 5505 mcs 9
slot 16 index 0 rnti 5505 mcs 9
slot 4 index 0 rnti 5505 mcs 9
slot 5 index 0 rnti 5505 mcs 9
slot 6 index 0 rnti 5505 mcs 9
slot 14 index 0 rnti 5505 mcs 9
slot 15 index 0 rnti 5505 mcs 9
slot 16 index 0 rnti 5505 mcs 9
slot 4 index 0 rnti 5505 mcs 9
slot 5 index 0 rnti 5505 mcs 9
slot 6 index 0 rnti 5505 mcs 9
slot 14 index 0 rnti 5505 mcs 9
slot 15 index 0 rnti 5505 mcs 9
slot 16 index 0 rnti 5505 mcs 9
slot 4 index 0 rnti 5505 mcs 9
slot 5 index 0 rnti 5505 mcs 9
slot 6 index 0 rnti 5505 mcs 9
slot 14 index 0 rnti 5505 mcs 9
slot 15 index 0 rnti 5505 mcs 9
slot 16 index 0 rnti 5505 mcs 9
slot 4 index 0 rnti 5505 mcs 9
slot 5 index 0 rnti 5505 mcs 9
slot 6 index 0 rnti 5505 mcs 9
slot 14 index 0 rnti 5505 mcs 9
slot 15 index 0 rnti 5505 mcs 9
slot 16 index 0 rnti 5505 mcs 9
slot 4 index 0 rnti 5505 mcs 9
slot 5 index 0 rnti 5505 mcs 9
slot 6 index 0 rnti 5505 mcs 9
slot 14 index 0 rnti 5505 mcs 9
slot 15 index 0 rnti 5505 mcs 9
slot 16 index 0 rnti 5505 mcs 9
slot 4 index 0 rnti 5505 mcs 9
slot 5 index 0 rnti 5505 mcs 9
slot 6 index 0 rnti 5505 mcs 9
slot 14 index 0 rnti 5505 mcs 9
slot 15 index 0 rnti 5505 mcs 9
slot 16 index 0 rnti 5505 mcs 9
slot 4 index 0 rnti 5505 mcs 9
slot 5 index 0 rnti 5505 mcs 9
slot 6 index 0 rnti 5505 mcs 9
slot 14 index 0 rnti 5505 mcs 9
slot 15 index 0 rnti 5505 mcs 9
slot 16 index 0 rnti 5505 mcs 9
slot 4 index 0 rnti 5505 mcs 9
slot 5 index 0 rnti 5505 mcs 9
slot 6 index 0 rnti 5505 mcs 9
slot 14 index 0 rnti 5505 mcs 9
slot 15 index 0 rnti 5505 mcs 9
slot 16 index 0 rnti 5505 mcs 9
slot 4 index 0 rnti 5505 mcs 9
slot 5 index 0 rnti 5505 mcs 9
slot 6 index 0 rnti 5505 mcs 9
slot 14 index 0 rnti 5505 mcs 9
slot 15 index 0 rnti 5505 mcs 9
slot 16 index 0 rnti 5505 mcs 9
slot 4 index 0 rnti 5505 mcs 9
slot 5 index 0 rnti 5505 mcs 9
slot 6 index 0 rnti 5505 mcs 9
slot 14 index 0 rnti 5505 mcs 9
slot 15 index 0 rnti 5505 mcs 9
slot 16 index 0 rnti 5505 mcs 9
slot 4 index 0 rnti 5505 mcs 9
slot 5 index 0 rnti 5505 mcs 9
slot 6 index 0 rnti 5505 mcs 9
slot 14 index 0 rnti 5505 mcs 9
slot 15 index 0 rnti 5505 mcs 9
slot 16 index 0 rnti 5505 mcs 9
slot 4 index 0 rnti 5505 mcs 9
slot 5 index 0 rnti 5505 mcs 9
slot 6 index 0 rnti 5505 mcs 9
slot 14 index 0 rnti 5505 mcs 9
slot 15 index 0 rnti 5505 mcs 9
slot 16 index 0 rnti 5505 mcs 9
slot 4 index 0 rnti 5505 mcs 9
slot 5 index 0 rnti 5505 mcs 9
slot 6 index 0 rnti 5505 mcs 9
slot 14 index 0 rnti 5505 mcs 9
slot 15 index 0 rnti 5505 mcs 9
slot 16 index 0 rnti 5505 mcs 9
slot 4 index 0 rnti 5505 mcs 9
slot 5 index 0 rnti 5505 mcs 9
slot 6 index 0 rnti 5505 mcs 9
slot 14 index 0 rnti 5505 mcs 9
slot 15 index 0 rnti 5505 mcs 9
slot 16 index 0 rnti 5505 mcs 9
slot 4 index 0 rnti 5505 mcs 9
slot 5 index 0 rnti 5505 mcs 9
slot 6 index 0 rnti 5505 mcs 9
slot 14 index 0 rnti 5505 mcs 9
slot 15 index 0 rnti 5505 mcs 9
slot 16 index 0 rnti 5505 mcs 9
slot 4 index 0 rnti 5505 mcs 9
slot 5 index 0 rnti 5505 mcs 9
slot 6 index 0 rnti 5505 mcs 9
slot 14 index 0 rnti 5505 mcs 9
slot 15 index 0 rnti 5505 mcs 9
slot 16 index 0 rnti 5505 mcs 9
slot 4 index 0 rnti 5505 mcs 9
slot 5 index 0 rnti 5505 mcs 9
slot 6 index 0 rnti 5505 mcs 9
slot 14 index 0 rnti 5505 mcs 9
slot 15 index 0 rnti 5505 mcs 9
slot 16 index 0 rnti 5505 mcs 9
slot 4 index 0 rnti 5505 mcs 9
slot 5 index 0 rnti 5505 mcs 9
slot 6 index 0 rnti 5505 mcs 9
slot 14 index 0 rnti 5505 mcs 9
slot 15 index 0 rnti 5505 mcs 9
slot 16 index 0 rnti 5505 mcs 9
slot 4 index 0 rnti 5505 mcs 10
slot 5 index 0 rnti 5505 mcs 10
slot 6 index 0 rnti 5505 mcs 10
slot 14 index 0 rnti 5505 mcs 10
slot 15 index 0 rnti 5505 mcs 10
slot 16 index 0 rnti 5505 mcs 10
slot 4 index 0 rnti 5505 mcs 10
slot 5 index 0 rnti 5505 mcs 10
slot 6 index 0 rnti 5505 mcs 10
slot 14 index 0 rnti 5505 mcs 10
slot 15 index 0 rnti 5505 mcs 10
slot 16 index 0 rnti 5505 mcs 10
[UE-STAT] frame=400 dci_cnt=209 total_tbs=3150224 ack_real=183 nack_real=0 fb_missing=20 decode_cnt=206
slot 4 index 0 rnti 5505 mcs 10
slot 5 index 0 rnti 5505 mcs 10
slot 6 index 0 rnti 5505 mcs 10
slot 14 index 0 rnti 5505 mcs 10
slot 15 index 0 rnti 5505 mcs 10
slot 16 index 0 rnti 5505 mcs 10
slot 4 index 0 rnti 5505 mcs 10
slot 5 index 0 rnti 5505 mcs 10
slot 6 index 0 rnti 5505 mcs 10
slot 14 index 0 rnti 5505 mcs 10
slot 15 index 0 rnti 5505 mcs 10
slot 16 index 0 rnti 5505 mcs 10
slot 4 index 0 rnti 5505 mcs 10
slot 5 index 0 rnti 5505 mcs 10
slot 6 index 0 rnti 5505 mcs 10
slot 14 index 0 rnti 5505 mcs 10
slot 15 index 0 rnti 5505 mcs 10
slot 16 index 0 rnti 5505 mcs 10
slot 4 index 0 rnti 5505 mcs 10
slot 5 index 0 rnti 5505 mcs 10
slot 6 index 0 rnti 5505 mcs 10
slot 14 index 0 rnti 5505 mcs 10
slot 15 index 0 rnti 5505 mcs 10
slot 16 index 0 rnti 5505 mcs 10
slot 4 index 0 rnti 5505 mcs 10
slot 5 index 0 rnti 5505 mcs 10
slot 6 index 0 rnti 5505 mcs 10
slot 14 index 0 rnti 5505 mcs 10
slot 15 index 0 rnti 5505 mcs 10
slot 16 index 0 rnti 5505 mcs 10
slot 4 index 0 rnti 5505 mcs 10
slot 5 index 0 rnti 5505 mcs 10
slot 6 index 0 rnti 5505 mcs 10
slot 14 index 0 rnti 5505 mcs 10
slot 15 index 0 rnti 5505 mcs 10
slot 16 index 0 rnti 5505 mcs 10
slot 4 index 0 rnti 5505 mcs 10
slot 5 index 0 rnti 5505 mcs 10
slot 6 index 0 rnti 5505 mcs 10
slot 14 index 0 rnti 5505 mcs 10
slot 15 index 0 rnti 5505 mcs 10
slot 16 index 0 rnti 5505 mcs 10
slot 4 index 0 rnti 5505 mcs 10
slot 5 index 0 rnti 5505 mcs 10
slot 6 index 0 rnti 5505 mcs 10
slot 14 index 0 rnti 5505 mcs 10
slot 15 index 0 rnti 5505 mcs 10
slot 16 index 0 rnti 5505 mcs 10
slot 4 index 0 rnti 5505 mcs 11
slot 5 index 0 rnti 5505 mcs 11
slot 6 index 0 rnti 5505 mcs 11
slot 14 index 0 rnti 5505 mcs 11
slot 15 index 0 rnti 5505 mcs 11
slot 16 index 0 rnti 5505 mcs 11
slot 4 index 0 rnti 5505 mcs 11
slot 5 index 0 rnti 5505 mcs 11
slot 6 index 0 rnti 5505 mcs 11
slot 14 index 0 rnti 5505 mcs 11
slot 15 index 0 rnti 5505 mcs 11
slot 16 index 0 rnti 5505 mcs 11
slot 4 index 0 rnti 5505 mcs 11
slot 5 index 0 rnti 5505 mcs 11
slot 6 index 0 rnti 5505 mcs 11
slot 14 index 0 rnti 5505 mcs 11
slot 15 index 0 rnti 5505 mcs 11
slot 16 index 0 rnti 5505 mcs 11
slot 4 index 0 rnti 5505 mcs 11
slot 5 index 0 rnti 5505 mcs 11
slot 6 index 0 rnti 5505 mcs 11
slot 14 index 0 rnti 5505 mcs 11
slot 15 index 0 rnti 5505 mcs 11
slot 16 index 0 rnti 5505 mcs 11
slot 4 index 0 rnti 5505 mcs 11
slot 5 index 0 rnti 5505 mcs 11
slot 6 index 0 rnti 5505 mcs 11
slot 14 index 0 rnti 5505 mcs 11
slot 15 index 0 rnti 5505 mcs 11
slot 16 index 0 rnti 5505 mcs 11
slot 4 index 0 rnti 5505 mcs 11
slot 5 index 0 rnti 5505 mcs 11
slot 6 index 0 rnti 5505 mcs 11
slot 14 index 0 rnti 5505 mcs 11
slot 15 index 0 rnti 5505 mcs 11
slot 16 index 0 rnti 5505 mcs 11
slot 4 index 0 rnti 5505 mcs 11
slot 5 index 0 rnti 5505 mcs 11
slot 6 index 0 rnti 5505 mcs 11
slot 14 index 0 rnti 5505 mcs 11
slot 15 index 0 rnti 5505 mcs 11
slot 16 index 0 rnti 5505 mcs 11
slot 4 index 0 rnti 5505 mcs 11
slot 5 index 0 rnti 5505 mcs 11
slot 6 index 0 rnti 5505 mcs 11
slot 14 index 0 rnti 5505 mcs 11
slot 15 index 0 rnti 5505 mcs 11
slot 16 index 0 rnti 5505 mcs 11
slot 4 index 0 rnti 5505 mcs 11
slot 5 index 0 rnti 5505 mcs 11
slot 6 index 0 rnti 5505 mcs 11
slot 14 index 0 rnti 5505 mcs 11
slot 15 index 0 rnti 5505 mcs 11
slot 16 index 0 rnti 5505 mcs 11
slot 4 index 0 rnti 5505 mcs 11
slot 5 index 0 rnti 5505 mcs 11
slot 6 index 0 rnti 5505 mcs 11
slot 14 index 0 rnti 5505 mcs 11
slot 15 index 0 rnti 5505 mcs 11
slot 16 index 0 rnti 5505 mcs 11
slot 4 index 0 rnti 5505 mcs 12
slot 5 index 0 rnti 5505 mcs 12
slot 6 index 0 rnti 5505 mcs 12
slot 14 index 0 rnti 5505 mcs 12
slot 15 index 0 rnti 5505 mcs 12
slot 16 index 0 rnti 5505 mcs 12
slot 4 index 0 rnti 5505 mcs 12
slot 5 index 0 rnti 5505 mcs 12
slot 6 index 0 rnti 5505 mcs 12
slot 14 index 0 rnti 5505 mcs 12
slot 15 index 0 rnti 5505 mcs 12
slot 16 index 0 rnti 5505 mcs 12
slot 4 index 0 rnti 5505 mcs 12
slot 5 index 0 rnti 5505 mcs 12
slot 6 index 0 rnti 5505 mcs 12
slot 14 index 0 rnti 5505 mcs 12
slot 15 index 0 rnti 5505 mcs 12
slot 16 index 0 rnti 5505 mcs 12
slot 4 index 0 rnti 5505 mcs 12
slot 5 index 0 rnti 5505 mcs 12
slot 6 index 0 rnti 5505 mcs 12
slot 14 index 0 rnti 5505 mcs 12
slot 15 index 0 rnti 5505 mcs 12
slot 16 index 0 rnti 5505 mcs 12
slot 4 index 0 rnti 5505 mcs 12
slot 5 index 0 rnti 5505 mcs 12
slot 6 index 0 rnti 5505 mcs 12
slot 14 index 0 rnti 5505 mcs 12
slot 15 index 0 rnti 5505 mcs 12
slot 16 index 0 rnti 5505 mcs 12
slot 4 index 0 rnti 5505 mcs 12
slot 5 index 0 rnti 5505 mcs 12
slot 6 index 0 rnti 5505 mcs 12
slot 14 index 0 rnti 5505 mcs 12
slot 15 index 0 rnti 5505 mcs 12
slot 16 index 0 rnti 5505 mcs 12
slot 4 index 0 rnti 5505 mcs 12
slot 5 index 0 rnti 5505 mcs 12
slot 6 index 0 rnti 5505 mcs 12
slot 14 index 0 rnti 5505 mcs 12
slot 15 index 0 rnti 5505 mcs 12
slot 16 index 0 rnti 5505 mcs 12
slot 4 index 0 rnti 5505 mcs 12
slot 5 index 0 rnti 5505 mcs 12
slot 6 index 0 rnti 5505 mcs 12
slot 14 index 0 rnti 5505 mcs 12
slot 15 index 0 rnti 5505 mcs 12
slot 16 index 0 rnti 5505 mcs 12
slot 4 index 0 rnti 5505 mcs 12
slot 5 index 0 rnti 5505 mcs 12
slot 6 index 0 rnti 5505 mcs 12
slot 14 index 0 rnti 5505 mcs 12
slot 15 index 0 rnti 5505 mcs 12
slot 16 index 0 rnti 5505 mcs 12
slot 4 index 0 rnti 5505 mcs 12
slot 5 index 0 rnti 5505 mcs 12
slot 6 index 0 rnti 5505 mcs 12
slot 14 index 0 rnti 5505 mcs 12
slot 15 index 0 rnti 5505 mcs 12
slot 16 index 0 rnti 5505 mcs 12
slot 4 index 0 rnti 5505 mcs 13
slot 5 index 0 rnti 5505 mcs 13
slot 6 index 0 rnti 5505 mcs 13
slot 14 index 0 rnti 5505 mcs 13
slot 15 index 0 rnti 5505 mcs 13
slot 16 index 0 rnti 5505 mcs 13
slot 4 index 0 rnti 5505 mcs 13
slot 5 index 0 rnti 5505 mcs 13
slot 6 index 0 rnti 5505 mcs 13
slot 14 index 0 rnti 5505 mcs 13
slot 15 index 0 rnti 5505 mcs 13
slot 16 index 0 rnti 5505 mcs 13
slot 4 index 0 rnti 5505 mcs 13
slot 5 index 0 rnti 5505 mcs 13
slot 6 index 0 rnti 5505 mcs 13
slot 14 index 0 rnti 5505 mcs 13
slot 15 index 0 rnti 5505 mcs 13
slot 16 index 0 rnti 5505 mcs 13
slot 4 index 0 rnti 5505 mcs 13
slot 5 index 0 rnti 5505 mcs 13
slot 6 index 0 rnti 5505 mcs 13
slot 14 index 0 rnti 5505 mcs 13
slot 15 index 0 rnti 5505 mcs 13
slot 16 index 0 rnti 5505 mcs 13
slot 4 index 0 rnti 5505 mcs 13
slot 5 index 0 rnti 5505 mcs 13
slot 6 index 0 rnti 5505 mcs 13
slot 14 index 0 rnti 5505 mcs 13
slot 15 index 0 rnti 5505 mcs 13
slot 16 index 0 rnti 5505 mcs 13
slot 4 index 0 rnti 5505 mcs 13
slot 5 index 0 rnti 5505 mcs 13
slot 6 index 0 rnti 5505 mcs 13
slot 14 index 0 rnti 5505 mcs 13
slot 15 index 0 rnti 5505 mcs 13
slot 16 index 0 rnti 5505 mcs 13
slot 4 index 0 rnti 5505 mcs 13
slot 5 index 0 rnti 5505 mcs 13
slot 6 index 0 rnti 5505 mcs 13
slot 14 index 0 rnti 5505 mcs 13
slot 15 index 0 rnti 5505 mcs 13
slot 16 index 0 rnti 5505 mcs 13
slot 4 index 0 rnti 5505 mcs 13
slot 5 index 0 rnti 5505 mcs 13
slot 6 index 0 rnti 5505 mcs 13
slot 14 index 0 rnti 5505 mcs 13
slot 15 index 0 rnti 5505 mcs 13
slot 16 index 0 rnti 5505 mcs 13
slot 4 index 0 rnti 5505 mcs 13
slot 5 index 0 rnti 5505 mcs 13
slot 6 index 0 rnti 5505 mcs 13
slot 14 index 0 rnti 5505 mcs 13
slot 15 index 0 rnti 5505 mcs 13
slot 16 index 0 rnti 5505 mcs 13
slot 4 index 0 rnti 5505 mcs 13
slot 5 index 0 rnti 5505 mcs 13
slot 6 index 0 rnti 5505 mcs 13
slot 14 index 0 rnti 5505 mcs 13
slot 15 index 0 rnti 5505 mcs 13
slot 16 index 0 rnti 5505 mcs 13
slot 4 index 0 rnti 5505 mcs 14
slot 5 index 0 rnti 5505 mcs 14
slot 6 index 0 rnti 5505 mcs 14
slot 14 index 0 rnti 5505 mcs 14
slot 15 index 0 rnti 5505 mcs 14
slot 16 index 0 rnti 5505 mcs 14
slot 4 index 0 rnti 5505 mcs 14
slot 5 index 0 rnti 5505 mcs 14
slot 6 index 0 rnti 5505 mcs 14
slot 14 index 0 rnti 5505 mcs 14
slot 15 index 0 rnti 5505 mcs 14
slot 16 index 0 rnti 5505 mcs 14
slot 4 index 0 rnti 5505 mcs 14
slot 5 index 0 rnti 5505 mcs 14
slot 6 index 0 rnti 5505 mcs 14
slot 14 index 0 rnti 5505 mcs 14
slot 15 index 0 rnti 5505 mcs 14
slot 16 index 0 rnti 5505 mcs 14
slot 4 index 0 rnti 5505 mcs 14
slot 5 index 0 rnti 5505 mcs 14
slot 6 index 0 rnti 5505 mcs 14
slot 14 index 0 rnti 5505 mcs 14
slot 15 index 0 rnti 5505 mcs 14
slot 16 index 0 rnti 5505 mcs 14
slot 4 index 0 rnti 5505 mcs 14
slot 5 index 0 rnti 5505 mcs 14
slot 6 index 0 rnti 5505 mcs 14
slot 14 index 0 rnti 5505 mcs 14
slot 15 index 0 rnti 5505 mcs 14
slot 16 index 0 rnti 5505 mcs 14
slot 4 index 0 rnti 5505 mcs 14
slot 5 index 0 rnti 5505 mcs 14
slot 6 index 0 rnti 5505 mcs 14
slot 14 index 0 rnti 5505 mcs 14
slot 15 index 0 rnti 5505 mcs 14
slot 16 index 0 rnti 5505 mcs 14
slot 4 index 0 rnti 5505 mcs 14
slot 5 index 0 rnti 5505 mcs 14
slot 6 index 0 rnti 5505 mcs 14
slot 14 index 0 rnti 5505 mcs 14
slot 15 index 0 rnti 5505 mcs 14
slot 16 index 0 rnti 5505 mcs 14
slot 4 index 0 rnti 5505 mcs 14
slot 5 index 0 rnti 5505 mcs 14
slot 6 index 0 rnti 5505 mcs 14
slot 14 index 0 rnti 5505 mcs 14
slot 15 index 0 rnti 5505 mcs 14
slot 16 index 0 rnti 5505 mcs 14
slot 4 index 0 rnti 5505 mcs 14
slot 5 index 0 rnti 5505 mcs 14
slot 6 index 0 rnti 5505 mcs 14
slot 14 index 0 rnti 5505 mcs 14
slot 15 index 0 rnti 5505 mcs 14
slot 16 index 0 rnti 5505 mcs 14
slot 4 index 0 rnti 5505 mcs 14
slot 5 index 0 rnti 5505 mcs 14
slot 6 index 0 rnti 5505 mcs 14
slot 14 index 0 rnti 5505 mcs 14
slot 15 index 0 rnti 5505 mcs 14
slot 16 index 0 rnti 5505 mcs 14
slot 4 index 0 rnti 5505 mcs 15
slot 5 index 0 rnti 5505 mcs 15
slot 6 index 0 rnti 5505 mcs 15
slot 14 index 0 rnti 5505 mcs 15
slot 15 index 0 rnti 5505 mcs 15
slot 16 index 0 rnti 5505 mcs 15
slot 4 index 0 rnti 5505 mcs 15
slot 5 index 0 rnti 5505 mcs 15
slot 6 index 0 rnti 5505 mcs 15
slot 14 index 0 rnti 5505 mcs 15
slot 15 index 0 rnti 5505 mcs 15
slot 16 index 0 rnti 5505 mcs 15
slot 4 index 0 rnti 5505 mcs 15
slot 5 index 0 rnti 5505 mcs 15
slot 6 index 0 rnti 5505 mcs 15
slot 14 index 0 rnti 5505 mcs 15
slot 15 index 0 rnti 5505 mcs 15
slot 16 index 0 rnti 5505 mcs 15
slot 4 index 0 rnti 5505 mcs 15
slot 5 index 0 rnti 5505 mcs 15
slot 6 index 0 rnti 5505 mcs 15
slot 14 index 0 rnti 5505 mcs 15
slot 15 index 0 rnti 5505 mcs 15
slot 16 index 0 rnti 5505 mcs 15
slot 4 index 0 rnti 5505 mcs 15
slot 5 index 0 rnti 5505 mcs 15
slot 6 index 0 rnti 5505 mcs 15
slot 14 index 0 rnti 5505 mcs 15
slot 15 index 0 rnti 5505 mcs 15
slot 16 index 0 rnti 5505 mcs 15
slot 4 index 0 rnti 5505 mcs 15
slot 5 index 0 rnti 5505 mcs 15
slot 6 index 0 rnti 5505 mcs 15
slot 14 index 0 rnti 5505 mcs 15
slot 15 index 0 rnti 5505 mcs 15
slot 16 index 0 rnti 5505 mcs 15
slot 4 index 0 rnti 5505 mcs 15
slot 5 index 0 rnti 5505 mcs 15
slot 6 index 0 rnti 5505 mcs 15
slot 14 index 0 rnti 5505 mcs 15
slot 15 index 0 rnti 5505 mcs 15
slot 16 index 0 rnti 5505 mcs 15
slot 4 index 0 rnti 5505 mcs 15
slot 5 index 0 rnti 5505 mcs 15
slot 6 index 0 rnti 5505 mcs 15
slot 14 index 0 rnti 5505 mcs 15
slot 15 index 0 rnti 5505 mcs 15
slot 16 index 0 rnti 5505 mcs 15
slot 4 index 0 rnti 5505 mcs 15
slot 5 index 0 rnti 5505 mcs 15
slot 6 index 0 rnti 5505 mcs 15
slot 14 index 0 rnti 5505 mcs 15
slot 15 index 0 rnti 5505 mcs 15
slot 16 index 0 rnti 5505 mcs 15
slot 4 index 0 rnti 5505 mcs 15
slot 5 index 0 rnti 5505 mcs 15
slot 6 index 0 rnti 5505 mcs 15
slot 14 index 0 rnti 5505 mcs 15
slot 15 index 0 rnti 5505 mcs 15
slot 16 index 0 rnti 5505 mcs 15
slot 4 index 0 rnti 5505 mcs 16
slot 5 index 0 rnti 5505 mcs 16
slot 6 index 0 rnti 5505 mcs 16
slot 14 index 0 rnti 5505 mcs 16
slot 15 index 0 rnti 5505 mcs 16
slot 16 index 0 rnti 5505 mcs 16
slot 4 index 0 rnti 5505 mcs 16
slot 5 index 0 rnti 5505 mcs 16
slot 6 index 0 rnti 5505 mcs 16
slot 14 index 0 rnti 5505 mcs 16
slot 15 index 0 rnti 5505 mcs 16
slot 16 index 0 rnti 5505 mcs 16
slot 4 index 0 rnti 5505 mcs 16
slot 5 index 0 rnti 5505 mcs 16
slot 6 index 0 rnti 5505 mcs 16
slot 14 index 0 rnti 5505 mcs 16
slot 15 index 0 rnti 5505 mcs 16
slot 16 index 0 rnti 5505 mcs 16
slot 4 index 0 rnti 5505 mcs 16
slot 5 index 0 rnti 5505 mcs 16
slot 6 index 0 rnti 5505 mcs 16
slot 14 index 0 rnti 5505 mcs 16
slot 15 index 0 rnti 5505 mcs 16
slot 16 index 0 rnti 5505 mcs 16
slot 4 index 0 rnti 5505 mcs 16
slot 5 index 0 rnti 5505 mcs 16
slot 6 index 0 rnti 5505 mcs 16
slot 14 index 0 rnti 5505 mcs 16
slot 15 index 0 rnti 5505 mcs 16
slot 16 index 0 rnti 5505 mcs 16
slot 4 index 0 rnti 5505 mcs 16
slot 5 index 0 rnti 5505 mcs 16
slot 6 index 0 rnti 5505 mcs 16
slot 14 index 0 rnti 5505 mcs 16
slot 15 index 0 rnti 5505 mcs 16
slot 16 index 0 rnti 5505 mcs 16
slot 4 index 0 rnti 5505 mcs 16
slot 5 index 0 rnti 5505 mcs 16
slot 6 index 0 rnti 5505 mcs 16
slot 14 index 0 rnti 5505 mcs 16
slot 15 index 0 rnti 5505 mcs 16
slot 16 index 0 rnti 5505 mcs 16
slot 4 index 0 rnti 5505 mcs 16
slot 5 index 0 rnti 5505 mcs 16
slot 6 index 0 rnti 5505 mcs 16
slot 14 index 0 rnti 5505 mcs 16
slot 15 index 0 rnti 5505 mcs 16
slot 16 index 0 rnti 5505 mcs 16
slot 4 index 0 rnti 5505 mcs 16
slot 5 index 0 rnti 5505 mcs 16
slot 6 index 0 rnti 5505 mcs 16
slot 14 index 0 rnti 5505 mcs 16
slot 15 index 0 rnti 5505 mcs 16
slot 16 index 0 rnti 5505 mcs 16
slot 4 index 0 rnti 5505 mcs 16
slot 5 index 0 rnti 5505 mcs 16
slot 6 index 0 rnti 5505 mcs 16
slot 14 index 0 rnti 5505 mcs 16
slot 15 index 0 rnti 5505 mcs 16
slot 16 index 0 rnti 5505 mcs 16
slot 4 index 0 rnti 5505 mcs 17
slot 5 index 0 rnti 5505 mcs 17
slot 6 index 0 rnti 5505 mcs 17
slot 14 index 0 rnti 5505 mcs 17
slot 15 index 0 rnti 5505 mcs 17
slot 16 index 0 rnti 5505 mcs 17
slot 4 index 0 rnti 5505 mcs 17
slot 5 index 0 rnti 5505 mcs 17
slot 6 index 0 rnti 5505 mcs 17
slot 14 index 0 rnti 5505 mcs 17
slot 15 index 0 rnti 5505 mcs 17
slot 16 index 0 rnti 5505 mcs 17
slot 4 index 0 rnti 5505 mcs 17
slot 5 index 0 rnti 5505 mcs 17
slot 6 index 0 rnti 5505 mcs 17
slot 14 index 0 rnti 5505 mcs 17
slot 15 index 0 rnti 5505 mcs 17
slot 16 index 0 rnti 5505 mcs 17
slot 4 index 0 rnti 5505 mcs 17
slot 5 index 0 rnti 5505 mcs 17
slot 6 index 0 rnti 5505 mcs 17
slot 14 index 0 rnti 5505 mcs 17
slot 15 index 0 rnti 5505 mcs 17
slot 16 index 0 rnti 5505 mcs 17
slot 4 index 0 rnti 5505 mcs 17
slot 5 index 0 rnti 5505 mcs 17
slot 6 index 0 rnti 5505 mcs 17
slot 14 index 0 rnti 5505 mcs 17
slot 15 index 0 rnti 5505 mcs 17
slot 16 index 0 rnti 5505 mcs 17
slot 4 index 0 rnti 5505 mcs 17
slot 5 index 0 rnti 5505 mcs 17
slot 6 index 0 rnti 5505 mcs 17
slot 14 index 0 rnti 5505 mcs 17
slot 15 index 0 rnti 5505 mcs 17
slot 16 index 0 rnti 5505 mcs 17
slot 4 index 0 rnti 5505 mcs 17
slot 5 index 0 rnti 5505 mcs 17
slot 6 index 0 rnti 5505 mcs 17
slot 14 index 0 rnti 5505 mcs 17
slot 15 index 0 rnti 5505 mcs 17
slot 16 index 0 rnti 5505 mcs 17
slot 4 index 0 rnti 5505 mcs 17
slot 5 index 0 rnti 5505 mcs 17
slot 6 index 0 rnti 5505 mcs 17
slot 14 index 0 rnti 5505 mcs 17
slot 15 index 0 rnti 5505 mcs 17
slot 16 index 0 rnti 5505 mcs 17
slot 4 index 0 rnti 5505 mcs 17
slot 5 index 0 rnti 5505 mcs 17
slot 6 index 0 rnti 5505 mcs 17
slot 14 index 0 rnti 5505 mcs 17
slot 15 index 0 rnti 5505 mcs 17
slot 16 index 0 rnti 5505 mcs 17
slot 4 index 0 rnti 5505 mcs 17
slot 5 index 0 rnti 5505 mcs 17
slot 6 index 0 rnti 5505 mcs 17
slot 14 index 0 rnti 5505 mcs 17
slot 15 index 0 rnti 5505 mcs 17
slot 16 index 0 rnti 5505 mcs 17
slot 4 index 0 rnti 5505 mcs 18
slot 5 index 0 rnti 5505 mcs 18
slot 6 index 0 rnti 5505 mcs 18
slot 14 index 0 rnti 5505 mcs 18
slot 15 index 0 rnti 5505 mcs 18
slot 16 index 0 rnti 5505 mcs 18
slot 4 index 0 rnti 5505 mcs 18
slot 5 index 0 rnti 5505 mcs 18
slot 6 index 0 rnti 5505 mcs 18
slot 14 index 0 rnti 5505 mcs 18
slot 15 index 0 rnti 5505 mcs 18
slot 16 index 0 rnti 5505 mcs 18
slot 4 index 0 rnti 5505 mcs 18
slot 5 index 0 rnti 5505 mcs 18
slot 6 index 0 rnti 5505 mcs 18
slot 14 index 0 rnti 5505 mcs 18
slot 15 index 0 rnti 5505 mcs 18
slot 16 index 0 rnti 5505 mcs 18
slot 4 index 0 rnti 5505 mcs 18
slot 5 index 0 rnti 5505 mcs 18
slot 6 index 0 rnti 5505 mcs 18
slot 14 index 0 rnti 5505 mcs 18
slot 15 index 0 rnti 5505 mcs 18
slot 16 index 0 rnti 5505 mcs 18
slot 4 index 0 rnti 5505 mcs 18
slot 5 index 0 rnti 5505 mcs 18
slot 6 index 0 rnti 5505 mcs 18
slot 14 index 0 rnti 5505 mcs 18
slot 15 index 0 rnti 5505 mcs 18
slot 16 index 0 rnti 5505 mcs 18
slot 4 index 0 rnti 5505 mcs 18
slot 5 index 0 rnti 5505 mcs 18
slot 6 index 0 rnti 5505 mcs 18
slot 14 index 0 rnti 5505 mcs 18
slot 15 index 0 rnti 5505 mcs 18
slot 16 index 0 rnti 5505 mcs 18
slot 4 index 0 rnti 5505 mcs 18
slot 5 index 0 rnti 5505 mcs 18
slot 6 index 0 rnti 5505 mcs 18
slot 14 index 0 rnti 5505 mcs 18
slot 15 index 0 rnti 5505 mcs 18
slot 16 index 0 rnti 5505 mcs 18
slot 4 index 0 rnti 5505 mcs 18
slot 5 index 0 rnti 5505 mcs 18
slot 6 index 0 rnti 5505 mcs 18
slot 14 index 0 rnti 5505 mcs 18
slot 15 index 0 rnti 5505 mcs 18
slot 16 index 0 rnti 5505 mcs 18
slot 4 index 0 rnti 5505 mcs 18
slot 5 index 0 rnti 5505 mcs 18
slot 6 index 0 rnti 5505 mcs 18
slot 14 index 0 rnti 5505 mcs 18
slot 15 index 0 rnti 5505 mcs 18
slot 16 index 0 rnti 5505 mcs 18
slot 4 index 0 rnti 5505 mcs 18
slot 5 index 0 rnti 5505 mcs 18
slot 6 index 0 rnti 5505 mcs 18
slot 14 index 0 rnti 5505 mcs 18
slot 15 index 0 rnti 5505 mcs 18
slot 16 index 0 rnti 5505 mcs 18
slot 4 index 0 rnti 5505 mcs 19
slot 5 index 0 rnti 5505 mcs 19
slot 6 index 0 rnti 5505 mcs 19
slot 14 index 0 rnti 5505 mcs 19
slot 15 index 0 rnti 5505 mcs 19
slot 16 index 0 rnti 5505 mcs 19
slot 4 index 0 rnti 5505 mcs 19
slot 5 index 0 rnti 5505 mcs 19
slot 6 index 0 rnti 5505 mcs 19
slot 14 index 0 rnti 5505 mcs 19
slot 15 index 0 rnti 5505 mcs 19
slot 16 index 0 rnti 5505 mcs 19
slot 4 index 0 rnti 5505 mcs 19
slot 5 index 0 rnti 5505 mcs 19
slot 6 index 0 rnti 5505 mcs 19
slot 14 index 0 rnti 5505 mcs 19
slot 15 index 0 rnti 5505 mcs 19
slot 16 index 0 rnti 5505 mcs 19
slot 4 index 0 rnti 5505 mcs 19
slot 5 index 0 rnti 5505 mcs 19
slot 6 index 0 rnti 5505 mcs 19
slot 14 index 0 rnti 5505 mcs 19
slot 15 index 0 rnti 5505 mcs 19
slot 16 index 0 rnti 5505 mcs 19
slot 4 index 0 rnti 5505 mcs 19
slot 5 index 0 rnti 5505 mcs 19
slot 6 index 0 rnti 5505 mcs 19
slot 14 index 0 rnti 5505 mcs 19
slot 15 index 0 rnti 5505 mcs 19
slot 16 index 0 rnti 5505 mcs 19
slot 4 index 0 rnti 5505 mcs 19
slot 5 index 0 rnti 5505 mcs 19
slot 6 index 0 rnti 5505 mcs 19
slot 14 index 0 rnti 5505 mcs 19
slot 15 index 0 rnti 5505 mcs 19
slot 16 index 0 rnti 5505 mcs 19
slot 4 index 0 rnti 5505 mcs 19
slot 5 index 0 rnti 5505 mcs 19
slot 6 index 0 rnti 5505 mcs 19
slot 14 index 0 rnti 5505 mcs 19
slot 15 index 0 rnti 5505 mcs 19
slot 16 index 0 rnti 5505 mcs 19
slot 4 index 0 rnti 5505 mcs 19
slot 5 index 0 rnti 5505 mcs 19
slot 6 index 0 rnti 5505 mcs 19
slot 14 index 0 rnti 5505 mcs 19
slot 15 index 0 rnti 5505 mcs 19
slot 16 index 0 rnti 5505 mcs 19
slot 4 index 0 rnti 5505 mcs 19
slot 5 index 0 rnti 5505 mcs 19
slot 6 index 0 rnti 5505 mcs 19
slot 14 index 0 rnti 5505 mcs 19
slot 15 index 0 rnti 5505 mcs 19
slot 16 index 0 rnti 5505 mcs 19
slot 4 index 0 rnti 5505 mcs 19
slot 5 index 0 rnti 5505 mcs 19
slot 6 index 0 rnti 5505 mcs 19
slot 14 index 0 rnti 5505 mcs 19
slot 15 index 0 rnti 5505 mcs 19
slot 16 index 0 rnti 5505 mcs 19
slot 4 index 0 rnti 5505 mcs 20
slot 5 index 0 rnti 5505 mcs 20
slot 6 index 0 rnti 5505 mcs 20
slot 14 index 0 rnti 5505 mcs 20
slot 15 index 0 rnti 5505 mcs 20
slot 16 index 0 rnti 5505 mcs 20
slot 4 index 0 rnti 5505 mcs 20
slot 5 index 0 rnti 5505 mcs 20
slot 6 index 0 rnti 5505 mcs 20
slot 14 index 0 rnti 5505 mcs 20
slot 15 index 0 rnti 5505 mcs 20
slot 16 index 0 rnti 5505 mcs 20
[UE-STAT] frame=500 dci_cnt=600 total_tbs=19905216 ack_real=526 nack_real=0 fb_missing=74 decode_cnt=600
slot 4 index 0 rnti 5505 mcs 20
slot 5 index 0 rnti 5505 mcs 20
slot 6 index 0 rnti 5505 mcs 20
slot 14 index 0 rnti 5505 mcs 20
slot 15 index 0 rnti 5505 mcs 20
slot 16 index 0 rnti 5505 mcs 20
slot 4 index 0 rnti 5505 mcs 20
slot 5 index 0 rnti 5505 mcs 20
slot 6 index 0 rnti 5505 mcs 20
slot 14 index 0 rnti 5505 mcs 20
slot 15 index 0 rnti 5505 mcs 20
slot 16 index 0 rnti 5505 mcs 20
slot 4 index 0 rnti 5505 mcs 20
slot 5 index 0 rnti 5505 mcs 20
slot 6 index 0 rnti 5505 mcs 20
slot 14 index 0 rnti 5505 mcs 20
slot 15 index 0 rnti 5505 mcs 20
slot 16 index 0 rnti 5505 mcs 20
slot 4 index 0 rnti 5505 mcs 20
slot 5 index 0 rnti 5505 mcs 20
slot 6 index 0 rnti 5505 mcs 20
slot 14 index 0 rnti 5505 mcs 20
slot 15 index 0 rnti 5505 mcs 20
slot 16 index 0 rnti 5505 mcs 20
slot 4 index 0 rnti 5505 mcs 20
slot 5 index 0 rnti 5505 mcs 20
slot 6 index 0 rnti 5505 mcs 20
slot 14 index 0 rnti 5505 mcs 20
slot 15 index 0 rnti 5505 mcs 20
slot 16 index 0 rnti 5505 mcs 20
slot 4 index 0 rnti 5505 mcs 20
slot 5 index 0 rnti 5505 mcs 20
slot 6 index 0 rnti 5505 mcs 20
slot 14 index 0 rnti 5505 mcs 20
slot 15 index 0 rnti 5505 mcs 20
slot 16 index 0 rnti 5505 mcs 20
slot 4 index 0 rnti 5505 mcs 20
slot 5 index 0 rnti 5505 mcs 20
slot 6 index 0 rnti 5505 mcs 20
slot 14 index 0 rnti 5505 mcs 20
slot 15 index 0 rnti 5505 mcs 20
slot 16 index 0 rnti 5505 mcs 20
slot 4 index 0 rnti 5505 mcs 20
slot 5 index 0 rnti 5505 mcs 20
slot 6 index 0 rnti 5505 mcs 20
slot 14 index 0 rnti 5505 mcs 20
slot 15 index 0 rnti 5505 mcs 20
slot 16 index 0 rnti 5505 mcs 20
slot 4 index 0 rnti 5505 mcs 21
slot 5 index 0 rnti 5505 mcs 21
slot 6 index 0 rnti 5505 mcs 21
slot 14 index 0 rnti 5505 mcs 21
slot 15 index 0 rnti 5505 mcs 21
slot 16 index 0 rnti 5505 mcs 21
slot 4 index 0 rnti 5505 mcs 21
slot 5 index 0 rnti 5505 mcs 21
slot 6 index 0 rnti 5505 mcs 21
slot 14 index 0 rnti 5505 mcs 21
slot 15 index 0 rnti 5505 mcs 21
slot 16 index 0 rnti 5505 mcs 21
slot 4 index 0 rnti 5505 mcs 21
slot 5 index 0 rnti 5505 mcs 21
slot 6 index 0 rnti 5505 mcs 21
slot 14 index 0 rnti 5505 mcs 21
slot 15 index 0 rnti 5505 mcs 21
slot 16 index 0 rnti 5505 mcs 21
slot 4 index 0 rnti 5505 mcs 21
slot 5 index 0 rnti 5505 mcs 21
slot 6 index 0 rnti 5505 mcs 21
slot 14 index 0 rnti 5505 mcs 21
slot 15 index 0 rnti 5505 mcs 21
slot 16 index 0 rnti 5505 mcs 21
slot 4 index 0 rnti 5505 mcs 21
slot 5 index 0 rnti 5505 mcs 21
slot 6 index 0 rnti 5505 mcs 21
slot 14 index 0 rnti 5505 mcs 21
slot 15 index 0 rnti 5505 mcs 21
slot 16 index 0 rnti 5505 mcs 21
slot 4 index 0 rnti 5505 mcs 21
slot 5 index 0 rnti 5505 mcs 21
slot 6 index 0 rnti 5505 mcs 21
slot 14 index 0 rnti 5505 mcs 21
slot 15 index 0 rnti 5505 mcs 21
slot 16 index 0 rnti 5505 mcs 21
slot 4 index 0 rnti 5505 mcs 21
slot 5 index 0 rnti 5505 mcs 21
slot 6 index 0 rnti 5505 mcs 21
slot 14 index 0 rnti 5505 mcs 21
slot 15 index 0 rnti 5505 mcs 21
slot 16 index 0 rnti 5505 mcs 21
slot 4 index 0 rnti 5505 mcs 21
slot 5 index 0 rnti 5505 mcs 21
slot 6 index 0 rnti 5505 mcs 21
slot 14 index 0 rnti 5505 mcs 21
slot 15 index 0 rnti 5505 mcs 21
slot 16 index 0 rnti 5505 mcs 21
slot 4 index 0 rnti 5505 mcs 21
slot 5 index 0 rnti 5505 mcs 21
slot 6 index 0 rnti 5505 mcs 21
slot 14 index 0 rnti 5505 mcs 21
slot 15 index 0 rnti 5505 mcs 21
slot 16 index 0 rnti 5505 mcs 21
slot 4 index 0 rnti 5505 mcs 21
slot 5 index 0 rnti 5505 mcs 21
slot 6 index 0 rnti 5505 mcs 21
slot 14 index 0 rnti 5505 mcs 21
slot 15 index 0 rnti 5505 mcs 21
slot 16 index 0 rnti 5505 mcs 21
slot 4 index 0 rnti 5505 mcs 22
slot 5 index 0 rnti 5505 mcs 22
slot 6 index 0 rnti 5505 mcs 22
slot 14 index 0 rnti 5505 mcs 22
slot 15 index 0 rnti 5505 mcs 22
slot 16 index 0 rnti 5505 mcs 22
slot 4 index 0 rnti 5505 mcs 22
slot 5 index 0 rnti 5505 mcs 22
slot 6 index 0 rnti 5505 mcs 22
slot 14 index 0 rnti 5505 mcs 22
slot 15 index 0 rnti 5505 mcs 22
slot 16 index 0 rnti 5505 mcs 22
slot 4 index 0 rnti 5505 mcs 22
slot 5 index 0 rnti 5505 mcs 22
slot 6 index 0 rnti 5505 mcs 22
slot 14 index 0 rnti 5505 mcs 22
slot 15 index 0 rnti 5505 mcs 22
slot 16 index 0 rnti 5505 mcs 22
slot 4 index 0 rnti 5505 mcs 22
slot 5 index 0 rnti 5505 mcs 22
slot 6 index 0 rnti 5505 mcs 22
slot 14 index 0 rnti 5505 mcs 22
slot 15 index 0 rnti 5505 mcs 22
slot 16 index 0 rnti 5505 mcs 22
slot 4 index 0 rnti 5505 mcs 22
slot 5 index 0 rnti 5505 mcs 22
slot 6 index 0 rnti 5505 mcs 22
slot 14 index 0 rnti 5505 mcs 22
slot 15 index 0 rnti 5505 mcs 22
slot 16 index 0 rnti 5505 mcs 22
slot 4 index 0 rnti 5505 mcs 22
slot 5 index 0 rnti 5505 mcs 22
slot 6 index 0 rnti 5505 mcs 22
slot 14 index 0 rnti 5505 mcs 22
slot 15 index 0 rnti 5505 mcs 22
slot 16 index 0 rnti 5505 mcs 22
slot 4 index 0 rnti 5505 mcs 22
slot 5 index 0 rnti 5505 mcs 22
slot 6 index 0 rnti 5505 mcs 22
slot 14 index 0 rnti 5505 mcs 22
slot 15 index 0 rnti 5505 mcs 22
slot 16 index 0 rnti 5505 mcs 22
slot 4 index 0 rnti 5505 mcs 22
slot 5 index 0 rnti 5505 mcs 22
slot 6 index 0 rnti 5505 mcs 22
slot 14 index 0 rnti 5505 mcs 22
slot 15 index 0 rnti 5505 mcs 22
slot 16 index 0 rnti 5505 mcs 22
slot 4 index 0 rnti 5505 mcs 22
slot 5 index 0 rnti 5505 mcs 22
slot 6 index 0 rnti 5505 mcs 22
slot 14 index 0 rnti 5505 mcs 22
slot 15 index 0 rnti 5505 mcs 22
slot 16 index 0 rnti 5505 mcs 22
slot 4 index 0 rnti 5505 mcs 22
slot 5 index 0 rnti 5505 mcs 22
slot 6 index 0 rnti 5505 mcs 22
slot 14 index 0 rnti 5505 mcs 22
slot 15 index 0 rnti 5505 mcs 22
slot 16 index 0 rnti 5505 mcs 22
slot 4 index 0 rnti 5505 mcs 23
slot 5 index 0 rnti 5505 mcs 23
slot 6 index 0 rnti 5505 mcs 23
slot 14 index 0 rnti 5505 mcs 23
slot 15 index 0 rnti 5505 mcs 23
slot 16 index 0 rnti 5505 mcs 23
slot 4 index 0 rnti 5505 mcs 23
slot 5 index 0 rnti 5505 mcs 23
slot 6 index 0 rnti 5505 mcs 23
slot 14 index 0 rnti 5505 mcs 23
slot 15 index 0 rnti 5505 mcs 23
slot 16 index 0 rnti 5505 mcs 23
slot 4 index 0 rnti 5505 mcs 23
slot 5 index 0 rnti 5505 mcs 23
slot 6 index 0 rnti 5505 mcs 23
slot 14 index 0 rnti 5505 mcs 23
slot 15 index 0 rnti 5505 mcs 23
slot 16 index 0 rnti 5505 mcs 23
slot 4 index 0 rnti 5505 mcs 23
slot 5 index 0 rnti 5505 mcs 23
[EMURAN-DL-CSV] t=0.064 win_tbs=20 win_fail=1 win_bler=0.05000 mcs_last=23 mcs_min=23 mcs_max=23 r0=18 r1=2 r2=0 r3=0  f0=1 f1=0 f2=0 f3=0 tot_tbs=20 tot_fail=1 tot_bler=0.05000 tot_init=18 tot_retx=2
slot 6 index 0 rnti 5505 mcs 23
slot 14 index 0 rnti 5505 mcs 23
slot 15 index 0 rnti 5505 mcs 23
slot 16 index 0 rnti 5505 mcs 23
slot 4 index 0 rnti 5505 mcs 23
slot 5 index 0 rnti 5505 mcs 23
slot 6 index 0 rnti 5505 mcs 23
slot 14 index 0 rnti 5505 mcs 23
slot 15 index 0 rnti 5505 mcs 23
slot 16 index 0 rnti 5505 mcs 23
slot 4 index 0 rnti 5505 mcs 23
slot 5 index 0 rnti 5505 mcs 23
slot 6 index 0 rnti 5505 mcs 23
slot 14 index 0 rnti 5505 mcs 23
slot 15 index 0 rnti 5505 mcs 23
slot 16 index 0 rnti 5505 mcs 23
slot 4 index 0 rnti 5505 mcs 23
slot 5 index 0 rnti 5505 mcs 23
slot 6 index 0 rnti 5505 mcs 23
slot 14 index 0 rnti 5505 mcs 23
[EMURAN-DL-CSV] t=0.137 win_tbs=20 win_fail=1 win_bler=0.05000 mcs_last=23 mcs_min=23 mcs_max=23 r0=19 r1=1 r2=0 r3=0  f0=1 f1=0 f2=0 f3=0 tot_tbs=40 tot_fail=2 tot_bler=0.05000 tot_init=37 tot_retx=3
slot 15 index 0 rnti 5505 mcs 23
slot 16 index 0 rnti 5505 mcs 23
slot 4 index 0 rnti 5505 mcs 23
slot 5 index 0 rnti 5505 mcs 23
slot 6 index 0 rnti 5505 mcs 23
slot 14 index 0 rnti 5505 mcs 23
slot 15 index 0 rnti 5505 mcs 23
slot 16 index 0 rnti 5505 mcs 23
slot 4 index 0 rnti 5505 mcs 23
slot 5 index 0 rnti 5505 mcs 23
slot 6 index 0 rnti 5505 mcs 23
slot 14 index 0 rnti 5505 mcs 23
slot 15 index 0 rnti 5505 mcs 23
slot 16 index 0 rnti 5505 mcs 23
slot 4 index 0 rnti 5505 mcs 23
slot 5 index 0 rnti 5505 mcs 23
slot 6 index 0 rnti 5505 mcs 23
slot 14 index 0 rnti 5505 mcs 23
slot 15 index 0 rnti 5505 mcs 23
slot 16 index 0 rnti 5505 mcs 23
[EMURAN-DL-CSV] t=0.202 win_tbs=20 win_fail=2 win_bler=0.10000 mcs_last=23 mcs_min=23 mcs_max=23 r0=18 r1=2 r2=0 r3=0  f0=2 f1=0 f2=0 f3=0 tot_tbs=60 tot_fail=4 tot_bler=0.06667 tot_init=55 tot_retx=5
slot 4 index 0 rnti 5505 mcs 24
slot 5 index 0 rnti 5505 mcs 24
slot 6 index 0 rnti 5505 mcs 24
slot 14 index 0 rnti 5505 mcs 24
slot 15 index 0 rnti 5505 mcs 24
slot 16 index 0 rnti 5505 mcs 24
slot 4 index 0 rnti 5505 mcs 24
slot 5 index 0 rnti 5505 mcs 24
slot 6 index 0 rnti 5505 mcs 24
slot 14 index 0 rnti 5505 mcs 24
slot 15 index 0 rnti 5505 mcs 24
slot 16 index 0 rnti 5505 mcs 24
slot 4 index 0 rnti 5505 mcs 24
slot 5 index 0 rnti 5505 mcs 24
slot 6 index 0 rnti 5505 mcs 24
slot 14 index 0 rnti 5505 mcs 24
slot 15 index 0 rnti 5505 mcs 24
slot 16 index 0 rnti 5505 mcs 24
slot 4 index 0 rnti 5505 mcs 24
slot 5 index 0 rnti 5505 mcs 24
[EMURAN-DL-CSV] t=0.274 win_tbs=20 win_fail=1 win_bler=0.05000 mcs_last=24 mcs_min=24 mcs_max=24 r0=19 r1=1 r2=0 r3=0  f0=1 f1=0 f2=0 f3=0 tot_tbs=80 tot_fail=5 tot_bler=0.06250 tot_init=74 tot_retx=6
slot 4 index 0 rnti 5505 mcs 24
slot 5 index 0 rnti 5505 mcs 24
slot 6 index 0 rnti 5505 mcs 24
slot 14 index 0 rnti 5505 mcs 24
slot 15 index 0 rnti 5505 mcs 24
slot 16 index 0 rnti 5505 mcs 24
slot 4 index 0 rnti 5505 mcs 24
slot 5 index 0 rnti 5505 mcs 24
slot 6 index 0 rnti 5505 mcs 24
slot 14 index 0 rnti 5505 mcs 24
slot 15 index 0 rnti 5505 mcs 24
slot 16 index 0 rnti 5505 mcs 24
slot 4 index 0 rnti 5505 mcs 24
slot 5 index 0 rnti 5505 mcs 24
slot 6 index 0 rnti 5505 mcs 24
slot 14 index 0 rnti 5505 mcs 24
slot 15 index 0 rnti 5505 mcs 24
slot 16 index 0 rnti 5505 mcs 24
slot 4 index 0 rnti 5505 mcs 24
slot 5 index 0 rnti 5505 mcs 24
[EMURAN-DL-CSV] t=0.358 win_tbs=20 win_fail=0 win_bler=0.00000 mcs_last=24 mcs_min=24 mcs_max=24 r0=19 r1=1 r2=0 r3=0  f0=0 f1=0 f2=0 f3=0 tot_tbs=100 tot_fail=5 tot_bler=0.05000 tot_init=93 tot_retx=7
slot 6 index 0 rnti 5505 mcs 24
slot 14 index 0 rnti 5505 mcs 24
slot 15 index 0 rnti 5505 mcs 24
slot 16 index 0 rnti 5505 mcs 24
slot 4 index 0 rnti 5505 mcs 24
slot 5 index 0 rnti 5505 mcs 24
slot 6 index 0 rnti 5505 mcs 24
slot 14 index 0 rnti 5505 mcs 24
slot 15 index 0 rnti 5505 mcs 24
slot 16 index 0 rnti 5505 mcs 24
slot 4 index 0 rnti 5505 mcs 24
slot 5 index 0 rnti 5505 mcs 24
slot 6 index 0 rnti 5505 mcs 24
slot 14 index 0 rnti 5505 mcs 24
slot 15 index 0 rnti 5505 mcs 24
slot 16 index 0 rnti 5505 mcs 24
slot 4 index 0 rnti 5505 mcs 25
slot 5 index 0 rnti 5505 mcs 25
slot 6 index 0 rnti 5505 mcs 24
slot 14 index 0 rnti 5505 mcs 24
[EMURAN-DL-CSV] t=0.431 win_tbs=20 win_fail=5 win_bler=0.25000 mcs_last=24 mcs_min=24 mcs_max=25 r0=16 r1=4 r2=0 r3=0  f0=5 f1=0 f2=0 f3=0 tot_tbs=120 tot_fail=10 tot_bler=0.08333 tot_init=109 tot_retx=11
slot 15 index 0 rnti 5505 mcs 25
slot 16 index 0 rnti 5505 mcs 25
slot 4 index 0 rnti 5505 mcs 24
slot 5 index 0 rnti 5505 mcs 25
slot 6 index 0 rnti 5505 mcs 25
slot 14 index 0 rnti 5505 mcs 25
slot 15 index 0 rnti 5505 mcs 25
slot 16 index 0 rnti 5505 mcs 25
slot 4 index 0 rnti 5505 mcs 25
slot 5 index 0 rnti 5505 mcs 25
slot 6 index 0 rnti 5505 mcs 25
slot 14 index 0 rnti 5505 mcs 25
slot 15 index 0 rnti 5505 mcs 25
slot 16 index 0 rnti 5505 mcs 25
slot 4 index 0 rnti 5505 mcs 25
slot 5 index 0 rnti 5505 mcs 25
slot 6 index 0 rnti 5505 mcs 25
slot 14 index 0 rnti 5505 mcs 25
slot 15 index 0 rnti 5505 mcs 25
slot 16 index 0 rnti 5505 mcs 25
[EMURAN-DL-CSV] t=0.496 win_tbs=20 win_fail=7 win_bler=0.35000 mcs_last=25 mcs_min=24 mcs_max=25 r0=15 r1=3 r2=2 r3=0  f0=5 f1=1 f2=1 f3=0 tot_tbs=140 tot_fail=17 tot_bler=0.12143 tot_init=124 tot_retx=16
slot 4 index 0 rnti 5505 mcs 25
slot 5 index 0 rnti 5505 mcs 25
slot 6 index 0 rnti 5505 mcs 25
slot 14 index 0 rnti 5505 mcs 25
slot 15 index 0 rnti 5505 mcs 25
slot 16 index 0 rnti 5505 mcs 25
slot 4 index 0 rnti 5505 mcs 25
slot 5 index 0 rnti 5505 mcs 25
slot 6 index 0 rnti 5505 mcs 25
slot 14 index 0 rnti 5505 mcs 25
slot 15 index 0 rnti 5505 mcs 25
slot 16 index 0 rnti 5505 mcs 25
slot 4 index 0 rnti 5505 mcs 25
slot 5 index 0 rnti 5505 mcs 25
slot 6 index 0 rnti 5505 mcs 25
slot 14 index 0 rnti 5505 mcs 25
slot 15 index 0 rnti 5505 mcs 25
slot 16 index 0 rnti 5505 mcs 25
slot 4 index 0 rnti 5505 mcs 25
slot 5 index 0 rnti 5505 mcs 25
[EMURAN-DL-CSV] t=0.568 win_tbs=20 win_fail=2 win_bler=0.10000 mcs_last=25 mcs_min=25 mcs_max=25 r0=18 r1=2 r2=0 r3=0  f0=2 f1=0 f2=0 f3=0 tot_tbs=160 tot_fail=19 tot_bler=0.11875 tot_init=142 tot_retx=18
slot 6 index 0 rnti 5505 mcs 25
slot 14 index 0 rnti 5505 mcs 25
slot 15 index 0 rnti 5505 mcs 25
slot 16 index 0 rnti 5505 mcs 25
slot 4 index 0 rnti 5505 mcs 25
slot 5 index 0 rnti 5505 mcs 25
slot 6 index 0 rnti 5505 mcs 25
slot 14 index 0 rnti 5505 mcs 25
slot 15 index 0 rnti 5505 mcs 25
slot 16 index 0 rnti 5505 mcs 25
slot 4 index 0 rnti 5505 mcs 25
slot 5 index 0 rnti 5505 mcs 25
slot 6 index 0 rnti 5505 mcs 25
slot 14 index 0 rnti 5505 mcs 25
slot 15 index 0 rnti 5505 mcs 25
slot 16 index 0 rnti 5505 mcs 25
slot 4 index 0 rnti 5505 mcs 26
slot 5 index 0 rnti 5505 mcs 26
slot 6 index 0 rnti 5505 mcs 25
slot 14 index 0 rnti 5505 mcs 25
[EMURAN-DL-CSV] t=0.641 win_tbs=20 win_fail=4 win_bler=0.20000 mcs_last=25 mcs_min=25 mcs_max=26 r0=15 r1=4 r2=1 r3=0  f0=4 f1=0 f2=0 f3=0 tot_tbs=180 tot_fail=23 tot_bler=0.12778 tot_init=157 tot_retx=23
slot 15 index 0 rnti 5505 mcs 26
slot 16 index 0 rnti 5505 mcs 26
slot 4 index 0 rnti 5505 mcs 25
slot 5 index 0 rnti 5505 mcs 25
slot 6 index 0 rnti 5505 mcs 26
slot 14 index 0 rnti 5505 mcs 26
slot 15 index 0 rnti 5505 mcs 25
slot 16 index 0 rnti 5505 mcs 25
slot 4 index 0 rnti 5505 mcs 26
slot 5 index 0 rnti 5505 mcs 26
slot 6 index 0 rnti 5505 mcs 26
slot 14 index 0 rnti 5505 mcs 26
slot 15 index 0 rnti 5505 mcs 26
slot 16 index 0 rnti 5505 mcs 26
slot 4 index 0 rnti 5505 mcs 26
slot 5 index 0 rnti 5505 mcs 26
slot 6 index 0 rnti 5505 mcs 26
slot 14 index 0 rnti 5505 mcs 26
slot 15 index 0 rnti 5505 mcs 26
slot 16 index 0 rnti 5505 mcs 26
[EMURAN-DL-CSV] t=0.706 win_tbs=20 win_fail=16 win_bler=0.80000 mcs_last=26 mcs_min=25 mcs_max=26 r0=9 r1=5 r2=4 r3=2  f0=9 f1=5 f2=2 f3=0 tot_tbs=200 tot_fail=39 tot_bler=0.19500 tot_init=166 tot_retx=34
slot 4 index 0 rnti 5505 mcs 26
slot 5 index 0 rnti 5505 mcs 26
slot 6 index 0 rnti 5505 mcs 26
slot 14 index 0 rnti 5505 mcs 26
slot 15 index 0 rnti 5505 mcs 26
slot 16 index 0 rnti 5505 mcs 26
slot 4 index 0 rnti 5505 mcs 26
slot 5 index 0 rnti 5505 mcs 26
slot 6 index 0 rnti 5505 mcs 26
slot 14 index 0 rnti 5505 mcs 26
slot 15 index 0 rnti 5505 mcs 26
slot 16 index 0 rnti 5505 mcs 26
slot 4 index 0 rnti 5505 mcs 26
slot 5 index 0 rnti 5505 mcs 26
slot 6 index 0 rnti 5505 mcs 26
slot 14 index 0 rnti 5505 mcs 26
slot 16 index 0 rnti 5505 mcs 26
slot 4 index 0 rnti 5505 mcs 26
slot 14 index 0 rnti 5505 mcs 26
slot 15 index 0 rnti 5505 mcs 26
[EMURAN-DL-CSV] t=0.789 win_tbs=20 win_fail=20 win_bler=1.00000 mcs_last=26 mcs_min=26 mcs_max=26 r0=8 r1=2 r2=4 r3=6  f0=8 f1=2 f2=4 f3=6 tot_tbs=220 tot_fail=59 tot_bler=0.26818 tot_init=174 tot_retx=46
slot 16 index 0 rnti 5505 mcs 26
slot 4 index 0 rnti 5505 mcs 26
slot 5 index 0 rnti 5505 mcs 26
slot 6 index 0 rnti 5505 mcs 26
slot 14 index 0 rnti 5505 mcs 26
slot 15 index 0 rnti 5505 mcs 26
slot 16 index 0 rnti 5505 mcs 26
slot 4 index 0 rnti 5505 mcs 26
slot 5 index 0 rnti 5505 mcs 26
slot 6 index 0 rnti 5505 mcs 26
slot 14 index 0 rnti 5505 mcs 26
slot 15 index 0 rnti 5505 mcs 26
slot 16 index 0 rnti 5505 mcs 26
slot 4 index 0 rnti 5505 mcs 26
slot 5 index 0 rnti 5505 mcs 26
slot 6 index 0 rnti 5505 mcs 26
slot 14 index 0 rnti 5505 mcs 26
slot 5 index 0 rnti 5505 mcs 26
slot 16 index 0 rnti 5505 mcs 26
slot 6 index 0 rnti 5505 mcs 26
[EMURAN-DL-CSV] t=0.926 win_tbs=20 win_fail=20 win_bler=1.00000 mcs_last=26 mcs_min=26 mcs_max=26 r0=6 r1=5 r2=5 r3=4  f0=6 f1=5 f2=5 f3=4 tot_tbs=240 tot_fail=79 tot_bler=0.32917 tot_init=180 tot_retx=60
slot 14 index 0 rnti 5505 mcs 26
slot 4 index 0 rnti 5505 mcs 26
slot 5 index 0 rnti 5505 mcs 26
slot 15 index 0 rnti 5505 mcs 26
slot 16 index 0 rnti 5505 mcs 26
slot 6 index 0 rnti 5505 mcs 26
slot 14 index 0 rnti 5505 mcs 26
slot 4 index 0 rnti 5505 mcs 26
slot 5 index 0 rnti 5505 mcs 26
slot 6 index 0 rnti 5505 mcs 26
slot 14 index 0 rnti 5505 mcs 26
slot 15 index 0 rnti 5505 mcs 26
slot 16 index 0 rnti 5505 mcs 26
slot 4 index 0 rnti 5505 mcs 26
slot 5 index 0 rnti 5505 mcs 26
slot 6 index 0 rnti 5505 mcs 26
slot 14 index 0 rnti 5505 mcs 26
slot 15 index 0 rnti 5505 mcs 26
slot 16 index 0 rnti 5505 mcs 26
slot 4 index 0 rnti 5505 mcs 26
[EMURAN-DL-CSV] t=1.029 win_tbs=20 win_fail=20 win_bler=1.00000 mcs_last=26 mcs_min=26 mcs_max=26 r0=6 r1=6 r2=5 r3=3  f0=6 f1=6 f2=5 f3=3 tot_tbs=260 tot_fail=99 tot_bler=0.38077 tot_init=186 tot_retx=74
slot 5 index 0 rnti 5505 mcs 26
slot 6 index 0 rnti 5505 mcs 26
slot 14 index 0 rnti 5505 mcs 26
slot 15 index 0 rnti 5505 mcs 26
slot 16 index 0 rnti 5505 mcs 26
slot 4 index 0 rnti 5505 mcs 26
slot 5 index 0 rnti 5505 mcs 26
slot 6 index 0 rnti 5505 mcs 25
slot 14 index 0 rnti 5505 mcs 25
slot 15 index 0 rnti 5505 mcs 25
slot 16 index 0 rnti 5505 mcs 26
slot 4 index 0 rnti 5505 mcs 25
slot 5 index 0 rnti 5505 mcs 25
slot 6 index 0 rnti 5505 mcs 25
slot 14 index 0 rnti 5505 mcs 25
slot 15 index 0 rnti 5505 mcs 25
slot 16 index 0 rnti 5505 mcs 25
slot 4 index 0 rnti 5505 mcs 25
slot 5 index 0 rnti 5505 mcs 25
slot 6 index 0 rnti 5505 mcs 25
[EMURAN-DL-CSV] t=1.094 win_tbs=20 win_fail=13 win_bler=0.65000 mcs_last=25 mcs_min=25 mcs_max=26 r0=9 r1=3 r2=3 r3=5  f0=4 f1=1 f2=3 f3=5 tot_tbs=280 tot_fail=112 tot_bler=0.40000 tot_init=195 tot_retx=85
slot 14 index 0 rnti 5505 mcs 25
slot 15 index 0 rnti 5505 mcs 25
slot 16 index 0 rnti 5505 mcs 25
slot 4 index 0 rnti 5505 mcs 25
slot 5 index 0 rnti 5505 mcs 25
slot 6 index 0 rnti 5505 mcs 25
slot 14 index 0 rnti 5505 mcs 25
slot 15 index 0 rnti 5505 mcs 25
slot 16 index 0 rnti 5505 mcs 25
slot 4 index 0 rnti 5505 mcs 25
slot 5 index 0 rnti 5505 mcs 25
slot 6 index 0 rnti 5505 mcs 25
slot 14 index 0 rnti 5505 mcs 25
slot 15 index 0 rnti 5505 mcs 25
slot 16 index 0 rnti 5505 mcs 25
slot 4 index 0 rnti 5505 mcs 25
slot 5 index 0 rnti 5505 mcs 25
slot 6 index 0 rnti 5505 mcs 25
slot 14 index 0 rnti 5505 mcs 25
slot 15 index 0 rnti 5505 mcs 25
[EMURAN-DL-CSV] t=1.167 win_tbs=20 win_fail=6 win_bler=0.30000 mcs_last=25 mcs_min=25 mcs_max=25 r0=14 r1=4 r2=1 r3=1  f0=3 f1=3 f2=0 f3=0 tot_tbs=300 tot_fail=118 tot_bler=0.39333 tot_init=209 tot_retx=91
slot 16 index 0 rnti 5505 mcs 25
slot 4 index 0 rnti 5505 mcs 25
slot 5 index 0 rnti 5505 mcs 25
slot 6 index 0 rnti 5505 mcs 25
slot 14 index 0 rnti 5505 mcs 25
slot 15 index 0 rnti 5505 mcs 25
slot 16 index 0 rnti 5505 mcs 25
slot 4 index 0 rnti 5505 mcs 25
slot 5 index 0 rnti 5505 mcs 25
slot 6 index 0 rnti 5505 mcs 25
slot 14 index 0 rnti 5505 mcs 25
slot 15 index 0 rnti 5505 mcs 25
slot 16 index 0 rnti 5505 mcs 25
slot 4 index 0 rnti 5505 mcs 25
slot 5 index 0 rnti 5505 mcs 25
slot 6 index 0 rnti 5505 mcs 25
slot 14 index 0 rnti 5505 mcs 25
slot 15 index 0 rnti 5505 mcs 25
slot 16 index 0 rnti 5505 mcs 25
slot 4 index 0 rnti 5505 mcs 25
[EMURAN-DL-CSV] t=1.239 win_tbs=20 win_fail=10 win_bler=0.50000 mcs_last=25 mcs_min=25 mcs_max=25 r0=13 r1=4 r2=2 r3=1  f0=8 f1=2 f2=0 f3=0 tot_tbs=320 tot_fail=128 tot_bler=0.40000 tot_init=222 tot_retx=98
slot 5 index 0 rnti 5505 mcs 25
slot 6 index 0 rnti 5505 mcs 25
slot 14 index 0 rnti 5505 mcs 25
slot 15 index 0 rnti 5505 mcs 25
slot 16 index 0 rnti 5505 mcs 25
slot 4 index 0 rnti 5505 mcs 24
slot 5 index 0 rnti 5505 mcs 24
slot 6 index 0 rnti 5505 mcs 24
slot 14 index 0 rnti 5505 mcs 24
slot 15 index 0 rnti 5505 mcs 24
slot 16 index 0 rnti 5505 mcs 24
slot 4 index 0 rnti 5505 mcs 24
slot 5 index 0 rnti 5505 mcs 24
slot 6 index 0 rnti 5505 mcs 24
slot 14 index 0 rnti 5505 mcs 24
slot 15 index 0 rnti 5505 mcs 24
slot 16 index 0 rnti 5505 mcs 24
slot 4 index 0 rnti 5505 mcs 24
slot 5 index 0 rnti 5505 mcs 24
slot 6 index 0 rnti 5505 mcs 24
[EMURAN-DL-CSV] t=1.305 win_tbs=20 win_fail=5 win_bler=0.25000 mcs_last=24 mcs_min=24 mcs_max=25 r0=17 r1=2 r2=1 r3=0  f0=3 f1=1 f2=1 f3=0 tot_tbs=340 tot_fail=133 tot_bler=0.39118 tot_init=239 tot_retx=101
slot 14 index 0 rnti 5505 mcs 24
slot 15 index 0 rnti 5505 mcs 24
slot 16 index 0 rnti 5505 mcs 24
slot 4 index 0 rnti 5505 mcs 24
slot 5 index 0 rnti 5505 mcs 24
slot 6 index 0 rnti 5505 mcs 24
slot 14 index 0 rnti 5505 mcs 24
slot 15 index 0 rnti 5505 mcs 24
slot 16 index 0 rnti 5505 mcs 24
slot 4 index 0 rnti 5505 mcs 24
slot 5 index 0 rnti 5505 mcs 24
slot 6 index 0 rnti 5505 mcs 24
slot 14 index 0 rnti 5505 mcs 24
slot 15 index 0 rnti 5505 mcs 24
slot 16 index 0 rnti 5505 mcs 24
slot 4 index 0 rnti 5505 mcs 24
slot 5 index 0 rnti 5505 mcs 24
slot 6 index 0 rnti 5505 mcs 24
slot 14 index 0 rnti 5505 mcs 24
slot 15 index 0 rnti 5505 mcs 24
[EMURAN-DL-CSV] t=1.377 win_tbs=20 win_fail=0 win_bler=0.00000 mcs_last=24 mcs_min=24 mcs_max=24 r0=19 r1=1 r2=0 r3=0  f0=0 f1=0 f2=0 f3=0 tot_tbs=360 tot_fail=133 tot_bler=0.36944 tot_init=258 tot_retx=102
slot 16 index 0 rnti 5505 mcs 24
slot 4 index 0 rnti 5505 mcs 24
slot 5 index 0 rnti 5505 mcs 24
slot 6 index 0 rnti 5505 mcs 24
slot 14 index 0 rnti 5505 mcs 24
slot 15 index 0 rnti 5505 mcs 24
slot 16 index 0 rnti 5505 mcs 24
slot 4 index 0 rnti 5505 mcs 24
slot 5 index 0 rnti 5505 mcs 24
slot 6 index 0 rnti 5505 mcs 24
slot 14 index 0 rnti 5505 mcs 24
slot 15 index 0 rnti 5505 mcs 24
slot 16 index 0 rnti 5505 mcs 24
slot 4 index 0 rnti 5505 mcs 24
slot 5 index 0 rnti 5505 mcs 24
slot 6 index 0 rnti 5505 mcs 24
slot 14 index 0 rnti 5505 mcs 24
slot 15 index 0 rnti 5505 mcs 24
slot 16 index 0 rnti 5505 mcs 24
slot 4 index 0 rnti 5505 mcs 24
[EMURAN-DL-CSV] t=1.449 win_tbs=20 win_fail=3 win_bler=0.15000 mcs_last=24 mcs_min=24 mcs_max=24 r0=18 r1=2 r2=0 r3=0  f0=3 f1=0 f2=0 f3=0 tot_tbs=380 tot_fail=136 tot_bler=0.35789 tot_init=276 tot_retx=104
slot 5 index 0 rnti 5505 mcs 24
slot 6 index 0 rnti 5505 mcs 24
slot 14 index 0 rnti 5505 mcs 24
slot 4 index 0 rnti 5505 mcs 23
slot 4 index 0 rnti 5505 mcs 23
slot 5 index 0 rnti 5505 mcs 23
slot 4 index 0 rnti 5505 mcs 23
[UE-STAT] frame=600 dci_cnt=555 total_tbs=35706528 ack_real=370 nack_real=120 fb_missing=67 decode_cnt=555
slot 14 index 0 rnti 5505 mcs 23
slot 15 index 0 rnti 5505 mcs 23
slot 16 index 0 rnti 5505 mcs 23
slot 4 index 0 rnti 5505 mcs 23
slot 5 index 0 rnti 5505 mcs 23
slot 6 index 0 rnti 5505 mcs 23
slot 14 index 0 rnti 5505 mcs 23
slot 15 index 0 rnti 5505 mcs 23
slot 16 index 0 rnti 5505 mcs 23
slot 4 index 0 rnti 5505 mcs 23
slot 5 index 0 rnti 5505 mcs 23
slot 6 index 0 rnti 5505 mcs 23
slot 14 index 0 rnti 5505 mcs 23
[EMURAN-DL-CSV] t=1.565 win_tbs=20 win_fail=0 win_bler=0.00000 mcs_last=23 mcs_min=23 mcs_max=24 r0=20 r1=0 r2=0 r3=0  f0=0 f1=0 f2=0 f3=0 tot_tbs=400 tot_fail=136 tot_bler=0.34000 tot_init=296 tot_retx=104
slot 15 index 0 rnti 5505 mcs 23
slot 16 index 0 rnti 5505 mcs 23
slot 4 index 0 rnti 5505 mcs 23
slot 5 index 0 rnti 5505 mcs 23
slot 6 index 0 rnti 5505 mcs 23
slot 14 index 0 rnti 5505 mcs 23
slot 15 index 0 rnti 5505 mcs 23
slot 16 index 0 rnti 5505 mcs 23
slot 4 index 0 rnti 5505 mcs 23
slot 5 index 0 rnti 5505 mcs 23
slot 6 index 0 rnti 5505 mcs 23
slot 14 index 0 rnti 5505 mcs 23
slot 15 index 0 rnti 5505 mcs 23
slot 16 index 0 rnti 5505 mcs 23
slot 4 index 0 rnti 5505 mcs 23
slot 5 index 0 rnti 5505 mcs 23
slot 6 index 0 rnti 5505 mcs 23
slot 14 index 0 rnti 5505 mcs 23
slot 15 index 0 rnti 5505 mcs 23
slot 16 index 0 rnti 5505 mcs 23
[EMURAN-DL-CSV] t=1.630 win_tbs=20 win_fail=0 win_bler=0.00000 mcs_last=23 mcs_min=23 mcs_max=23 r0=20 r1=0 r2=0 r3=0  f0=0 f1=0 f2=0 f3=0 tot_tbs=420 tot_fail=136 tot_bler=0.32381 tot_init=316 tot_retx=104
slot 4 index 0 rnti 5505 mcs 23
slot 5 index 0 rnti 5505 mcs 23
slot 6 index 0 rnti 5505 mcs 23
slot 14 index 0 rnti 5505 mcs 23
slot 15 index 0 rnti 5505 mcs 23
slot 16 index 0 rnti 5505 mcs 23
slot 4 index 0 rnti 5505 mcs 23
slot 5 index 0 rnti 5505 mcs 23
slot 6 index 0 rnti 5505 mcs 23
slot 14 index 0 rnti 5505 mcs 23
slot 15 index 0 rnti 5505 mcs 23
slot 16 index 0 rnti 5505 mcs 23
slot 4 index 0 rnti 5505 mcs 22
slot 5 index 0 rnti 5505 mcs 22
slot 6 index 0 rnti 5505 mcs 22
slot 14 index 0 rnti 5505 mcs 22
slot 15 index 0 rnti 5505 mcs 22
slot 16 index 0 rnti 5505 mcs 22
slot 4 index 0 rnti 5505 mcs 22
slot 5 index 0 rnti 5505 mcs 22
slot 6 index 0 rnti 5505 mcs 22
slot 14 index 0 rnti 5505 mcs 22
slot 15 index 0 rnti 5505 mcs 22
slot 16 index 0 rnti 5505 mcs 22
slot 4 index 0 rnti 5505 mcs 22
slot 5 index 0 rnti 5505 mcs 22
slot 6 index 0 rnti 5505 mcs 22
slot 14 index 0 rnti 5505 mcs 22
slot 15 index 0 rnti 5505 mcs 22
slot 16 index 0 rnti 5505 mcs 22
slot 4 index 0 rnti 5505 mcs 22
slot 5 index 0 rnti 5505 mcs 22
slot 6 index 0 rnti 5505 mcs 22
slot 14 index 0 rnti 5505 mcs 22
slot 15 index 0 rnti 5505 mcs 22
slot 16 index 0 rnti 5505 mcs 22
slot 4 index 0 rnti 5505 mcs 22
slot 5 index 0 rnti 5505 mcs 22
slot 6 index 0 rnti 5505 mcs 22
slot 14 index 0 rnti 5505 mcs 22
slot 15 index 0 rnti 5505 mcs 22
slot 16 index 0 rnti 5505 mcs 22
slot 4 index 0 rnti 5505 mcs 22
slot 5 index 0 rnti 5505 mcs 22
slot 6 index 0 rnti 5505 mcs 22
slot 14 index 0 rnti 5505 mcs 22
slot 15 index 0 rnti 5505 mcs 22
slot 16 index 0 rnti 5505 mcs 22
slot 4 index 0 rnti 5505 mcs 22
slot 5 index 0 rnti 5505 mcs 22
slot 6 index 0 rnti 5505 mcs 22
slot 14 index 0 rnti 5505 mcs 22
slot 15 index 0 rnti 5505 mcs 22
slot 16 index 0 rnti 5505 mcs 22
slot 4 index 0 rnti 5505 mcs 22
slot 5 index 0 rnti 5505 mcs 22
slot 6 index 0 rnti 5505 mcs 22
slot 14 index 0 rnti 5505 mcs 22
slot 15 index 0 rnti 5505 mcs 22
slot 16 index 0 rnti 5505 mcs 22
slot 4 index 0 rnti 5505 mcs 22
slot 5 index 0 rnti 5505 mcs 22
slot 6 index 0 rnti 5505 mcs 22
slot 14 index 0 rnti 5505 mcs 22
slot 15 index 0 rnti 5505 mcs 22
slot 16 index 0 rnti 5505 mcs 22
slot 4 index 0 rnti 5505 mcs 22
slot 5 index 0 rnti 5505 mcs 22
slot 6 index 0 rnti 5505 mcs 22
slot 14 index 0 rnti 5505 mcs 22
slot 15 index 0 rnti 5505 mcs 22
slot 16 index 0 rnti 5505 mcs 22
slot 4 index 0 rnti 5505 mcs 22
slot 5 index 0 rnti 5505 mcs 22
slot 6 index 0 rnti 5505 mcs 22
slot 14 index 0 rnti 5505 mcs 22
slot 15 index 0 rnti 5505 mcs 22
slot 16 index 0 rnti 5505 mcs 22
slot 4 index 0 rnti 5505 mcs 22
slot 5 index 0 rnti 5505 mcs 22
slot 6 index 0 rnti 5505 mcs 22
slot 14 index 0 rnti 5505 mcs 22
slot 15 index 0 rnti 5505 mcs 22
slot 16 index 0 rnti 5505 mcs 22
slot 4 index 0 rnti 5505 mcs 22
slot 5 index 0 rnti 5505 mcs 22
slot 6 index 0 rnti 5505 mcs 22
slot 14 index 0 rnti 5505 mcs 22
slot 15 index 0 rnti 5505 mcs 22
slot 16 index 0 rnti 5505 mcs 22
slot 4 index 0 rnti 5505 mcs 22
slot 5 index 0 rnti 5505 mcs 22
slot 6 index 0 rnti 5505 mcs 22
slot 14 index 0 rnti 5505 mcs 22
slot 15 index 0 rnti 5505 mcs 22
slot 16 index 0 rnti 5505 mcs 22
slot 4 index 0 rnti 5505 mcs 22
slot 5 index 0 rnti 5505 mcs 22
slot 6 index 0 rnti 5505 mcs 22
slot 14 index 0 rnti 5505 mcs 22
slot 15 index 0 rnti 5505 mcs 22
slot 16 index 0 rnti 5505 mcs 22
slot 4 index 0 rnti 5505 mcs 22
slot 5 index 0 rnti 5505 mcs 22
slot 6 index 0 rnti 5505 mcs 22
slot 14 index 0 rnti 5505 mcs 22
slot 15 index 0 rnti 5505 mcs 22
slot 16 index 0 rnti 5505 mcs 22
slot 4 index 0 rnti 5505 mcs 22
slot 5 index 0 rnti 5505 mcs 22
slot 6 index 0 rnti 5505 mcs 22
slot 14 index 0 rnti 5505 mcs 22
slot 15 index 0 rnti 5505 mcs 22
slot 16 index 0 rnti 5505 mcs 22
slot 4 index 0 rnti 5505 mcs 22
slot 5 index 0 rnti 5505 mcs 22
slot 6 index 0 rnti 5505 mcs 22
slot 14 index 0 rnti 5505 mcs 22
slot 15 index 0 rnti 5505 mcs 22
slot 16 index 0 rnti 5505 mcs 22
slot 4 index 0 rnti 5505 mcs 22
slot 5 index 0 rnti 5505 mcs 22
slot 6 index 0 rnti 5505 mcs 22
slot 14 index 0 rnti 5505 mcs 22
slot 15 index 0 rnti 5505 mcs 22
slot 16 index 0 rnti 5505 mcs 22
slot 4 index 0 rnti 5505 mcs 22
slot 5 index 0 rnti 5505 mcs 22
slot 6 index 0 rnti 5505 mcs 22
slot 14 index 0 rnti 5505 mcs 22
slot 15 index 0 rnti 5505 mcs 22
slot 16 index 0 rnti 5505 mcs 22
slot 4 index 0 rnti 5505 mcs 22
slot 5 index 0 rnti 5505 mcs 22
slot 6 index 0 rnti 5505 mcs 22
slot 14 index 0 rnti 5505 mcs 22
slot 15 index 0 rnti 5505 mcs 22
slot 16 index 0 rnti 5505 mcs 22
slot 4 index 0 rnti 5505 mcs 22
slot 5 index 0 rnti 5505 mcs 22
slot 6 index 0 rnti 5505 mcs 22
slot 14 index 0 rnti 5505 mcs 22
slot 15 index 0 rnti 5505 mcs 22
slot 16 index 0 rnti 5505 mcs 22
slot 4 index 0 rnti 5505 mcs 22
slot 5 index 0 rnti 5505 mcs 22
slot 6 index 0 rnti 5505 mcs 22
slot 14 index 0 rnti 5505 mcs 22
slot 15 index 0 rnti 5505 mcs 22
slot 16 index 0 rnti 5505 mcs 22
slot 4 index 0 rnti 5505 mcs 22
slot 5 index 0 rnti 5505 mcs 22
slot 6 index 0 rnti 5505 mcs 22
slot 14 index 0 rnti 5505 mcs 22
slot 15 index 0 rnti 5505 mcs 22
slot 16 index 0 rnti 5505 mcs 22
slot 4 index 0 rnti 5505 mcs 22
slot 5 index 0 rnti 5505 mcs 22
slot 6 index 0 rnti 5505 mcs 22
slot 14 index 0 rnti 5505 mcs 22
slot 15 index 0 rnti 5505 mcs 22
slot 16 index 0 rnti 5505 mcs 22
slot 4 index 0 rnti 5505 mcs 22
slot 5 index 0 rnti 5505 mcs 22
slot 6 index 0 rnti 5505 mcs 22
slot 14 index 0 rnti 5505 mcs 22
slot 15 index 0 rnti 5505 mcs 22
slot 16 index 0 rnti 5505 mcs 22
slot 4 index 0 rnti 5505 mcs 22
slot 5 index 0 rnti 5505 mcs 22
slot 6 index 0 rnti 5505 mcs 22
slot 14 index 0 rnti 5505 mcs 22
slot 15 index 0 rnti 5505 mcs 22
slot 16 index 0 rnti 5505 mcs 22
slot 4 index 0 rnti 5505 mcs 22
slot 5 index 0 rnti 5505 mcs 22
slot 6 index 0 rnti 5505 mcs 22
slot 14 index 0 rnti 5505 mcs 22
slot 15 index 0 rnti 5505 mcs 22
slot 16 index 0 rnti 5505 mcs 22
slot 4 index 0 rnti 5505 mcs 22
slot 5 index 0 rnti 5505 mcs 22
slot 6 index 0 rnti 5505 mcs 22
slot 14 index 0 rnti 5505 mcs 22
slot 15 index 0 rnti 5505 mcs 22
slot 16 index 0 rnti 5505 mcs 22
slot 4 index 0 rnti 5505 mcs 22
slot 5 index 0 rnti 5505 mcs 22
slot 6 index 0 rnti 5505 mcs 22
slot 14 index 0 rnti 5505 mcs 22
slot 15 index 0 rnti 5505 mcs 22
slot 16 index 0 rnti 5505 mcs 22
slot 4 index 0 rnti 5505 mcs 22
slot 5 index 0 rnti 5505 mcs 22
slot 6 index 0 rnti 5505 mcs 22
slot 14 index 0 rnti 5505 mcs 22
slot 15 index 0 rnti 5505 mcs 22
slot 16 index 0 rnti 5505 mcs 22
slot 4 index 0 rnti 5505 mcs 22
slot 5 index 0 rnti 5505 mcs 22
slot 6 index 0 rnti 5505 mcs 22
slot 14 index 0 rnti 5505 mcs 22
slot 15 index 0 rnti 5505 mcs 22
slot 16 index 0 rnti 5505 mcs 22
slot 4 index 0 rnti 5505 mcs 22
slot 5 index 0 rnti 5505 mcs 22
slot 6 index 0 rnti 5505 mcs 22
slot 14 index 0 rnti 5505 mcs 22
slot 15 index 0 rnti 5505 mcs 22
slot 16 index 0 rnti 5505 mcs 22
slot 4 index 0 rnti 5505 mcs 22
slot 5 index 0 rnti 5505 mcs 22
slot 6 index 0 rnti 5505 mcs 22
slot 14 index 0 rnti 5505 mcs 22
slot 15 index 0 rnti 5505 mcs 22
slot 16 index 0 rnti 5505 mcs 22
slot 4 index 0 rnti 5505 mcs 22
slot 5 index 0 rnti 5505 mcs 22
slot 6 index 0 rnti 5505 mcs 22
slot 14 index 0 rnti 5505 mcs 22
slot 15 index 0 rnti 5505 mcs 22
slot 16 index 0 rnti 5505 mcs 22
slot 4 index 0 rnti 5505 mcs 22
slot 5 index 0 rnti 5505 mcs 22
slot 6 index 0 rnti 5505 mcs 22
slot 14 index 0 rnti 5505 mcs 22
slot 15 index 0 rnti 5505 mcs 22
slot 16 index 0 rnti 5505 mcs 22
slot 4 index 0 rnti 5505 mcs 22
slot 5 index 0 rnti 5505 mcs 22
slot 6 index 0 rnti 5505 mcs 22
slot 14 index 0 rnti 5505 mcs 22
slot 15 index 0 rnti 5505 mcs 22
slot 16 index 0 rnti 5505 mcs 22
slot 4 index 0 rnti 5505 mcs 22
slot 5 index 0 rnti 5505 mcs 22
slot 6 index 0 rnti 5505 mcs 22
slot 14 index 0 rnti 5505 mcs 22
slot 15 index 0 rnti 5505 mcs 22
slot 16 index 0 rnti 5505 mcs 22
slot 4 index 0 rnti 5505 mcs 22
slot 5 index 0 rnti 5505 mcs 22
slot 6 index 0 rnti 5505 mcs 22
slot 14 index 0 rnti 5505 mcs 22
slot 15 index 0 rnti 5505 mcs 22
slot 16 index 0 rnti 5505 mcs 22
slot 4 index 0 rnti 5505 mcs 22
slot 5 index 0 rnti 5505 mcs 22
slot 6 index 0 rnti 5505 mcs 22
slot 14 index 0 rnti 5505 mcs 22
slot 15 index 0 rnti 5505 mcs 22
slot 16 index 0 rnti 5505 mcs 22
slot 4 index 0 rnti 5505 mcs 22
slot 5 index 0 rnti 5505 mcs 22
slot 6 index 0 rnti 5505 mcs 22
slot 14 index 0 rnti 5505 mcs 22
slot 15 index 0 rnti 5505 mcs 22
slot 16 index 0 rnti 5505 mcs 22
slot 4 index 0 rnti 5505 mcs 22
slot 5 index 0 rnti 5505 mcs 22
slot 6 index 0 rnti 5505 mcs 22
slot 14 index 0 rnti 5505 mcs 22
slot 15 index 0 rnti 5505 mcs 22
slot 16 index 0 rnti 5505 mcs 22
slot 4 index 0 rnti 5505 mcs 22
slot 5 index 0 rnti 5505 mcs 22
slot 6 index 0 rnti 5505 mcs 22
slot 14 index 0 rnti 5505 mcs 22
slot 15 index 0 rnti 5505 mcs 22
slot 16 index 0 rnti 5505 mcs 22
slot 4 index 0 rnti 5505 mcs 22
slot 5 index 0 rnti 5505 mcs 22
slot 6 index 0 rnti 5505 mcs 22
slot 14 index 0 rnti 5505 mcs 22
slot 15 index 0 rnti 5505 mcs 22
slot 16 index 0 rnti 5505 mcs 22
slot 4 index 0 rnti 5505 mcs 22
slot 5 index 0 rnti 5505 mcs 22
slot 6 index 0 rnti 5505 mcs 22
slot 14 index 0 rnti 5505 mcs 22
slot 15 index 0 rnti 5505 mcs 22
slot 16 index 0 rnti 5505 mcs 22
slot 4 index 0 rnti 5505 mcs 22
slot 5 index 0 rnti 5505 mcs 22
slot 6 index 0 rnti 5505 mcs 22
slot 14 index 0 rnti 5505 mcs 22
slot 15 index 0 rnti 5505 mcs 22
slot 16 index 0 rnti 5505 mcs 22
slot 4 index 0 rnti 5505 mcs 22
slot 5 index 0 rnti 5505 mcs 22
slot 6 index 0 rnti 5505 mcs 22
slot 14 index 0 rnti 5505 mcs 22
slot 15 index 0 rnti 5505 mcs 22
slot 16 index 0 rnti 5505 mcs 22
slot 4 index 0 rnti 5505 mcs 22
slot 5 index 0 rnti 5505 mcs 22
slot 6 index 0 rnti 5505 mcs 22
slot 14 index 0 rnti 5505 mcs 22
slot 15 index 0 rnti 5505 mcs 22
slot 16 index 0 rnti 5505 mcs 22
slot 4 index 0 rnti 5505 mcs 22
slot 5 index 0 rnti 5505 mcs 22
slot 6 index 0 rnti 5505 mcs 22
slot 14 index 0 rnti 5505 mcs 22
slot 15 index 0 rnti 5505 mcs 22
slot 16 index 0 rnti 5505 mcs 22
slot 4 index 0 rnti 5505 mcs 22
slot 5 index 0 rnti 5505 mcs 22
slot 6 index 0 rnti 5505 mcs 22
slot 14 index 0 rnti 5505 mcs 22
slot 15 index 0 rnti 5505 mcs 22
slot 16 index 0 rnti 5505 mcs 22
slot 4 index 0 rnti 5505 mcs 22
slot 5 index 0 rnti 5505 mcs 22
slot 6 index 0 rnti 5505 mcs 22
slot 14 index 0 rnti 5505 mcs 22
slot 15 index 0 rnti 5505 mcs 22
slot 16 index 0 rnti 5505 mcs 22
slot 4 index 0 rnti 5505 mcs 22
slot 5 index 0 rnti 5505 mcs 22
slot 6 index 0 rnti 5505 mcs 22
slot 14 index 0 rnti 5505 mcs 22
slot 15 index 0 rnti 5505 mcs 22
slot 16 index 0 rnti 5505 mcs 22
slot 4 index 0 rnti 5505 mcs 22
slot 5 index 0 rnti 5505 mcs 22
slot 6 index 0 rnti 5505 mcs 22
slot 14 index 0 rnti 5505 mcs 22
slot 15 index 0 rnti 5505 mcs 22
slot 16 index 0 rnti 5505 mcs 22
slot 4 index 0 rnti 5505 mcs 22
slot 5 index 0 rnti 5505 mcs 22
slot 6 index 0 rnti 5505 mcs 22
slot 14 index 0 rnti 5505 mcs 22
slot 15 index 0 rnti 5505 mcs 22
slot 16 index 0 rnti 5505 mcs 22
slot 4 index 0 rnti 5505 mcs 22
slot 5 index 0 rnti 5505 mcs 22
slot 6 index 0 rnti 5505 mcs 22
slot 14 index 0 rnti 5505 mcs 22
slot 15 index 0 rnti 5505 mcs 22
slot 16 index 0 rnti 5505 mcs 22
slot 4 index 0 rnti 5505 mcs 22
slot 5 index 0 rnti 5505 mcs 22
slot 6 index 0 rnti 5505 mcs 22
slot 14 index 0 rnti 5505 mcs 22
slot 15 index 0 rnti 5505 mcs 22
slot 16 index 0 rnti 5505 mcs 22
slot 4 index 0 rnti 5505 mcs 22
slot 5 index 0 rnti 5505 mcs 22
slot 6 index 0 rnti 5505 mcs 22
slot 14 index 0 rnti 5505 mcs 22
slot 15 index 0 rnti 5505 mcs 22
slot 16 index 0 rnti 5505 mcs 22
slot 4 index 0 rnti 5505 mcs 22
slot 5 index 0 rnti 5505 mcs 22
slot 6 index 0 rnti 5505 mcs 22
slot 14 index 0 rnti 5505 mcs 22
slot 15 index 0 rnti 5505 mcs 22
slot 16 index 0 rnti 5505 mcs 22
slot 4 index 0 rnti 5505 mcs 22
slot 5 index 0 rnti 5505 mcs 22
slot 6 index 0 rnti 5505 mcs 22
slot 14 index 0 rnti 5505 mcs 22
slot 15 index 0 rnti 5505 mcs 22
slot 16 index 0 rnti 5505 mcs 22
slot 4 index 0 rnti 5505 mcs 22
slot 5 index 0 rnti 5505 mcs 22
slot 6 index 0 rnti 5505 mcs 22
slot 14 index 0 rnti 5505 mcs 22
slot 15 index 0 rnti 5505 mcs 22
slot 16 index 0 rnti 5505 mcs 22
slot 4 index 0 rnti 5505 mcs 22
slot 5 index 0 rnti 5505 mcs 22
slot 6 index 0 rnti 5505 mcs 22
slot 14 index 0 rnti 5505 mcs 22
slot 15 index 0 rnti 5505 mcs 22
slot 16 index 0 rnti 5505 mcs 22
slot 4 index 0 rnti 5505 mcs 22
slot 5 index 0 rnti 5505 mcs 22
slot 6 index 0 rnti 5505 mcs 22
slot 14 index 0 rnti 5505 mcs 22
slot 15 index 0 rnti 5505 mcs 22
slot 16 index 0 rnti 5505 mcs 22
slot 4 index 0 rnti 5505 mcs 22
slot 5 index 0 rnti 5505 mcs 22
slot 6 index 0 rnti 5505 mcs 22
slot 14 index 0 rnti 5505 mcs 22
slot 15 index 0 rnti 5505 mcs 22
slot 16 index 0 rnti 5505 mcs 22
slot 4 index 0 rnti 5505 mcs 22
slot 5 index 0 rnti 5505 mcs 22
slot 6 index 0 rnti 5505 mcs 22
slot 14 index 0 rnti 5505 mcs 22
slot 15 index 0 rnti 5505 mcs 22
slot 16 index 0 rnti 5505 mcs 22
slot 4 index 0 rnti 5505 mcs 22
slot 5 index 0 rnti 5505 mcs 22
slot 6 index 0 rnti 5505 mcs 22
slot 14 index 0 rnti 5505 mcs 22
slot 15 index 0 rnti 5505 mcs 22
slot 16 index 0 rnti 5505 mcs 22
slot 4 index 0 rnti 5505 mcs 22
slot 5 index 0 rnti 5505 mcs 22
slot 6 index 0 rnti 5505 mcs 22
slot 14 index 0 rnti 5505 mcs 22
slot 15 index 0 rnti 5505 mcs 22
slot 16 index 0 rnti 5505 mcs 22
slot 4 index 0 rnti 5505 mcs 22
slot 5 index 0 rnti 5505 mcs 22
slot 6 index 0 rnti 5505 mcs 22
slot 14 index 0 rnti 5505 mcs 22
slot 15 index 0 rnti 5505 mcs 22
slot 16 index 0 rnti 5505 mcs 22
slot 4 index 0 rnti 5505 mcs 22
slot 5 index 0 rnti 5505 mcs 22
slot 6 index 0 rnti 5505 mcs 22
slot 14 index 0 rnti 5505 mcs 22
slot 15 index 0 rnti 5505 mcs 22
slot 16 index 0 rnti 5505 mcs 22
slot 4 index 0 rnti 5505 mcs 22
slot 5 index 0 rnti 5505 mcs 22
slot 6 index 0 rnti 5505 mcs 22
slot 14 index 0 rnti 5505 mcs 22
slot 15 index 0 rnti 5505 mcs 22
slot 16 index 0 rnti 5505 mcs 22
slot 4 index 0 rnti 5505 mcs 22
slot 5 index 0 rnti 5505 mcs 22
slot 6 index 0 rnti 5505 mcs 22
slot 14 index 0 rnti 5505 mcs 22
slot 15 index 0 rnti 5505 mcs 22
slot 16 index 0 rnti 5505 mcs 22
slot 4 index 0 rnti 5505 mcs 22
slot 5 index 0 rnti 5505 mcs 22
slot 6 index 0 rnti 5505 mcs 22
slot 14 index 0 rnti 5505 mcs 22
slot 15 index 0 rnti 5505 mcs 22
slot 16 index 0 rnti 5505 mcs 22
slot 4 index 0 rnti 5505 mcs 22
slot 5 index 0 rnti 5505 mcs 22
slot 6 index 0 rnti 5505 mcs 22
slot 14 index 0 rnti 5505 mcs 22
slot 15 index 0 rnti 5505 mcs 22
slot 16 index 0 rnti 5505 mcs 22
slot 4 index 0 rnti 5505 mcs 22
slot 5 index 0 rnti 5505 mcs 22
slot 6 index 0 rnti 5505 mcs 22
slot 14 index 0 rnti 5505 mcs 22
slot 15 index 0 rnti 5505 mcs 22
slot 16 index 0 rnti 5505 mcs 22
slot 4 index 0 rnti 5505 mcs 22
slot 5 index 0 rnti 5505 mcs 22
slot 6 index 0 rnti 5505 mcs 22
slot 14 index 0 rnti 5505 mcs 22
slot 15 index 0 rnti 5505 mcs 22
slot 16 index 0 rnti 5505 mcs 22
slot 4 index 0 rnti 5505 mcs 22
slot 5 index 0 rnti 5505 mcs 22
slot 6 index 0 rnti 5505 mcs 22
slot 14 index 0 rnti 5505 mcs 22
slot 15 index 0 rnti 5505 mcs 22
slot 16 index 0 rnti 5505 mcs 22
slot 4 index 0 rnti 5505 mcs 22
slot 5 index 0 rnti 5505 mcs 22
slot 6 index 0 rnti 5505 mcs 22
slot 14 index 0 rnti 5505 mcs 22
slot 15 index 0 rnti 5505 mcs 22
slot 16 index 0 rnti 5505 mcs 22
slot 4 index 0 rnti 5505 mcs 22
slot 5 index 0 rnti 5505 mcs 22
slot 6 index 0 rnti 5505 mcs 22
slot 14 index 0 rnti 5505 mcs 22
slot 15 index 0 rnti 5505 mcs 22
slot 16 index 0 rnti 5505 mcs 22
slot 4 index 0 rnti 5505 mcs 22
slot 5 index 0 rnti 5505 mcs 22
slot 6 index 0 rnti 5505 mcs 22
slot 14 index 0 rnti 5505 mcs 22
slot 15 index 0 rnti 5505 mcs 22
slot 16 index 0 rnti 5505 mcs 22
slot 4 index 0 rnti 5505 mcs 22
slot 5 index 0 rnti 5505 mcs 22
slot 6 index 0 rnti 5505 mcs 22
slot 14 index 0 rnti 5505 mcs 22
slot 15 index 0 rnti 5505 mcs 22
slot 16 index 0 rnti 5505 mcs 22
slot 4 index 0 rnti 5505 mcs 22
slot 5 index 0 rnti 5505 mcs 22
slot 6 index 0 rnti 5505 mcs 22
slot 14 index 0 rnti 5505 mcs 22
slot 15 index 0 rnti 5505 mcs 22
slot 16 index 0 rnti 5505 mcs 22
slot 4 index 0 rnti 5505 mcs 22
slot 5 index 0 rnti 5505 mcs 22
slot 6 index 0 rnti 5505 mcs 22
slot 14 index 0 rnti 5505 mcs 22
slot 15 index 0 rnti 5505 mcs 22
slot 16 index 0 rnti 5505 mcs 22
slot 4 index 0 rnti 5505 mcs 22
slot 5 index 0 rnti 5505 mcs 22
slot 6 index 0 rnti 5505 mcs 22
slot 14 index 0 rnti 5505 mcs 22
slot 15 index 0 rnti 5505 mcs 22
slot 16 index 0 rnti 5505 mcs 22
slot 4 index 0 rnti 5505 mcs 22
slot 5 index 0 rnti 5505 mcs 22
slot 6 index 0 rnti 5505 mcs 22
slot 14 index 0 rnti 5505 mcs 22
slot 15 index 0 rnti 5505 mcs 22
slot 16 index 0 rnti 5505 mcs 22
slot 4 index 0 rnti 5505 mcs 22
slot 5 index 0 rnti 5505 mcs 22
slot 6 index 0 rnti 5505 mcs 22
slot 14 index 0 rnti 5505 mcs 22
slot 15 index 0 rnti 5505 mcs 22
slot 16 index 0 rnti 5505 mcs 22
slot 4 index 0 rnti 5505 mcs 22
slot 5 index 0 rnti 5505 mcs 22
slot 6 index 0 rnti 5505 mcs 22
slot 14 index 0 rnti 5505 mcs 22
slot 15 index 0 rnti 5505 mcs 22
slot 16 index 0 rnti 5505 mcs 22
slot 4 index 0 rnti 5505 mcs 22
slot 5 index 0 rnti 5505 mcs 22
slot 6 index 0 rnti 5505 mcs 22
slot 14 index 0 rnti 5505 mcs 22
slot 15 index 0 rnti 5505 mcs 22
slot 16 index 0 rnti 5505 mcs 22
slot 4 index 0 rnti 5505 mcs 22
slot 5 index 0 rnti 5505 mcs 22
slot 6 index 0 rnti 5505 mcs 22
slot 14 index 0 rnti 5505 mcs 22
slot 15 index 0 rnti 5505 mcs 22
slot 16 index 0 rnti 5505 mcs 22
slot 4 index 0 rnti 5505 mcs 22
slot 5 index 0 rnti 5505 mcs 22
slot 6 index 0 rnti 5505 mcs 22
slot 14 index 0 rnti 5505 mcs 22
slot 15 index 0 rnti 5505 mcs 22
slot 16 index 0 rnti 5505 mcs 22
slot 4 index 0 rnti 5505 mcs 22
slot 5 index 0 rnti 5505 mcs 22
slot 6 index 0 rnti 5505 mcs 22
slot 14 index 0 rnti 5505 mcs 22
slot 15 index 0 rnti 5505 mcs 22
slot 16 index 0 rnti 5505 mcs 22
slot 4 index 0 rnti 5505 mcs 22
slot 5 index 0 rnti 5505 mcs 22
slot 6 index 0 rnti 5505 mcs 22
slot 14 index 0 rnti 5505 mcs 22
slot 15 index 0 rnti 5505 mcs 22
slot 16 index 0 rnti 5505 mcs 22
slot 4 index 0 rnti 5505 mcs 22
slot 5 index 0 rnti 5505 mcs 22
slot 6 index 0 rnti 5505 mcs 22
slot 14 index 0 rnti 5505 mcs 22
slot 15 index 0 rnti 5505 mcs 22
slot 16 index 0 rnti 5505 mcs 22
slot 4 index 0 rnti 5505 mcs 22
slot 5 index 0 rnti 5505 mcs 22
slot 6 index 0 rnti 5505 mcs 22
slot 14 index 0 rnti 5505 mcs 22
slot 15 index 0 rnti 5505 mcs 22
slot 16 index 0 rnti 5505 mcs 22
[UE-STAT] frame=700 dci_cnt=597 total_tbs=35663856 ack_real=521 nack_real=0 fb_missing=74 decode_cnt=597
slot 4 index 0 rnti 5505 mcs 22
slot 5 index 0 rnti 5505 mcs 22
slot 6 index 0 rnti 5505 mcs 22
slot 14 index 0 rnti 5505 mcs 22
slot 15 index 0 rnti 5505 mcs 22
slot 16 index 0 rnti 5505 mcs 22
slot 4 index 0 rnti 5505 mcs 22
slot 5 index 0 rnti 5505 mcs 22
slot 6 index 0 rnti 5505 mcs 22
slot 14 index 0 rnti 5505 mcs 22
slot 15 index 0 rnti 5505 mcs 22
slot 16 index 0 rnti 5505 mcs 22
slot 4 index 0 rnti 5505 mcs 22
slot 5 index 0 rnti 5505 mcs 22
slot 6 index 0 rnti 5505 mcs 22
slot 14 index 0 rnti 5505 mcs 22
slot 15 index 0 rnti 5505 mcs 22
slot 16 index 0 rnti 5505 mcs 22
slot 4 index 0 rnti 5505 mcs 22
slot 5 index 0 rnti 5505 mcs 22
slot 6 index 0 rnti 5505 mcs 22
slot 14 index 0 rnti 5505 mcs 22
slot 15 index 0 rnti 5505 mcs 22
slot 16 index 0 rnti 5505 mcs 22
slot 4 index 0 rnti 5505 mcs 22
slot 5 index 0 rnti 5505 mcs 22
slot 6 index 0 rnti 5505 mcs 22
slot 14 index 0 rnti 5505 mcs 22
slot 15 index 0 rnti 5505 mcs 22
slot 16 index 0 rnti 5505 mcs 22
slot 4 index 0 rnti 5505 mcs 22
slot 5 index 0 rnti 5505 mcs 22
slot 6 index 0 rnti 5505 mcs 22
slot 14 index 0 rnti 5505 mcs 22
slot 15 index 0 rnti 5505 mcs 22
slot 16 index 0 rnti 5505 mcs 22
slot 4 index 0 rnti 5505 mcs 22
slot 5 index 0 rnti 5505 mcs 22
slot 6 index 0 rnti 5505 mcs 22
slot 14 index 0 rnti 5505 mcs 22
slot 15 index 0 rnti 5505 mcs 22
slot 16 index 0 rnti 5505 mcs 22
slot 4 index 0 rnti 5505 mcs 22
slot 5 index 0 rnti 5505 mcs 22
slot 6 index 0 rnti 5505 mcs 22
slot 14 index 0 rnti 5505 mcs 22
slot 15 index 0 rnti 5505 mcs 22
slot 16 index 0 rnti 5505 mcs 22
slot 4 index 0 rnti 5505 mcs 22
slot 5 index 0 rnti 5505 mcs 22
slot 6 index 0 rnti 5505 mcs 22
slot 14 index 0 rnti 5505 mcs 22
slot 15 index 0 rnti 5505 mcs 22
slot 16 index 0 rnti 5505 mcs 22
slot 4 index 0 rnti 5505 mcs 22
slot 5 index 0 rnti 5505 mcs 22
slot 6 index 0 rnti 5505 mcs 22
slot 14 index 0 rnti 5505 mcs 22
slot 15 index 0 rnti 5505 mcs 22
slot 16 index 0 rnti 5505 mcs 22
slot 4 index 0 rnti 5505 mcs 22
slot 5 index 0 rnti 5505 mcs 22
slot 6 index 0 rnti 5505 mcs 22
slot 14 index 0 rnti 5505 mcs 22
slot 15 index 0 rnti 5505 mcs 22
slot 16 index 0 rnti 5505 mcs 22
slot 4 index 0 rnti 5505 mcs 22
slot 5 index 0 rnti 5505 mcs 22
slot 6 index 0 rnti 5505 mcs 22
slot 14 index 0 rnti 5505 mcs 22
slot 15 index 0 rnti 5505 mcs 22
slot 16 index 0 rnti 5505 mcs 22
slot 4 index 0 rnti 5505 mcs 22
slot 5 index 0 rnti 5505 mcs 22
slot 6 index 0 rnti 5505 mcs 22
slot 14 index 0 rnti 5505 mcs 22
slot 15 index 0 rnti 5505 mcs 22
slot 16 index 0 rnti 5505 mcs 22
slot 4 index 0 rnti 5505 mcs 22
slot 5 index 0 rnti 5505 mcs 22
slot 6 index 0 rnti 5505 mcs 22
slot 14 index 0 rnti 5505 mcs 22
slot 15 index 0 rnti 5505 mcs 22
slot 16 index 0 rnti 5505 mcs 22
slot 4 index 0 rnti 5505 mcs 22
slot 5 index 0 rnti 5505 mcs 22
slot 6 index 0 rnti 5505 mcs 22
slot 14 index 0 rnti 5505 mcs 22
slot 15 index 0 rnti 5505 mcs 22
slot 16 index 0 rnti 5505 mcs 22
slot 4 index 0 rnti 5505 mcs 22
slot 5 index 0 rnti 5505 mcs 22
slot 6 index 0 rnti 5505 mcs 22
slot 14 index 0 rnti 5505 mcs 22
slot 15 index 0 rnti 5505 mcs 22
slot 16 index 0 rnti 5505 mcs 22
slot 4 index 0 rnti 5505 mcs 22
slot 5 index 0 rnti 5505 mcs 22
slot 6 index 0 rnti 5505 mcs 22
slot 14 index 0 rnti 5505 mcs 22
slot 15 index 0 rnti 5505 mcs 22
slot 16 index 0 rnti 5505 mcs 22
slot 4 index 0 rnti 5505 mcs 22
slot 5 index 0 rnti 5505 mcs 22
slot 6 index 0 rnti 5505 mcs 22
slot 14 index 0 rnti 5505 mcs 22
slot 15 index 0 rnti 5505 mcs 22
slot 16 index 0 rnti 5505 mcs 22
slot 4 index 0 rnti 5505 mcs 22
slot 5 index 0 rnti 5505 mcs 22
slot 6 index 0 rnti 5505 mcs 22
slot 14 index 0 rnti 5505 mcs 22
slot 15 index 0 rnti 5505 mcs 22
slot 16 index 0 rnti 5505 mcs 22
slot 4 index 0 rnti 5505 mcs 22
slot 5 index 0 rnti 5505 mcs 22
slot 6 index 0 rnti 5505 mcs 22
slot 14 index 0 rnti 5505 mcs 22
slot 15 index 0 rnti 5505 mcs 22
slot 16 index 0 rnti 5505 mcs 22
slot 4 index 0 rnti 5505 mcs 22
slot 5 index 0 rnti 5505 mcs 22
slot 6 index 0 rnti 5505 mcs 22
slot 14 index 0 rnti 5505 mcs 22
slot 15 index 0 rnti 5505 mcs 22
slot 16 index 0 rnti 5505 mcs 22
slot 4 index 0 rnti 5505 mcs 22
slot 5 index 0 rnti 5505 mcs 22
slot 6 index 0 rnti 5505 mcs 22
slot 14 index 0 rnti 5505 mcs 22
slot 15 index 0 rnti 5505 mcs 22
slot 16 index 0 rnti 5505 mcs 22
slot 4 index 0 rnti 5505 mcs 22
slot 5 index 0 rnti 5505 mcs 22
slot 6 index 0 rnti 5505 mcs 22
slot 14 index 0 rnti 5505 mcs 22
slot 15 index 0 rnti 5505 mcs 22
slot 16 index 0 rnti 5505 mcs 22
slot 4 index 0 rnti 5505 mcs 22
slot 5 index 0 rnti 5505 mcs 22
slot 6 index 0 rnti 5505 mcs 22
slot 14 index 0 rnti 5505 mcs 22
slot 15 index 0 rnti 5505 mcs 22
slot 16 index 0 rnti 5505 mcs 22
slot 4 index 0 rnti 5505 mcs 22
slot 5 index 0 rnti 5505 mcs 22
slot 6 index 0 rnti 5505 mcs 22
slot 14 index 0 rnti 5505 mcs 22
slot 15 index 0 rnti 5505 mcs 22
slot 16 index 0 rnti 5505 mcs 22
slot 4 index 0 rnti 5505 mcs 22
slot 5 index 0 rnti 5505 mcs 22
slot 6 index 0 rnti 5505 mcs 22
slot 14 index 0 rnti 5505 mcs 22
slot 15 index 0 rnti 5505 mcs 22
slot 16 index 0 rnti 5505 mcs 22
slot 4 index 0 rnti 5505 mcs 22
slot 5 index 0 rnti 5505 mcs 22
slot 6 index 0 rnti 5505 mcs 22
slot 14 index 0 rnti 5505 mcs 22
slot 15 index 0 rnti 5505 mcs 22
slot 16 index 0 rnti 5505 mcs 22
slot 4 index 0 rnti 5505 mcs 22
slot 5 index 0 rnti 5505 mcs 22
slot 6 index 0 rnti 5505 mcs 22
slot 14 index 0 rnti 5505 mcs 22
slot 15 index 0 rnti 5505 mcs 22
slot 16 index 0 rnti 5505 mcs 22
slot 4 index 0 rnti 5505 mcs 22
slot 5 index 0 rnti 5505 mcs 22
slot 6 index 0 rnti 5505 mcs 22
slot 14 index 0 rnti 5505 mcs 22
slot 15 index 0 rnti 5505 mcs 22
slot 16 index 0 rnti 5505 mcs 22
slot 4 index 0 rnti 5505 mcs 22
slot 5 index 0 rnti 5505 mcs 22
slot 6 index 0 rnti 5505 mcs 22
slot 14 index 0 rnti 5505 mcs 22
slot 15 index 0 rnti 5505 mcs 22
slot 16 index 0 rnti 5505 mcs 22
slot 4 index 0 rnti 5505 mcs 22
slot 5 index 0 rnti 5505 mcs 22
slot 6 index 0 rnti 5505 mcs 22
slot 14 index 0 rnti 5505 mcs 22
slot 15 index 0 rnti 5505 mcs 22
slot 16 index 0 rnti 5505 mcs 22
slot 4 index 0 rnti 5505 mcs 22
slot 5 index 0 rnti 5505 mcs 22
slot 6 index 0 rnti 5505 mcs 22
slot 14 index 0 rnti 5505 mcs 22
slot 15 index 0 rnti 5505 mcs 22
slot 16 index 0 rnti 5505 mcs 22
slot 4 index 0 rnti 5505 mcs 22
slot 5 index 0 rnti 5505 mcs 22
slot 6 index 0 rnti 5505 mcs 22
slot 14 index 0 rnti 5505 mcs 22
slot 15 index 0 rnti 5505 mcs 22
slot 16 index 0 rnti 5505 mcs 22
slot 4 index 0 rnti 5505 mcs 22
slot 5 index 0 rnti 5505 mcs 22
slot 6 index 0 rnti 5505 mcs 22
slot 14 index 0 rnti 5505 mcs 22
slot 15 index 0 rnti 5505 mcs 22
slot 16 index 0 rnti 5505 mcs 22
slot 4 index 0 rnti 5505 mcs 22
slot 5 index 0 rnti 5505 mcs 22
slot 6 index 0 rnti 5505 mcs 22
slot 14 index 0 rnti 5505 mcs 22
slot 15 index 0 rnti 5505 mcs 22
slot 16 index 0 rnti 5505 mcs 22
slot 4 index 0 rnti 5505 mcs 22
slot 5 index 0 rnti 5505 mcs 22
slot 6 index 0 rnti 5505 mcs 22
slot 14 index 0 rnti 5505 mcs 22
slot 15 index 0 rnti 5505 mcs 22
slot 16 index 0 rnti 5505 mcs 22
slot 4 index 0 rnti 5505 mcs 22
slot 5 index 0 rnti 5505 mcs 22
slot 6 index 0 rnti 5505 mcs 22
slot 14 index 0 rnti 5505 mcs 22
slot 15 index 0 rnti 5505 mcs 22
slot 16 index 0 rnti 5505 mcs 22
slot 4 index 0 rnti 5505 mcs 22
slot 5 index 0 rnti 5505 mcs 22
slot 6 index 0 rnti 5505 mcs 22
slot 14 index 0 rnti 5505 mcs 22
slot 15 index 0 rnti 5505 mcs 22
slot 16 index 0 rnti 5505 mcs 22
slot 4 index 0 rnti 5505 mcs 23
slot 5 index 0 rnti 5505 mcs 23
slot 6 index 0 rnti 5505 mcs 23
slot 14 index 0 rnti 5505 mcs 23
slot 15 index 0 rnti 5505 mcs 23
slot 16 index 0 rnti 5505 mcs 23
slot 4 index 0 rnti 5505 mcs 23
slot 5 index 0 rnti 5505 mcs 23
[EMURAN-DL-CSV] t=4.434 win_tbs=20 win_fail=0 win_bler=0.00000 mcs_last=23 mcs_min=23 mcs_max=23 r0=20 r1=0 r2=0 r3=0  f0=0 f1=0 f2=0 f3=0 tot_tbs=440 tot_fail=136 tot_bler=0.30909 tot_init=336 tot_retx=104
slot 6 index 0 rnti 5505 mcs 23
slot 14 index 0 rnti 5505 mcs 23
slot 15 index 0 rnti 5505 mcs 23
slot 16 index 0 rnti 5505 mcs 23
slot 4 index 0 rnti 5505 mcs 23
slot 5 index 0 rnti 5505 mcs 23
slot 6 index 0 rnti 5505 mcs 23
slot 14 index 0 rnti 5505 mcs 23
slot 15 index 0 rnti 5505 mcs 23
slot 16 index 0 rnti 5505 mcs 23
slot 4 index 0 rnti 5505 mcs 23
slot 5 index 0 rnti 5505 mcs 23
slot 6 index 0 rnti 5505 mcs 23
slot 14 index 0 rnti 5505 mcs 23
slot 15 index 0 rnti 5505 mcs 23
slot 16 index 0 rnti 5505 mcs 23
slot 4 index 0 rnti 5505 mcs 23
slot 5 index 0 rnti 5505 mcs 23
slot 6 index 0 rnti 5505 mcs 23
slot 14 index 0 rnti 5505 mcs 23
[EMURAN-DL-CSV] t=4.506 win_tbs=20 win_fail=2 win_bler=0.10000 mcs_last=23 mcs_min=23 mcs_max=23 r0=18 r1=2 r2=0 r3=0  f0=1 f1=1 f2=0 f3=0 tot_tbs=460 tot_fail=138 tot_bler=0.30000 tot_init=354 tot_retx=106
slot 15 index 0 rnti 5505 mcs 23
slot 16 index 0 rnti 5505 mcs 23
slot 4 index 0 rnti 5505 mcs 23
slot 5 index 0 rnti 5505 mcs 23
slot 6 index 0 rnti 5505 mcs 23
slot 14 index 0 rnti 5505 mcs 23
slot 15 index 0 rnti 5505 mcs 23
slot 16 index 0 rnti 5505 mcs 23
slot 4 index 0 rnti 5505 mcs 23
slot 5 index 0 rnti 5505 mcs 23
slot 6 index 0 rnti 5505 mcs 23
slot 14 index 0 rnti 5505 mcs 23
slot 15 index 0 rnti 5505 mcs 23
slot 16 index 0 rnti 5505 mcs 23
slot 4 index 0 rnti 5505 mcs 23
slot 5 index 0 rnti 5505 mcs 23
slot 6 index 0 rnti 5505 mcs 23
slot 14 index 0 rnti 5505 mcs 23
slot 15 index 0 rnti 5505 mcs 23
slot 16 index 0 rnti 5505 mcs 23
[EMURAN-DL-CSV] t=4.571 win_tbs=20 win_fail=3 win_bler=0.15000 mcs_last=23 mcs_min=23 mcs_max=23 r0=18 r1=2 r2=0 r3=0  f0=3 f1=0 f2=0 f3=0 tot_tbs=480 tot_fail=141 tot_bler=0.29375 tot_init=372 tot_retx=108
slot 4 index 0 rnti 5505 mcs 23
slot 5 index 0 rnti 5505 mcs 23
slot 6 index 0 rnti 5505 mcs 23
slot 14 index 0 rnti 5505 mcs 23
slot 15 index 0 rnti 5505 mcs 23
slot 16 index 0 rnti 5505 mcs 23
slot 4 index 0 rnti 5505 mcs 23
slot 5 index 0 rnti 5505 mcs 23
slot 6 index 0 rnti 5505 mcs 23
slot 4 index 0 rnti 5505 mcs 23
slot 5 index 0 rnti 5505 mcs 23
slot 6 index 0 rnti 5505 mcs 23
slot 14 index 0 rnti 5505 mcs 23
slot 15 index 0 rnti 5505 mcs 23
slot 16 index 0 rnti 5505 mcs 23
slot 4 index 0 rnti 5505 mcs 23
slot 5 index 0 rnti 5505 mcs 23
slot 6 index 0 rnti 5505 mcs 23
slot 14 index 0 rnti 5505 mcs 23
slot 15 index 0 rnti 5505 mcs 23
[EMURAN-DL-CSV] t=4.654 win_tbs=20 win_fail=0 win_bler=0.00000 mcs_last=23 mcs_min=23 mcs_max=23 r0=20 r1=0 r2=0 r3=0  f0=0 f1=0 f2=0 f3=0 tot_tbs=500 tot_fail=141 tot_bler=0.28200 tot_init=392 tot_retx=108
slot 16 index 0 rnti 5505 mcs 23
slot 4 index 0 rnti 5505 mcs 23
slot 5 index 0 rnti 5505 mcs 23
slot 6 index 0 rnti 5505 mcs 23
slot 14 index 0 rnti 5505 mcs 23
slot 15 index 0 rnti 5505 mcs 23
slot 16 index 0 rnti 5505 mcs 23
slot 4 index 0 rnti 5505 mcs 23
slot 5 index 0 rnti 5505 mcs 23
slot 6 index 0 rnti 5505 mcs 23
slot 14 index 0 rnti 5505 mcs 23
slot 15 index 0 rnti 5505 mcs 23
slot 16 index 0 rnti 5505 mcs 23
slot 4 index 0 rnti 5505 mcs 23
slot 5 index 0 rnti 5505 mcs 23
slot 6 index 0 rnti 5505 mcs 23
slot 14 index 0 rnti 5505 mcs 23
slot 15 index 0 rnti 5505 mcs 23
slot 16 index 0 rnti 5505 mcs 23
slot 4 index 0 rnti 5505 mcs 23
[EMURAN-DL-CSV] t=4.727 win_tbs=20 win_fail=0 win_bler=0.00000 mcs_last=23 mcs_min=23 mcs_max=23 r0=19 r1=1 r2=0 r3=0  f0=0 f1=0 f2=0 f3=0 tot_tbs=520 tot_fail=141 tot_bler=0.27115 tot_init=411 tot_retx=109
slot 5 index 0 rnti 5505 mcs 23
slot 6 index 0 rnti 5505 mcs 23
slot 14 index 0 rnti 5505 mcs 23
slot 15 index 0 rnti 5505 mcs 23
slot 16 index 0 rnti 5505 mcs 23
slot 4 index 0 rnti 5505 mcs 23
slot 5 index 0 rnti 5505 mcs 23
slot 6 index 0 rnti 5505 mcs 23
slot 14 index 0 rnti 5505 mcs 23
slot 15 index 0 rnti 5505 mcs 23
slot 16 index 0 rnti 5505 mcs 23
slot 4 index 0 rnti 5505 mcs 23
slot 5 index 0 rnti 5505 mcs 23
slot 6 index 0 rnti 5505 mcs 23
slot 14 index 0 rnti 5505 mcs 23
slot 15 index 0 rnti 5505 mcs 23
slot 16 index 0 rnti 5505 mcs 23
slot 4 index 0 rnti 5505 mcs 23
slot 5 index 0 rnti 5505 mcs 23
slot 6 index 0 rnti 5505 mcs 23
[EMURAN-DL-CSV] t=4.792 win_tbs=20 win_fail=1 win_bler=0.05000 mcs_last=23 mcs_min=23 mcs_max=23 r0=19 r1=1 r2=0 r3=0  f0=1 f1=0 f2=0 f3=0 tot_tbs=540 tot_fail=142 tot_bler=0.26296 tot_init=430 tot_retx=110
slot 14 index 0 rnti 5505 mcs 23
slot 15 index 0 rnti 5505 mcs 23
slot 16 index 0 rnti 5505 mcs 23
slot 4 index 0 rnti 5505 mcs 23
slot 5 index 0 rnti 5505 mcs 23
slot 6 index 0 rnti 5505 mcs 23
slot 14 index 0 rnti 5505 mcs 23
slot 15 index 0 rnti 5505 mcs 23
slot 16 index 0 rnti 5505 mcs 23
slot 4 index 0 rnti 5505 mcs 23
slot 5 index 0 rnti 5505 mcs 23
slot 6 index 0 rnti 5505 mcs 23
slot 14 index 0 rnti 5505 mcs 23
slot 15 index 0 rnti 5505 mcs 23
slot 16 index 0 rnti 5505 mcs 23
slot 4 index 0 rnti 5505 mcs 23
slot 5 index 0 rnti 5505 mcs 23
slot 6 index 0 rnti 5505 mcs 23
slot 14 index 0 rnti 5505 mcs 23
slot 15 index 0 rnti 5505 mcs 23
[EMURAN-DL-CSV] t=4.864 win_tbs=20 win_fail=0 win_bler=0.00000 mcs_last=23 mcs_min=23 mcs_max=23 r0=20 r1=0 r2=0 r3=0  f0=0 f1=0 f2=0 f3=0 tot_tbs=560 tot_fail=142 tot_bler=0.25357 tot_init=450 tot_retx=110
slot 16 index 0 rnti 5505 mcs 23
slot 4 index 0 rnti 5505 mcs 23
slot 5 index 0 rnti 5505 mcs 23
slot 6 index 0 rnti 5505 mcs 23
slot 14 index 0 rnti 5505 mcs 23
slot 15 index 0 rnti 5505 mcs 23
slot 16 index 0 rnti 5505 mcs 23
slot 4 index 0 rnti 5505 mcs 23
slot 5 index 0 rnti 5505 mcs 23
slot 6 index 0 rnti 5505 mcs 23
slot 14 index 0 rnti 5505 mcs 23
slot 15 index 0 rnti 5505 mcs 23
slot 16 index 0 rnti 5505 mcs 23
slot 4 index 0 rnti 5505 mcs 23
slot 5 index 0 rnti 5505 mcs 23
slot 6 index 0 rnti 5505 mcs 23
slot 14 index 0 rnti 5505 mcs 23
slot 15 index 0 rnti 5505 mcs 23
slot 16 index 0 rnti 5505 mcs 23
slot 4 index 0 rnti 5505 mcs 23
[EMURAN-DL-CSV] t=4.937 win_tbs=20 win_fail=2 win_bler=0.10000 mcs_last=23 mcs_min=23 mcs_max=23 r0=18 r1=2 r2=0 r3=0  f0=1 f1=1 f2=0 f3=0 tot_tbs=580 tot_fail=144 tot_bler=0.24828 tot_init=468 tot_retx=112
slot 5 index 0 rnti 5505 mcs 23
slot 6 index 0 rnti 5505 mcs 23
slot 14 index 0 rnti 5505 mcs 23
slot 15 index 0 rnti 5505 mcs 23
slot 16 index 0 rnti 5505 mcs 23
slot 4 index 0 rnti 5505 mcs 23
slot 5 index 0 rnti 5505 mcs 23
slot 6 index 0 rnti 5505 mcs 23
slot 14 index 0 rnti 5505 mcs 23
slot 15 index 0 rnti 5505 mcs 23
slot 16 index 0 rnti 5505 mcs 23
slot 4 index 0 rnti 5505 mcs 23
slot 5 index 0 rnti 5505 mcs 23
slot 6 index 0 rnti 5505 mcs 23
slot 14 index 0 rnti 5505 mcs 23
slot 15 index 0 rnti 5505 mcs 23
slot 16 index 0 rnti 5505 mcs 23
slot 4 index 0 rnti 5505 mcs 23
slot 5 index 0 rnti 5505 mcs 23
slot 6 index 0 rnti 5505 mcs 23
[EMURAN-DL-CSV] t=5.002 win_tbs=20 win_fail=0 win_bler=0.00000 mcs_last=23 mcs_min=23 mcs_max=23 r0=20 r1=0 r2=0 r3=0  f0=0 f1=0 f2=0 f3=0 tot_tbs=600 tot_fail=144 tot_bler=0.24000 tot_init=488 tot_retx=112
slot 14 index 0 rnti 5505 mcs 23
slot 15 index 0 rnti 5505 mcs 23
slot 16 index 0 rnti 5505 mcs 23
slot 4 index 0 rnti 5505 mcs 23
slot 5 index 0 rnti 5505 mcs 23
slot 6 index 0 rnti 5505 mcs 23
slot 14 index 0 rnti 5505 mcs 23
slot 15 index 0 rnti 5505 mcs 23
slot 16 index 0 rnti 5505 mcs 23
slot 4 index 0 rnti 5505 mcs 23
slot 5 index 0 rnti 5505 mcs 23
slot 6 index 0 rnti 5505 mcs 23
slot 14 index 0 rnti 5505 mcs 23
slot 15 index 0 rnti 5505 mcs 23
slot 16 index 0 rnti 5505 mcs 23
slot 4 index 0 rnti 5505 mcs 23
slot 5 index 0 rnti 5505 mcs 23
slot 6 index 0 rnti 5505 mcs 23
slot 14 index 0 rnti 5505 mcs 23
slot 15 index 0 rnti 5505 mcs 23
[EMURAN-DL-CSV] t=5.074 win_tbs=20 win_fail=1 win_bler=0.05000 mcs_last=23 mcs_min=23 mcs_max=23 r0=18 r1=2 r2=0 r3=0  f0=1 f1=0 f2=0 f3=0 tot_tbs=620 tot_fail=145 tot_bler=0.23387 tot_init=506 tot_retx=114
slot 16 index 0 rnti 5505 mcs 23
slot 4 index 0 rnti 5505 mcs 23
slot 5 index 0 rnti 5505 mcs 23
slot 6 index 0 rnti 5505 mcs 23
slot 14 index 0 rnti 5505 mcs 23
slot 15 index 0 rnti 5505 mcs 23
slot 16 index 0 rnti 5505 mcs 23
slot 4 index 0 rnti 5505 mcs 23
slot 5 index 0 rnti 5505 mcs 23
slot 6 index 0 rnti 5505 mcs 23
slot 14 index 0 rnti 5505 mcs 23
slot 15 index 0 rnti 5505 mcs 23
slot 16 index 0 rnti 5505 mcs 23
slot 4 index 0 rnti 5505 mcs 23
slot 5 index 0 rnti 5505 mcs 23
slot 6 index 0 rnti 5505 mcs 23
slot 14 index 0 rnti 5505 mcs 23
slot 15 index 0 rnti 5505 mcs 23
slot 16 index 0 rnti 5505 mcs 23
slot 4 index 0 rnti 5505 mcs 23
[EMURAN-DL-CSV] t=5.147 win_tbs=20 win_fail=1 win_bler=0.05000 mcs_last=23 mcs_min=23 mcs_max=23 r0=19 r1=1 r2=0 r3=0  f0=1 f1=0 f2=0 f3=0 tot_tbs=640 tot_fail=146 tot_bler=0.22812 tot_init=525 tot_retx=115
slot 5 index 0 rnti 5505 mcs 23
slot 6 index 0 rnti 5505 mcs 23
slot 14 index 0 rnti 5505 mcs 23
slot 15 index 0 rnti 5505 mcs 23
slot 16 index 0 rnti 5505 mcs 23
slot 4 index 0 rnti 5505 mcs 23
slot 5 index 0 rnti 5505 mcs 23
slot 6 index 0 rnti 5505 mcs 23
slot 14 index 0 rnti 5505 mcs 23
slot 15 index 0 rnti 5505 mcs 23
slot 16 index 0 rnti 5505 mcs 23
slot 4 index 0 rnti 5505 mcs 23
slot 5 index 0 rnti 5505 mcs 23
slot 6 index 0 rnti 5505 mcs 23
slot 14 index 0 rnti 5505 mcs 23
slot 15 index 0 rnti 5505 mcs 23
slot 16 index 0 rnti 5505 mcs 23
slot 4 index 0 rnti 5505 mcs 23
slot 5 index 0 rnti 5505 mcs 23
slot 6 index 0 rnti 5505 mcs 23
[EMURAN-DL-CSV] t=5.212 win_tbs=20 win_fail=2 win_bler=0.10000 mcs_last=23 mcs_min=23 mcs_max=23 r0=19 r1=1 r2=0 r3=0  f0=2 f1=0 f2=0 f3=0 tot_tbs=660 tot_fail=148 tot_bler=0.22424 tot_init=544 tot_retx=116
slot 14 index 0 rnti 5505 mcs 23
slot 15 index 0 rnti 5505 mcs 23
slot 16 index 0 rnti 5505 mcs 23
slot 4 index 0 rnti 5505 mcs 23
slot 5 index 0 rnti 5505 mcs 23
slot 6 index 0 rnti 5505 mcs 23
slot 14 index 0 rnti 5505 mcs 23
slot 15 index 0 rnti 5505 mcs 23
slot 16 index 0 rnti 5505 mcs 23
slot 4 index 0 rnti 5505 mcs 23
slot 5 index 0 rnti 5505 mcs 23
slot 6 index 0 rnti 5505 mcs 23
slot 14 index 0 rnti 5505 mcs 23
slot 15 index 0 rnti 5505 mcs 23
slot 16 index 0 rnti 5505 mcs 23
slot 4 index 0 rnti 5505 mcs 23
slot 5 index 0 rnti 5505 mcs 23
slot 6 index 0 rnti 5505 mcs 23
slot 14 index 0 rnti 5505 mcs 23
slot 15 index 0 rnti 5505 mcs 23
[EMURAN-DL-CSV] t=5.284 win_tbs=20 win_fail=0 win_bler=0.00000 mcs_last=23 mcs_min=23 mcs_max=23 r0=19 r1=1 r2=0 r3=0  f0=0 f1=0 f2=0 f3=0 tot_tbs=680 tot_fail=148 tot_bler=0.21765 tot_init=563 tot_retx=117
slot 16 index 0 rnti 5505 mcs 23
slot 4 index 0 rnti 5505 mcs 23
slot 5 index 0 rnti 5505 mcs 23
slot 6 index 0 rnti 5505 mcs 23
slot 14 index 0 rnti 5505 mcs 23
slot 15 index 0 rnti 5505 mcs 23
slot 16 index 0 rnti 5505 mcs 23
slot 4 index 0 rnti 5505 mcs 23
slot 5 index 0 rnti 5505 mcs 23
slot 6 index 0 rnti 5505 mcs 23
slot 14 index 0 rnti 5505 mcs 23
slot 15 index 0 rnti 5505 mcs 23
slot 16 index 0 rnti 5505 mcs 23
slot 4 index 0 rnti 5505 mcs 23
slot 5 index 0 rnti 5505 mcs 23
slot 6 index 0 rnti 5505 mcs 23
slot 14 index 0 rnti 5505 mcs 23
slot 15 index 0 rnti 5505 mcs 23
slot 16 index 0 rnti 5505 mcs 23
slot 4 index 0 rnti 5505 mcs 23
[EMURAN-DL-CSV] t=5.357 win_tbs=20 win_fail=0 win_bler=0.00000 mcs_last=23 mcs_min=23 mcs_max=23 r0=20 r1=0 r2=0 r3=0  f0=0 f1=0 f2=0 f3=0 tot_tbs=700 tot_fail=148 tot_bler=0.21143 tot_init=583 tot_retx=117
slot 5 index 0 rnti 5505 mcs 23
slot 6 index 0 rnti 5505 mcs 23
slot 14 index 0 rnti 5505 mcs 23
slot 15 index 0 rnti 5505 mcs 23
slot 16 index 0 rnti 5505 mcs 23
slot 4 index 0 rnti 5505 mcs 23
slot 5 index 0 rnti 5505 mcs 23
slot 6 index 0 rnti 5505 mcs 23
slot 14 index 0 rnti 5505 mcs 23
slot 15 index 0 rnti 5505 mcs 23
slot 16 index 0 rnti 5505 mcs 23
slot 4 index 0 rnti 5505 mcs 23
slot 5 index 0 rnti 5505 mcs 23
slot 6 index 0 rnti 5505 mcs 23
slot 14 index 0 rnti 5505 mcs 23
slot 15 index 0 rnti 5505 mcs 23
slot 16 index 0 rnti 5505 mcs 23
slot 4 index 0 rnti 5505 mcs 23
slot 5 index 0 rnti 5505 mcs 23
slot 6 index 0 rnti 5505 mcs 23
[EMURAN-DL-CSV] t=5.422 win_tbs=20 win_fail=1 win_bler=0.05000 mcs_last=23 mcs_min=23 mcs_max=23 r0=18 r1=2 r2=0 r3=0  f0=1 f1=0 f2=0 f3=0 tot_tbs=720 tot_fail=149 tot_bler=0.20694 tot_init=601 tot_retx=119
slot 14 index 0 rnti 5505 mcs 23
slot 15 index 0 rnti 5505 mcs 23
slot 16 index 0 rnti 5505 mcs 23
slot 4 index 0 rnti 5505 mcs 23
slot 5 index 0 rnti 5505 mcs 23
slot 6 index 0 rnti 5505 mcs 23
slot 14 index 0 rnti 5505 mcs 23
slot 15 index 0 rnti 5505 mcs 23
slot 4 index 0 rnti 5505 mcs 23
slot 5 index 0 rnti 5505 mcs 23
slot 6 index 0 rnti 5505 mcs 23
slot 14 index 0 rnti 5505 mcs 23
slot 15 index 0 rnti 5505 mcs 23
slot 16 index 0 rnti 5505 mcs 23
slot 4 index 0 rnti 5505 mcs 23
slot 5 index 0 rnti 5505 mcs 23
slot 6 index 0 rnti 5505 mcs 23
slot 14 index 0 rnti 5505 mcs 23
slot 15 index 0 rnti 5505 mcs 23
slot 16 index 0 rnti 5505 mcs 23
[EMURAN-DL-CSV] t=5.496 win_tbs=20 win_fail=0 win_bler=0.00000 mcs_last=23 mcs_min=23 mcs_max=23 r0=20 r1=0 r2=0 r3=0  f0=0 f1=0 f2=0 f3=0 tot_tbs=740 tot_fail=149 tot_bler=0.20135 tot_init=621 tot_retx=119
slot 4 index 0 rnti 5505 mcs 23
slot 5 index 0 rnti 5505 mcs 23
slot 6 index 0 rnti 5505 mcs 23
slot 14 index 0 rnti 5505 mcs 23
slot 15 index 0 rnti 5505 mcs 23
slot 16 index 0 rnti 5505 mcs 23
slot 4 index 0 rnti 5505 mcs 23
slot 5 index 0 rnti 5505 mcs 23
slot 6 index 0 rnti 5505 mcs 23
slot 14 index 0 rnti 5505 mcs 23
slot 15 index 0 rnti 5505 mcs 23
slot 16 index 0 rnti 5505 mcs 23
slot 4 index 0 rnti 5505 mcs 23
slot 5 index 0 rnti 5505 mcs 23
slot 6 index 0 rnti 5505 mcs 23
slot 14 index 0 rnti 5505 mcs 23
slot 15 index 0 rnti 5505 mcs 23
slot 16 index 0 rnti 5505 mcs 23
slot 4 index 0 rnti 5505 mcs 23
slot 5 index 0 rnti 5505 mcs 23
[EMURAN-DL-CSV] t=5.568 win_tbs=20 win_fail=1 win_bler=0.05000 mcs_last=23 mcs_min=23 mcs_max=23 r0=20 r1=0 r2=0 r3=0  f0=1 f1=0 f2=0 f3=0 tot_tbs=760 tot_fail=150 tot_bler=0.19737 tot_init=641 tot_retx=119
slot 6 index 0 rnti 5505 mcs 23
slot 14 index 0 rnti 5505 mcs 23
slot 15 index 0 rnti 5505 mcs 23
slot 16 index 0 rnti 5505 mcs 23
slot 4 index 0 rnti 5505 mcs 23
slot 5 index 0 rnti 5505 mcs 23
slot 6 index 0 rnti 5505 mcs 23
slot 14 index 0 rnti 5505 mcs 23
slot 15 index 0 rnti 5505 mcs 23
slot 16 index 0 rnti 5505 mcs 23
slot 4 index 0 rnti 5505 mcs 23
slot 5 index 0 rnti 5505 mcs 23
slot 6 index 0 rnti 5505 mcs 23
slot 14 index 0 rnti 5505 mcs 23
slot 15 index 0 rnti 5505 mcs 23
slot 4 index 0 rnti 5505 mcs 23
slot 5 index 0 rnti 5505 mcs 23
slot 6 index 0 rnti 5505 mcs 23
slot 14 index 0 rnti 5505 mcs 23
slot 15 index 0 rnti 5505 mcs 23
[EMURAN-DL-CSV] t=5.642 win_tbs=20 win_fail=1 win_bler=0.05000 mcs_last=23 mcs_min=23 mcs_max=23 r0=19 r1=1 r2=0 r3=0  f0=1 f1=0 f2=0 f3=0 tot_tbs=780 tot_fail=151 tot_bler=0.19359 tot_init=660 tot_retx=120
slot 16 index 0 rnti 5505 mcs 23
slot 4 index 0 rnti 5505 mcs 23
slot 5 index 0 rnti 5505 mcs 23
slot 6 index 0 rnti 5505 mcs 23
slot 14 index 0 rnti 5505 mcs 23
slot 15 index 0 rnti 5505 mcs 23
slot 16 index 0 rnti 5505 mcs 23
slot 4 index 0 rnti 5505 mcs 24
slot 5 index 0 rnti 5505 mcs 24
slot 6 index 0 rnti 5505 mcs 24
slot 14 index 0 rnti 5505 mcs 24
slot 15 index 0 rnti 5505 mcs 24
slot 16 index 0 rnti 5505 mcs 24
slot 4 index 0 rnti 5505 mcs 24
slot 5 index 0 rnti 5505 mcs 24
slot 6 index 0 rnti 5505 mcs 24
slot 4 index 0 rnti 5505 mcs 24
slot 5 index 0 rnti 5505 mcs 24
slot 6 index 0 rnti 5505 mcs 24
[UE-STAT] frame=800 dci_cnt=595 total_tbs=36935768 ack_real=504 nack_real=15 fb_missing=76 decode_cnt=595
slot 14 index 0 rnti 5505 mcs 24
[EMURAN-DL-CSV] t=5.725 win_tbs=20 win_fail=2 win_bler=0.10000 mcs_last=24 mcs_min=23 mcs_max=24 r0=18 r1=2 r2=0 r3=0  f0=2 f1=0 f2=0 f3=0 tot_tbs=800 tot_fail=153 tot_bler=0.19125 tot_init=678 tot_retx=122
slot 15 index 0 rnti 5505 mcs 24
slot 16 index 0 rnti 5505 mcs 24
slot 4 index 0 rnti 5505 mcs 24
slot 5 index 0 rnti 5505 mcs 24
slot 6 index 0 rnti 5505 mcs 24
slot 14 index 0 rnti 5505 mcs 24
slot 15 index 0 rnti 5505 mcs 24
slot 16 index 0 rnti 5505 mcs 24
slot 4 index 0 rnti 5505 mcs 24
slot 5 index 0 rnti 5505 mcs 24
slot 6 index 0 rnti 5505 mcs 24
slot 14 index 0 rnti 5505 mcs 24
slot 15 index 0 rnti 5505 mcs 24
slot 16 index 0 rnti 5505 mcs 24
slot 4 index 0 rnti 5505 mcs 24
slot 5 index 0 rnti 5505 mcs 24
slot 6 index 0 rnti 5505 mcs 24
slot 14 index 0 rnti 5505 mcs 24
slot 15 index 0 rnti 5505 mcs 24
slot 4 index 0 rnti 5505 mcs 24
[EMURAN-DL-CSV] t=5.798 win_tbs=20 win_fail=1 win_bler=0.05000 mcs_last=24 mcs_min=24 mcs_max=24 r0=18 r1=2 r2=0 r3=0  f0=1 f1=0 f2=0 f3=0 tot_tbs=820 tot_fail=154 tot_bler=0.18780 tot_init=696 tot_retx=124
slot 5 index 0 rnti 5505 mcs 24
slot 14 index 0 rnti 5505 mcs 24
slot 15 index 0 rnti 5505 mcs 24
slot 16 index 0 rnti 5505 mcs 24
slot 4 index 0 rnti 5505 mcs 24
slot 5 index 0 rnti 5505 mcs 24
slot 6 index 0 rnti 5505 mcs 24
slot 14 index 0 rnti 5505 mcs 24
slot 15 index 0 rnti 5505 mcs 24
slot 16 index 0 rnti 5505 mcs 24
slot 4 index 0 rnti 5505 mcs 24
slot 5 index 0 rnti 5505 mcs 24
slot 6 index 0 rnti 5505 mcs 24
slot 14 index 0 rnti 5505 mcs 24
slot 15 index 0 rnti 5505 mcs 24
slot 16 index 0 rnti 5505 mcs 24
slot 4 index 0 rnti 5505 mcs 24
slot 5 index 0 rnti 5505 mcs 24
slot 6 index 0 rnti 5505 mcs 24
slot 14 index 0 rnti 5505 mcs 24
[EMURAN-DL-CSV] t=5.871 win_tbs=20 win_fail=0 win_bler=0.00000 mcs_last=24 mcs_min=24 mcs_max=24 r0=20 r1=0 r2=0 r3=0  f0=0 f1=0 f2=0 f3=0 tot_tbs=840 tot_fail=154 tot_bler=0.18333 tot_init=716 tot_retx=124
slot 15 index 0 rnti 5505 mcs 24
slot 16 index 0 rnti 5505 mcs 24
slot 4 index 0 rnti 5505 mcs 24
slot 5 index 0 rnti 5505 mcs 24
slot 6 index 0 rnti 5505 mcs 24
slot 14 index 0 rnti 5505 mcs 24
slot 15 index 0 rnti 5505 mcs 24
slot 16 index 0 rnti 5505 mcs 24
slot 4 index 0 rnti 5505 mcs 24
slot 5 index 0 rnti 5505 mcs 24
slot 6 index 0 rnti 5505 mcs 24
slot 14 index 0 rnti 5505 mcs 24
slot 15 index 0 rnti 5505 mcs 24
slot 16 index 0 rnti 5505 mcs 24
slot 4 index 0 rnti 5505 mcs 24
slot 5 index 0 rnti 5505 mcs 24
slot 6 index 0 rnti 5505 mcs 24
slot 14 index 0 rnti 5505 mcs 24
slot 15 index 0 rnti 5505 mcs 24
slot 16 index 0 rnti 5505 mcs 24
[EMURAN-DL-CSV] t=5.937 win_tbs=20 win_fail=0 win_bler=0.00000 mcs_last=24 mcs_min=24 mcs_max=24 r0=20 r1=0 r2=0 r3=0  f0=0 f1=0 f2=0 f3=0 tot_tbs=860 tot_fail=154 tot_bler=0.17907 tot_init=736 tot_retx=124
slot 4 index 0 rnti 5505 mcs 24
slot 5 index 0 rnti 5505 mcs 24
slot 6 index 0 rnti 5505 mcs 24
slot 14 index 0 rnti 5505 mcs 24
slot 15 index 0 rnti 5505 mcs 24
slot 16 index 0 rnti 5505 mcs 24
slot 4 index 0 rnti 5505 mcs 24
slot 5 index 0 rnti 5505 mcs 24
slot 6 index 0 rnti 5505 mcs 24
slot 14 index 0 rnti 5505 mcs 24
slot 15 index 0 rnti 5505 mcs 24
slot 16 index 0 rnti 5505 mcs 24
slot 4 index 0 rnti 5505 mcs 24
slot 5 index 0 rnti 5505 mcs 24
slot 6 index 0 rnti 5505 mcs 24
slot 14 index 0 rnti 5505 mcs 24
slot 15 index 0 rnti 5505 mcs 24
slot 16 index 0 rnti 5505 mcs 24
slot 4 index 0 rnti 5505 mcs 24
slot 5 index 0 rnti 5505 mcs 24
[EMURAN-DL-CSV] t=6.009 win_tbs=20 win_fail=1 win_bler=0.05000 mcs_last=24 mcs_min=24 mcs_max=24 r0=19 r1=1 r2=0 r3=0  f0=1 f1=0 f2=0 f3=0 tot_tbs=880 tot_fail=155 tot_bler=0.17614 tot_init=755 tot_retx=125
slot 6 index 0 rnti 5505 mcs 24
slot 14 index 0 rnti 5505 mcs 24
slot 15 index 0 rnti 5505 mcs 24
slot 16 index 0 rnti 5505 mcs 24
slot 4 index 0 rnti 5505 mcs 24
slot 5 index 0 rnti 5505 mcs 24
slot 6 index 0 rnti 5505 mcs 24
slot 14 index 0 rnti 5505 mcs 24
slot 15 index 0 rnti 5505 mcs 24
slot 16 index 0 rnti 5505 mcs 24
slot 4 index 0 rnti 5505 mcs 24
slot 5 index 0 rnti 5505 mcs 24
slot 6 index 0 rnti 5505 mcs 24
slot 14 index 0 rnti 5505 mcs 24
slot 15 index 0 rnti 5505 mcs 24
slot 16 index 0 rnti 5505 mcs 24
slot 4 index 0 rnti 5505 mcs 24
slot 4 index 0 rnti 5505 mcs 25
slot 5 index 0 rnti 5505 mcs 25
slot 6 index 0 rnti 5505 mcs 25
[EMURAN-DL-CSV] t=6.094 win_tbs=20 win_fail=2 win_bler=0.10000 mcs_last=25 mcs_min=24 mcs_max=25 r0=19 r1=1 r2=0 r3=0  f0=2 f1=0 f2=0 f3=0 tot_tbs=900 tot_fail=157 tot_bler=0.17444 tot_init=774 tot_retx=126
slot 14 index 0 rnti 5505 mcs 25
slot 15 index 0 rnti 5505 mcs 25
slot 16 index 0 rnti 5505 mcs 25
slot 4 index 0 rnti 5505 mcs 25
slot 5 index 0 rnti 5505 mcs 25
slot 6 index 0 rnti 5505 mcs 25
slot 14 index 0 rnti 5505 mcs 25
slot 15 index 0 rnti 5505 mcs 25
slot 16 index 0 rnti 5505 mcs 25
slot 4 index 0 rnti 5505 mcs 25
slot 5 index 0 rnti 5505 mcs 25
slot 6 index 0 rnti 5505 mcs 25
slot 14 index 0 rnti 5505 mcs 25
slot 15 index 0 rnti 5505 mcs 25
slot 16 index 0 rnti 5505 mcs 25
slot 4 index 0 rnti 5505 mcs 25
slot 5 index 0 rnti 5505 mcs 25
slot 6 index 0 rnti 5505 mcs 25
slot 14 index 0 rnti 5505 mcs 25
slot 15 index 0 rnti 5505 mcs 25
[EMURAN-DL-CSV] t=6.167 win_tbs=20 win_fail=3 win_bler=0.15000 mcs_last=25 mcs_min=25 mcs_max=25 r0=16 r1=4 r2=0 r3=0  f0=3 f1=0 f2=0 f3=0 tot_tbs=920 tot_fail=160 tot_bler=0.17391 tot_init=790 tot_retx=130
slot 16 index 0 rnti 5505 mcs 25
slot 4 index 0 rnti 5505 mcs 25
slot 5 index 0 rnti 5505 mcs 25
slot 6 index 0 rnti 5505 mcs 25
slot 14 index 0 rnti 5505 mcs 25
slot 15 index 0 rnti 5505 mcs 25
slot 16 index 0 rnti 5505 mcs 25
slot 4 index 0 rnti 5505 mcs 25
slot 5 index 0 rnti 5505 mcs 25
slot 6 index 0 rnti 5505 mcs 25
slot 14 index 0 rnti 5505 mcs 25
slot 15 index 0 rnti 5505 mcs 25
slot 16 index 0 rnti 5505 mcs 25
slot 4 index 0 rnti 5505 mcs 25
slot 5 index 0 rnti 5505 mcs 25
slot 6 index 0 rnti 5505 mcs 25
slot 14 index 0 rnti 5505 mcs 25
slot 15 index 0 rnti 5505 mcs 25
slot 16 index 0 rnti 5505 mcs 25
slot 4 index 0 rnti 5505 mcs 25
[EMURAN-DL-CSV] t=6.239 win_tbs=20 win_fail=5 win_bler=0.25000 mcs_last=25 mcs_min=25 mcs_max=25 r0=16 r1=4 r2=0 r3=0  f0=5 f1=0 f2=0 f3=0 tot_tbs=940 tot_fail=165 tot_bler=0.17553 tot_init=806 tot_retx=134
slot 5 index 0 rnti 5505 mcs 25
slot 6 index 0 rnti 5505 mcs 25
slot 4 index 0 rnti 5505 mcs 25
slot 5 index 0 rnti 5505 mcs 25
slot 6 index 0 rnti 5505 mcs 25
slot 14 index 0 rnti 5505 mcs 25
slot 15 index 0 rnti 5505 mcs 25
slot 16 index 0 rnti 5505 mcs 25
slot 4 index 0 rnti 5505 mcs 25
slot 5 index 0 rnti 5505 mcs 25
slot 6 index 0 rnti 5505 mcs 25
slot 14 index 0 rnti 5505 mcs 25
slot 15 index 0 rnti 5505 mcs 25
slot 16 index 0 rnti 5505 mcs 25
slot 4 index 0 rnti 5505 mcs 25
slot 5 index 0 rnti 5505 mcs 25
slot 6 index 0 rnti 5505 mcs 25
slot 4 index 0 rnti 5505 mcs 25
slot 5 index 0 rnti 5505 mcs 25
slot 6 index 0 rnti 5505 mcs 25
[EMURAN-DL-CSV] t=6.325 win_tbs=20 win_fail=6 win_bler=0.30000 mcs_last=25 mcs_min=25 mcs_max=25 r0=16 r1=2 r2=2 r3=0  f0=6 f1=0 f2=0 f3=0 tot_tbs=960 tot_fail=171 tot_bler=0.17813 tot_init=822 tot_retx=138
slot 14 index 0 rnti 5505 mcs 25
slot 15 index 0 rnti 5505 mcs 25
slot 4 index 0 rnti 5505 mcs 25
slot 5 index 0 rnti 5505 mcs 25
slot 6 index 0 rnti 5505 mcs 25
slot 14 index 0 rnti 5505 mcs 25
slot 15 index 0 rnti 5505 mcs 25
slot 16 index 0 rnti 5505 mcs 25
slot 4 index 0 rnti 5505 mcs 25
slot 5 index 0 rnti 5505 mcs 25
slot 6 index 0 rnti 5505 mcs 25
slot 14 index 0 rnti 5505 mcs 25
slot 15 index 0 rnti 5505 mcs 25
slot 16 index 0 rnti 5505 mcs 25
slot 4 index 0 rnti 5505 mcs 25
slot 5 index 0 rnti 5505 mcs 25
slot 6 index 0 rnti 5505 mcs 25
slot 14 index 0 rnti 5505 mcs 25
slot 15 index 0 rnti 5505 mcs 25
slot 16 index 0 rnti 5505 mcs 25
[EMURAN-DL-CSV] t=6.399 win_tbs=20 win_fail=5 win_bler=0.25000 mcs_last=25 mcs_min=25 mcs_max=25 r0=14 r1=4 r2=1 r3=1  f0=4 f1=1 f2=0 f3=0 tot_tbs=980 tot_fail=176 tot_bler=0.17959 tot_init=836 tot_retx=144
slot 4 index 0 rnti 5505 mcs 25
slot 5 index 0 rnti 5505 mcs 25
slot 6 index 0 rnti 5505 mcs 25
slot 4 index 0 rnti 5505 mcs 25
slot 5 index 0 rnti 5505 mcs 25
slot 6 index 0 rnti 5505 mcs 25
slot 14 index 0 rnti 5505 mcs 25
slot 15 index 0 rnti 5505 mcs 25
slot 16 index 0 rnti 5505 mcs 25
slot 4 index 0 rnti 5505 mcs 25
slot 5 index 0 rnti 5505 mcs 25
slot 6 index 0 rnti 5505 mcs 25
slot 14 index 0 rnti 5505 mcs 25
slot 15 index 0 rnti 5505 mcs 25
slot 16 index 0 rnti 5505 mcs 25
slot 4 index 0 rnti 5505 mcs 25
slot 5 index 0 rnti 5505 mcs 25
slot 6 index 0 rnti 5505 mcs 25
slot 14 index 0 rnti 5505 mcs 25
slot 15 index 0 rnti 5505 mcs 25
[EMURAN-DL-CSV] t=6.482 win_tbs=20 win_fail=8 win_bler=0.40000 mcs_last=25 mcs_min=25 mcs_max=25 r0=13 r1=3 r2=2 r3=2  f0=4 f1=2 f2=2 f3=0 tot_tbs=1000 tot_fail=184 tot_bler=0.18400 tot_init=849 tot_retx=151
slot 16 index 0 rnti 5505 mcs 25
slot 4 index 0 rnti 5505 mcs 25
slot 5 index 0 rnti 5505 mcs 25
slot 6 index 0 rnti 5505 mcs 25
slot 14 index 0 rnti 5505 mcs 25
slot 15 index 0 rnti 5505 mcs 25
slot 16 index 0 rnti 5505 mcs 25
slot 4 index 0 rnti 5505 mcs 25
slot 5 index 0 rnti 5505 mcs 25
slot 6 index 0 rnti 5505 mcs 25
slot 14 index 0 rnti 5505 mcs 25
slot 15 index 0 rnti 5505 mcs 25
slot 16 index 0 rnti 5505 mcs 25
slot 4 index 0 rnti 5505 mcs 25
slot 5 index 0 rnti 5505 mcs 25
slot 6 index 0 rnti 5505 mcs 25
slot 14 index 0 rnti 5505 mcs 25
slot 15 index 0 rnti 5505 mcs 25
slot 16 index 0 rnti 5505 mcs 25
slot 4 index 0 rnti 5505 mcs 25
[EMURAN-DL-CSV] t=6.554 win_tbs=20 win_fail=2 win_bler=0.10000 mcs_last=25 mcs_min=25 mcs_max=25 r0=17 r1=3 r2=0 r3=0  f0=2 f1=0 f2=0 f3=0 tot_tbs=1020 tot_fail=186 tot_bler=0.18235 tot_init=866 tot_retx=154
slot 5 index 0 rnti 5505 mcs 25
slot 6 index 0 rnti 5505 mcs 25
slot 14 index 0 rnti 5505 mcs 25
slot 15 index 0 rnti 5505 mcs 25
slot 16 index 0 rnti 5505 mcs 25
slot 4 index 0 rnti 5505 mcs 25
slot 5 index 0 rnti 5505 mcs 25
slot 6 index 0 rnti 5505 mcs 25
slot 14 index 0 rnti 5505 mcs 25
slot 15 index 0 rnti 5505 mcs 25
slot 16 index 0 rnti 5505 mcs 25
slot 4 index 0 rnti 5505 mcs 25
slot 5 index 0 rnti 5505 mcs 25
slot 6 index 0 rnti 5505 mcs 25
slot 14 index 0 rnti 5505 mcs 25
slot 15 index 0 rnti 5505 mcs 25
slot 16 index 0 rnti 5505 mcs 25
slot 4 index 0 rnti 5505 mcs 25
slot 5 index 0 rnti 5505 mcs 25
slot 6 index 0 rnti 5505 mcs 25
[EMURAN-DL-CSV] t=6.619 win_tbs=20 win_fail=5 win_bler=0.25000 mcs_last=25 mcs_min=25 mcs_max=25 r0=16 r1=3 r2=1 r3=0  f0=4 f1=0 f2=1 f3=0 tot_tbs=1040 tot_fail=191 tot_bler=0.18365 tot_init=882 tot_retx=158
slot 14 index 0 rnti 5505 mcs 25
slot 16 index 0 rnti 5505 mcs 25
slot 4 index 0 rnti 5505 mcs 25
slot 5 index 0 rnti 5505 mcs 25
slot 6 index 0 rnti 5505 mcs 25
slot 14 index 0 rnti 5505 mcs 25
slot 15 index 0 rnti 5505 mcs 25
slot 16 index 0 rnti 5505 mcs 25
slot 4 index 0 rnti 5505 mcs 25
slot 5 index 0 rnti 5505 mcs 25
slot 6 index 0 rnti 5505 mcs 25
slot 14 index 0 rnti 5505 mcs 25
slot 15 index 0 rnti 5505 mcs 25
slot 16 index 0 rnti 5505 mcs 25
slot 4 index 0 rnti 5505 mcs 25
slot 5 index 0 rnti 5505 mcs 25
slot 6 index 0 rnti 5505 mcs 25
slot 14 index 0 rnti 5505 mcs 25
slot 4 index 0 rnti 5505 mcs 25
slot 5 index 0 rnti 5505 mcs 25
[EMURAN-DL-CSV] t=6.702 win_tbs=20 win_fail=5 win_bler=0.25000 mcs_last=25 mcs_min=25 mcs_max=25 r0=16 r1=3 r2=1 r3=0  f0=4 f1=1 f2=0 f3=0 tot_tbs=1060 tot_fail=196 tot_bler=0.18491 tot_init=898 tot_retx=162
slot 6 index 0 rnti 5505 mcs 25
slot 14 index 0 rnti 5505 mcs 25
slot 15 index 0 rnti 5505 mcs 25
slot 16 index 0 rnti 5505 mcs 25
slot 4 index 0 rnti 5505 mcs 25
slot 5 index 0 rnti 5505 mcs 25
slot 6 index 0 rnti 5505 mcs 25
slot 14 index 0 rnti 5505 mcs 25
slot 16 index 0 rnti 5505 mcs 25
slot 4 index 0 rnti 5505 mcs 25
slot 5 index 0 rnti 5505 mcs 25
slot 6 index 0 rnti 5505 mcs 25
slot 14 index 0 rnti 5505 mcs 25
slot 15 index 0 rnti 5505 mcs 25
slot 16 index 0 rnti 5505 mcs 25
slot 4 index 0 rnti 5505 mcs 25
slot 5 index 0 rnti 5505 mcs 25
slot 6 index 0 rnti 5505 mcs 25
slot 14 index 0 rnti 5505 mcs 25
slot 15 index 0 rnti 5505 mcs 25
[EMURAN-DL-CSV] t=6.776 win_tbs=20 win_fail=4 win_bler=0.20000 mcs_last=25 mcs_min=25 mcs_max=25 r0=15 r1=4 r2=1 r3=0  f0=4 f1=0 f2=0 f3=0 tot_tbs=1080 tot_fail=200 tot_bler=0.18519 tot_init=913 tot_retx=167
slot 16 index 0 rnti 5505 mcs 25
slot 4 index 0 rnti 5505 mcs 25
slot 5 index 0 rnti 5505 mcs 25
slot 6 index 0 rnti 5505 mcs 25
slot 14 index 0 rnti 5505 mcs 25
slot 15 index 0 rnti 5505 mcs 25
slot 16 index 0 rnti 5505 mcs 25
slot 4 index 0 rnti 5505 mcs 25
slot 5 index 0 rnti 5505 mcs 25
slot 6 index 0 rnti 5505 mcs 25
slot 14 index 0 rnti 5505 mcs 25
slot 15 index 0 rnti 5505 mcs 25
slot 16 index 0 rnti 5505 mcs 25
slot 4 index 0 rnti 5505 mcs 25
slot 5 index 0 rnti 5505 mcs 25
slot 6 index 0 rnti 5505 mcs 25
slot 14 index 0 rnti 5505 mcs 25
slot 15 index 0 rnti 5505 mcs 25
slot 16 index 0 rnti 5505 mcs 25
slot 4 index 0 rnti 5505 mcs 25
[EMURAN-DL-CSV] t=6.848 win_tbs=20 win_fail=11 win_bler=0.55000 mcs_last=25 mcs_min=25 mcs_max=25 r0=10 r1=8 r2=2 r3=0  f0=5 f1=6 f2=0 f3=0 tot_tbs=1100 tot_fail=211 tot_bler=0.19182 tot_init=923 tot_retx=177
slot 5 index 0 rnti 5505 mcs 25
slot 6 index 0 rnti 5505 mcs 25
slot 14 index 0 rnti 5505 mcs 25
slot 15 index 0 rnti 5505 mcs 25
slot 16 index 0 rnti 5505 mcs 25
slot 4 index 0 rnti 5505 mcs 25
slot 5 index 0 rnti 5505 mcs 25
slot 6 index 0 rnti 5505 mcs 25
slot 14 index 0 rnti 5505 mcs 25
slot 15 index 0 rnti 5505 mcs 25
slot 16 index 0 rnti 5505 mcs 25
slot 4 index 0 rnti 5505 mcs 25
slot 5 index 0 rnti 5505 mcs 25
slot 6 index 0 rnti 5505 mcs 25
slot 14 index 0 rnti 5505 mcs 25
slot 15 index 0 rnti 5505 mcs 25
slot 16 index 0 rnti 5505 mcs 25
slot 4 index 0 rnti 5505 mcs 25
slot 6 index 0 rnti 5505 mcs 25
slot 4 index 0 rnti 5505 mcs 25
[EMURAN-DL-CSV] t=6.932 win_tbs=20 win_fail=3 win_bler=0.15000 mcs_last=25 mcs_min=25 mcs_max=25 r0=16 r1=4 r2=0 r3=0  f0=3 f1=0 f2=0 f3=0 tot_tbs=1120 tot_fail=214 tot_bler=0.19107 tot_init=939 tot_retx=181
slot 5 index 0 rnti 5505 mcs 25
slot 6 index 0 rnti 5505 mcs 25
slot 14 index 0 rnti 5505 mcs 25
slot 4 index 0 rnti 5505 mcs 25
slot 5 index 0 rnti 5505 mcs 25
slot 14 index 0 rnti 5505 mcs 25
slot 15 index 0 rnti 5505 mcs 25
slot 16 index 0 rnti 5505 mcs 25
slot 4 index 0 rnti 5505 mcs 25
slot 5 index 0 rnti 5505 mcs 25
slot 6 index 0 rnti 5505 mcs 25
slot 14 index 0 rnti 5505 mcs 25
slot 15 index 0 rnti 5505 mcs 25
slot 16 index 0 rnti 5505 mcs 25
slot 4 index 0 rnti 5505 mcs 25
slot 5 index 0 rnti 5505 mcs 25
slot 6 index 0 rnti 5505 mcs 25
slot 14 index 0 rnti 5505 mcs 25
slot 15 index 0 rnti 5505 mcs 25
slot 16 index 0 rnti 5505 mcs 25
[EMURAN-DL-CSV] t=7.008 win_tbs=20 win_fail=5 win_bler=0.25000 mcs_last=25 mcs_min=25 mcs_max=25 r0=17 r1=3 r2=0 r3=0  f0=4 f1=1 f2=0 f3=0 tot_tbs=1140 tot_fail=219 tot_bler=0.19211 tot_init=956 tot_retx=184
slot 4 index 0 rnti 5505 mcs 25
slot 5 index 0 rnti 5505 mcs 25
slot 6 index 0 rnti 5505 mcs 25
slot 14 index 0 rnti 5505 mcs 25
slot 15 index 0 rnti 5505 mcs 25
slot 16 index 0 rnti 5505 mcs 25
slot 4 index 0 rnti 5505 mcs 25
slot 5 index 0 rnti 5505 mcs 25
slot 6 index 0 rnti 5505 mcs 25
slot 14 index 0 rnti 5505 mcs 25
slot 15 index 0 rnti 5505 mcs 25
slot 16 index 0 rnti 5505 mcs 25
slot 4 index 0 rnti 5505 mcs 25
slot 5 index 0 rnti 5505 mcs 25
slot 6 index 0 rnti 5505 mcs 25
slot 14 index 0 rnti 5505 mcs 25
slot 15 index 0 rnti 5505 mcs 25
slot 16 index 0 rnti 5505 mcs 25
slot 4 index 0 rnti 5505 mcs 25
slot 5 index 0 rnti 5505 mcs 25
[EMURAN-DL-CSV] t=7.081 win_tbs=20 win_fail=3 win_bler=0.15000 mcs_last=25 mcs_min=25 mcs_max=25 r0=15 r1=4 r2=1 r3=0  f0=2 f1=0 f2=1 f3=0 tot_tbs=1160 tot_fail=222 tot_bler=0.19138 tot_init=971 tot_retx=189
slot 6 index 0 rnti 5505 mcs 25
slot 14 index 0 rnti 5505 mcs 25
slot 15 index 0 rnti 5505 mcs 25
slot 16 index 0 rnti 5505 mcs 25
slot 4 index 0 rnti 5505 mcs 25
slot 5 index 0 rnti 5505 mcs 25
slot 6 index 0 rnti 5505 mcs 25
slot 14 index 0 rnti 5505 mcs 25
slot 15 index 0 rnti 5505 mcs 25
slot 16 index 0 rnti 5505 mcs 25
slot 4 index 0 rnti 5505 mcs 25
slot 5 index 0 rnti 5505 mcs 25
slot 6 index 0 rnti 5505 mcs 25
slot 14 index 0 rnti 5505 mcs 25
slot 15 index 0 rnti 5505 mcs 25
slot 16 index 0 rnti 5505 mcs 25
slot 4 index 0 rnti 5505 mcs 25
slot 5 index 0 rnti 5505 mcs 25
slot 6 index 0 rnti 5505 mcs 25
slot 15 index 0 rnti 5505 mcs 25
[EMURAN-DL-CSV] t=7.154 win_tbs=20 win_fail=5 win_bler=0.25000 mcs_last=25 mcs_min=25 mcs_max=25 r0=16 r1=3 r2=1 r3=0  f0=4 f1=0 f2=1 f3=0 tot_tbs=1180 tot_fail=227 tot_bler=0.19237 tot_init=987 tot_retx=193
slot 4 index 0 rnti 5505 mcs 25
slot 5 index 0 rnti 5505 mcs 25
slot 6 index 0 rnti 5505 mcs 25
slot 4 index 0 rnti 5505 mcs 25
slot 5 index 0 rnti 5505 mcs 25
slot 6 index 0 rnti 5505 mcs 25
slot 14 index 0 rnti 5505 mcs 25
slot 15 index 0 rnti 5505 mcs 25
slot 16 index 0 rnti 5505 mcs 25
slot 4 index 0 rnti 5505 mcs 25
slot 5 index 0 rnti 5505 mcs 25
slot 6 index 0 rnti 5505 mcs 25
slot 14 index 0 rnti 5505 mcs 25
slot 15 index 0 rnti 5505 mcs 25
slot 16 index 0 rnti 5505 mcs 25
slot 4 index 0 rnti 5505 mcs 25
slot 5 index 0 rnti 5505 mcs 25
slot 6 index 0 rnti 5505 mcs 25
slot 14 index 0 rnti 5505 mcs 25
slot 15 index 0 rnti 5505 mcs 25
[EMURAN-DL-CSV] t=7.238 win_tbs=20 win_fail=3 win_bler=0.15000 mcs_last=25 mcs_min=25 mcs_max=25 r0=17 r1=3 r2=0 r3=0  f0=3 f1=0 f2=0 f3=0 tot_tbs=1200 tot_fail=230 tot_bler=0.19167 tot_init=1004 tot_retx=196
slot 16 index 0 rnti 5505 mcs 25
slot 4 index 0 rnti 5505 mcs 25
slot 5 index 0 rnti 5505 mcs 25
slot 6 index 0 rnti 5505 mcs 25
slot 14 index 0 rnti 5505 mcs 25
slot 15 index 0 rnti 5505 mcs 25
slot 16 index 0 rnti 5505 mcs 25
slot 4 index 0 rnti 5505 mcs 25
slot 5 index 0 rnti 5505 mcs 25
slot 6 index 0 rnti 5505 mcs 25
slot 14 index 0 rnti 5505 mcs 25
slot 15 index 0 rnti 5505 mcs 25
slot 16 index 0 rnti 5505 mcs 25
slot 4 index 0 rnti 5505 mcs 25
slot 5 index 0 rnti 5505 mcs 25
slot 6 index 0 rnti 5505 mcs 25
slot 14 index 0 rnti 5505 mcs 25
slot 15 index 0 rnti 5505 mcs 25
slot 16 index 0 rnti 5505 mcs 25
slot 4 index 0 rnti 5505 mcs 25
[EMURAN-DL-CSV] t=7.311 win_tbs=20 win_fail=6 win_bler=0.30000 mcs_last=25 mcs_min=25 mcs_max=25 r0=15 r1=2 r2=2 r3=1  f0=6 f1=0 f2=0 f3=0 tot_tbs=1220 tot_fail=236 tot_bler=0.19344 tot_init=1019 tot_retx=201
slot 5 index 0 rnti 5505 mcs 25
slot 6 index 0 rnti 5505 mcs 25
slot 14 index 0 rnti 5505 mcs 25
slot 15 index 0 rnti 5505 mcs 25
slot 16 index 0 rnti 5505 mcs 25
slot 4 index 0 rnti 5505 mcs 25
slot 5 index 0 rnti 5505 mcs 25
slot 6 index 0 rnti 5505 mcs 25
slot 14 index 0 rnti 5505 mcs 25
slot 15 index 0 rnti 5505 mcs 25
slot 16 index 0 rnti 5505 mcs 25
slot 4 index 0 rnti 5505 mcs 25
slot 5 index 0 rnti 5505 mcs 25
slot 6 index 0 rnti 5505 mcs 25
slot 14 index 0 rnti 5505 mcs 25
slot 15 index 0 rnti 5505 mcs 25
slot 16 index 0 rnti 5505 mcs 25
slot 4 index 0 rnti 5505 mcs 25
slot 5 index 0 rnti 5505 mcs 25
slot 6 index 0 rnti 5505 mcs 25
[EMURAN-DL-CSV] t=7.376 win_tbs=20 win_fail=3 win_bler=0.15000 mcs_last=25 mcs_min=25 mcs_max=25 r0=16 r1=3 r2=1 r3=0  f0=2 f1=1 f2=0 f3=0 tot_tbs=1240 tot_fail=239 tot_bler=0.19274 tot_init=1035 tot_retx=205
slot 14 index 0 rnti 5505 mcs 25
slot 15 index 0 rnti 5505 mcs 25
slot 16 index 0 rnti 5505 mcs 25
slot 4 index 0 rnti 5505 mcs 25
slot 5 index 0 rnti 5505 mcs 25
slot 6 index 0 rnti 5505 mcs 25
slot 14 index 0 rnti 5505 mcs 25
slot 15 index 0 rnti 5505 mcs 25
slot 16 index 0 rnti 5505 mcs 25
slot 4 index 0 rnti 5505 mcs 25
slot 5 index 0 rnti 5505 mcs 25
slot 6 index 0 rnti 5505 mcs 25
slot 14 index 0 rnti 5505 mcs 25
slot 15 index 0 rnti 5505 mcs 25
slot 16 index 0 rnti 5505 mcs 25
slot 4 index 0 rnti 5505 mcs 25
slot 5 index 0 rnti 5505 mcs 25
slot 6 index 0 rnti 5505 mcs 25
slot 14 index 0 rnti 5505 mcs 25
slot 15 index 0 rnti 5505 mcs 25
[EMURAN-DL-CSV] t=7.448 win_tbs=20 win_fail=7 win_bler=0.35000 mcs_last=25 mcs_min=25 mcs_max=25 r0=14 r1=4 r2=2 r3=0  f0=4 f1=2 f2=1 f3=0 tot_tbs=1260 tot_fail=246 tot_bler=0.19524 tot_init=1049 tot_retx=211
slot 16 index 0 rnti 5505 mcs 25
slot 4 index 0 rnti 5505 mcs 25
slot 6 index 0 rnti 5505 mcs 25
slot 15 index 0 rnti 5505 mcs 25
slot 16 index 0 rnti 5505 mcs 25
slot 4 index 0 rnti 5505 mcs 25
slot 5 index 0 rnti 5505 mcs 25
slot 4 index 0 rnti 5505 mcs 25
slot 5 index 0 rnti 5505 mcs 25
slot 6 index 0 rnti 5505 mcs 25
slot 14 index 0 rnti 5505 mcs 25
slot 15 index 0 rnti 5505 mcs 25
slot 16 index 0 rnti 5505 mcs 25
slot 4 index 0 rnti 5505 mcs 25
slot 5 index 0 rnti 5505 mcs 25
slot 6 index 0 rnti 5505 mcs 25
slot 14 index 0 rnti 5505 mcs 25
slot 15 index 0 rnti 5505 mcs 25
slot 16 index 0 rnti 5505 mcs 25
slot 4 index 0 rnti 5505 mcs 25
[EMURAN-DL-CSV] t=7.542 win_tbs=20 win_fail=4 win_bler=0.20000 mcs_last=25 mcs_min=25 mcs_max=25 r0=15 r1=5 r2=0 r3=0  f0=3 f1=1 f2=0 f3=0 tot_tbs=1280 tot_fail=250 tot_bler=0.19531 tot_init=1064 tot_retx=216
slot 5 index 0 rnti 5505 mcs 25
slot 6 index 0 rnti 5505 mcs 25
slot 14 index 0 rnti 5505 mcs 25
slot 15 index 0 rnti 5505 mcs 25
slot 16 index 0 rnti 5505 mcs 25
slot 4 index 0 rnti 5505 mcs 25
slot 5 index 0 rnti 5505 mcs 25
slot 6 index 0 rnti 5505 mcs 25
slot 14 index 0 rnti 5505 mcs 25
slot 15 index 0 rnti 5505 mcs 25
slot 16 index 0 rnti 5505 mcs 25
slot 4 index 0 rnti 5505 mcs 25
slot 5 index 0 rnti 5505 mcs 25
slot 6 index 0 rnti 5505 mcs 25
slot 14 index 0 rnti 5505 mcs 25
slot 15 index 0 rnti 5505 mcs 25
slot 16 index 0 rnti 5505 mcs 25
slot 4 index 0 rnti 5505 mcs 25
slot 5 index 0 rnti 5505 mcs 25
slot 6 index 0 rnti 5505 mcs 25
[EMURAN-DL-CSV] t=7.607 win_tbs=20 win_fail=3 win_bler=0.15000 mcs_last=25 mcs_min=25 mcs_max=25 r0=18 r1=2 r2=0 r3=0  f0=3 f1=0 f2=0 f3=0 tot_tbs=1300 tot_fail=253 tot_bler=0.19462 tot_init=1082 tot_retx=218
slot 14 index 0 rnti 5505 mcs 25
slot 15 index 0 rnti 5505 mcs 25
slot 16 index 0 rnti 5505 mcs 25
slot 4 index 0 rnti 5505 mcs 25
slot 5 index 0 rnti 5505 mcs 25
slot 6 index 0 rnti 5505 mcs 25
slot 14 index 0 rnti 5505 mcs 25
slot 15 index 0 rnti 5505 mcs 25
slot 16 index 0 rnti 5505 mcs 25
slot 4 index 0 rnti 5505 mcs 25
slot 5 index 0 rnti 5505 mcs 25
slot 6 index 0 rnti 5505 mcs 25
slot 14 index 0 rnti 5505 mcs 25
slot 15 index 0 rnti 5505 mcs 25
slot 16 index 0 rnti 5505 mcs 25
slot 4 index 0 rnti 5505 mcs 25
slot 5 index 0 rnti 5505 mcs 25
slot 6 index 0 rnti 5505 mcs 25
slot 4 index 0 rnti 5505 mcs 25
slot 5 index 0 rnti 5505 mcs 25
[EMURAN-DL-CSV] t=7.690 win_tbs=20 win_fail=7 win_bler=0.35000 mcs_last=25 mcs_min=25 mcs_max=25 r0=14 r1=6 r2=0 r3=0  f0=6 f1=1 f2=0 f3=0 tot_tbs=1320 tot_fail=260 tot_bler=0.19697 tot_init=1096 tot_retx=224
slot 6 index 0 rnti 5505 mcs 25
slot 14 index 0 rnti 5505 mcs 25
slot 15 index 0 rnti 5505 mcs 25
slot 16 index 0 rnti 5505 mcs 25
slot 4 index 0 rnti 5505 mcs 25
slot 5 index 0 rnti 5505 mcs 25
slot 6 index 0 rnti 5505 mcs 25
slot 14 index 0 rnti 5505 mcs 25
slot 15 index 0 rnti 5505 mcs 25
slot 16 index 0 rnti 5505 mcs 25
slot 4 index 0 rnti 5505 mcs 25
slot 5 index 0 rnti 5505 mcs 25
slot 6 index 0 rnti 5505 mcs 25
slot 14 index 0 rnti 5505 mcs 25
slot 15 index 0 rnti 5505 mcs 25
slot 16 index 0 rnti 5505 mcs 25
slot 4 index 0 rnti 5505 mcs 25
slot 5 index 0 rnti 5505 mcs 25
slot 6 index 0 rnti 5505 mcs 25
slot 14 index 0 rnti 5505 mcs 25
[EMURAN-DL-CSV] t=7.762 win_tbs=20 win_fail=5 win_bler=0.25000 mcs_last=25 mcs_min=25 mcs_max=25 r0=14 r1=4 r2=1 r3=1  f0=3 f1=1 f2=0 f3=1 tot_tbs=1340 tot_fail=265 tot_bler=0.19776 tot_init=1110 tot_retx=230
slot 15 index 0 rnti 5505 mcs 25
slot 16 index 0 rnti 5505 mcs 25
slot 4 index 0 rnti 5505 mcs 25
slot 5 index 0 rnti 5505 mcs 24
slot 6 index 0 rnti 5505 mcs 24
slot 14 index 0 rnti 5505 mcs 24
slot 15 index 0 rnti 5505 mcs 25
slot 16 index 0 rnti 5505 mcs 24
slot 4 index 0 rnti 5505 mcs 24
slot 5 index 0 rnti 5505 mcs 24
slot 6 index 0 rnti 5505 mcs 24
slot 14 index 0 rnti 5505 mcs 24
slot 15 index 0 rnti 5505 mcs 24
slot 16 index 0 rnti 5505 mcs 24
[UE-STAT] frame=900 dci_cnt=555 total_tbs=38603400 ack_real=376 nack_real=106 fb_missing=73 decode_cnt=555
slot 4 index 0 rnti 5505 mcs 24
slot 5 index 0 rnti 5505 mcs 24
slot 6 index 0 rnti 5505 mcs 24
slot 14 index 0 rnti 5505 mcs 24
slot 15 index 0 rnti 5505 mcs 24
slot 16 index 0 rnti 5505 mcs 24
[EMURAN-DL-CSV] t=7.827 win_tbs=20 win_fail=4 win_bler=0.20000 mcs_last=24 mcs_min=24 mcs_max=25 r0=16 r1=3 r2=1 r3=0  f0=3 f1=0 f2=1 f3=0 tot_tbs=1360 tot_fail=269 tot_bler=0.19779 tot_init=1126 tot_retx=234
slot 4 index 0 rnti 5505 mcs 24
slot 5 index 0 rnti 5505 mcs 24
slot 6 index 0 rnti 5505 mcs 24
slot 14 index 0 rnti 5505 mcs 24
slot 15 index 0 rnti 5505 mcs 24
slot 16 index 0 rnti 5505 mcs 24
slot 4 index 0 rnti 5505 mcs 24
slot 5 index 0 rnti 5505 mcs 24
slot 6 index 0 rnti 5505 mcs 24
slot 14 index 0 rnti 5505 mcs 24
slot 15 index 0 rnti 5505 mcs 24
slot 16 index 0 rnti 5505 mcs 24
slot 4 index 0 rnti 5505 mcs 24
slot 5 index 0 rnti 5505 mcs 24
slot 6 index 0 rnti 5505 mcs 24
slot 14 index 0 rnti 5505 mcs 24
slot 15 index 0 rnti 5505 mcs 24
slot 16 index 0 rnti 5505 mcs 24
slot 4 index 0 rnti 5505 mcs 24
slot 5 index 0 rnti 5505 mcs 24
[EMURAN-DL-CSV] t=7.900 win_tbs=20 win_fail=1 win_bler=0.05000 mcs_last=24 mcs_min=24 mcs_max=24 r0=19 r1=1 r2=0 r3=0  f0=1 f1=0 f2=0 f3=0 tot_tbs=1380 tot_fail=270 tot_bler=0.19565 tot_init=1145 tot_retx=235
slot 6 index 0 rnti 5505 mcs 24
slot 14 index 0 rnti 5505 mcs 24
slot 15 index 0 rnti 5505 mcs 24
slot 16 index 0 rnti 5505 mcs 24
slot 4 index 0 rnti 5505 mcs 24
slot 5 index 0 rnti 5505 mcs 24
slot 6 index 0 rnti 5505 mcs 24
slot 14 index 0 rnti 5505 mcs 24
slot 15 index 0 rnti 5505 mcs 24
slot 16 index 0 rnti 5505 mcs 24
slot 4 index 0 rnti 5505 mcs 24
slot 5 index 0 rnti 5505 mcs 24
slot 6 index 0 rnti 5505 mcs 24
slot 14 index 0 rnti 5505 mcs 24
slot 15 index 0 rnti 5505 mcs 24
slot 16 index 0 rnti 5505 mcs 24
slot 4 index 0 rnti 5505 mcs 24
slot 5 index 0 rnti 5505 mcs 24
slot 6 index 0 rnti 5505 mcs 24
slot 14 index 0 rnti 5505 mcs 24
[EMURAN-DL-CSV] t=7.972 win_tbs=20 win_fail=1 win_bler=0.05000 mcs_last=24 mcs_min=24 mcs_max=24 r0=19 r1=1 r2=0 r3=0  f0=1 f1=0 f2=0 f3=0 tot_tbs=1400 tot_fail=271 tot_bler=0.19357 tot_init=1164 tot_retx=236
slot 15 index 0 rnti 5505 mcs 24
slot 16 index 0 rnti 5505 mcs 24
slot 4 index 0 rnti 5505 mcs 23
slot 5 index 0 rnti 5505 mcs 23
slot 6 index 0 rnti 5505 mcs 23
slot 14 index 0 rnti 5505 mcs 23
slot 15 index 0 rnti 5505 mcs 23
slot 16 index 0 rnti 5505 mcs 23
slot 4 index 0 rnti 5505 mcs 23
slot 5 index 0 rnti 5505 mcs 23
slot 6 index 0 rnti 5505 mcs 23
slot 14 index 0 rnti 5505 mcs 23
slot 15 index 0 rnti 5505 mcs 23
slot 16 index 0 rnti 5505 mcs 23
slot 4 index 0 rnti 5505 mcs 23
slot 5 index 0 rnti 5505 mcs 23
slot 6 index 0 rnti 5505 mcs 23
slot 14 index 0 rnti 5505 mcs 23
slot 15 index 0 rnti 5505 mcs 23
slot 16 index 0 rnti 5505 mcs 23
[EMURAN-DL-CSV] t=8.037 win_tbs=20 win_fail=1 win_bler=0.05000 mcs_last=23 mcs_min=23 mcs_max=24 r0=20 r1=0 r2=0 r3=0  f0=1 f1=0 f2=0 f3=0 tot_tbs=1420 tot_fail=272 tot_bler=0.19155 tot_init=1184 tot_retx=236
slot 4 index 0 rnti 5505 mcs 23
slot 5 index 0 rnti 5505 mcs 23
slot 6 index 0 rnti 5505 mcs 23
slot 14 index 0 rnti 5505 mcs 23
slot 15 index 0 rnti 5505 mcs 23
slot 16 index 0 rnti 5505 mcs 23
slot 4 index 0 rnti 5505 mcs 23
slot 5 index 0 rnti 5505 mcs 23
slot 6 index 0 rnti 5505 mcs 23
slot 14 index 0 rnti 5505 mcs 23
slot 15 index 0 rnti 5505 mcs 23
slot 16 index 0 rnti 5505 mcs 23
slot 4 index 0 rnti 5505 mcs 23
slot 5 index 0 rnti 5505 mcs 23
slot 6 index 0 rnti 5505 mcs 23
slot 14 index 0 rnti 5505 mcs 23
slot 15 index 0 rnti 5505 mcs 23
slot 16 index 0 rnti 5505 mcs 23
slot 4 index 0 rnti 5505 mcs 23
slot 5 index 0 rnti 5505 mcs 23
[EMURAN-DL-CSV] t=8.110 win_tbs=20 win_fail=1 win_bler=0.05000 mcs_last=23 mcs_min=23 mcs_max=23 r0=18 r1=2 r2=0 r3=0  f0=1 f1=0 f2=0 f3=0 tot_tbs=1440 tot_fail=273 tot_bler=0.18958 tot_init=1202 tot_retx=238
slot 6 index 0 rnti 5505 mcs 23
slot 14 index 0 rnti 5505 mcs 23
slot 15 index 0 rnti 5505 mcs 23
slot 16 index 0 rnti 5505 mcs 23
slot 4 index 0 rnti 5505 mcs 23
slot 5 index 0 rnti 5505 mcs 23
slot 6 index 0 rnti 5505 mcs 23
slot 14 index 0 rnti 5505 mcs 23
slot 15 index 0 rnti 5505 mcs 23
slot 16 index 0 rnti 5505 mcs 23
slot 4 index 0 rnti 5505 mcs 23
slot 5 index 0 rnti 5505 mcs 23
slot 6 index 0 rnti 5505 mcs 23
slot 14 index 0 rnti 5505 mcs 23
slot 15 index 0 rnti 5505 mcs 23
slot 16 index 0 rnti 5505 mcs 23
slot 4 index 0 rnti 5505 mcs 23
slot 5 index 0 rnti 5505 mcs 23
slot 6 index 0 rnti 5505 mcs 23
slot 14 index 0 rnti 5505 mcs 23
[EMURAN-DL-CSV] t=8.182 win_tbs=20 win_fail=0 win_bler=0.00000 mcs_last=23 mcs_min=23 mcs_max=23 r0=20 r1=0 r2=0 r3=0  f0=0 f1=0 f2=0 f3=0 tot_tbs=1460 tot_fail=273 tot_bler=0.18699 tot_init=1222 tot_retx=238
slot 15 index 0 rnti 5505 mcs 23
slot 16 index 0 rnti 5505 mcs 23
slot 4 index 0 rnti 5505 mcs 23
slot 5 index 0 rnti 5505 mcs 23
slot 6 index 0 rnti 5505 mcs 23
slot 14 index 0 rnti 5505 mcs 23
slot 15 index 0 rnti 5505 mcs 23
slot 16 index 0 rnti 5505 mcs 23
slot 4 index 0 rnti 5505 mcs 23
slot 5 index 0 rnti 5505 mcs 23
slot 6 index 0 rnti 5505 mcs 23
slot 14 index 0 rnti 5505 mcs 23
slot 15 index 0 rnti 5505 mcs 23
slot 16 index 0 rnti 5505 mcs 23
slot 4 index 0 rnti 5505 mcs 23
slot 5 index 0 rnti 5505 mcs 23
slot 6 index 0 rnti 5505 mcs 23
slot 14 index 0 rnti 5505 mcs 23
slot 15 index 0 rnti 5505 mcs 23
slot 16 index 0 rnti 5505 mcs 23
[EMURAN-DL-CSV] t=8.248 win_tbs=20 win_fail=1 win_bler=0.05000 mcs_last=23 mcs_min=23 mcs_max=23 r0=19 r1=1 r2=0 r3=0  f0=1 f1=0 f2=0 f3=0 tot_tbs=1480 tot_fail=274 tot_bler=0.18514 tot_init=1241 tot_retx=239
slot 4 index 0 rnti 5505 mcs 23
slot 5 index 0 rnti 5505 mcs 23
slot 6 index 0 rnti 5505 mcs 23
slot 14 index 0 rnti 5505 mcs 23
slot 15 index 0 rnti 5505 mcs 23
slot 16 index 0 rnti 5505 mcs 23
slot 4 index 0 rnti 5505 mcs 23
slot 5 index 0 rnti 5505 mcs 23
slot 6 index 0 rnti 5505 mcs 23
slot 14 index 0 rnti 5505 mcs 23
slot 15 index 0 rnti 5505 mcs 23
slot 16 index 0 rnti 5505 mcs 23
slot 4 index 0 rnti 5505 mcs 23
slot 5 index 0 rnti 5505 mcs 23
slot 6 index 0 rnti 5505 mcs 23
slot 14 index 0 rnti 5505 mcs 23
slot 15 index 0 rnti 5505 mcs 23
slot 16 index 0 rnti 5505 mcs 23
slot 4 index 0 rnti 5505 mcs 23
slot 5 index 0 rnti 5505 mcs 23
[EMURAN-DL-CSV] t=8.320 win_tbs=20 win_fail=1 win_bler=0.05000 mcs_last=23 mcs_min=23 mcs_max=23 r0=19 r1=1 r2=0 r3=0  f0=1 f1=0 f2=0 f3=0 tot_tbs=1500 tot_fail=275 tot_bler=0.18333 tot_init=1260 tot_retx=240
slot 6 index 0 rnti 5505 mcs 23
slot 14 index 0 rnti 5505 mcs 23
slot 15 index 0 rnti 5505 mcs 23
slot 16 index 0 rnti 5505 mcs 23
slot 4 index 0 rnti 5505 mcs 23
slot 5 index 0 rnti 5505 mcs 23
slot 6 index 0 rnti 5505 mcs 23
slot 14 index 0 rnti 5505 mcs 23
slot 15 index 0 rnti 5505 mcs 23
slot 16 index 0 rnti 5505 mcs 23
slot 4 index 0 rnti 5505 mcs 23
slot 5 index 0 rnti 5505 mcs 23
slot 6 index 0 rnti 5505 mcs 23
slot 14 index 0 rnti 5505 mcs 23
slot 15 index 0 rnti 5505 mcs 23
slot 16 index 0 rnti 5505 mcs 23
slot 4 index 0 rnti 5505 mcs 23
slot 5 index 0 rnti 5505 mcs 23
slot 6 index 0 rnti 5505 mcs 23
slot 14 index 0 rnti 5505 mcs 23
[EMURAN-DL-CSV] t=8.392 win_tbs=20 win_fail=0 win_bler=0.00000 mcs_last=23 mcs_min=23 mcs_max=23 r0=20 r1=0 r2=0 r3=0  f0=0 f1=0 f2=0 f3=0 tot_tbs=1520 tot_fail=275 tot_bler=0.18092 tot_init=1280 tot_retx=240
slot 15 index 0 rnti 5505 mcs 23
slot 16 index 0 rnti 5505 mcs 23
slot 4 index 0 rnti 5505 mcs 23
slot 5 index 0 rnti 5505 mcs 23
slot 6 index 0 rnti 5505 mcs 23
slot 14 index 0 rnti 5505 mcs 23
slot 15 index 0 rnti 5505 mcs 23
slot 16 index 0 rnti 5505 mcs 23
slot 4 index 0 rnti 5505 mcs 23
slot 5 index 0 rnti 5505 mcs 23
slot 6 index 0 rnti 5505 mcs 23
slot 14 index 0 rnti 5505 mcs 23
slot 15 index 0 rnti 5505 mcs 23
slot 16 index 0 rnti 5505 mcs 23
slot 4 index 0 rnti 5505 mcs 23
slot 5 index 0 rnti 5505 mcs 23
slot 6 index 0 rnti 5505 mcs 23
slot 14 index 0 rnti 5505 mcs 23
slot 15 index 0 rnti 5505 mcs 23
slot 16 index 0 rnti 5505 mcs 23
[EMURAN-DL-CSV] t=8.458 win_tbs=20 win_fail=1 win_bler=0.05000 mcs_last=23 mcs_min=23 mcs_max=23 r0=19 r1=1 r2=0 r3=0  f0=1 f1=0 f2=0 f3=0 tot_tbs=1540 tot_fail=276 tot_bler=0.17922 tot_init=1299 tot_retx=241
slot 4 index 0 rnti 5505 mcs 23
slot 5 index 0 rnti 5505 mcs 23
slot 6 index 0 rnti 5505 mcs 23
slot 14 index 0 rnti 5505 mcs 23
slot 15 index 0 rnti 5505 mcs 23
slot 16 index 0 rnti 5505 mcs 23
slot 4 index 0 rnti 5505 mcs 23
slot 5 index 0 rnti 5505 mcs 23
slot 6 index 0 rnti 5505 mcs 23
slot 14 index 0 rnti 5505 mcs 23
slot 15 index 0 rnti 5505 mcs 23
slot 16 index 0 rnti 5505 mcs 23
slot 4 index 0 rnti 5505 mcs 23
slot 5 index 0 rnti 5505 mcs 23
slot 6 index 0 rnti 5505 mcs 23
slot 14 index 0 rnti 5505 mcs 23
slot 15 index 0 rnti 5505 mcs 23
slot 16 index 0 rnti 5505 mcs 23
slot 4 index 0 rnti 5505 mcs 23
slot 5 index 0 rnti 5505 mcs 23
[EMURAN-DL-CSV] t=8.530 win_tbs=20 win_fail=0 win_bler=0.00000 mcs_last=23 mcs_min=23 mcs_max=23 r0=20 r1=0 r2=0 r3=0  f0=0 f1=0 f2=0 f3=0 tot_tbs=1560 tot_fail=276 tot_bler=0.17692 tot_init=1319 tot_retx=241
slot 6 index 0 rnti 5505 mcs 23
slot 14 index 0 rnti 5505 mcs 23
slot 15 index 0 rnti 5505 mcs 23
slot 16 index 0 rnti 5505 mcs 23
slot 4 index 0 rnti 5505 mcs 23
slot 5 index 0 rnti 5505 mcs 23
slot 6 index 0 rnti 5505 mcs 23
slot 14 index 0 rnti 5505 mcs 23
slot 15 index 0 rnti 5505 mcs 23
slot 16 index 0 rnti 5505 mcs 23
slot 4 index 0 rnti 5505 mcs 23
slot 5 index 0 rnti 5505 mcs 23
slot 6 index 0 rnti 5505 mcs 23
slot 14 index 0 rnti 5505 mcs 23
slot 15 index 0 rnti 5505 mcs 23
slot 16 index 0 rnti 5505 mcs 23
slot 4 index 0 rnti 5505 mcs 23
slot 5 index 0 rnti 5505 mcs 23
slot 6 index 0 rnti 5505 mcs 23
slot 14 index 0 rnti 5505 mcs 23
[EMURAN-DL-CSV] t=8.603 win_tbs=20 win_fail=0 win_bler=0.00000 mcs_last=23 mcs_min=23 mcs_max=23 r0=20 r1=0 r2=0 r3=0  f0=0 f1=0 f2=0 f3=0 tot_tbs=1580 tot_fail=276 tot_bler=0.17468 tot_init=1339 tot_retx=241
slot 15 index 0 rnti 5505 mcs 23
slot 16 index 0 rnti 5505 mcs 23
slot 4 index 0 rnti 5505 mcs 23
slot 5 index 0 rnti 5505 mcs 23
slot 6 index 0 rnti 5505 mcs 23
slot 14 index 0 rnti 5505 mcs 23
slot 15 index 0 rnti 5505 mcs 23
slot 16 index 0 rnti 5505 mcs 23
slot 4 index 0 rnti 5505 mcs 23
slot 5 index 0 rnti 5505 mcs 23
slot 6 index 0 rnti 5505 mcs 23
slot 14 index 0 rnti 5505 mcs 23
slot 15 index 0 rnti 5505 mcs 23
slot 16 index 0 rnti 5505 mcs 23
slot 4 index 0 rnti 5505 mcs 23
slot 5 index 0 rnti 5505 mcs 23
slot 6 index 0 rnti 5505 mcs 23
slot 14 index 0 rnti 5505 mcs 23
slot 15 index 0 rnti 5505 mcs 23
slot 16 index 0 rnti 5505 mcs 23
[EMURAN-DL-CSV] t=8.668 win_tbs=20 win_fail=0 win_bler=0.00000 mcs_last=23 mcs_min=23 mcs_max=23 r0=20 r1=0 r2=0 r3=0  f0=0 f1=0 f2=0 f3=0 tot_tbs=1600 tot_fail=276 tot_bler=0.17250 tot_init=1359 tot_retx=241
slot 4 index 0 rnti 5505 mcs 23
slot 5 index 0 rnti 5505 mcs 23
slot 6 index 0 rnti 5505 mcs 23
slot 14 index 0 rnti 5505 mcs 23
slot 15 index 0 rnti 5505 mcs 23
slot 16 index 0 rnti 5505 mcs 23
slot 4 index 0 rnti 5505 mcs 23
slot 5 index 0 rnti 5505 mcs 23
slot 6 index 0 rnti 5505 mcs 23
slot 14 index 0 rnti 5505 mcs 23
slot 15 index 0 rnti 5505 mcs 23
slot 16 index 0 rnti 5505 mcs 23
slot 4 index 0 rnti 5505 mcs 23
slot 5 index 0 rnti 5505 mcs 23
slot 6 index 0 rnti 5505 mcs 23
slot 14 index 0 rnti 5505 mcs 23
slot 15 index 0 rnti 5505 mcs 23
slot 16 index 0 rnti 5505 mcs 23
slot 4 index 0 rnti 5505 mcs 23
slot 5 index 0 rnti 5505 mcs 23
[EMURAN-DL-CSV] t=8.740 win_tbs=20 win_fail=0 win_bler=0.00000 mcs_last=23 mcs_min=23 mcs_max=23 r0=20 r1=0 r2=0 r3=0  f0=0 f1=0 f2=0 f3=0 tot_tbs=1620 tot_fail=276 tot_bler=0.17037 tot_init=1379 tot_retx=241
slot 6 index 0 rnti 5505 mcs 23
slot 14 index 0 rnti 5505 mcs 23
slot 15 index 0 rnti 5505 mcs 23
slot 16 index 0 rnti 5505 mcs 23
slot 4 index 0 rnti 5505 mcs 23
slot 5 index 0 rnti 5505 mcs 23
slot 6 index 0 rnti 5505 mcs 23
slot 14 index 0 rnti 5505 mcs 23
slot 15 index 0 rnti 5505 mcs 23
slot 16 index 0 rnti 5505 mcs 23
slot 4 index 0 rnti 5505 mcs 23
slot 5 index 0 rnti 5505 mcs 23
slot 6 index 0 rnti 5505 mcs 23
slot 14 index 0 rnti 5505 mcs 23
slot 15 index 0 rnti 5505 mcs 23
slot 16 index 0 rnti 5505 mcs 23
slot 4 index 0 rnti 5505 mcs 23
slot 5 index 0 rnti 5505 mcs 23
slot 6 index 0 rnti 5505 mcs 23
slot 14 index 0 rnti 5505 mcs 23
[EMURAN-DL-CSV] t=8.813 win_tbs=20 win_fail=0 win_bler=0.00000 mcs_last=23 mcs_min=23 mcs_max=23 r0=19 r1=1 r2=0 r3=0  f0=0 f1=0 f2=0 f3=0 tot_tbs=1640 tot_fail=276 tot_bler=0.16829 tot_init=1398 tot_retx=242
slot 15 index 0 rnti 5505 mcs 23
slot 16 index 0 rnti 5505 mcs 23
slot 4 index 0 rnti 5505 mcs 23
slot 5 index 0 rnti 5505 mcs 23
slot 6 index 0 rnti 5505 mcs 23
slot 14 index 0 rnti 5505 mcs 23
slot 15 index 0 rnti 5505 mcs 23
slot 16 index 0 rnti 5505 mcs 23
slot 4 index 0 rnti 5505 mcs 23
slot 5 index 0 rnti 5505 mcs 23
slot 6 index 0 rnti 5505 mcs 23
slot 14 index 0 rnti 5505 mcs 23
slot 15 index 0 rnti 5505 mcs 23
slot 16 index 0 rnti 5505 mcs 23
slot 4 index 0 rnti 5505 mcs 23
slot 5 index 0 rnti 5505 mcs 23
slot 6 index 0 rnti 5505 mcs 23
slot 14 index 0 rnti 5505 mcs 23
slot 15 index 0 rnti 5505 mcs 23
slot 16 index 0 rnti 5505 mcs 23
[EMURAN-DL-CSV] t=8.878 win_tbs=20 win_fail=0 win_bler=0.00000 mcs_last=23 mcs_min=23 mcs_max=23 r0=20 r1=0 r2=0 r3=0  f0=0 f1=0 f2=0 f3=0 tot_tbs=1660 tot_fail=276 tot_bler=0.16627 tot_init=1418 tot_retx=242
slot 4 index 0 rnti 5505 mcs 23
slot 5 index 0 rnti 5505 mcs 23
slot 6 index 0 rnti 5505 mcs 23
slot 14 index 0 rnti 5505 mcs 23
slot 15 index 0 rnti 5505 mcs 23
slot 16 index 0 rnti 5505 mcs 23
slot 4 index 0 rnti 5505 mcs 23
slot 5 index 0 rnti 5505 mcs 23
slot 6 index 0 rnti 5505 mcs 23
slot 14 index 0 rnti 5505 mcs 23
slot 15 index 0 rnti 5505 mcs 23
slot 16 index 0 rnti 5505 mcs 23
slot 4 index 0 rnti 5505 mcs 23
slot 5 index 0 rnti 5505 mcs 23
slot 6 index 0 rnti 5505 mcs 23
slot 14 index 0 rnti 5505 mcs 23
slot 15 index 0 rnti 5505 mcs 23
slot 16 index 0 rnti 5505 mcs 23
slot 4 index 0 rnti 5505 mcs 23
slot 5 index 0 rnti 5505 mcs 23
[EMURAN-DL-CSV] t=8.950 win_tbs=20 win_fail=0 win_bler=0.00000 mcs_last=23 mcs_min=23 mcs_max=23 r0=20 r1=0 r2=0 r3=0  f0=0 f1=0 f2=0 f3=0 tot_tbs=1680 tot_fail=276 tot_bler=0.16429 tot_init=1438 tot_retx=242
slot 6 index 0 rnti 5505 mcs 23
slot 14 index 0 rnti 5505 mcs 23
slot 15 index 0 rnti 5505 mcs 23
slot 16 index 0 rnti 5505 mcs 23
slot 4 index 0 rnti 5505 mcs 23
slot 5 index 0 rnti 5505 mcs 23
slot 6 index 0 rnti 5505 mcs 23
slot 14 index 0 rnti 5505 mcs 23
slot 15 index 0 rnti 5505 mcs 23
slot 16 index 0 rnti 5505 mcs 23
slot 4 index 0 rnti 5505 mcs 23
slot 5 index 0 rnti 5505 mcs 23
slot 6 index 0 rnti 5505 mcs 23
slot 14 index 0 rnti 5505 mcs 23
slot 15 index 0 rnti 5505 mcs 23
slot 16 index 0 rnti 5505 mcs 23
slot 4 index 0 rnti 5505 mcs 23
slot 5 index 0 rnti 5505 mcs 23
slot 6 index 0 rnti 5505 mcs 23
slot 14 index 0 rnti 5505 mcs 23
[EMURAN-DL-CSV] t=9.023 win_tbs=20 win_fail=1 win_bler=0.05000 mcs_last=23 mcs_min=23 mcs_max=23 r0=20 r1=0 r2=0 r3=0  f0=1 f1=0 f2=0 f3=0 tot_tbs=1700 tot_fail=277 tot_bler=0.16294 tot_init=1458 tot_retx=242
slot 15 index 0 rnti 5505 mcs 23
slot 16 index 0 rnti 5505 mcs 23
slot 4 index 0 rnti 5505 mcs 23
slot 5 index 0 rnti 5505 mcs 23
slot 6 index 0 rnti 5505 mcs 23
slot 14 index 0 rnti 5505 mcs 23
slot 15 index 0 rnti 5505 mcs 23
slot 16 index 0 rnti 5505 mcs 23
slot 4 index 0 rnti 5505 mcs 23
slot 5 index 0 rnti 5505 mcs 23
slot 6 index 0 rnti 5505 mcs 23
slot 14 index 0 rnti 5505 mcs 23
slot 15 index 0 rnti 5505 mcs 23
slot 16 index 0 rnti 5505 mcs 23
slot 4 index 0 rnti 5505 mcs 23
slot 5 index 0 rnti 5505 mcs 23
slot 6 index 0 rnti 5505 mcs 23
slot 14 index 0 rnti 5505 mcs 23
slot 15 index 0 rnti 5505 mcs 23
slot 16 index 0 rnti 5505 mcs 23
[EMURAN-DL-CSV] t=9.088 win_tbs=20 win_fail=2 win_bler=0.10000 mcs_last=23 mcs_min=23 mcs_max=23 r0=18 r1=2 r2=0 r3=0  f0=1 f1=1 f2=0 f3=0 tot_tbs=1720 tot_fail=279 tot_bler=0.16221 tot_init=1476 tot_retx=244
slot 4 index 0 rnti 5505 mcs 23
slot 5 index 0 rnti 5505 mcs 23
slot 6 index 0 rnti 5505 mcs 23
slot 14 index 0 rnti 5505 mcs 23
slot 15 index 0 rnti 5505 mcs 23
slot 16 index 0 rnti 5505 mcs 23
slot 4 index 0 rnti 5505 mcs 23
slot 5 index 0 rnti 5505 mcs 23
slot 6 index 0 rnti 5505 mcs 23
slot 14 index 0 rnti 5505 mcs 23
slot 15 index 0 rnti 5505 mcs 23
slot 16 index 0 rnti 5505 mcs 23
slot 4 index 0 rnti 5505 mcs 23
slot 5 index 0 rnti 5505 mcs 23
slot 6 index 0 rnti 5505 mcs 23
slot 14 index 0 rnti 5505 mcs 23
slot 15 index 0 rnti 5505 mcs 23
slot 16 index 0 rnti 5505 mcs 23
slot 4 index 0 rnti 5505 mcs 23
slot 5 index 0 rnti 5505 mcs 23
[EMURAN-DL-CSV] t=9.160 win_tbs=20 win_fail=1 win_bler=0.05000 mcs_last=23 mcs_min=23 mcs_max=23 r0=18 r1=2 r2=0 r3=0  f0=1 f1=0 f2=0 f3=0 tot_tbs=1740 tot_fail=280 tot_bler=0.16092 tot_init=1494 tot_retx=246
slot 6 index 0 rnti 5505 mcs 23
slot 14 index 0 rnti 5505 mcs 23
slot 15 index 0 rnti 5505 mcs 23
slot 16 index 0 rnti 5505 mcs 23
slot 4 index 0 rnti 5505 mcs 23
slot 5 index 0 rnti 5505 mcs 23
slot 6 index 0 rnti 5505 mcs 23
slot 14 index 0 rnti 5505 mcs 23
slot 15 index 0 rnti 5505 mcs 23
slot 16 index 0 rnti 5505 mcs 23
slot 4 index 0 rnti 5505 mcs 23
slot 5 index 0 rnti 5505 mcs 23
slot 6 index 0 rnti 5505 mcs 23
slot 14 index 0 rnti 5505 mcs 23
slot 15 index 0 rnti 5505 mcs 23
slot 16 index 0 rnti 5505 mcs 23
slot 4 index 0 rnti 5505 mcs 23
slot 5 index 0 rnti 5505 mcs 23
slot 6 index 0 rnti 5505 mcs 23
slot 14 index 0 rnti 5505 mcs 23
[EMURAN-DL-CSV] t=9.233 win_tbs=20 win_fail=0 win_bler=0.00000 mcs_last=23 mcs_min=23 mcs_max=23 r0=20 r1=0 r2=0 r3=0  f0=0 f1=0 f2=0 f3=0 tot_tbs=1760 tot_fail=280 tot_bler=0.15909 tot_init=1514 tot_retx=246
slot 15 index 0 rnti 5505 mcs 23
slot 16 index 0 rnti 5505 mcs 23
slot 4 index 0 rnti 5505 mcs 23
slot 5 index 0 rnti 5505 mcs 23
slot 6 index 0 rnti 5505 mcs 23
slot 14 index 0 rnti 5505 mcs 23
slot 15 index 0 rnti 5505 mcs 23
slot 16 index 0 rnti 5505 mcs 23
slot 4 index 0 rnti 5505 mcs 23
slot 5 index 0 rnti 5505 mcs 23
slot 6 index 0 rnti 5505 mcs 23
slot 14 index 0 rnti 5505 mcs 23
slot 15 index 0 rnti 5505 mcs 23
slot 16 index 0 rnti 5505 mcs 23
slot 4 index 0 rnti 5505 mcs 23
slot 5 index 0 rnti 5505 mcs 23
slot 6 index 0 rnti 5505 mcs 23
slot 14 index 0 rnti 5505 mcs 23
slot 15 index 0 rnti 5505 mcs 23
slot 16 index 0 rnti 5505 mcs 23
[EMURAN-DL-CSV] t=9.298 win_tbs=20 win_fail=0 win_bler=0.00000 mcs_last=23 mcs_min=23 mcs_max=23 r0=20 r1=0 r2=0 r3=0  f0=0 f1=0 f2=0 f3=0 tot_tbs=1780 tot_fail=280 tot_bler=0.15730 tot_init=1534 tot_retx=246
slot 4 index 0 rnti 5505 mcs 23
slot 5 index 0 rnti 5505 mcs 23
slot 6 index 0 rnti 5505 mcs 23
slot 14 index 0 rnti 5505 mcs 23
slot 15 index 0 rnti 5505 mcs 23
slot 16 index 0 rnti 5505 mcs 23
slot 4 index 0 rnti 5505 mcs 23
slot 5 index 0 rnti 5505 mcs 23
slot 6 index 0 rnti 5505 mcs 23
slot 14 index 0 rnti 5505 mcs 23
slot 15 index 0 rnti 5505 mcs 23
slot 16 index 0 rnti 5505 mcs 23
slot 4 index 0 rnti 5505 mcs 23
slot 5 index 0 rnti 5505 mcs 23
slot 6 index 0 rnti 5505 mcs 23
slot 14 index 0 rnti 5505 mcs 23
slot 15 index 0 rnti 5505 mcs 23
slot 16 index 0 rnti 5505 mcs 23
slot 4 index 0 rnti 5505 mcs 23
slot 5 index 0 rnti 5505 mcs 23
[EMURAN-DL-CSV] t=9.370 win_tbs=20 win_fail=0 win_bler=0.00000 mcs_last=23 mcs_min=23 mcs_max=23 r0=20 r1=0 r2=0 r3=0  f0=0 f1=0 f2=0 f3=0 tot_tbs=1800 tot_fail=280 tot_bler=0.15556 tot_init=1554 tot_retx=246
slot 6 index 0 rnti 5505 mcs 23
slot 14 index 0 rnti 5505 mcs 23
slot 15 index 0 rnti 5505 mcs 23
slot 16 index 0 rnti 5505 mcs 23
slot 4 index 0 rnti 5505 mcs 23
slot 5 index 0 rnti 5505 mcs 23
slot 6 index 0 rnti 5505 mcs 23
slot 14 index 0 rnti 5505 mcs 23
slot 15 index 0 rnti 5505 mcs 23
slot 16 index 0 rnti 5505 mcs 23
slot 4 index 0 rnti 5505 mcs 23
slot 5 index 0 rnti 5505 mcs 23
slot 6 index 0 rnti 5505 mcs 23
slot 14 index 0 rnti 5505 mcs 23
slot 15 index 0 rnti 5505 mcs 23
slot 16 index 0 rnti 5505 mcs 23
slot 4 index 0 rnti 5505 mcs 23
slot 5 index 0 rnti 5505 mcs 23
slot 6 index 0 rnti 5505 mcs 23
slot 14 index 0 rnti 5505 mcs 23
[EMURAN-DL-CSV] t=9.443 win_tbs=20 win_fail=1 win_bler=0.05000 mcs_last=23 mcs_min=23 mcs_max=23 r0=18 r1=2 r2=0 r3=0  f0=1 f1=0 f2=0 f3=0 tot_tbs=1820 tot_fail=281 tot_bler=0.15440 tot_init=1572 tot_retx=248
slot 15 index 0 rnti 5505 mcs 23
slot 16 index 0 rnti 5505 mcs 23
slot 4 index 0 rnti 5505 mcs 23
slot 5 index 0 rnti 5505 mcs 23
slot 6 index 0 rnti 5505 mcs 23
slot 14 index 0 rnti 5505 mcs 23
slot 15 index 0 rnti 5505 mcs 23
slot 16 index 0 rnti 5505 mcs 23
slot 4 index 0 rnti 5505 mcs 23
slot 5 index 0 rnti 5505 mcs 23
slot 6 index 0 rnti 5505 mcs 23
slot 14 index 0 rnti 5505 mcs 23
slot 15 index 0 rnti 5505 mcs 23
slot 16 index 0 rnti 5505 mcs 23
slot 4 index 0 rnti 5505 mcs 23
slot 5 index 0 rnti 5505 mcs 23
slot 6 index 0 rnti 5505 mcs 23
slot 14 index 0 rnti 5505 mcs 23
slot 15 index 0 rnti 5505 mcs 23
slot 16 index 0 rnti 5505 mcs 23
[EMURAN-DL-CSV] t=9.508 win_tbs=20 win_fail=1 win_bler=0.05000 mcs_last=23 mcs_min=23 mcs_max=23 r0=19 r1=1 r2=0 r3=0  f0=1 f1=0 f2=0 f3=0 tot_tbs=1840 tot_fail=282 tot_bler=0.15326 tot_init=1591 tot_retx=249
slot 4 index 0 rnti 5505 mcs 23
slot 5 index 0 rnti 5505 mcs 23
slot 6 index 0 rnti 5505 mcs 23
slot 14 index 0 rnti 5505 mcs 23
slot 15 index 0 rnti 5505 mcs 23
slot 16 index 0 rnti 5505 mcs 23
slot 4 index 0 rnti 5505 mcs 23
slot 5 index 0 rnti 5505 mcs 23
slot 6 index 0 rnti 5505 mcs 23
slot 14 index 0 rnti 5505 mcs 23
slot 15 index 0 rnti 5505 mcs 23
slot 16 index 0 rnti 5505 mcs 23
slot 4 index 0 rnti 5505 mcs 23
slot 5 index 0 rnti 5505 mcs 23
slot 6 index 0 rnti 5505 mcs 23
slot 14 index 0 rnti 5505 mcs 23
slot 15 index 0 rnti 5505 mcs 23
slot 16 index 0 rnti 5505 mcs 23
slot 4 index 0 rnti 5505 mcs 23
slot 5 index 0 rnti 5505 mcs 23
[EMURAN-DL-CSV] t=9.580 win_tbs=20 win_fail=0 win_bler=0.00000 mcs_last=23 mcs_min=23 mcs_max=23 r0=20 r1=0 r2=0 r3=0  f0=0 f1=0 f2=0 f3=0 tot_tbs=1860 tot_fail=282 tot_bler=0.15161 tot_init=1611 tot_retx=249
slot 6 index 0 rnti 5505 mcs 23
slot 14 index 0 rnti 5505 mcs 23
slot 15 index 0 rnti 5505 mcs 23
slot 16 index 0 rnti 5505 mcs 23
slot 4 index 0 rnti 5505 mcs 23
slot 5 index 0 rnti 5505 mcs 23
slot 6 index 0 rnti 5505 mcs 23
slot 14 index 0 rnti 5505 mcs 23
slot 15 index 0 rnti 5505 mcs 23
slot 16 index 0 rnti 5505 mcs 23
slot 4 index 0 rnti 5505 mcs 23
slot 5 index 0 rnti 5505 mcs 23
slot 6 index 0 rnti 5505 mcs 23
slot 14 index 0 rnti 5505 mcs 23
slot 15 index 0 rnti 5505 mcs 23
slot 16 index 0 rnti 5505 mcs 23
slot 4 index 0 rnti 5505 mcs 23
slot 5 index 0 rnti 5505 mcs 23
slot 6 index 0 rnti 5505 mcs 23
slot 14 index 0 rnti 5505 mcs 23
[EMURAN-DL-CSV] t=9.653 win_tbs=20 win_fail=1 win_bler=0.05000 mcs_last=23 mcs_min=23 mcs_max=23 r0=19 r1=1 r2=0 r3=0  f0=1 f1=0 f2=0 f3=0 tot_tbs=1880 tot_fail=283 tot_bler=0.15053 tot_init=1630 tot_retx=250
slot 15 index 0 rnti 5505 mcs 23
slot 16 index 0 rnti 5505 mcs 23
slot 4 index 0 rnti 5505 mcs 23
slot 5 index 0 rnti 5505 mcs 23
slot 6 index 0 rnti 5505 mcs 23
slot 14 index 0 rnti 5505 mcs 23
slot 15 index 0 rnti 5505 mcs 23
slot 16 index 0 rnti 5505 mcs 23
slot 4 index 0 rnti 5505 mcs 23
slot 5 index 0 rnti 5505 mcs 23
slot 6 index 0 rnti 5505 mcs 23
slot 14 index 0 rnti 5505 mcs 23
slot 15 index 0 rnti 5505 mcs 23
slot 16 index 0 rnti 5505 mcs 23
slot 4 index 0 rnti 5505 mcs 23
slot 5 index 0 rnti 5505 mcs 23
slot 6 index 0 rnti 5505 mcs 23
slot 14 index 0 rnti 5505 mcs 23
slot 15 index 0 rnti 5505 mcs 23
slot 16 index 0 rnti 5505 mcs 23
[EMURAN-DL-CSV] t=9.718 win_tbs=20 win_fail=0 win_bler=0.00000 mcs_last=23 mcs_min=23 mcs_max=23 r0=20 r1=0 r2=0 r3=0  f0=0 f1=0 f2=0 f3=0 tot_tbs=1900 tot_fail=283 tot_bler=0.14895 tot_init=1650 tot_retx=250
slot 4 index 0 rnti 5505 mcs 23
slot 5 index 0 rnti 5505 mcs 23
slot 6 index 0 rnti 5505 mcs 23
slot 14 index 0 rnti 5505 mcs 23
slot 15 index 0 rnti 5505 mcs 23
slot 16 index 0 rnti 5505 mcs 23
slot 4 index 0 rnti 5505 mcs 23
slot 5 index 0 rnti 5505 mcs 23
slot 6 index 0 rnti 5505 mcs 23
slot 14 index 0 rnti 5505 mcs 23
slot 15 index 0 rnti 5505 mcs 23
slot 16 index 0 rnti 5505 mcs 23
slot 4 index 0 rnti 5505 mcs 23
slot 5 index 0 rnti 5505 mcs 23
slot 6 index 0 rnti 5505 mcs 23
slot 14 index 0 rnti 5505 mcs 23
slot 15 index 0 rnti 5505 mcs 23
slot 16 index 0 rnti 5505 mcs 23
slot 4 index 0 rnti 5505 mcs 23
slot 5 index 0 rnti 5505 mcs 23
[EMURAN-DL-CSV] t=9.791 win_tbs=20 win_fail=0 win_bler=0.00000 mcs_last=23 mcs_min=23 mcs_max=23 r0=19 r1=1 r2=0 r3=0  f0=0 f1=0 f2=0 f3=0 tot_tbs=1920 tot_fail=283 tot_bler=0.14740 tot_init=1669 tot_retx=251
slot 6 index 0 rnti 5505 mcs 23
slot 14 index 0 rnti 5505 mcs 23
slot 15 index 0 rnti 5505 mcs 23
slot 16 index 0 rnti 5505 mcs 23
slot 4 index 0 rnti 5505 mcs 23
slot 5 index 0 rnti 5505 mcs 23
slot 6 index 0 rnti 5505 mcs 23
slot 14 index 0 rnti 5505 mcs 23
slot 15 index 0 rnti 5505 mcs 23
slot 16 index 0 rnti 5505 mcs 23
slot 4 index 0 rnti 5505 mcs 23
slot 5 index 0 rnti 5505 mcs 23
slot 6 index 0 rnti 5505 mcs 23
slot 14 index 0 rnti 5505 mcs 23
slot 15 index 0 rnti 5505 mcs 23
slot 16 index 0 rnti 5505 mcs 23
slot 4 index 0 rnti 5505 mcs 23
slot 5 index 0 rnti 5505 mcs 23
slot 6 index 0 rnti 5505 mcs 23
slot 14 index 0 rnti 5505 mcs 23
[EMURAN-DL-CSV] t=9.863 win_tbs=20 win_fail=0 win_bler=0.00000 mcs_last=23 mcs_min=23 mcs_max=23 r0=20 r1=0 r2=0 r3=0  f0=0 f1=0 f2=0 f3=0 tot_tbs=1940 tot_fail=283 tot_bler=0.14588 tot_init=1689 tot_retx=251
slot 15 index 0 rnti 5505 mcs 23
slot 16 index 0 rnti 5505 mcs 23
slot 4 index 0 rnti 5505 mcs 23
slot 5 index 0 rnti 5505 mcs 23
slot 6 index 0 rnti 5505 mcs 23
slot 14 index 0 rnti 5505 mcs 23
slot 15 index 0 rnti 5505 mcs 23
slot 16 index 0 rnti 5505 mcs 23
slot 4 index 0 rnti 5505 mcs 23
slot 5 index 0 rnti 5505 mcs 23
slot 6 index 0 rnti 5505 mcs 23
slot 14 index 0 rnti 5505 mcs 23
slot 15 index 0 rnti 5505 mcs 23
slot 16 index 0 rnti 5505 mcs 23
[UE-STAT] frame=1000 dci_cnt=600 total_tbs=39083512 ack_real=514 nack_real=14 fb_missing=72 decode_cnt=600
slot 4 index 0 rnti 5505 mcs 23
slot 5 index 0 rnti 5505 mcs 23
slot 6 index 0 rnti 5505 mcs 23
slot 14 index 0 rnti 5505 mcs 23
slot 15 index 0 rnti 5505 mcs 23
slot 16 index 0 rnti 5505 mcs 23
[EMURAN-DL-CSV] t=9.928 win_tbs=20 win_fail=1 win_bler=0.05000 mcs_last=23 mcs_min=23 mcs_max=23 r0=19 r1=1 r2=0 r3=0  f0=1 f1=0 f2=0 f3=0 tot_tbs=1960 tot_fail=284 tot_bler=0.14490 tot_init=1708 tot_retx=252
slot 4 index 0 rnti 5505 mcs 23
slot 5 index 0 rnti 5505 mcs 23
slot 6 index 0 rnti 5505 mcs 23
slot 14 index 0 rnti 5505 mcs 23
slot 15 index 0 rnti 5505 mcs 23
slot 16 index 0 rnti 5505 mcs 23
slot 4 index 0 rnti 5505 mcs 23
slot 5 index 0 rnti 5505 mcs 23
slot 6 index 0 rnti 5505 mcs 23
slot 14 index 0 rnti 5505 mcs 23
slot 15 index 0 rnti 5505 mcs 23
slot 16 index 0 rnti 5505 mcs 23
slot 4 index 0 rnti 5505 mcs 23
slot 5 index 0 rnti 5505 mcs 23
slot 6 index 0 rnti 5505 mcs 23
slot 14 index 0 rnti 5505 mcs 23
slot 15 index 0 rnti 5505 mcs 23
slot 16 index 0 rnti 5505 mcs 23
slot 4 index 0 rnti 5505 mcs 23
slot 5 index 0 rnti 5505 mcs 23
[EMURAN-DL-CSV] t=10.001 win_tbs=20 win_fail=2 win_bler=0.10000 mcs_last=23 mcs_min=23 mcs_max=23 r0=18 r1=2 r2=0 r3=0  f0=2 f1=0 f2=0 f3=0 tot_tbs=1980 tot_fail=286 tot_bler=0.14444 tot_init=1726 tot_retx=254
slot 6 index 0 rnti 5505 mcs 23
slot 14 index 0 rnti 5505 mcs 23
slot 15 index 0 rnti 5505 mcs 23
slot 16 index 0 rnti 5505 mcs 23
slot 4 index 0 rnti 5505 mcs 23
slot 5 index 0 rnti 5505 mcs 23
slot 6 index 0 rnti 5505 mcs 23
slot 14 index 0 rnti 5505 mcs 23
slot 15 index 0 rnti 5505 mcs 23
slot 16 index 0 rnti 5505 mcs 23
slot 4 index 0 rnti 5505 mcs 23
slot 5 index 0 rnti 5505 mcs 23
slot 6 index 0 rnti 5505 mcs 23
slot 14 index 0 rnti 5505 mcs 23
slot 15 index 0 rnti 5505 mcs 23
slot 16 index 0 rnti 5505 mcs 23
slot 4 index 0 rnti 5505 mcs 23
slot 5 index 0 rnti 5505 mcs 23
slot 6 index 0 rnti 5505 mcs 23
slot 14 index 0 rnti 5505 mcs 23
[EMURAN-DL-CSV] t=10.073 win_tbs=20 win_fail=0 win_bler=0.00000 mcs_last=23 mcs_min=23 mcs_max=23 r0=20 r1=0 r2=0 r3=0  f0=0 f1=0 f2=0 f3=0 tot_tbs=2000 tot_fail=286 tot_bler=0.14300 tot_init=1746 tot_retx=254
slot 15 index 0 rnti 5505 mcs 23
slot 16 index 0 rnti 5505 mcs 23
slot 4 index 0 rnti 5505 mcs 23
slot 5 index 0 rnti 5505 mcs 23
slot 6 index 0 rnti 5505 mcs 23
slot 14 index 0 rnti 5505 mcs 23
slot 15 index 0 rnti 5505 mcs 23
slot 16 index 0 rnti 5505 mcs 23
slot 4 index 0 rnti 5505 mcs 23
slot 5 index 0 rnti 5505 mcs 23
slot 6 index 0 rnti 5505 mcs 23
slot 14 index 0 rnti 5505 mcs 23
slot 15 index 0 rnti 5505 mcs 23
slot 16 index 0 rnti 5505 mcs 23
slot 4 index 0 rnti 5505 mcs 23
slot 5 index 0 rnti 5505 mcs 23
slot 6 index 0 rnti 5505 mcs 23
slot 14 index 0 rnti 5505 mcs 23
slot 15 index 0 rnti 5505 mcs 23
slot 16 index 0 rnti 5505 mcs 23
[EMURAN-DL-CSV] t=10.138 win_tbs=20 win_fail=2 win_bler=0.10000 mcs_last=23 mcs_min=23 mcs_max=23 r0=18 r1=2 r2=0 r3=0  f0=2 f1=0 f2=0 f3=0 tot_tbs=2020 tot_fail=288 tot_bler=0.14257 tot_init=1764 tot_retx=256
slot 4 index 0 rnti 5505 mcs 23
slot 5 index 0 rnti 5505 mcs 23
slot 6 index 0 rnti 5505 mcs 23
slot 14 index 0 rnti 5505 mcs 23
slot 15 index 0 rnti 5505 mcs 23
slot 16 index 0 rnti 5505 mcs 23
slot 4 index 0 rnti 5505 mcs 23
slot 5 index 0 rnti 5505 mcs 23
slot 6 index 0 rnti 5505 mcs 23
slot 14 index 0 rnti 5505 mcs 23
slot 15 index 0 rnti 5505 mcs 23
slot 16 index 0 rnti 5505 mcs 23
slot 4 index 0 rnti 5505 mcs 23
slot 5 index 0 rnti 5505 mcs 23
slot 6 index 0 rnti 5505 mcs 23
slot 14 index 0 rnti 5505 mcs 23
slot 15 index 0 rnti 5505 mcs 23
slot 16 index 0 rnti 5505 mcs 23
slot 4 index 0 rnti 5505 mcs 23
slot 5 index 0 rnti 5505 mcs 23
[EMURAN-DL-CSV] t=10.211 win_tbs=20 win_fail=4 win_bler=0.20000 mcs_last=23 mcs_min=23 mcs_max=23 r0=17 r1=3 r2=0 r3=0  f0=4 f1=0 f2=0 f3=0 tot_tbs=2040 tot_fail=292 tot_bler=0.14314 tot_init=1781 tot_retx=259
slot 6 index 0 rnti 5505 mcs 23
slot 14 index 0 rnti 5505 mcs 23
slot 15 index 0 rnti 5505 mcs 23
slot 16 index 0 rnti 5505 mcs 23
slot 4 index 0 rnti 5505 mcs 23
slot 5 index 0 rnti 5505 mcs 23
slot 6 index 0 rnti 5505 mcs 23
slot 14 index 0 rnti 5505 mcs 23
slot 15 index 0 rnti 5505 mcs 23
slot 16 index 0 rnti 5505 mcs 23
slot 4 index 0 rnti 5505 mcs 23
slot 5 index 0 rnti 5505 mcs 23
slot 6 index 0 rnti 5505 mcs 23
slot 14 index 0 rnti 5505 mcs 23
slot 15 index 0 rnti 5505 mcs 23
slot 16 index 0 rnti 5505 mcs 23
slot 4 index 0 rnti 5505 mcs 23
slot 5 index 0 rnti 5505 mcs 23
slot 6 index 0 rnti 5505 mcs 23
slot 14 index 0 rnti 5505 mcs 23
[EMURAN-DL-CSV] t=10.283 win_tbs=20 win_fail=0 win_bler=0.00000 mcs_last=23 mcs_min=23 mcs_max=23 r0=20 r1=0 r2=0 r3=0  f0=0 f1=0 f2=0 f3=0 tot_tbs=2060 tot_fail=292 tot_bler=0.14175 tot_init=1801 tot_retx=259
slot 15 index 0 rnti 5505 mcs 23
slot 16 index 0 rnti 5505 mcs 23
slot 4 index 0 rnti 5505 mcs 23
slot 5 index 0 rnti 5505 mcs 23
slot 6 index 0 rnti 5505 mcs 23
slot 14 index 0 rnti 5505 mcs 23
slot 15 index 0 rnti 5505 mcs 23
slot 16 index 0 rnti 5505 mcs 23
slot 4 index 0 rnti 5505 mcs 23
slot 5 index 0 rnti 5505 mcs 23
slot 6 index 0 rnti 5505 mcs 23
slot 14 index 0 rnti 5505 mcs 23
slot 15 index 0 rnti 5505 mcs 23
slot 16 index 0 rnti 5505 mcs 23
slot 4 index 0 rnti 5505 mcs 23
slot 5 index 0 rnti 5505 mcs 23
slot 6 index 0 rnti 5505 mcs 23
slot 14 index 0 rnti 5505 mcs 23
slot 15 index 0 rnti 5505 mcs 23
slot 16 index 0 rnti 5505 mcs 23
[EMURAN-DL-CSV] t=10.348 win_tbs=20 win_fail=0 win_bler=0.00000 mcs_last=23 mcs_min=23 mcs_max=23 r0=20 r1=0 r2=0 r3=0  f0=0 f1=0 f2=0 f3=0 tot_tbs=2080 tot_fail=292 tot_bler=0.14038 tot_init=1821 tot_retx=259
slot 4 index 0 rnti 5505 mcs 23
slot 5 index 0 rnti 5505 mcs 23
slot 6 index 0 rnti 5505 mcs 23
slot 14 index 0 rnti 5505 mcs 23
slot 15 index 0 rnti 5505 mcs 23
slot 16 index 0 rnti 5505 mcs 23
slot 4 index 0 rnti 5505 mcs 23
slot 5 index 0 rnti 5505 mcs 23
slot 6 index 0 rnti 5505 mcs 23
slot 14 index 0 rnti 5505 mcs 23
slot 15 index 0 rnti 5505 mcs 23
slot 16 index 0 rnti 5505 mcs 23
slot 4 index 0 rnti 5505 mcs 23
slot 5 index 0 rnti 5505 mcs 23
slot 6 index 0 rnti 5505 mcs 23
slot 14 index 0 rnti 5505 mcs 23
slot 15 index 0 rnti 5505 mcs 23
slot 16 index 0 rnti 5505 mcs 23
[UE-STAT] frame=0 dci_cnt=144 total_tbs=9295488 ack_real=118 nack_real=8 fb_missing=18 decode_cnt=144
slot 4 index 0 rnti 5505 mcs 23
slot 5 index 0 rnti 5505 mcs 23
[EMURAN-DL-CSV] t=10.421 win_tbs=20 win_fail=2 win_bler=0.10000 mcs_last=23 mcs_min=23 mcs_max=23 r0=18 r1=2 r2=0 r3=0  f0=2 f1=0 f2=0 f3=0 tot_tbs=2100 tot_fail=294 tot_bler=0.14000 tot_init=1839 tot_retx=261
slot 6 index 0 rnti 5505 mcs 23
slot 14 index 0 rnti 5505 mcs 23
slot 15 index 0 rnti 5505 mcs 23
slot 16 index 0 rnti 5505 mcs 23
slot 4 index 0 rnti 5505 mcs 23
slot 5 index 0 rnti 5505 mcs 23
slot 6 index 0 rnti 5505 mcs 23
slot 14 index 0 rnti 5505 mcs 23
slot 15 index 0 rnti 5505 mcs 23
slot 16 index 0 rnti 5505 mcs 23
slot 4 index 0 rnti 5505 mcs 23
slot 5 index 0 rnti 5505 mcs 23
slot 6 index 0 rnti 5505 mcs 23
slot 14 index 0 rnti 5505 mcs 23
slot 15 index 0 rnti 5505 mcs 23
slot 16 index 0 rnti 5505 mcs 23
slot 4 index 0 rnti 5505 mcs 23
slot 5 index 0 rnti 5505 mcs 23
slot 6 index 0 rnti 5505 mcs 23
slot 14 index 0 rnti 5505 mcs 23
[EMURAN-DL-CSV] t=10.493 win_tbs=20 win_fail=1 win_bler=0.05000 mcs_last=23 mcs_min=23 mcs_max=23 r0=18 r1=2 r2=0 r3=0  f0=1 f1=0 f2=0 f3=0 tot_tbs=2120 tot_fail=295 tot_bler=0.13915 tot_init=1857 tot_retx=263
slot 15 index 0 rnti 5505 mcs 23
slot 16 index 0 rnti 5505 mcs 23
slot 4 index 0 rnti 5505 mcs 23
slot 5 index 0 rnti 5505 mcs 23
slot 6 index 0 rnti 5505 mcs 23
slot 14 index 0 rnti 5505 mcs 23
slot 15 index 0 rnti 5505 mcs 23
slot 16 index 0 rnti 5505 mcs 23
slot 4 index 0 rnti 5505 mcs 23
slot 5 index 0 rnti 5505 mcs 23
slot 6 index 0 rnti 5505 mcs 23
slot 14 index 0 rnti 5505 mcs 23
slot 15 index 0 rnti 5505 mcs 23
slot 16 index 0 rnti 5505 mcs 23
slot 4 index 0 rnti 5505 mcs 23
slot 5 index 0 rnti 5505 mcs 23
slot 6 index 0 rnti 5505 mcs 23
slot 14 index 0 rnti 5505 mcs 23
slot 15 index 0 rnti 5505 mcs 23
slot 16 index 0 rnti 5505 mcs 23
[EMURAN-DL-CSV] t=10.558 win_tbs=20 win_fail=0 win_bler=0.00000 mcs_last=23 mcs_min=23 mcs_max=23 r0=20 r1=0 r2=0 r3=0  f0=0 f1=0 f2=0 f3=0 tot_tbs=2140 tot_fail=295 tot_bler=0.13785 tot_init=1877 tot_retx=263
slot 4 index 0 rnti 5505 mcs 23
slot 5 index 0 rnti 5505 mcs 23
slot 6 index 0 rnti 5505 mcs 23
slot 14 index 0 rnti 5505 mcs 23
slot 15 index 0 rnti 5505 mcs 23
slot 16 index 0 rnti 5505 mcs 23
slot 4 index 0 rnti 5505 mcs 23
slot 5 index 0 rnti 5505 mcs 23
slot 6 index 0 rnti 5505 mcs 23
slot 14 index 0 rnti 5505 mcs 23
slot 15 index 0 rnti 5505 mcs 23
slot 16 index 0 rnti 5505 mcs 23
slot 4 index 0 rnti 5505 mcs 23
slot 5 index 0 rnti 5505 mcs 23
slot 6 index 0 rnti 5505 mcs 23
slot 14 index 0 rnti 5505 mcs 23
slot 15 index 0 rnti 5505 mcs 23
slot 16 index 0 rnti 5505 mcs 23
slot 4 index 0 rnti 5505 mcs 23
slot 5 index 0 rnti 5505 mcs 23
[EMURAN-DL-CSV] t=10.631 win_tbs=20 win_fail=2 win_bler=0.10000 mcs_last=23 mcs_min=23 mcs_max=23 r0=18 r1=1 r2=1 r3=0  f0=2 f1=0 f2=0 f3=0 tot_tbs=2160 tot_fail=297 tot_bler=0.13750 tot_init=1895 tot_retx=265
slot 6 index 0 rnti 5505 mcs 23
slot 14 index 0 rnti 5505 mcs 23
slot 15 index 0 rnti 5505 mcs 23
slot 16 index 0 rnti 5505 mcs 23
slot 4 index 0 rnti 5505 mcs 23
slot 5 index 0 rnti 5505 mcs 23
slot 6 index 0 rnti 5505 mcs 23
slot 14 index 0 rnti 5505 mcs 23
slot 15 index 0 rnti 5505 mcs 23
slot 16 index 0 rnti 5505 mcs 23
slot 4 index 0 rnti 5505 mcs 23
slot 5 index 0 rnti 5505 mcs 23
slot 6 index 0 rnti 5505 mcs 23
slot 14 index 0 rnti 5505 mcs 23
slot 15 index 0 rnti 5505 mcs 23
slot 16 index 0 rnti 5505 mcs 23
slot 4 index 0 rnti 5505 mcs 23
slot 5 index 0 rnti 5505 mcs 23
slot 6 index 0 rnti 5505 mcs 23
slot 14 index 0 rnti 5505 mcs 23
[EMURAN-DL-CSV] t=10.703 win_tbs=20 win_fail=2 win_bler=0.10000 mcs_last=23 mcs_min=23 mcs_max=23 r0=18 r1=2 r2=0 r3=0  f0=2 f1=0 f2=0 f3=0 tot_tbs=2180 tot_fail=299 tot_bler=0.13716 tot_init=1913 tot_retx=267
slot 15 index 0 rnti 5505 mcs 23
slot 16 index 0 rnti 5505 mcs 23
slot 4 index 0 rnti 5505 mcs 23
slot 5 index 0 rnti 5505 mcs 23
slot 6 index 0 rnti 5505 mcs 23
slot 14 index 0 rnti 5505 mcs 23
slot 15 index 0 rnti 5505 mcs 23
slot 16 index 0 rnti 5505 mcs 23
slot 4 index 0 rnti 5505 mcs 23
slot 5 index 0 rnti 5505 mcs 23
slot 6 index 0 rnti 5505 mcs 23
slot 14 index 0 rnti 5505 mcs 23
slot 15 index 0 rnti 5505 mcs 23
slot 16 index 0 rnti 5505 mcs 23
slot 4 index 0 rnti 5505 mcs 23
slot 5 index 0 rnti 5505 mcs 23
slot 6 index 0 rnti 5505 mcs 23
slot 14 index 0 rnti 5505 mcs 23
slot 15 index 0 rnti 5505 mcs 23
slot 16 index 0 rnti 5505 mcs 23
[EMURAN-DL-CSV] t=10.768 win_tbs=20 win_fail=0 win_bler=0.00000 mcs_last=23 mcs_min=23 mcs_max=23 r0=19 r1=1 r2=0 r3=0  f0=0 f1=0 f2=0 f3=0 tot_tbs=2200 tot_fail=299 tot_bler=0.13591 tot_init=1932 tot_retx=268
slot 4 index 0 rnti 5505 mcs 23
slot 5 index 0 rnti 5505 mcs 23
slot 6 index 0 rnti 5505 mcs 23
slot 14 index 0 rnti 5505 mcs 23
slot 15 index 0 rnti 5505 mcs 23
slot 16 index 0 rnti 5505 mcs 23
slot 4 index 0 rnti 5505 mcs 23
slot 5 index 0 rnti 5505 mcs 23
slot 6 index 0 rnti 5505 mcs 23
slot 14 index 0 rnti 5505 mcs 23
slot 15 index 0 rnti 5505 mcs 23
slot 16 index 0 rnti 5505 mcs 23
slot 4 index 0 rnti 5505 mcs 23
slot 5 index 0 rnti 5505 mcs 23
slot 6 index 0 rnti 5505 mcs 23
slot 14 index 0 rnti 5505 mcs 23
slot 15 index 0 rnti 5505 mcs 23
slot 16 index 0 rnti 5505 mcs 23
slot 4 index 0 rnti 5505 mcs 23
slot 5 index 0 rnti 5505 mcs 23
[EMURAN-DL-CSV] t=10.841 win_tbs=20 win_fail=0 win_bler=0.00000 mcs_last=23 mcs_min=23 mcs_max=23 r0=20 r1=0 r2=0 r3=0  f0=0 f1=0 f2=0 f3=0 tot_tbs=2220 tot_fail=299 tot_bler=0.13468 tot_init=1952 tot_retx=268
slot 6 index 0 rnti 5505 mcs 23
slot 14 index 0 rnti 5505 mcs 23
slot 15 index 0 rnti 5505 mcs 23
slot 16 index 0 rnti 5505 mcs 23
slot 4 index 0 rnti 5505 mcs 23
slot 5 index 0 rnti 5505 mcs 23
slot 6 index 0 rnti 5505 mcs 23
slot 14 index 0 rnti 5505 mcs 23
slot 15 index 0 rnti 5505 mcs 23
slot 16 index 0 rnti 5505 mcs 23
slot 4 index 0 rnti 5505 mcs 23
slot 5 index 0 rnti 5505 mcs 23
slot 6 index 0 rnti 5505 mcs 23
slot 14 index 0 rnti 5505 mcs 23
slot 15 index 0 rnti 5505 mcs 23
slot 16 index 0 rnti 5505 mcs 23
slot 4 index 0 rnti 5505 mcs 23
slot 5 index 0 rnti 5505 mcs 23
slot 6 index 0 rnti 5505 mcs 23
slot 14 index 0 rnti 5505 mcs 23
[EMURAN-DL-CSV] t=10.913 win_tbs=20 win_fail=1 win_bler=0.05000 mcs_last=23 mcs_min=23 mcs_max=23 r0=19 r1=1 r2=0 r3=0  f0=1 f1=0 f2=0 f3=0 tot_tbs=2240 tot_fail=300 tot_bler=0.13393 tot_init=1971 tot_retx=269
slot 15 index 0 rnti 5505 mcs 23
slot 16 index 0 rnti 5505 mcs 23
slot 4 index 0 rnti 5505 mcs 23
slot 5 index 0 rnti 5505 mcs 23
slot 6 index 0 rnti 5505 mcs 23
slot 14 index 0 rnti 5505 mcs 23
slot 15 index 0 rnti 5505 mcs 23
slot 16 index 0 rnti 5505 mcs 23
slot 4 index 0 rnti 5505 mcs 23
slot 5 index 0 rnti 5505 mcs 23
slot 6 index 0 rnti 5505 mcs 23
slot 14 index 0 rnti 5505 mcs 23
slot 15 index 0 rnti 5505 mcs 23
slot 16 index 0 rnti 5505 mcs 23
slot 4 index 0 rnti 5505 mcs 23
slot 5 index 0 rnti 5505 mcs 23
slot 6 index 0 rnti 5505 mcs 23
slot 14 index 0 rnti 5505 mcs 23
slot 15 index 0 rnti 5505 mcs 23
slot 16 index 0 rnti 5505 mcs 23
[EMURAN-DL-CSV] t=10.979 win_tbs=20 win_fail=0 win_bler=0.00000 mcs_last=23 mcs_min=23 mcs_max=23 r0=20 r1=0 r2=0 r3=0  f0=0 f1=0 f2=0 f3=0 tot_tbs=2260 tot_fail=300 tot_bler=0.13274 tot_init=1991 tot_retx=269
slot 4 index 0 rnti 5505 mcs 23
slot 5 index 0 rnti 5505 mcs 23
slot 6 index 0 rnti 5505 mcs 23
slot 14 index 0 rnti 5505 mcs 23
slot 15 index 0 rnti 5505 mcs 23
slot 16 index 0 rnti 5505 mcs 23
slot 4 index 0 rnti 5505 mcs 23
slot 5 index 0 rnti 5505 mcs 23
slot 6 index 0 rnti 5505 mcs 23
slot 14 index 0 rnti 5505 mcs 23
slot 15 index 0 rnti 5505 mcs 23
slot 16 index 0 rnti 5505 mcs 23
slot 4 index 0 rnti 5505 mcs 23
slot 5 index 0 rnti 5505 mcs 23
slot 6 index 0 rnti 5505 mcs 23
slot 14 index 0 rnti 5505 mcs 23
slot 15 index 0 rnti 5505 mcs 23
slot 16 index 0 rnti 5505 mcs 23
slot 4 index 0 rnti 5505 mcs 23
slot 5 index 0 rnti 5505 mcs 23
[EMURAN-DL-CSV] t=11.051 win_tbs=20 win_fail=1 win_bler=0.05000 mcs_last=23 mcs_min=23 mcs_max=23 r0=19 r1=1 r2=0 r3=0  f0=1 f1=0 f2=0 f3=0 tot_tbs=2280 tot_fail=301 tot_bler=0.13202 tot_init=2010 tot_retx=270
slot 6 index 0 rnti 5505 mcs 23
slot 14 index 0 rnti 5505 mcs 23
slot 15 index 0 rnti 5505 mcs 23
slot 16 index 0 rnti 5505 mcs 23
slot 4 index 0 rnti 5505 mcs 23
slot 5 index 0 rnti 5505 mcs 23
slot 6 index 0 rnti 5505 mcs 23
slot 14 index 0 rnti 5505 mcs 23
slot 15 index 0 rnti 5505 mcs 23
slot 16 index 0 rnti 5505 mcs 23
slot 4 index 0 rnti 5505 mcs 23
slot 5 index 0 rnti 5505 mcs 23
slot 6 index 0 rnti 5505 mcs 23
slot 14 index 0 rnti 5505 mcs 23
slot 15 index 0 rnti 5505 mcs 23
slot 16 index 0 rnti 5505 mcs 23
slot 4 index 0 rnti 5505 mcs 23
slot 5 index 0 rnti 5505 mcs 23
slot 6 index 0 rnti 5505 mcs 23
slot 14 index 0 rnti 5505 mcs 23
[EMURAN-DL-CSV] t=11.124 win_tbs=20 win_fail=1 win_bler=0.05000 mcs_last=23 mcs_min=23 mcs_max=23 r0=18 r1=2 r2=0 r3=0  f0=1 f1=0 f2=0 f3=0 tot_tbs=2300 tot_fail=302 tot_bler=0.13130 tot_init=2028 tot_retx=272
slot 15 index 0 rnti 5505 mcs 23
slot 16 index 0 rnti 5505 mcs 23
slot 4 index 0 rnti 5505 mcs 23
slot 5 index 0 rnti 5505 mcs 23
slot 6 index 0 rnti 5505 mcs 23
slot 14 index 0 rnti 5505 mcs 23
slot 15 index 0 rnti 5505 mcs 23
slot 16 index 0 rnti 5505 mcs 23
slot 4 index 0 rnti 5505 mcs 23
slot 5 index 0 rnti 5505 mcs 23
slot 6 index 0 rnti 5505 mcs 23
slot 14 index 0 rnti 5505 mcs 23
slot 15 index 0 rnti 5505 mcs 23
slot 16 index 0 rnti 5505 mcs 23
slot 4 index 0 rnti 5505 mcs 23
slot 5 index 0 rnti 5505 mcs 23
slot 6 index 0 rnti 5505 mcs 23
slot 14 index 0 rnti 5505 mcs 23
slot 15 index 0 rnti 5505 mcs 23
slot 16 index 0 rnti 5505 mcs 23
[EMURAN-DL-CSV] t=11.189 win_tbs=20 win_fail=1 win_bler=0.05000 mcs_last=23 mcs_min=23 mcs_max=23 r0=19 r1=1 r2=0 r3=0  f0=1 f1=0 f2=0 f3=0 tot_tbs=2320 tot_fail=303 tot_bler=0.13060 tot_init=2047 tot_retx=273
slot 4 index 0 rnti 5505 mcs 23
slot 5 index 0 rnti 5505 mcs 23
slot 6 index 0 rnti 5505 mcs 23
slot 14 index 0 rnti 5505 mcs 23
slot 15 index 0 rnti 5505 mcs 23
slot 16 index 0 rnti 5505 mcs 23
slot 4 index 0 rnti 5505 mcs 23
slot 5 index 0 rnti 5505 mcs 23
slot 6 index 0 rnti 5505 mcs 23
slot 14 index 0 rnti 5505 mcs 23
slot 15 index 0 rnti 5505 mcs 23
slot 16 index 0 rnti 5505 mcs 23
slot 4 index 0 rnti 5505 mcs 23
slot 5 index 0 rnti 5505 mcs 23
slot 6 index 0 rnti 5505 mcs 23
slot 14 index 0 rnti 5505 mcs 23
slot 15 index 0 rnti 5505 mcs 23
slot 16 index 0 rnti 5505 mcs 23
slot 4 index 0 rnti 5505 mcs 23
slot 5 index 0 rnti 5505 mcs 23
[EMURAN-DL-CSV] t=11.261 win_tbs=20 win_fail=0 win_bler=0.00000 mcs_last=23 mcs_min=23 mcs_max=23 r0=20 r1=0 r2=0 r3=0  f0=0 f1=0 f2=0 f3=0 tot_tbs=2340 tot_fail=303 tot_bler=0.12949 tot_init=2067 tot_retx=273
slot 6 index 0 rnti 5505 mcs 23
slot 14 index 0 rnti 5505 mcs 23
slot 15 index 0 rnti 5505 mcs 23
slot 16 index 0 rnti 5505 mcs 23
slot 4 index 0 rnti 5505 mcs 23
slot 5 index 0 rnti 5505 mcs 23
slot 6 index 0 rnti 5505 mcs 23
slot 14 index 0 rnti 5505 mcs 23
slot 15 index 0 rnti 5505 mcs 23
slot 16 index 0 rnti 5505 mcs 23
slot 4 index 0 rnti 5505 mcs 23
slot 5 index 0 rnti 5505 mcs 23
slot 6 index 0 rnti 5505 mcs 23
slot 14 index 0 rnti 5505 mcs 23
slot 15 index 0 rnti 5505 mcs 23
slot 16 index 0 rnti 5505 mcs 23
slot 4 index 0 rnti 5505 mcs 23
slot 5 index 0 rnti 5505 mcs 23
slot 6 index 0 rnti 5505 mcs 23
slot 14 index 0 rnti 5505 mcs 23
[EMURAN-DL-CSV] t=11.334 win_tbs=20 win_fail=0 win_bler=0.00000 mcs_last=23 mcs_min=23 mcs_max=23 r0=20 r1=0 r2=0 r3=0  f0=0 f1=0 f2=0 f3=0 tot_tbs=2360 tot_fail=303 tot_bler=0.12839 tot_init=2087 tot_retx=273
slot 15 index 0 rnti 5505 mcs 23
slot 16 index 0 rnti 5505 mcs 23
slot 4 index 0 rnti 5505 mcs 23
slot 5 index 0 rnti 5505 mcs 23
slot 6 index 0 rnti 5505 mcs 23
slot 14 index 0 rnti 5505 mcs 23
slot 15 index 0 rnti 5505 mcs 23
slot 16 index 0 rnti 5505 mcs 23
slot 4 index 0 rnti 5505 mcs 23
slot 5 index 0 rnti 5505 mcs 23
slot 6 index 0 rnti 5505 mcs 23
slot 14 index 0 rnti 5505 mcs 23
slot 15 index 0 rnti 5505 mcs 23
slot 16 index 0 rnti 5505 mcs 23
slot 4 index 0 rnti 5505 mcs 23
slot 5 index 0 rnti 5505 mcs 23
slot 6 index 0 rnti 5505 mcs 23
slot 14 index 0 rnti 5505 mcs 23
slot 15 index 0 rnti 5505 mcs 23
slot 16 index 0 rnti 5505 mcs 23
[EMURAN-DL-CSV] t=11.399 win_tbs=20 win_fail=0 win_bler=0.00000 mcs_last=23 mcs_min=23 mcs_max=23 r0=20 r1=0 r2=0 r3=0  f0=0 f1=0 f2=0 f3=0 tot_tbs=2380 tot_fail=303 tot_bler=0.12731 tot_init=2107 tot_retx=273
slot 4 index 0 rnti 5505 mcs 23
slot 5 index 0 rnti 5505 mcs 23
slot 6 index 0 rnti 5505 mcs 23
slot 14 index 0 rnti 5505 mcs 23
slot 15 index 0 rnti 5505 mcs 23
slot 16 index 0 rnti 5505 mcs 23
slot 4 index 0 rnti 5505 mcs 23
slot 5 index 0 rnti 5505 mcs 23
slot 6 index 0 rnti 5505 mcs 23
slot 14 index 0 rnti 5505 mcs 23
slot 15 index 0 rnti 5505 mcs 23
slot 16 index 0 rnti 5505 mcs 23
slot 4 index 0 rnti 5505 mcs 23
slot 5 index 0 rnti 5505 mcs 23
slot 6 index 0 rnti 5505 mcs 23
slot 14 index 0 rnti 5505 mcs 23
slot 15 index 0 rnti 5505 mcs 23
slot 16 index 0 rnti 5505 mcs 23
slot 4 index 0 rnti 5505 mcs 23
slot 5 index 0 rnti 5505 mcs 23
[EMURAN-DL-CSV] t=11.471 win_tbs=20 win_fail=0 win_bler=0.00000 mcs_last=23 mcs_min=23 mcs_max=23 r0=19 r1=1 r2=0 r3=0  f0=0 f1=0 f2=0 f3=0 tot_tbs=2400 tot_fail=303 tot_bler=0.12625 tot_init=2126 tot_retx=274
slot 6 index 0 rnti 5505 mcs 23
slot 14 index 0 rnti 5505 mcs 23
slot 15 index 0 rnti 5505 mcs 23
slot 16 index 0 rnti 5505 mcs 23
slot 4 index 0 rnti 5505 mcs 23
slot 5 index 0 rnti 5505 mcs 23
slot 6 index 0 rnti 5505 mcs 23
slot 14 index 0 rnti 5505 mcs 23
slot 15 index 0 rnti 5505 mcs 23
slot 16 index 0 rnti 5505 mcs 23
slot 4 index 0 rnti 5505 mcs 23
slot 5 index 0 rnti 5505 mcs 23
slot 6 index 0 rnti 5505 mcs 23
slot 14 index 0 rnti 5505 mcs 23
slot 15 index 0 rnti 5505 mcs 23
slot 16 index 0 rnti 5505 mcs 23
slot 4 index 0 rnti 5505 mcs 23
slot 5 index 0 rnti 5505 mcs 23
slot 6 index 0 rnti 5505 mcs 23
slot 14 index 0 rnti 5505 mcs 23
[EMURAN-DL-CSV] t=11.544 win_tbs=20 win_fail=0 win_bler=0.00000 mcs_last=23 mcs_min=23 mcs_max=23 r0=20 r1=0 r2=0 r3=0  f0=0 f1=0 f2=0 f3=0 tot_tbs=2420 tot_fail=303 tot_bler=0.12521 tot_init=2146 tot_retx=274
slot 15 index 0 rnti 5505 mcs 23
slot 16 index 0 rnti 5505 mcs 23
slot 4 index 0 rnti 5505 mcs 23
slot 5 index 0 rnti 5505 mcs 23
slot 6 index 0 rnti 5505 mcs 23
slot 14 index 0 rnti 5505 mcs 23
slot 15 index 0 rnti 5505 mcs 23
slot 16 index 0 rnti 5505 mcs 23
slot 4 index 0 rnti 5505 mcs 23
slot 5 index 0 rnti 5505 mcs 23
slot 6 index 0 rnti 5505 mcs 23
slot 14 index 0 rnti 5505 mcs 23
slot 15 index 0 rnti 5505 mcs 23
slot 16 index 0 rnti 5505 mcs 23
slot 4 index 0 rnti 5505 mcs 23
slot 5 index 0 rnti 5505 mcs 23
slot 6 index 0 rnti 5505 mcs 23
slot 14 index 0 rnti 5505 mcs 23
slot 15 index 0 rnti 5505 mcs 23
slot 16 index 0 rnti 5505 mcs 23
[EMURAN-DL-CSV] t=11.609 win_tbs=20 win_fail=0 win_bler=0.00000 mcs_last=23 mcs_min=23 mcs_max=23 r0=20 r1=0 r2=0 r3=0  f0=0 f1=0 f2=0 f3=0 tot_tbs=2440 tot_fail=303 tot_bler=0.12418 tot_init=2166 tot_retx=274
slot 4 index 0 rnti 5505 mcs 23
slot 5 index 0 rnti 5505 mcs 23
slot 6 index 0 rnti 5505 mcs 23
slot 14 index 0 rnti 5505 mcs 23
slot 15 index 0 rnti 5505 mcs 23
slot 16 index 0 rnti 5505 mcs 23
slot 4 index 0 rnti 5505 mcs 23
slot 5 index 0 rnti 5505 mcs 23
slot 6 index 0 rnti 5505 mcs 23
slot 14 index 0 rnti 5505 mcs 23
slot 15 index 0 rnti 5505 mcs 23
slot 16 index 0 rnti 5505 mcs 23
slot 4 index 0 rnti 5505 mcs 23
slot 5 index 0 rnti 5505 mcs 23
slot 6 index 0 rnti 5505 mcs 23
slot 14 index 0 rnti 5505 mcs 23
slot 15 index 0 rnti 5505 mcs 23
slot 16 index 0 rnti 5505 mcs 23
slot 4 index 0 rnti 5505 mcs 23
slot 5 index 0 rnti 5505 mcs 23
[EMURAN-DL-CSV] t=11.681 win_tbs=20 win_fail=1 win_bler=0.05000 mcs_last=23 mcs_min=23 mcs_max=23 r0=19 r1=1 r2=0 r3=0  f0=1 f1=0 f2=0 f3=0 tot_tbs=2460 tot_fail=304 tot_bler=0.12358 tot_init=2185 tot_retx=275
slot 6 index 0 rnti 5505 mcs 23
slot 14 index 0 rnti 5505 mcs 23
slot 15 index 0 rnti 5505 mcs 23
slot 16 index 0 rnti 5505 mcs 23
slot 4 index 0 rnti 5505 mcs 23
slot 5 index 0 rnti 5505 mcs 23
slot 6 index 0 rnti 5505 mcs 23
slot 14 index 0 rnti 5505 mcs 23
slot 15 index 0 rnti 5505 mcs 23
slot 16 index 0 rnti 5505 mcs 23
slot 4 index 0 rnti 5505 mcs 23
slot 5 index 0 rnti 5505 mcs 23
slot 6 index 0 rnti 5505 mcs 23
slot 14 index 0 rnti 5505 mcs 23
slot 15 index 0 rnti 5505 mcs 23
slot 16 index 0 rnti 5505 mcs 23
slot 4 index 0 rnti 5505 mcs 23
slot 5 index 0 rnti 5505 mcs 23
slot 6 index 0 rnti 5505 mcs 23
slot 14 index 0 rnti 5505 mcs 23
[EMURAN-DL-CSV] t=11.754 win_tbs=20 win_fail=1 win_bler=0.05000 mcs_last=23 mcs_min=23 mcs_max=23 r0=19 r1=1 r2=0 r3=0  f0=1 f1=0 f2=0 f3=0 tot_tbs=2480 tot_fail=305 tot_bler=0.12298 tot_init=2204 tot_retx=276
slot 15 index 0 rnti 5505 mcs 23
slot 16 index 0 rnti 5505 mcs 23
slot 4 index 0 rnti 5505 mcs 23
slot 5 index 0 rnti 5505 mcs 23
slot 6 index 0 rnti 5505 mcs 23
slot 14 index 0 rnti 5505 mcs 23
slot 15 index 0 rnti 5505 mcs 23
slot 16 index 0 rnti 5505 mcs 23
slot 4 index 0 rnti 5505 mcs 23
slot 5 index 0 rnti 5505 mcs 23
slot 6 index 0 rnti 5505 mcs 23
slot 14 index 0 rnti 5505 mcs 23
slot 15 index 0 rnti 5505 mcs 23
slot 16 index 0 rnti 5505 mcs 23
slot 4 index 0 rnti 5505 mcs 23
slot 5 index 0 rnti 5505 mcs 23
slot 6 index 0 rnti 5505 mcs 23
slot 14 index 0 rnti 5505 mcs 23
slot 15 index 0 rnti 5505 mcs 23
slot 16 index 0 rnti 5505 mcs 23
[EMURAN-DL-CSV] t=11.819 win_tbs=20 win_fail=2 win_bler=0.10000 mcs_last=23 mcs_min=23 mcs_max=23 r0=17 r1=2 r2=1 r3=0  f0=2 f1=0 f2=0 f3=0 tot_tbs=2500 tot_fail=307 tot_bler=0.12280 tot_init=2221 tot_retx=279
slot 4 index 0 rnti 5505 mcs 23
slot 5 index 0 rnti 5505 mcs 23
slot 6 index 0 rnti 5505 mcs 23
slot 14 index 0 rnti 5505 mcs 23
slot 15 index 0 rnti 5505 mcs 23
slot 16 index 0 rnti 5505 mcs 23
slot 4 index 0 rnti 5505 mcs 23
slot 5 index 0 rnti 5505 mcs 23
slot 6 index 0 rnti 5505 mcs 23
slot 14 index 0 rnti 5505 mcs 23
slot 15 index 0 rnti 5505 mcs 23
slot 16 index 0 rnti 5505 mcs 23
slot 4 index 0 rnti 5505 mcs 23
slot 5 index 0 rnti 5505 mcs 23
slot 6 index 0 rnti 5505 mcs 23
slot 14 index 0 rnti 5505 mcs 23
slot 15 index 0 rnti 5505 mcs 23
slot 16 index 0 rnti 5505 mcs 23
slot 4 index 0 rnti 5505 mcs 23
slot 5 index 0 rnti 5505 mcs 23
[EMURAN-DL-CSV] t=11.891 win_tbs=20 win_fail=0 win_bler=0.00000 mcs_last=23 mcs_min=23 mcs_max=23 r0=20 r1=0 r2=0 r3=0  f0=0 f1=0 f2=0 f3=0 tot_tbs=2520 tot_fail=307 tot_bler=0.12183 tot_init=2241 tot_retx=279
slot 6 index 0 rnti 5505 mcs 23
slot 14 index 0 rnti 5505 mcs 23
slot 15 index 0 rnti 5505 mcs 23
slot 16 index 0 rnti 5505 mcs 23
slot 4 index 0 rnti 5505 mcs 23
slot 5 index 0 rnti 5505 mcs 23
slot 6 index 0 rnti 5505 mcs 23
slot 14 index 0 rnti 5505 mcs 23
slot 15 index 0 rnti 5505 mcs 23
slot 16 index 0 rnti 5505 mcs 23
slot 4 index 0 rnti 5505 mcs 23
slot 5 index 0 rnti 5505 mcs 23
slot 6 index 0 rnti 5505 mcs 23
slot 14 index 0 rnti 5505 mcs 23
slot 15 index 0 rnti 5505 mcs 23
slot 16 index 0 rnti 5505 mcs 23
slot 4 index 0 rnti 5505 mcs 23
slot 5 index 0 rnti 5505 mcs 23
slot 6 index 0 rnti 5505 mcs 23
slot 14 index 0 rnti 5505 mcs 23
[EMURAN-DL-CSV] t=11.964 win_tbs=20 win_fail=0 win_bler=0.00000 mcs_last=23 mcs_min=23 mcs_max=23 r0=20 r1=0 r2=0 r3=0  f0=0 f1=0 f2=0 f3=0 tot_tbs=2540 tot_fail=307 tot_bler=0.12087 tot_init=2261 tot_retx=279
slot 15 index 0 rnti 5505 mcs 23
slot 16 index 0 rnti 5505 mcs 23
slot 4 index 0 rnti 5505 mcs 23
slot 5 index 0 rnti 5505 mcs 23
slot 6 index 0 rnti 5505 mcs 23
slot 14 index 0 rnti 5505 mcs 23
slot 15 index 0 rnti 5505 mcs 23
slot 16 index 0 rnti 5505 mcs 23
slot 4 index 0 rnti 5505 mcs 23
slot 5 index 0 rnti 5505 mcs 23
slot 6 index 0 rnti 5505 mcs 23
slot 14 index 0 rnti 5505 mcs 23
slot 15 index 0 rnti 5505 mcs 23
slot 16 index 0 rnti 5505 mcs 23
slot 4 index 0 rnti 5505 mcs 23
slot 5 index 0 rnti 5505 mcs 23
slot 6 index 0 rnti 5505 mcs 23
slot 14 index 0 rnti 5505 mcs 23
slot 15 index 0 rnti 5505 mcs 23
slot 16 index 0 rnti 5505 mcs 23
[EMURAN-DL-CSV] t=12.029 win_tbs=20 win_fail=0 win_bler=0.00000 mcs_last=23 mcs_min=23 mcs_max=23 r0=20 r1=0 r2=0 r3=0  f0=0 f1=0 f2=0 f3=0 tot_tbs=2560 tot_fail=307 tot_bler=0.11992 tot_init=2281 tot_retx=279
slot 4 index 0 rnti 5505 mcs 23
slot 5 index 0 rnti 5505 mcs 23
slot 6 index 0 rnti 5505 mcs 23
slot 14 index 0 rnti 5505 mcs 23
slot 15 index 0 rnti 5505 mcs 23
slot 16 index 0 rnti 5505 mcs 23
slot 4 index 0 rnti 5505 mcs 23
slot 5 index 0 rnti 5505 mcs 23
slot 6 index 0 rnti 5505 mcs 23
slot 14 index 0 rnti 5505 mcs 23
slot 15 index 0 rnti 5505 mcs 23
slot 16 index 0 rnti 5505 mcs 23
slot 4 index 0 rnti 5505 mcs 23
slot 5 index 0 rnti 5505 mcs 23
slot 6 index 0 rnti 5505 mcs 23
slot 14 index 0 rnti 5505 mcs 23
slot 15 index 0 rnti 5505 mcs 23
slot 16 index 0 rnti 5505 mcs 23
slot 4 index 0 rnti 5505 mcs 23
slot 5 index 0 rnti 5505 mcs 23
[EMURAN-DL-CSV] t=12.101 win_tbs=20 win_fail=0 win_bler=0.00000 mcs_last=23 mcs_min=23 mcs_max=23 r0=20 r1=0 r2=0 r3=0  f0=0 f1=0 f2=0 f3=0 tot_tbs=2580 tot_fail=307 tot_bler=0.11899 tot_init=2301 tot_retx=279
slot 6 index 0 rnti 5505 mcs 23
slot 14 index 0 rnti 5505 mcs 23
slot 15 index 0 rnti 5505 mcs 23
slot 16 index 0 rnti 5505 mcs 23
slot 4 index 0 rnti 5505 mcs 23
slot 5 index 0 rnti 5505 mcs 23
slot 6 index 0 rnti 5505 mcs 23
slot 14 index 0 rnti 5505 mcs 23
slot 15 index 0 rnti 5505 mcs 23
slot 16 index 0 rnti 5505 mcs 23
slot 4 index 0 rnti 5505 mcs 23
slot 5 index 0 rnti 5505 mcs 23
slot 6 index 0 rnti 5505 mcs 23
slot 14 index 0 rnti 5505 mcs 23
slot 15 index 0 rnti 5505 mcs 23
slot 16 index 0 rnti 5505 mcs 23
slot 4 index 0 rnti 5505 mcs 23
slot 5 index 0 rnti 5505 mcs 23
slot 6 index 0 rnti 5505 mcs 23
slot 14 index 0 rnti 5505 mcs 23
[EMURAN-DL-CSV] t=12.174 win_tbs=20 win_fail=1 win_bler=0.05000 mcs_last=23 mcs_min=23 mcs_max=23 r0=19 r1=1 r2=0 r3=0  f0=1 f1=0 f2=0 f3=0 tot_tbs=2600 tot_fail=308 tot_bler=0.11846 tot_init=2320 tot_retx=280
slot 15 index 0 rnti 5505 mcs 23
slot 16 index 0 rnti 5505 mcs 23
slot 4 index 0 rnti 5505 mcs 23
slot 5 index 0 rnti 5505 mcs 23
slot 6 index 0 rnti 5505 mcs 23
slot 14 index 0 rnti 5505 mcs 23
slot 15 index 0 rnti 5505 mcs 23
slot 16 index 0 rnti 5505 mcs 23
slot 4 index 0 rnti 5505 mcs 23
slot 5 index 0 rnti 5505 mcs 23
slot 6 index 0 rnti 5505 mcs 23
slot 14 index 0 rnti 5505 mcs 23
slot 15 index 0 rnti 5505 mcs 23
slot 16 index 0 rnti 5505 mcs 23
slot 4 index 0 rnti 5505 mcs 23
slot 5 index 0 rnti 5505 mcs 23
slot 6 index 0 rnti 5505 mcs 23
slot 14 index 0 rnti 5505 mcs 23
slot 15 index 0 rnti 5505 mcs 23
slot 16 index 0 rnti 5505 mcs 23
[EMURAN-DL-CSV] t=12.239 win_tbs=20 win_fail=0 win_bler=0.00000 mcs_last=23 mcs_min=23 mcs_max=23 r0=20 r1=0 r2=0 r3=0  f0=0 f1=0 f2=0 f3=0 tot_tbs=2620 tot_fail=308 tot_bler=0.11756 tot_init=2340 tot_retx=280
slot 4 index 0 rnti 5505 mcs 23
slot 5 index 0 rnti 5505 mcs 23
slot 6 index 0 rnti 5505 mcs 23
slot 14 index 0 rnti 5505 mcs 23
slot 15 index 0 rnti 5505 mcs 23
slot 16 index 0 rnti 5505 mcs 23
slot 4 index 0 rnti 5505 mcs 23
slot 5 index 0 rnti 5505 mcs 23
slot 6 index 0 rnti 5505 mcs 23
slot 14 index 0 rnti 5505 mcs 23
slot 15 index 0 rnti 5505 mcs 23
slot 16 index 0 rnti 5505 mcs 23
slot 4 index 0 rnti 5505 mcs 23
slot 5 index 0 rnti 5505 mcs 23
slot 6 index 0 rnti 5505 mcs 23
slot 14 index 0 rnti 5505 mcs 23
slot 15 index 0 rnti 5505 mcs 23
slot 16 index 0 rnti 5505 mcs 23
slot 4 index 0 rnti 5505 mcs 23
slot 5 index 0 rnti 5505 mcs 23
[EMURAN-DL-CSV] t=12.312 win_tbs=20 win_fail=3 win_bler=0.15000 mcs_last=23 mcs_min=23 mcs_max=23 r0=18 r1=2 r2=0 r3=0  f0=3 f1=0 f2=0 f3=0 tot_tbs=2640 tot_fail=311 tot_bler=0.11780 tot_init=2358 tot_retx=282
slot 6 index 0 rnti 5505 mcs 23
slot 14 index 0 rnti 5505 mcs 23
slot 15 index 0 rnti 5505 mcs 23
slot 16 index 0 rnti 5505 mcs 23
slot 4 index 0 rnti 5505 mcs 23
slot 5 index 0 rnti 5505 mcs 23
slot 6 index 0 rnti 5505 mcs 23
slot 14 index 0 rnti 5505 mcs 23
slot 15 index 0 rnti 5505 mcs 23
slot 16 index 0 rnti 5505 mcs 23
slot 4 index 0 rnti 5505 mcs 23
slot 5 index 0 rnti 5505 mcs 23
slot 6 index 0 rnti 5505 mcs 23
slot 14 index 0 rnti 5505 mcs 23
slot 15 index 0 rnti 5505 mcs 23
slot 16 index 0 rnti 5505 mcs 23
slot 4 index 0 rnti 5505 mcs 23
slot 5 index 0 rnti 5505 mcs 23
slot 6 index 0 rnti 5505 mcs 23
slot 14 index 0 rnti 5505 mcs 23
[EMURAN-DL-CSV] t=12.384 win_tbs=20 win_fail=0 win_bler=0.00000 mcs_last=23 mcs_min=23 mcs_max=23 r0=19 r1=0 r2=1 r3=0  f0=0 f1=0 f2=0 f3=0 tot_tbs=2660 tot_fail=311 tot_bler=0.11692 tot_init=2377 tot_retx=283
slot 15 index 0 rnti 5505 mcs 23
slot 16 index 0 rnti 5505 mcs 23
slot 4 index 0 rnti 5505 mcs 24
slot 5 index 0 rnti 5505 mcs 24
slot 6 index 0 rnti 5505 mcs 24
slot 14 index 0 rnti 5505 mcs 24
slot 15 index 0 rnti 5505 mcs 24
slot 16 index 0 rnti 5505 mcs 24
slot 4 index 0 rnti 5505 mcs 24
slot 5 index 0 rnti 5505 mcs 24
slot 6 index 0 rnti 5505 mcs 24
slot 14 index 0 rnti 5505 mcs 24
slot 15 index 0 rnti 5505 mcs 24
slot 16 index 0 rnti 5505 mcs 24
slot 4 index 0 rnti 5505 mcs 24
slot 5 index 0 rnti 5505 mcs 24
slot 6 index 0 rnti 5505 mcs 24
slot 14 index 0 rnti 5505 mcs 24
slot 15 index 0 rnti 5505 mcs 24
slot 16 index 0 rnti 5505 mcs 24
[EMURAN-DL-CSV] t=12.449 win_tbs=20 win_fail=1 win_bler=0.05000 mcs_last=24 mcs_min=23 mcs_max=24 r0=18 r1=2 r2=0 r3=0  f0=1 f1=0 f2=0 f3=0 tot_tbs=2680 tot_fail=312 tot_bler=0.11642 tot_init=2395 tot_retx=285
slot 4 index 0 rnti 5505 mcs 24
slot 5 index 0 rnti 5505 mcs 24
slot 6 index 0 rnti 5505 mcs 24
slot 14 index 0 rnti 5505 mcs 24
slot 15 index 0 rnti 5505 mcs 24
slot 16 index 0 rnti 5505 mcs 24
slot 4 index 0 rnti 5505 mcs 24
slot 5 index 0 rnti 5505 mcs 24
slot 6 index 0 rnti 5505 mcs 24
slot 14 index 0 rnti 5505 mcs 24
slot 15 index 0 rnti 5505 mcs 24
slot 16 index 0 rnti 5505 mcs 24
slot 4 index 0 rnti 5505 mcs 24
slot 5 index 0 rnti 5505 mcs 24
slot 6 index 0 rnti 5505 mcs 24
slot 14 index 0 rnti 5505 mcs 24
slot 15 index 0 rnti 5505 mcs 24
slot 16 index 0 rnti 5505 mcs 24
[UE-STAT] frame=100 dci_cnt=600 total_tbs=38833600 ack_real=508 nack_real=18 fb_missing=74 decode_cnt=600
slot 4 index 0 rnti 5505 mcs 24
slot 5 index 0 rnti 5505 mcs 24
[EMURAN-DL-CSV] t=12.522 win_tbs=20 win_fail=0 win_bler=0.00000 mcs_last=24 mcs_min=24 mcs_max=24 r0=20 r1=0 r2=0 r3=0  f0=0 f1=0 f2=0 f3=0 tot_tbs=2700 tot_fail=312 tot_bler=0.11556 tot_init=2415 tot_retx=285
slot 6 index 0 rnti 5505 mcs 24
slot 14 index 0 rnti 5505 mcs 24
slot 15 index 0 rnti 5505 mcs 24
slot 16 index 0 rnti 5505 mcs 24
slot 4 index 0 rnti 5505 mcs 24
slot 5 index 0 rnti 5505 mcs 24
slot 6 index 0 rnti 5505 mcs 24
slot 14 index 0 rnti 5505 mcs 24
slot 15 index 0 rnti 5505 mcs 24
slot 16 index 0 rnti 5505 mcs 24
slot 4 index 0 rnti 5505 mcs 24
slot 5 index 0 rnti 5505 mcs 24
slot 6 index 0 rnti 5505 mcs 24
slot 14 index 0 rnti 5505 mcs 24
slot 15 index 0 rnti 5505 mcs 24
slot 16 index 0 rnti 5505 mcs 24
slot 4 index 0 rnti 5505 mcs 24
slot 5 index 0 rnti 5505 mcs 24
slot 6 index 0 rnti 5505 mcs 24
slot 14 index 0 rnti 5505 mcs 24
[EMURAN-DL-CSV] t=12.594 win_tbs=20 win_fail=1 win_bler=0.05000 mcs_last=24 mcs_min=24 mcs_max=24 r0=19 r1=1 r2=0 r3=0  f0=1 f1=0 f2=0 f3=0 tot_tbs=2720 tot_fail=313 tot_bler=0.11507 tot_init=2434 tot_retx=286
slot 15 index 0 rnti 5505 mcs 24
slot 16 index 0 rnti 5505 mcs 24
slot 4 index 0 rnti 5505 mcs 24
slot 5 index 0 rnti 5505 mcs 24
slot 6 index 0 rnti 5505 mcs 24
slot 14 index 0 rnti 5505 mcs 24
slot 15 index 0 rnti 5505 mcs 24
slot 16 index 0 rnti 5505 mcs 24
slot 4 index 0 rnti 5505 mcs 24
slot 5 index 0 rnti 5505 mcs 24
slot 6 index 0 rnti 5505 mcs 24
slot 14 index 0 rnti 5505 mcs 24
slot 15 index 0 rnti 5505 mcs 24
slot 16 index 0 rnti 5505 mcs 24
slot 4 index 0 rnti 5505 mcs 24
slot 5 index 0 rnti 5505 mcs 24
slot 6 index 0 rnti 5505 mcs 24
slot 14 index 0 rnti 5505 mcs 24
slot 15 index 0 rnti 5505 mcs 24
slot 16 index 0 rnti 5505 mcs 24
[EMURAN-DL-CSV] t=12.659 win_tbs=20 win_fail=2 win_bler=0.10000 mcs_last=24 mcs_min=24 mcs_max=24 r0=18 r1=2 r2=0 r3=0  f0=2 f1=0 f2=0 f3=0 tot_tbs=2740 tot_fail=315 tot_bler=0.11496 tot_init=2452 tot_retx=288
slot 4 index 0 rnti 5505 mcs 24
slot 5 index 0 rnti 5505 mcs 24
slot 6 index 0 rnti 5505 mcs 24
slot 14 index 0 rnti 5505 mcs 24
slot 15 index 0 rnti 5505 mcs 24
slot 16 index 0 rnti 5505 mcs 24
slot 4 index 0 rnti 5505 mcs 24
slot 5 index 0 rnti 5505 mcs 24
slot 6 index 0 rnti 5505 mcs 24
slot 14 index 0 rnti 5505 mcs 24
slot 15 index 0 rnti 5505 mcs 24
slot 16 index 0 rnti 5505 mcs 24
slot 4 index 0 rnti 5505 mcs 24
slot 5 index 0 rnti 5505 mcs 24
slot 6 index 0 rnti 5505 mcs 24
slot 14 index 0 rnti 5505 mcs 24
slot 15 index 0 rnti 5505 mcs 24
slot 16 index 0 rnti 5505 mcs 24
slot 4 index 0 rnti 5505 mcs 24
slot 5 index 0 rnti 5505 mcs 24
[EMURAN-DL-CSV] t=12.732 win_tbs=20 win_fail=1 win_bler=0.05000 mcs_last=24 mcs_min=24 mcs_max=24 r0=19 r1=1 r2=0 r3=0  f0=1 f1=0 f2=0 f3=0 tot_tbs=2760 tot_fail=316 tot_bler=0.11449 tot_init=2471 tot_retx=289
slot 6 index 0 rnti 5505 mcs 24
slot 14 index 0 rnti 5505 mcs 24
slot 15 index 0 rnti 5505 mcs 24
slot 16 index 0 rnti 5505 mcs 24
slot 4 index 0 rnti 5505 mcs 24
slot 5 index 0 rnti 5505 mcs 24
slot 6 index 0 rnti 5505 mcs 24
slot 14 index 0 rnti 5505 mcs 24
slot 15 index 0 rnti 5505 mcs 24
slot 16 index 0 rnti 5505 mcs 24
slot 4 index 0 rnti 5505 mcs 24
slot 5 index 0 rnti 5505 mcs 24
slot 6 index 0 rnti 5505 mcs 24
slot 14 index 0 rnti 5505 mcs 24
slot 15 index 0 rnti 5505 mcs 24
slot 16 index 0 rnti 5505 mcs 24
slot 4 index 0 rnti 5505 mcs 24
slot 5 index 0 rnti 5505 mcs 24
slot 6 index 0 rnti 5505 mcs 24
slot 14 index 0 rnti 5505 mcs 24
[EMURAN-DL-CSV] t=12.804 win_tbs=20 win_fail=1 win_bler=0.05000 mcs_last=24 mcs_min=24 mcs_max=24 r0=19 r1=1 r2=0 r3=0  f0=1 f1=0 f2=0 f3=0 tot_tbs=2780 tot_fail=317 tot_bler=0.11403 tot_init=2490 tot_retx=290
slot 15 index 0 rnti 5505 mcs 24
slot 16 index 0 rnti 5505 mcs 24
slot 4 index 0 rnti 5505 mcs 24
slot 5 index 0 rnti 5505 mcs 24
slot 6 index 0 rnti 5505 mcs 24
slot 14 index 0 rnti 5505 mcs 24
slot 15 index 0 rnti 5505 mcs 24
slot 16 index 0 rnti 5505 mcs 24
slot 4 index 0 rnti 5505 mcs 24
slot 5 index 0 rnti 5505 mcs 24
slot 6 index 0 rnti 5505 mcs 24
slot 14 index 0 rnti 5505 mcs 24
slot 15 index 0 rnti 5505 mcs 24
slot 16 index 0 rnti 5505 mcs 24
slot 4 index 0 rnti 5505 mcs 24
slot 5 index 0 rnti 5505 mcs 24
slot 6 index 0 rnti 5505 mcs 24
slot 14 index 0 rnti 5505 mcs 24
slot 15 index 0 rnti 5505 mcs 24
slot 16 index 0 rnti 5505 mcs 24
[EMURAN-DL-CSV] t=12.869 win_tbs=20 win_fail=3 win_bler=0.15000 mcs_last=24 mcs_min=24 mcs_max=24 r0=17 r1=2 r2=1 r3=0  f0=3 f1=0 f2=0 f3=0 tot_tbs=2800 tot_fail=320 tot_bler=0.11429 tot_init=2507 tot_retx=293
slot 4 index 0 rnti 5505 mcs 24
slot 5 index 0 rnti 5505 mcs 24
slot 6 index 0 rnti 5505 mcs 24
slot 14 index 0 rnti 5505 mcs 24
slot 15 index 0 rnti 5505 mcs 24
slot 16 index 0 rnti 5505 mcs 24
slot 4 index 0 rnti 5505 mcs 24
slot 5 index 0 rnti 5505 mcs 24
slot 6 index 0 rnti 5505 mcs 24
slot 14 index 0 rnti 5505 mcs 24
slot 15 index 0 rnti 5505 mcs 24
slot 16 index 0 rnti 5505 mcs 24
slot 4 index 0 rnti 5505 mcs 24
slot 5 index 0 rnti 5505 mcs 24
slot 6 index 0 rnti 5505 mcs 24
slot 14 index 0 rnti 5505 mcs 24
slot 15 index 0 rnti 5505 mcs 24
slot 16 index 0 rnti 5505 mcs 24
slot 4 index 0 rnti 5505 mcs 24
slot 5 index 0 rnti 5505 mcs 24
[EMURAN-DL-CSV] t=12.942 win_tbs=20 win_fail=1 win_bler=0.05000 mcs_last=24 mcs_min=24 mcs_max=24 r0=20 r1=0 r2=0 r3=0  f0=1 f1=0 f2=0 f3=0 tot_tbs=2820 tot_fail=321 tot_bler=0.11383 tot_init=2527 tot_retx=293
slot 6 index 0 rnti 5505 mcs 24
slot 14 index 0 rnti 5505 mcs 24
slot 15 index 0 rnti 5505 mcs 24
slot 16 index 0 rnti 5505 mcs 24
slot 4 index 0 rnti 5505 mcs 24
slot 5 index 0 rnti 5505 mcs 24
slot 6 index 0 rnti 5505 mcs 24
slot 14 index 0 rnti 5505 mcs 24
slot 15 index 0 rnti 5505 mcs 24
slot 16 index 0 rnti 5505 mcs 24
slot 4 index 0 rnti 5505 mcs 24
slot 5 index 0 rnti 5505 mcs 24
slot 6 index 0 rnti 5505 mcs 24
slot 14 index 0 rnti 5505 mcs 24
slot 15 index 0 rnti 5505 mcs 24
slot 16 index 0 rnti 5505 mcs 24
slot 4 index 0 rnti 5505 mcs 24
slot 5 index 0 rnti 5505 mcs 24
slot 6 index 0 rnti 5505 mcs 24
slot 14 index 0 rnti 5505 mcs 24
[EMURAN-DL-CSV] t=13.014 win_tbs=20 win_fail=1 win_bler=0.05000 mcs_last=24 mcs_min=24 mcs_max=24 r0=19 r1=1 r2=0 r3=0  f0=1 f1=0 f2=0 f3=0 tot_tbs=2840 tot_fail=322 tot_bler=0.11338 tot_init=2546 tot_retx=294
slot 15 index 0 rnti 5505 mcs 24
slot 16 index 0 rnti 5505 mcs 24
slot 4 index 0 rnti 5505 mcs 24
slot 5 index 0 rnti 5505 mcs 24
slot 6 index 0 rnti 5505 mcs 24
slot 14 index 0 rnti 5505 mcs 24
slot 15 index 0 rnti 5505 mcs 24
slot 16 index 0 rnti 5505 mcs 24
slot 4 index 0 rnti 5505 mcs 24
slot 5 index 0 rnti 5505 mcs 24
slot 6 index 0 rnti 5505 mcs 24
slot 14 index 0 rnti 5505 mcs 24
slot 15 index 0 rnti 5505 mcs 24
slot 16 index 0 rnti 5505 mcs 24
slot 4 index 0 rnti 5505 mcs 24
slot 5 index 0 rnti 5505 mcs 24
slot 6 index 0 rnti 5505 mcs 24
slot 14 index 0 rnti 5505 mcs 24
slot 15 index 0 rnti 5505 mcs 24
slot 16 index 0 rnti 5505 mcs 24
[EMURAN-DL-CSV] t=13.079 win_tbs=20 win_fail=2 win_bler=0.10000 mcs_last=24 mcs_min=24 mcs_max=24 r0=18 r1=2 r2=0 r3=0  f0=2 f1=0 f2=0 f3=0 tot_tbs=2860 tot_fail=324 tot_bler=0.11329 tot_init=2564 tot_retx=296
slot 4 index 0 rnti 5505 mcs 24
slot 5 index 0 rnti 5505 mcs 24
slot 6 index 0 rnti 5505 mcs 24
slot 14 index 0 rnti 5505 mcs 24
slot 15 index 0 rnti 5505 mcs 24
slot 16 index 0 rnti 5505 mcs 24
slot 4 index 0 rnti 5505 mcs 24
slot 5 index 0 rnti 5505 mcs 24
slot 6 index 0 rnti 5505 mcs 24
slot 14 index 0 rnti 5505 mcs 24
slot 15 index 0 rnti 5505 mcs 24
slot 16 index 0 rnti 5505 mcs 24
slot 4 index 0 rnti 5505 mcs 24
slot 5 index 0 rnti 5505 mcs 24
slot 6 index 0 rnti 5505 mcs 24
slot 14 index 0 rnti 5505 mcs 24
slot 15 index 0 rnti 5505 mcs 24
slot 16 index 0 rnti 5505 mcs 24
slot 4 index 0 rnti 5505 mcs 24
slot 5 index 0 rnti 5505 mcs 24
[EMURAN-DL-CSV] t=13.152 win_tbs=20 win_fail=1 win_bler=0.05000 mcs_last=24 mcs_min=24 mcs_max=24 r0=18 r1=1 r2=1 r3=0  f0=1 f1=0 f2=0 f3=0 tot_tbs=2880 tot_fail=325 tot_bler=0.11285 tot_init=2582 tot_retx=298
slot 6 index 0 rnti 5505 mcs 24
slot 14 index 0 rnti 5505 mcs 24
slot 15 index 0 rnti 5505 mcs 24
slot 16 index 0 rnti 5505 mcs 24
slot 4 index 0 rnti 5505 mcs 24
slot 5 index 0 rnti 5505 mcs 24
slot 6 index 0 rnti 5505 mcs 24
slot 14 index 0 rnti 5505 mcs 24
slot 15 index 0 rnti 5505 mcs 24
slot 16 index 0 rnti 5505 mcs 24
slot 4 index 0 rnti 5505 mcs 24
slot 5 index 0 rnti 5505 mcs 24
slot 6 index 0 rnti 5505 mcs 24
slot 14 index 0 rnti 5505 mcs 24
slot 15 index 0 rnti 5505 mcs 24
slot 16 index 0 rnti 5505 mcs 24
slot 4 index 0 rnti 5505 mcs 24
slot 5 index 0 rnti 5505 mcs 24
slot 6 index 0 rnti 5505 mcs 24
slot 14 index 0 rnti 5505 mcs 24
[EMURAN-DL-CSV] t=13.224 win_tbs=20 win_fail=2 win_bler=0.10000 mcs_last=24 mcs_min=24 mcs_max=24 r0=18 r1=2 r2=0 r3=0  f0=2 f1=0 f2=0 f3=0 tot_tbs=2900 tot_fail=327 tot_bler=0.11276 tot_init=2600 tot_retx=300
slot 15 index 0 rnti 5505 mcs 24
slot 16 index 0 rnti 5505 mcs 24
slot 4 index 0 rnti 5505 mcs 24
slot 5 index 0 rnti 5505 mcs 24
slot 6 index 0 rnti 5505 mcs 24
slot 14 index 0 rnti 5505 mcs 24
slot 15 index 0 rnti 5505 mcs 24
slot 16 index 0 rnti 5505 mcs 24
slot 4 index 0 rnti 5505 mcs 24
slot 5 index 0 rnti 5505 mcs 24
slot 6 index 0 rnti 5505 mcs 24
slot 14 index 0 rnti 5505 mcs 24
slot 15 index 0 rnti 5505 mcs 24
slot 16 index 0 rnti 5505 mcs 24
slot 4 index 0 rnti 5505 mcs 24
slot 5 index 0 rnti 5505 mcs 24
slot 6 index 0 rnti 5505 mcs 24
slot 14 index 0 rnti 5505 mcs 24
slot 15 index 0 rnti 5505 mcs 24
slot 16 index 0 rnti 5505 mcs 24
[EMURAN-DL-CSV] t=13.289 win_tbs=20 win_fail=2 win_bler=0.10000 mcs_last=24 mcs_min=24 mcs_max=24 r0=18 r1=2 r2=0 r3=0  f0=2 f1=0 f2=0 f3=0 tot_tbs=2920 tot_fail=329 tot_bler=0.11267 tot_init=2618 tot_retx=302
slot 4 index 0 rnti 5505 mcs 24
slot 5 index 0 rnti 5505 mcs 24
slot 6 index 0 rnti 5505 mcs 24
slot 14 index 0 rnti 5505 mcs 24
slot 15 index 0 rnti 5505 mcs 24
slot 16 index 0 rnti 5505 mcs 24
slot 4 index 0 rnti 5505 mcs 24
slot 5 index 0 rnti 5505 mcs 24
slot 6 index 0 rnti 5505 mcs 24
slot 14 index 0 rnti 5505 mcs 24
slot 15 index 0 rnti 5505 mcs 24
slot 16 index 0 rnti 5505 mcs 24
slot 4 index 0 rnti 5505 mcs 24
slot 5 index 0 rnti 5505 mcs 24
slot 6 index 0 rnti 5505 mcs 24
slot 14 index 0 rnti 5505 mcs 24
slot 15 index 0 rnti 5505 mcs 24
slot 16 index 0 rnti 5505 mcs 24
slot 4 index 0 rnti 5505 mcs 24
slot 5 index 0 rnti 5505 mcs 24
[EMURAN-DL-CSV] t=13.362 win_tbs=20 win_fail=2 win_bler=0.10000 mcs_last=24 mcs_min=24 mcs_max=24 r0=18 r1=2 r2=0 r3=0  f0=2 f1=0 f2=0 f3=0 tot_tbs=2940 tot_fail=331 tot_bler=0.11259 tot_init=2636 tot_retx=304
slot 6 index 0 rnti 5505 mcs 24
slot 14 index 0 rnti 5505 mcs 24
slot 15 index 0 rnti 5505 mcs 24
slot 16 index 0 rnti 5505 mcs 24
slot 4 index 0 rnti 5505 mcs 24
slot 5 index 0 rnti 5505 mcs 24
slot 6 index 0 rnti 5505 mcs 24
slot 14 index 0 rnti 5505 mcs 24
slot 15 index 0 rnti 5505 mcs 24
slot 16 index 0 rnti 5505 mcs 24
slot 4 index 0 rnti 5505 mcs 24
slot 5 index 0 rnti 5505 mcs 24
slot 6 index 0 rnti 5505 mcs 24
slot 14 index 0 rnti 5505 mcs 24
slot 15 index 0 rnti 5505 mcs 24
slot 16 index 0 rnti 5505 mcs 24
slot 4 index 0 rnti 5505 mcs 24
slot 5 index 0 rnti 5505 mcs 24
slot 6 index 0 rnti 5505 mcs 24
slot 14 index 0 rnti 5505 mcs 24
[EMURAN-DL-CSV] t=13.434 win_tbs=20 win_fail=0 win_bler=0.00000 mcs_last=24 mcs_min=24 mcs_max=24 r0=20 r1=0 r2=0 r3=0  f0=0 f1=0 f2=0 f3=0 tot_tbs=2960 tot_fail=331 tot_bler=0.11182 tot_init=2656 tot_retx=304
slot 15 index 0 rnti 5505 mcs 24
slot 16 index 0 rnti 5505 mcs 24
slot 4 index 0 rnti 5505 mcs 24
slot 5 index 0 rnti 5505 mcs 24
slot 6 index 0 rnti 5505 mcs 24
slot 14 index 0 rnti 5505 mcs 24
slot 15 index 0 rnti 5505 mcs 24
slot 16 index 0 rnti 5505 mcs 24
slot 4 index 0 rnti 5505 mcs 24
slot 5 index 0 rnti 5505 mcs 24
slot 6 index 0 rnti 5505 mcs 24
slot 14 index 0 rnti 5505 mcs 24
slot 15 index 0 rnti 5505 mcs 24
slot 16 index 0 rnti 5505 mcs 24
slot 4 index 0 rnti 5505 mcs 24
slot 5 index 0 rnti 5505 mcs 24
slot 6 index 0 rnti 5505 mcs 24
slot 14 index 0 rnti 5505 mcs 24
slot 15 index 0 rnti 5505 mcs 24
slot 16 index 0 rnti 5505 mcs 24
[EMURAN-DL-CSV] t=13.500 win_tbs=20 win_fail=3 win_bler=0.15000 mcs_last=24 mcs_min=24 mcs_max=24 r0=17 r1=3 r2=0 r3=0  f0=2 f1=1 f2=0 f3=0 tot_tbs=2980 tot_fail=334 tot_bler=0.11208 tot_init=2673 tot_retx=307
slot 4 index 0 rnti 5505 mcs 24
slot 5 index 0 rnti 5505 mcs 24
slot 6 index 0 rnti 5505 mcs 24
slot 14 index 0 rnti 5505 mcs 24
slot 15 index 0 rnti 5505 mcs 24
slot 16 index 0 rnti 5505 mcs 24
slot 4 index 0 rnti 5505 mcs 24
slot 5 index 0 rnti 5505 mcs 24
slot 6 index 0 rnti 5505 mcs 24
slot 14 index 0 rnti 5505 mcs 24
slot 15 index 0 rnti 5505 mcs 24
slot 16 index 0 rnti 5505 mcs 24
slot 4 index 0 rnti 5505 mcs 24
slot 5 index 0 rnti 5505 mcs 24
slot 6 index 0 rnti 5505 mcs 24
slot 14 index 0 rnti 5505 mcs 24
slot 15 index 0 rnti 5505 mcs 24
slot 16 index 0 rnti 5505 mcs 24
slot 4 index 0 rnti 5505 mcs 24
slot 5 index 0 rnti 5505 mcs 24
[EMURAN-DL-CSV] t=13.572 win_tbs=20 win_fail=0 win_bler=0.00000 mcs_last=24 mcs_min=24 mcs_max=24 r0=20 r1=0 r2=0 r3=0  f0=0 f1=0 f2=0 f3=0 tot_tbs=3000 tot_fail=334 tot_bler=0.11133 tot_init=2693 tot_retx=307
slot 6 index 0 rnti 5505 mcs 24
slot 14 index 0 rnti 5505 mcs 24
slot 15 index 0 rnti 5505 mcs 24
slot 16 index 0 rnti 5505 mcs 24
slot 4 index 0 rnti 5505 mcs 24
slot 5 index 0 rnti 5505 mcs 24
slot 6 index 0 rnti 5505 mcs 24
slot 14 index 0 rnti 5505 mcs 24
slot 15 index 0 rnti 5505 mcs 24
slot 16 index 0 rnti 5505 mcs 24
slot 4 index 0 rnti 5505 mcs 24
slot 5 index 0 rnti 5505 mcs 24
slot 6 index 0 rnti 5505 mcs 24
slot 14 index 0 rnti 5505 mcs 24
slot 15 index 0 rnti 5505 mcs 24
slot 16 index 0 rnti 5505 mcs 24
slot 4 index 0 rnti 5505 mcs 24
slot 5 index 0 rnti 5505 mcs 24
slot 6 index 0 rnti 5505 mcs 24
slot 14 index 0 rnti 5505 mcs 24
[EMURAN-DL-CSV] t=13.644 win_tbs=20 win_fail=1 win_bler=0.05000 mcs_last=24 mcs_min=24 mcs_max=24 r0=19 r1=1 r2=0 r3=0  f0=1 f1=0 f2=0 f3=0 tot_tbs=3020 tot_fail=335 tot_bler=0.11093 tot_init=2712 tot_retx=308
slot 15 index 0 rnti 5505 mcs 24
slot 16 index 0 rnti 5505 mcs 24
slot 4 index 0 rnti 5505 mcs 24
slot 5 index 0 rnti 5505 mcs 24
slot 6 index 0 rnti 5505 mcs 24
slot 14 index 0 rnti 5505 mcs 24
slot 15 index 0 rnti 5505 mcs 24
slot 16 index 0 rnti 5505 mcs 24
slot 4 index 0 rnti 5505 mcs 24
slot 5 index 0 rnti 5505 mcs 24
slot 6 index 0 rnti 5505 mcs 24
slot 14 index 0 rnti 5505 mcs 24
slot 15 index 0 rnti 5505 mcs 24
slot 16 index 0 rnti 5505 mcs 24
slot 4 index 0 rnti 5505 mcs 24
slot 5 index 0 rnti 5505 mcs 24
slot 6 index 0 rnti 5505 mcs 24
slot 14 index 0 rnti 5505 mcs 24
slot 15 index 0 rnti 5505 mcs 24
slot 16 index 0 rnti 5505 mcs 24
[EMURAN-DL-CSV] t=13.710 win_tbs=20 win_fail=2 win_bler=0.10000 mcs_last=24 mcs_min=24 mcs_max=24 r0=19 r1=1 r2=0 r3=0  f0=2 f1=0 f2=0 f3=0 tot_tbs=3040 tot_fail=337 tot_bler=0.11086 tot_init=2731 tot_retx=309
slot 4 index 0 rnti 5505 mcs 24
slot 5 index 0 rnti 5505 mcs 24
slot 6 index 0 rnti 5505 mcs 24
slot 14 index 0 rnti 5505 mcs 24
slot 15 index 0 rnti 5505 mcs 24
slot 16 index 0 rnti 5505 mcs 24
slot 4 index 0 rnti 5505 mcs 24
slot 5 index 0 rnti 5505 mcs 24
slot 6 index 0 rnti 5505 mcs 24
slot 14 index 0 rnti 5505 mcs 24
slot 15 index 0 rnti 5505 mcs 24
slot 16 index 0 rnti 5505 mcs 24
slot 4 index 0 rnti 5505 mcs 24
slot 5 index 0 rnti 5505 mcs 24
slot 6 index 0 rnti 5505 mcs 24
slot 14 index 0 rnti 5505 mcs 24
slot 15 index 0 rnti 5505 mcs 24
slot 16 index 0 rnti 5505 mcs 24
slot 4 index 0 rnti 5505 mcs 24
slot 5 index 0 rnti 5505 mcs 24
[EMURAN-DL-CSV] t=13.782 win_tbs=20 win_fail=0 win_bler=0.00000 mcs_last=24 mcs_min=24 mcs_max=24 r0=19 r1=0 r2=1 r3=0  f0=0 f1=0 f2=0 f3=0 tot_tbs=3060 tot_fail=337 tot_bler=0.11013 tot_init=2750 tot_retx=310
slot 6 index 0 rnti 5505 mcs 24
slot 14 index 0 rnti 5505 mcs 24
slot 15 index 0 rnti 5505 mcs 24
slot 16 index 0 rnti 5505 mcs 24
slot 4 index 0 rnti 5505 mcs 24
slot 5 index 0 rnti 5505 mcs 24
slot 6 index 0 rnti 5505 mcs 24
slot 14 index 0 rnti 5505 mcs 24
slot 15 index 0 rnti 5505 mcs 24
slot 16 index 0 rnti 5505 mcs 24
slot 4 index 0 rnti 5505 mcs 24
slot 5 index 0 rnti 5505 mcs 24
slot 6 index 0 rnti 5505 mcs 24
slot 14 index 0 rnti 5505 mcs 24
slot 15 index 0 rnti 5505 mcs 24
slot 16 index 0 rnti 5505 mcs 24
slot 4 index 0 rnti 5505 mcs 24
slot 5 index 0 rnti 5505 mcs 24
slot 6 index 0 rnti 5505 mcs 24
slot 14 index 0 rnti 5505 mcs 24
[EMURAN-DL-CSV] t=13.854 win_tbs=20 win_fail=1 win_bler=0.05000 mcs_last=24 mcs_min=24 mcs_max=24 r0=18 r1=2 r2=0 r3=0  f0=0 f1=1 f2=0 f3=0 tot_tbs=3080 tot_fail=338 tot_bler=0.10974 tot_init=2768 tot_retx=312
slot 15 index 0 rnti 5505 mcs 24
slot 16 index 0 rnti 5505 mcs 24
slot 4 index 0 rnti 5505 mcs 24
slot 5 index 0 rnti 5505 mcs 24
slot 6 index 0 rnti 5505 mcs 24
slot 14 index 0 rnti 5505 mcs 24
slot 15 index 0 rnti 5505 mcs 24
slot 16 index 0 rnti 5505 mcs 24
slot 4 index 0 rnti 5505 mcs 24
slot 5 index 0 rnti 5505 mcs 24
slot 6 index 0 rnti 5505 mcs 24
slot 14 index 0 rnti 5505 mcs 24
slot 15 index 0 rnti 5505 mcs 24
slot 16 index 0 rnti 5505 mcs 24
slot 4 index 0 rnti 5505 mcs 24
slot 5 index 0 rnti 5505 mcs 24
slot 6 index 0 rnti 5505 mcs 24
slot 14 index 0 rnti 5505 mcs 24
slot 15 index 0 rnti 5505 mcs 24
slot 16 index 0 rnti 5505 mcs 24
[EMURAN-DL-CSV] t=13.920 win_tbs=20 win_fail=3 win_bler=0.15000 mcs_last=24 mcs_min=24 mcs_max=24 r0=18 r1=2 r2=0 r3=0  f0=2 f1=1 f2=0 f3=0 tot_tbs=3100 tot_fail=341 tot_bler=0.11000 tot_init=2786 tot_retx=314
slot 4 index 0 rnti 5505 mcs 24
slot 5 index 0 rnti 5505 mcs 24
slot 6 index 0 rnti 5505 mcs 24
slot 14 index 0 rnti 5505 mcs 24
slot 15 index 0 rnti 5505 mcs 24
slot 16 index 0 rnti 5505 mcs 24
slot 4 index 0 rnti 5505 mcs 24
slot 5 index 0 rnti 5505 mcs 24
slot 6 index 0 rnti 5505 mcs 24
slot 14 index 0 rnti 5505 mcs 24
slot 15 index 0 rnti 5505 mcs 24
slot 16 index 0 rnti 5505 mcs 24
slot 4 index 0 rnti 5505 mcs 24
slot 5 index 0 rnti 5505 mcs 24
slot 6 index 0 rnti 5505 mcs 24
slot 14 index 0 rnti 5505 mcs 24
slot 15 index 0 rnti 5505 mcs 24
slot 16 index 0 rnti 5505 mcs 24
slot 4 index 0 rnti 5505 mcs 24
slot 5 index 0 rnti 5505 mcs 24
[EMURAN-DL-CSV] t=13.992 win_tbs=20 win_fail=1 win_bler=0.05000 mcs_last=24 mcs_min=24 mcs_max=24 r0=19 r1=1 r2=0 r3=0  f0=1 f1=0 f2=0 f3=0 tot_tbs=3120 tot_fail=342 tot_bler=0.10962 tot_init=2805 tot_retx=315
slot 6 index 0 rnti 5505 mcs 24
slot 14 index 0 rnti 5505 mcs 24
slot 15 index 0 rnti 5505 mcs 24
slot 16 index 0 rnti 5505 mcs 24
slot 4 index 0 rnti 5505 mcs 24
slot 5 index 0 rnti 5505 mcs 24
slot 6 index 0 rnti 5505 mcs 24
slot 14 index 0 rnti 5505 mcs 24
slot 15 index 0 rnti 5505 mcs 24
slot 16 index 0 rnti 5505 mcs 24
slot 4 index 0 rnti 5505 mcs 24
slot 5 index 0 rnti 5505 mcs 24
slot 6 index 0 rnti 5505 mcs 24
slot 14 index 0 rnti 5505 mcs 24
slot 15 index 0 rnti 5505 mcs 24
slot 16 index 0 rnti 5505 mcs 24
slot 4 index 0 rnti 5505 mcs 24
slot 5 index 0 rnti 5505 mcs 24
slot 6 index 0 rnti 5505 mcs 24
slot 14 index 0 rnti 5505 mcs 24
[EMURAN-DL-CSV] t=14.065 win_tbs=20 win_fail=0 win_bler=0.00000 mcs_last=24 mcs_min=24 mcs_max=24 r0=20 r1=0 r2=0 r3=0  f0=0 f1=0 f2=0 f3=0 tot_tbs=3140 tot_fail=342 tot_bler=0.10892 tot_init=2825 tot_retx=315
slot 15 index 0 rnti 5505 mcs 24
slot 16 index 0 rnti 5505 mcs 24
slot 4 index 0 rnti 5505 mcs 24
slot 5 index 0 rnti 5505 mcs 24
slot 6 index 0 rnti 5505 mcs 24
slot 14 index 0 rnti 5505 mcs 24
slot 15 index 0 rnti 5505 mcs 24
slot 16 index 0 rnti 5505 mcs 24
slot 4 index 0 rnti 5505 mcs 24
slot 5 index 0 rnti 5505 mcs 24
slot 6 index 0 rnti 5505 mcs 24
slot 14 index 0 rnti 5505 mcs 24
slot 15 index 0 rnti 5505 mcs 24
slot 16 index 0 rnti 5505 mcs 24
slot 4 index 0 rnti 5505 mcs 24
slot 5 index 0 rnti 5505 mcs 24
slot 6 index 0 rnti 5505 mcs 24
slot 14 index 0 rnti 5505 mcs 24
slot 15 index 0 rnti 5505 mcs 24
slot 16 index 0 rnti 5505 mcs 24
[EMURAN-DL-CSV] t=14.130 win_tbs=20 win_fail=0 win_bler=0.00000 mcs_last=24 mcs_min=24 mcs_max=24 r0=19 r1=1 r2=0 r3=0  f0=0 f1=0 f2=0 f3=0 tot_tbs=3160 tot_fail=342 tot_bler=0.10823 tot_init=2844 tot_retx=316
slot 4 index 0 rnti 5505 mcs 24
slot 5 index 0 rnti 5505 mcs 24
slot 6 index 0 rnti 5505 mcs 24
slot 14 index 0 rnti 5505 mcs 24
slot 15 index 0 rnti 5505 mcs 24
slot 16 index 0 rnti 5505 mcs 24
slot 4 index 0 rnti 5505 mcs 24
slot 5 index 0 rnti 5505 mcs 24
slot 6 index 0 rnti 5505 mcs 24
slot 14 index 0 rnti 5505 mcs 24
slot 15 index 0 rnti 5505 mcs 24
slot 16 index 0 rnti 5505 mcs 24
slot 4 index 0 rnti 5505 mcs 24
slot 5 index 0 rnti 5505 mcs 24
slot 6 index 0 rnti 5505 mcs 24
slot 14 index 0 rnti 5505 mcs 24
slot 15 index 0 rnti 5505 mcs 24
slot 16 index 0 rnti 5505 mcs 24
slot 4 index 0 rnti 5505 mcs 24
slot 5 index 0 rnti 5505 mcs 24
[EMURAN-DL-CSV] t=14.202 win_tbs=20 win_fail=2 win_bler=0.10000 mcs_last=24 mcs_min=24 mcs_max=24 r0=18 r1=2 r2=0 r3=0  f0=2 f1=0 f2=0 f3=0 tot_tbs=3180 tot_fail=344 tot_bler=0.10818 tot_init=2862 tot_retx=318
slot 6 index 0 rnti 5505 mcs 24
slot 14 index 0 rnti 5505 mcs 24
slot 15 index 0 rnti 5505 mcs 24
slot 16 index 0 rnti 5505 mcs 24
slot 4 index 0 rnti 5505 mcs 24
slot 5 index 0 rnti 5505 mcs 24
slot 6 index 0 rnti 5505 mcs 24
slot 14 index 0 rnti 5505 mcs 24
slot 15 index 0 rnti 5505 mcs 24
slot 16 index 0 rnti 5505 mcs 24
slot 4 index 0 rnti 5505 mcs 24
slot 5 index 0 rnti 5505 mcs 24
slot 6 index 0 rnti 5505 mcs 24
slot 14 index 0 rnti 5505 mcs 24
slot 15 index 0 rnti 5505 mcs 24
slot 16 index 0 rnti 5505 mcs 24
slot 4 index 0 rnti 5505 mcs 24
slot 5 index 0 rnti 5505 mcs 24
slot 6 index 0 rnti 5505 mcs 24
slot 14 index 0 rnti 5505 mcs 24
[EMURAN-DL-CSV] t=14.275 win_tbs=20 win_fail=0 win_bler=0.00000 mcs_last=24 mcs_min=24 mcs_max=24 r0=20 r1=0 r2=0 r3=0  f0=0 f1=0 f2=0 f3=0 tot_tbs=3200 tot_fail=344 tot_bler=0.10750 tot_init=2882 tot_retx=318
slot 15 index 0 rnti 5505 mcs 24
slot 16 index 0 rnti 5505 mcs 24
slot 4 index 0 rnti 5505 mcs 24
slot 5 index 0 rnti 5505 mcs 24
slot 6 index 0 rnti 5505 mcs 24
slot 14 index 0 rnti 5505 mcs 24
slot 15 index 0 rnti 5505 mcs 24
slot 16 index 0 rnti 5505 mcs 24
slot 4 index 0 rnti 5505 mcs 24
slot 5 index 0 rnti 5505 mcs 24
slot 6 index 0 rnti 5505 mcs 24
slot 14 index 0 rnti 5505 mcs 24
slot 15 index 0 rnti 5505 mcs 24
slot 16 index 0 rnti 5505 mcs 24
slot 4 index 0 rnti 5505 mcs 24
slot 5 index 0 rnti 5505 mcs 24
slot 6 index 0 rnti 5505 mcs 24
slot 14 index 0 rnti 5505 mcs 24
slot 15 index 0 rnti 5505 mcs 24
slot 16 index 0 rnti 5505 mcs 24
[EMURAN-DL-CSV] t=14.340 win_tbs=20 win_fail=0 win_bler=0.00000 mcs_last=24 mcs_min=24 mcs_max=24 r0=20 r1=0 r2=0 r3=0  f0=0 f1=0 f2=0 f3=0 tot_tbs=3220 tot_fail=344 tot_bler=0.10683 tot_init=2902 tot_retx=318
slot 4 index 0 rnti 5505 mcs 24
slot 5 index 0 rnti 5505 mcs 24
slot 6 index 0 rnti 5505 mcs 24
slot 14 index 0 rnti 5505 mcs 24
slot 15 index 0 rnti 5505 mcs 24
slot 16 index 0 rnti 5505 mcs 24
slot 4 index 0 rnti 5505 mcs 24
slot 5 index 0 rnti 5505 mcs 24
slot 6 index 0 rnti 5505 mcs 24
slot 14 index 0 rnti 5505 mcs 24
slot 15 index 0 rnti 5505 mcs 24
slot 16 index 0 rnti 5505 mcs 24
slot 4 index 0 rnti 5505 mcs 24
slot 5 index 0 rnti 5505 mcs 24
slot 6 index 0 rnti 5505 mcs 24
slot 14 index 0 rnti 5505 mcs 24
slot 15 index 0 rnti 5505 mcs 24
slot 16 index 0 rnti 5505 mcs 24
slot 4 index 0 rnti 5505 mcs 24
slot 5 index 0 rnti 5505 mcs 24
[EMURAN-DL-CSV] t=14.412 win_tbs=20 win_fail=0 win_bler=0.00000 mcs_last=24 mcs_min=24 mcs_max=24 r0=20 r1=0 r2=0 r3=0  f0=0 f1=0 f2=0 f3=0 tot_tbs=3240 tot_fail=344 tot_bler=0.10617 tot_init=2922 tot_retx=318
slot 6 index 0 rnti 5505 mcs 24
slot 14 index 0 rnti 5505 mcs 24
slot 15 index 0 rnti 5505 mcs 24
slot 16 index 0 rnti 5505 mcs 24
slot 4 index 0 rnti 5505 mcs 24
slot 5 index 0 rnti 5505 mcs 24
slot 6 index 0 rnti 5505 mcs 24
slot 14 index 0 rnti 5505 mcs 24
slot 15 index 0 rnti 5505 mcs 24
slot 16 index 0 rnti 5505 mcs 24
slot 4 index 0 rnti 5505 mcs 24
slot 5 index 0 rnti 5505 mcs 24
slot 6 index 0 rnti 5505 mcs 24
slot 14 index 0 rnti 5505 mcs 24
slot 15 index 0 rnti 5505 mcs 24
slot 16 index 0 rnti 5505 mcs 24
slot 4 index 0 rnti 5505 mcs 24
slot 5 index 0 rnti 5505 mcs 24
slot 6 index 0 rnti 5505 mcs 24
slot 14 index 0 rnti 5505 mcs 24
[EMURAN-DL-CSV] t=14.485 win_tbs=20 win_fail=3 win_bler=0.15000 mcs_last=24 mcs_min=24 mcs_max=24 r0=17 r1=3 r2=0 r3=0  f0=3 f1=0 f2=0 f3=0 tot_tbs=3260 tot_fail=347 tot_bler=0.10644 tot_init=2939 tot_retx=321
slot 15 index 0 rnti 5505 mcs 24
slot 16 index 0 rnti 5505 mcs 24
slot 4 index 0 rnti 5505 mcs 24
slot 5 index 0 rnti 5505 mcs 24
slot 6 index 0 rnti 5505 mcs 24
slot 14 index 0 rnti 5505 mcs 24
slot 15 index 0 rnti 5505 mcs 24
slot 16 index 0 rnti 5505 mcs 24
slot 4 index 0 rnti 5505 mcs 24
slot 5 index 0 rnti 5505 mcs 24
slot 6 index 0 rnti 5505 mcs 24
slot 14 index 0 rnti 5505 mcs 24
slot 15 index 0 rnti 5505 mcs 24
slot 16 index 0 rnti 5505 mcs 24
slot 4 index 0 rnti 5505 mcs 24
slot 5 index 0 rnti 5505 mcs 24
slot 6 index 0 rnti 5505 mcs 24
slot 14 index 0 rnti 5505 mcs 24
slot 15 index 0 rnti 5505 mcs 24
slot 16 index 0 rnti 5505 mcs 24
[EMURAN-DL-CSV] t=14.550 win_tbs=20 win_fail=3 win_bler=0.15000 mcs_last=24 mcs_min=24 mcs_max=24 r0=17 r1=3 r2=0 r3=0  f0=1 f1=2 f2=0 f3=0 tot_tbs=3280 tot_fail=350 tot_bler=0.10671 tot_init=2956 tot_retx=324
slot 4 index 0 rnti 5505 mcs 24
slot 5 index 0 rnti 5505 mcs 24
slot 6 index 0 rnti 5505 mcs 24
slot 14 index 0 rnti 5505 mcs 24
slot 15 index 0 rnti 5505 mcs 24
slot 16 index 0 rnti 5505 mcs 24
slot 4 index 0 rnti 5505 mcs 24
slot 5 index 0 rnti 5505 mcs 24
slot 6 index 0 rnti 5505 mcs 24
slot 14 index 0 rnti 5505 mcs 24
slot 15 index 0 rnti 5505 mcs 24
slot 16 index 0 rnti 5505 mcs 24
slot 4 index 0 rnti 5505 mcs 24
slot 5 index 0 rnti 5505 mcs 24
slot 6 index 0 rnti 5505 mcs 24
slot 14 index 0 rnti 5505 mcs 24
slot 15 index 0 rnti 5505 mcs 24
slot 16 index 0 rnti 5505 mcs 24
[UE-STAT] frame=200 dci_cnt=600 total_tbs=41803200 ack_real=492 nack_real=33 fb_missing=75 decode_cnt=600
slot 4 index 0 rnti 5505 mcs 24
slot 5 index 0 rnti 5505 mcs 24
[EMURAN-DL-CSV] t=14.622 win_tbs=20 win_fail=0 win_bler=0.00000 mcs_last=24 mcs_min=24 mcs_max=24 r0=20 r1=0 r2=0 r3=0  f0=0 f1=0 f2=0 f3=0 tot_tbs=3300 tot_fail=350 tot_bler=0.10606 tot_init=2976 tot_retx=324
slot 6 index 0 rnti 5505 mcs 24
slot 14 index 0 rnti 5505 mcs 24
slot 15 index 0 rnti 5505 mcs 24
slot 16 index 0 rnti 5505 mcs 24
slot 4 index 0 rnti 5505 mcs 24
slot 5 index 0 rnti 5505 mcs 24
slot 6 index 0 rnti 5505 mcs 24
slot 14 index 0 rnti 5505 mcs 24
slot 15 index 0 rnti 5505 mcs 24
slot 16 index 0 rnti 5505 mcs 24
slot 4 index 0 rnti 5505 mcs 24
slot 5 index 0 rnti 5505 mcs 24
slot 6 index 0 rnti 5505 mcs 24
slot 14 index 0 rnti 5505 mcs 24
slot 15 index 0 rnti 5505 mcs 24
slot 16 index 0 rnti 5505 mcs 24
slot 4 index 0 rnti 5505 mcs 24
slot 5 index 0 rnti 5505 mcs 24
slot 6 index 0 rnti 5505 mcs 24
slot 14 index 0 rnti 5505 mcs 24
[EMURAN-DL-CSV] t=14.695 win_tbs=20 win_fail=2 win_bler=0.10000 mcs_last=24 mcs_min=24 mcs_max=24 r0=19 r1=1 r2=0 r3=0  f0=2 f1=0 f2=0 f3=0 tot_tbs=3320 tot_fail=352 tot_bler=0.10602 tot_init=2995 tot_retx=325
slot 15 index 0 rnti 5505 mcs 24
slot 16 index 0 rnti 5505 mcs 24
slot 4 index 0 rnti 5505 mcs 24
slot 5 index 0 rnti 5505 mcs 24
slot 6 index 0 rnti 5505 mcs 24
slot 14 index 0 rnti 5505 mcs 24
slot 15 index 0 rnti 5505 mcs 24
slot 16 index 0 rnti 5505 mcs 24
slot 4 index 0 rnti 5505 mcs 24
slot 5 index 0 rnti 5505 mcs 24
slot 6 index 0 rnti 5505 mcs 24
slot 14 index 0 rnti 5505 mcs 24
slot 15 index 0 rnti 5505 mcs 24
slot 16 index 0 rnti 5505 mcs 24
slot 4 index 0 rnti 5505 mcs 24
slot 5 index 0 rnti 5505 mcs 24
slot 6 index 0 rnti 5505 mcs 24
slot 14 index 0 rnti 5505 mcs 24
slot 15 index 0 rnti 5505 mcs 24
slot 16 index 0 rnti 5505 mcs 24
[EMURAN-DL-CSV] t=14.760 win_tbs=20 win_fail=0 win_bler=0.00000 mcs_last=24 mcs_min=24 mcs_max=24 r0=19 r1=1 r2=0 r3=0  f0=0 f1=0 f2=0 f3=0 tot_tbs=3340 tot_fail=352 tot_bler=0.10539 tot_init=3014 tot_retx=326
slot 4 index 0 rnti 5505 mcs 24
slot 5 index 0 rnti 5505 mcs 24
slot 6 index 0 rnti 5505 mcs 24
slot 14 index 0 rnti 5505 mcs 24
slot 15 index 0 rnti 5505 mcs 24
slot 16 index 0 rnti 5505 mcs 24
slot 4 index 0 rnti 5505 mcs 24
slot 5 index 0 rnti 5505 mcs 24
slot 6 index 0 rnti 5505 mcs 24
slot 14 index 0 rnti 5505 mcs 24
slot 15 index 0 rnti 5505 mcs 24
slot 16 index 0 rnti 5505 mcs 24
slot 4 index 0 rnti 5505 mcs 24
slot 5 index 0 rnti 5505 mcs 24
slot 6 index 0 rnti 5505 mcs 24
slot 14 index 0 rnti 5505 mcs 24
slot 15 index 0 rnti 5505 mcs 24
slot 16 index 0 rnti 5505 mcs 24
slot 4 index 0 rnti 5505 mcs 24
slot 5 index 0 rnti 5505 mcs 24
[EMURAN-DL-CSV] t=14.832 win_tbs=20 win_fail=0 win_bler=0.00000 mcs_last=24 mcs_min=24 mcs_max=24 r0=19 r1=1 r2=0 r3=0  f0=0 f1=0 f2=0 f3=0 tot_tbs=3360 tot_fail=352 tot_bler=0.10476 tot_init=3033 tot_retx=327
slot 6 index 0 rnti 5505 mcs 24
slot 14 index 0 rnti 5505 mcs 24
slot 15 index 0 rnti 5505 mcs 24
slot 16 index 0 rnti 5505 mcs 24
slot 4 index 0 rnti 5505 mcs 24
slot 5 index 0 rnti 5505 mcs 24
slot 6 index 0 rnti 5505 mcs 24
slot 14 index 0 rnti 5505 mcs 24
slot 15 index 0 rnti 5505 mcs 24
slot 16 index 0 rnti 5505 mcs 24
slot 4 index 0 rnti 5505 mcs 24
slot 5 index 0 rnti 5505 mcs 24
slot 6 index 0 rnti 5505 mcs 24
slot 14 index 0 rnti 5505 mcs 24
slot 15 index 0 rnti 5505 mcs 24
slot 16 index 0 rnti 5505 mcs 24
slot 4 index 0 rnti 5505 mcs 24
slot 5 index 0 rnti 5505 mcs 24
slot 6 index 0 rnti 5505 mcs 24
slot 14 index 0 rnti 5505 mcs 24
[EMURAN-DL-CSV] t=14.905 win_tbs=20 win_fail=3 win_bler=0.15000 mcs_last=24 mcs_min=24 mcs_max=24 r0=18 r1=2 r2=0 r3=0  f0=3 f1=0 f2=0 f3=0 tot_tbs=3380 tot_fail=355 tot_bler=0.10503 tot_init=3051 tot_retx=329
slot 15 index 0 rnti 5505 mcs 24
slot 16 index 0 rnti 5505 mcs 24
slot 4 index 0 rnti 5505 mcs 24
slot 5 index 0 rnti 5505 mcs 24
slot 6 index 0 rnti 5505 mcs 24
slot 14 index 0 rnti 5505 mcs 24
slot 15 index 0 rnti 5505 mcs 24
slot 16 index 0 rnti 5505 mcs 24
slot 4 index 0 rnti 5505 mcs 24
slot 5 index 0 rnti 5505 mcs 24
slot 6 index 0 rnti 5505 mcs 24
slot 14 index 0 rnti 5505 mcs 24
slot 15 index 0 rnti 5505 mcs 24
slot 16 index 0 rnti 5505 mcs 24
slot 4 index 0 rnti 5505 mcs 24
slot 5 index 0 rnti 5505 mcs 24
slot 6 index 0 rnti 5505 mcs 24
slot 14 index 0 rnti 5505 mcs 24
slot 15 index 0 rnti 5505 mcs 24
slot 16 index 0 rnti 5505 mcs 24
[EMURAN-DL-CSV] t=14.970 win_tbs=20 win_fail=3 win_bler=0.15000 mcs_last=24 mcs_min=24 mcs_max=24 r0=18 r1=2 r2=0 r3=0  f0=3 f1=0 f2=0 f3=0 tot_tbs=3400 tot_fail=358 tot_bler=0.10529 tot_init=3069 tot_retx=331
slot 4 index 0 rnti 5505 mcs 24
slot 5 index 0 rnti 5505 mcs 24
slot 6 index 0 rnti 5505 mcs 24
slot 14 index 0 rnti 5505 mcs 24
slot 15 index 0 rnti 5505 mcs 24
slot 16 index 0 rnti 5505 mcs 24
slot 4 index 0 rnti 5505 mcs 24
slot 5 index 0 rnti 5505 mcs 24
slot 6 index 0 rnti 5505 mcs 24
slot 14 index 0 rnti 5505 mcs 24
slot 15 index 0 rnti 5505 mcs 24
slot 16 index 0 rnti 5505 mcs 24
slot 4 index 0 rnti 5505 mcs 24
slot 5 index 0 rnti 5505 mcs 24
slot 6 index 0 rnti 5505 mcs 24
slot 14 index 0 rnti 5505 mcs 24
slot 15 index 0 rnti 5505 mcs 24
slot 16 index 0 rnti 5505 mcs 24
slot 4 index 0 rnti 5505 mcs 24
slot 5 index 0 rnti 5505 mcs 24
[EMURAN-DL-CSV] t=15.043 win_tbs=20 win_fail=1 win_bler=0.05000 mcs_last=24 mcs_min=24 mcs_max=24 r0=19 r1=1 r2=0 r3=0  f0=1 f1=0 f2=0 f3=0 tot_tbs=3420 tot_fail=359 tot_bler=0.10497 tot_init=3088 tot_retx=332
slot 6 index 0 rnti 5505 mcs 24
slot 14 index 0 rnti 5505 mcs 24
slot 15 index 0 rnti 5505 mcs 24
slot 16 index 0 rnti 5505 mcs 24
slot 4 index 0 rnti 5505 mcs 24
slot 5 index 0 rnti 5505 mcs 24
slot 6 index 0 rnti 5505 mcs 24
slot 14 index 0 rnti 5505 mcs 24
slot 15 index 0 rnti 5505 mcs 24
slot 16 index 0 rnti 5505 mcs 24
slot 4 index 0 rnti 5505 mcs 24
slot 5 index 0 rnti 5505 mcs 24
slot 6 index 0 rnti 5505 mcs 24
slot 14 index 0 rnti 5505 mcs 24
slot 15 index 0 rnti 5505 mcs 24
slot 16 index 0 rnti 5505 mcs 24
slot 4 index 0 rnti 5505 mcs 24
slot 5 index 0 rnti 5505 mcs 24
slot 6 index 0 rnti 5505 mcs 24
slot 14 index 0 rnti 5505 mcs 24
[EMURAN-DL-CSV] t=15.115 win_tbs=20 win_fail=1 win_bler=0.05000 mcs_last=24 mcs_min=24 mcs_max=24 r0=19 r1=1 r2=0 r3=0  f0=1 f1=0 f2=0 f3=0 tot_tbs=3440 tot_fail=360 tot_bler=0.10465 tot_init=3107 tot_retx=333
slot 15 index 0 rnti 5505 mcs 24
slot 16 index 0 rnti 5505 mcs 24
slot 4 index 0 rnti 5505 mcs 24
slot 5 index 0 rnti 5505 mcs 24
slot 6 index 0 rnti 5505 mcs 24
slot 14 index 0 rnti 5505 mcs 24
slot 15 index 0 rnti 5505 mcs 24
slot 16 index 0 rnti 5505 mcs 24
slot 4 index 0 rnti 5505 mcs 24
slot 5 index 0 rnti 5505 mcs 24
slot 6 index 0 rnti 5505 mcs 24
slot 14 index 0 rnti 5505 mcs 24
slot 15 index 0 rnti 5505 mcs 24
slot 16 index 0 rnti 5505 mcs 24
slot 4 index 0 rnti 5505 mcs 24
slot 5 index 0 rnti 5505 mcs 24
slot 6 index 0 rnti 5505 mcs 24
slot 14 index 0 rnti 5505 mcs 24
slot 15 index 0 rnti 5505 mcs 24
slot 16 index 0 rnti 5505 mcs 24
[EMURAN-DL-CSV] t=15.180 win_tbs=20 win_fail=0 win_bler=0.00000 mcs_last=24 mcs_min=24 mcs_max=24 r0=19 r1=1 r2=0 r3=0  f0=0 f1=0 f2=0 f3=0 tot_tbs=3460 tot_fail=360 tot_bler=0.10405 tot_init=3126 tot_retx=334
slot 4 index 0 rnti 5505 mcs 24
slot 5 index 0 rnti 5505 mcs 24
slot 6 index 0 rnti 5505 mcs 24
slot 14 index 0 rnti 5505 mcs 24
slot 15 index 0 rnti 5505 mcs 24
slot 16 index 0 rnti 5505 mcs 24
slot 4 index 0 rnti 5505 mcs 24
slot 5 index 0 rnti 5505 mcs 24
slot 6 index 0 rnti 5505 mcs 24
slot 14 index 0 rnti 5505 mcs 24
slot 15 index 0 rnti 5505 mcs 24
slot 16 index 0 rnti 5505 mcs 24
slot 4 index 0 rnti 5505 mcs 24
slot 5 index 0 rnti 5505 mcs 24
slot 6 index 0 rnti 5505 mcs 24
slot 14 index 0 rnti 5505 mcs 24
slot 15 index 0 rnti 5505 mcs 24
slot 16 index 0 rnti 5505 mcs 24
slot 4 index 0 rnti 5505 mcs 24
slot 5 index 0 rnti 5505 mcs 24
[EMURAN-DL-CSV] t=15.253 win_tbs=20 win_fail=1 win_bler=0.05000 mcs_last=24 mcs_min=24 mcs_max=24 r0=19 r1=1 r2=0 r3=0  f0=1 f1=0 f2=0 f3=0 tot_tbs=3480 tot_fail=361 tot_bler=0.10374 tot_init=3145 tot_retx=335
slot 6 index 0 rnti 5505 mcs 24
slot 14 index 0 rnti 5505 mcs 24
slot 15 index 0 rnti 5505 mcs 24
slot 16 index 0 rnti 5505 mcs 24
slot 4 index 0 rnti 5505 mcs 24
slot 5 index 0 rnti 5505 mcs 24
slot 6 index 0 rnti 5505 mcs 24
slot 14 index 0 rnti 5505 mcs 24
slot 15 index 0 rnti 5505 mcs 24
slot 16 index 0 rnti 5505 mcs 24
slot 4 index 0 rnti 5505 mcs 24
slot 5 index 0 rnti 5505 mcs 24
slot 6 index 0 rnti 5505 mcs 24
slot 14 index 0 rnti 5505 mcs 24
slot 15 index 0 rnti 5505 mcs 24
slot 16 index 0 rnti 5505 mcs 24
slot 4 index 0 rnti 5505 mcs 24
slot 5 index 0 rnti 5505 mcs 24
slot 6 index 0 rnti 5505 mcs 24
slot 14 index 0 rnti 5505 mcs 24
[EMURAN-DL-CSV] t=15.325 win_tbs=20 win_fail=1 win_bler=0.05000 mcs_last=24 mcs_min=24 mcs_max=24 r0=20 r1=0 r2=0 r3=0  f0=1 f1=0 f2=0 f3=0 tot_tbs=3500 tot_fail=362 tot_bler=0.10343 tot_init=3165 tot_retx=335
slot 15 index 0 rnti 5505 mcs 24
slot 16 index 0 rnti 5505 mcs 24
slot 4 index 0 rnti 5505 mcs 24
slot 5 index 0 rnti 5505 mcs 24
slot 6 index 0 rnti 5505 mcs 24
slot 14 index 0 rnti 5505 mcs 24
slot 15 index 0 rnti 5505 mcs 24
slot 16 index 0 rnti 5505 mcs 24
slot 4 index 0 rnti 5505 mcs 24
slot 5 index 0 rnti 5505 mcs 24
slot 6 index 0 rnti 5505 mcs 24
slot 14 index 0 rnti 5505 mcs 24
slot 15 index 0 rnti 5505 mcs 24
slot 16 index 0 rnti 5505 mcs 24
slot 4 index 0 rnti 5505 mcs 24
slot 5 index 0 rnti 5505 mcs 24
slot 6 index 0 rnti 5505 mcs 24
slot 14 index 0 rnti 5505 mcs 24
slot 15 index 0 rnti 5505 mcs 24
slot 16 index 0 rnti 5505 mcs 24
[EMURAN-DL-CSV] t=15.390 win_tbs=20 win_fail=2 win_bler=0.10000 mcs_last=24 mcs_min=24 mcs_max=24 r0=19 r1=1 r2=0 r3=0  f0=2 f1=0 f2=0 f3=0 tot_tbs=3520 tot_fail=364 tot_bler=0.10341 tot_init=3184 tot_retx=336
slot 4 index 0 rnti 5505 mcs 24
slot 5 index 0 rnti 5505 mcs 24
slot 6 index 0 rnti 5505 mcs 24
slot 14 index 0 rnti 5505 mcs 24
slot 15 index 0 rnti 5505 mcs 24
slot 16 index 0 rnti 5505 mcs 24
slot 4 index 0 rnti 5505 mcs 24
slot 5 index 0 rnti 5505 mcs 24
slot 6 index 0 rnti 5505 mcs 24
slot 14 index 0 rnti 5505 mcs 24
slot 15 index 0 rnti 5505 mcs 24
slot 16 index 0 rnti 5505 mcs 24
slot 4 index 0 rnti 5505 mcs 24
slot 5 index 0 rnti 5505 mcs 24
slot 6 index 0 rnti 5505 mcs 24
slot 14 index 0 rnti 5505 mcs 24
slot 15 index 0 rnti 5505 mcs 24
slot 16 index 0 rnti 5505 mcs 24
slot 4 index 0 rnti 5505 mcs 24
slot 5 index 0 rnti 5505 mcs 24
[EMURAN-DL-CSV] t=15.463 win_tbs=20 win_fail=2 win_bler=0.10000 mcs_last=24 mcs_min=24 mcs_max=24 r0=19 r1=1 r2=0 r3=0  f0=2 f1=0 f2=0 f3=0 tot_tbs=3540 tot_fail=366 tot_bler=0.10339 tot_init=3203 tot_retx=337
slot 6 index 0 rnti 5505 mcs 24
slot 14 index 0 rnti 5505 mcs 24
slot 15 index 0 rnti 5505 mcs 24
slot 16 index 0 rnti 5505 mcs 24
slot 4 index 0 rnti 5505 mcs 24
slot 5 index 0 rnti 5505 mcs 24
slot 6 index 0 rnti 5505 mcs 24
slot 14 index 0 rnti 5505 mcs 24
slot 15 index 0 rnti 5505 mcs 24
slot 16 index 0 rnti 5505 mcs 24
slot 4 index 0 rnti 5505 mcs 24
slot 5 index 0 rnti 5505 mcs 24
slot 6 index 0 rnti 5505 mcs 24
slot 14 index 0 rnti 5505 mcs 24
slot 15 index 0 rnti 5505 mcs 24
slot 16 index 0 rnti 5505 mcs 24
slot 4 index 0 rnti 5505 mcs 24
slot 5 index 0 rnti 5505 mcs 24
slot 6 index 0 rnti 5505 mcs 24
slot 14 index 0 rnti 5505 mcs 24
[EMURAN-DL-CSV] t=15.535 win_tbs=20 win_fail=2 win_bler=0.10000 mcs_last=24 mcs_min=24 mcs_max=24 r0=17 r1=3 r2=0 r3=0  f0=1 f1=1 f2=0 f3=0 tot_tbs=3560 tot_fail=368 tot_bler=0.10337 tot_init=3220 tot_retx=340
slot 15 index 0 rnti 5505 mcs 24
slot 16 index 0 rnti 5505 mcs 24
slot 4 index 0 rnti 5505 mcs 24
slot 5 index 0 rnti 5505 mcs 24
slot 6 index 0 rnti 5505 mcs 24
slot 14 index 0 rnti 5505 mcs 24
slot 15 index 0 rnti 5505 mcs 24
slot 16 index 0 rnti 5505 mcs 24
slot 4 index 0 rnti 5505 mcs 24
slot 5 index 0 rnti 5505 mcs 24
slot 6 index 0 rnti 5505 mcs 24
slot 14 index 0 rnti 5505 mcs 24
slot 15 index 0 rnti 5505 mcs 24
slot 16 index 0 rnti 5505 mcs 24
slot 4 index 0 rnti 5505 mcs 24
slot 5 index 0 rnti 5505 mcs 24
slot 6 index 0 rnti 5505 mcs 24
slot 14 index 0 rnti 5505 mcs 24
slot 15 index 0 rnti 5505 mcs 24
slot 16 index 0 rnti 5505 mcs 24
[EMURAN-DL-CSV] t=15.600 win_tbs=20 win_fail=1 win_bler=0.05000 mcs_last=24 mcs_min=24 mcs_max=24 r0=19 r1=1 r2=0 r3=0  f0=1 f1=0 f2=0 f3=0 tot_tbs=3580 tot_fail=369 tot_bler=0.10307 tot_init=3239 tot_retx=341
slot 4 index 0 rnti 5505 mcs 24
slot 5 index 0 rnti 5505 mcs 24
slot 6 index 0 rnti 5505 mcs 24
slot 14 index 0 rnti 5505 mcs 24
slot 15 index 0 rnti 5505 mcs 24
slot 16 index 0 rnti 5505 mcs 24
slot 4 index 0 rnti 5505 mcs 24
slot 5 index 0 rnti 5505 mcs 24
slot 6 index 0 rnti 5505 mcs 24
slot 14 index 0 rnti 5505 mcs 24
slot 15 index 0 rnti 5505 mcs 24
slot 16 index 0 rnti 5505 mcs 24
slot 4 index 0 rnti 5505 mcs 24
slot 5 index 0 rnti 5505 mcs 24
slot 6 index 0 rnti 5505 mcs 24
slot 14 index 0 rnti 5505 mcs 24
slot 15 index 0 rnti 5505 mcs 24
slot 16 index 0 rnti 5505 mcs 24
slot 4 index 0 rnti 5505 mcs 24
slot 5 index 0 rnti 5505 mcs 24
[EMURAN-DL-CSV] t=15.673 win_tbs=20 win_fail=0 win_bler=0.00000 mcs_last=24 mcs_min=24 mcs_max=24 r0=20 r1=0 r2=0 r3=0  f0=0 f1=0 f2=0 f3=0 tot_tbs=3600 tot_fail=369 tot_bler=0.10250 tot_init=3259 tot_retx=341
slot 6 index 0 rnti 5505 mcs 24
slot 14 index 0 rnti 5505 mcs 24
slot 15 index 0 rnti 5505 mcs 24
slot 16 index 0 rnti 5505 mcs 24
slot 4 index 0 rnti 5505 mcs 24
slot 5 index 0 rnti 5505 mcs 24
slot 6 index 0 rnti 5505 mcs 24
slot 14 index 0 rnti 5505 mcs 24
slot 15 index 0 rnti 5505 mcs 24
slot 16 index 0 rnti 5505 mcs 24
slot 4 index 0 rnti 5505 mcs 24
slot 5 index 0 rnti 5505 mcs 24
slot 6 index 0 rnti 5505 mcs 24
slot 14 index 0 rnti 5505 mcs 24
slot 15 index 0 rnti 5505 mcs 24
slot 16 index 0 rnti 5505 mcs 24
slot 4 index 0 rnti 5505 mcs 24
slot 5 index 0 rnti 5505 mcs 24
slot 6 index 0 rnti 5505 mcs 24
slot 14 index 0 rnti 5505 mcs 24
[EMURAN-DL-CSV] t=15.745 win_tbs=20 win_fail=1 win_bler=0.05000 mcs_last=24 mcs_min=24 mcs_max=24 r0=19 r1=1 r2=0 r3=0  f0=1 f1=0 f2=0 f3=0 tot_tbs=3620 tot_fail=370 tot_bler=0.10221 tot_init=3278 tot_retx=342
slot 15 index 0 rnti 5505 mcs 24
slot 16 index 0 rnti 5505 mcs 24
slot 4 index 0 rnti 5505 mcs 24
slot 5 index 0 rnti 5505 mcs 24
slot 6 index 0 rnti 5505 mcs 24
slot 14 index 0 rnti 5505 mcs 24
slot 15 index 0 rnti 5505 mcs 24
slot 16 index 0 rnti 5505 mcs 24
slot 4 index 0 rnti 5505 mcs 24
slot 5 index 0 rnti 5505 mcs 24
slot 6 index 0 rnti 5505 mcs 24
slot 14 index 0 rnti 5505 mcs 24
slot 15 index 0 rnti 5505 mcs 24
slot 16 index 0 rnti 5505 mcs 24
slot 4 index 0 rnti 5505 mcs 24
slot 5 index 0 rnti 5505 mcs 24
slot 6 index 0 rnti 5505 mcs 24
slot 14 index 0 rnti 5505 mcs 24
slot 15 index 0 rnti 5505 mcs 24
slot 16 index 0 rnti 5505 mcs 24
[EMURAN-DL-CSV] t=15.810 win_tbs=20 win_fail=2 win_bler=0.10000 mcs_last=24 mcs_min=24 mcs_max=24 r0=17 r1=3 r2=0 r3=0  f0=2 f1=0 f2=0 f3=0 tot_tbs=3640 tot_fail=372 tot_bler=0.10220 tot_init=3295 tot_retx=345
slot 4 index 0 rnti 5505 mcs 24
slot 5 index 0 rnti 5505 mcs 24
slot 6 index 0 rnti 5505 mcs 24
slot 14 index 0 rnti 5505 mcs 24
slot 15 index 0 rnti 5505 mcs 24
slot 16 index 0 rnti 5505 mcs 24
slot 4 index 0 rnti 5505 mcs 24
slot 5 index 0 rnti 5505 mcs 24
slot 6 index 0 rnti 5505 mcs 24
slot 14 index 0 rnti 5505 mcs 24
slot 15 index 0 rnti 5505 mcs 24
slot 16 index 0 rnti 5505 mcs 24
slot 4 index 0 rnti 5505 mcs 24
slot 5 index 0 rnti 5505 mcs 24
slot 6 index 0 rnti 5505 mcs 24
slot 14 index 0 rnti 5505 mcs 24
slot 15 index 0 rnti 5505 mcs 24
slot 16 index 0 rnti 5505 mcs 24
slot 4 index 0 rnti 5505 mcs 24
slot 5 index 0 rnti 5505 mcs 24
[EMURAN-DL-CSV] t=15.883 win_tbs=20 win_fail=1 win_bler=0.05000 mcs_last=24 mcs_min=24 mcs_max=24 r0=19 r1=1 r2=0 r3=0  f0=1 f1=0 f2=0 f3=0 tot_tbs=3660 tot_fail=373 tot_bler=0.10191 tot_init=3314 tot_retx=346
slot 6 index 0 rnti 5505 mcs 24
slot 14 index 0 rnti 5505 mcs 24
slot 15 index 0 rnti 5505 mcs 24
slot 16 index 0 rnti 5505 mcs 24
slot 4 index 0 rnti 5505 mcs 24
slot 5 index 0 rnti 5505 mcs 24
slot 6 index 0 rnti 5505 mcs 24
slot 14 index 0 rnti 5505 mcs 24
slot 15 index 0 rnti 5505 mcs 24
slot 16 index 0 rnti 5505 mcs 24
slot 4 index 0 rnti 5505 mcs 24
slot 5 index 0 rnti 5505 mcs 24
slot 6 index 0 rnti 5505 mcs 24
slot 14 index 0 rnti 5505 mcs 24
slot 15 index 0 rnti 5505 mcs 24
slot 16 index 0 rnti 5505 mcs 24
slot 4 index 0 rnti 5505 mcs 24
slot 5 index 0 rnti 5505 mcs 24
slot 6 index 0 rnti 5505 mcs 24
slot 14 index 0 rnti 5505 mcs 24
[EMURAN-DL-CSV] t=15.955 win_tbs=20 win_fail=0 win_bler=0.00000 mcs_last=24 mcs_min=24 mcs_max=24 r0=20 r1=0 r2=0 r3=0  f0=0 f1=0 f2=0 f3=0 tot_tbs=3680 tot_fail=373 tot_bler=0.10136 tot_init=3334 tot_retx=346
slot 15 index 0 rnti 5505 mcs 24
slot 16 index 0 rnti 5505 mcs 24
slot 4 index 0 rnti 5505 mcs 24
slot 5 index 0 rnti 5505 mcs 24
slot 6 index 0 rnti 5505 mcs 24
slot 14 index 0 rnti 5505 mcs 24
slot 15 index 0 rnti 5505 mcs 24
slot 16 index 0 rnti 5505 mcs 24
slot 4 index 0 rnti 5505 mcs 24
slot 5 index 0 rnti 5505 mcs 24
slot 6 index 0 rnti 5505 mcs 24
slot 14 index 0 rnti 5505 mcs 24
slot 15 index 0 rnti 5505 mcs 24
slot 16 index 0 rnti 5505 mcs 24
slot 4 index 0 rnti 5505 mcs 24
slot 5 index 0 rnti 5505 mcs 24
slot 6 index 0 rnti 5505 mcs 24
slot 14 index 0 rnti 5505 mcs 24
slot 15 index 0 rnti 5505 mcs 24
slot 16 index 0 rnti 5505 mcs 24
[EMURAN-DL-CSV] t=16.020 win_tbs=20 win_fail=3 win_bler=0.15000 mcs_last=24 mcs_min=24 mcs_max=24 r0=17 r1=3 r2=0 r3=0  f0=3 f1=0 f2=0 f3=0 tot_tbs=3700 tot_fail=376 tot_bler=0.10162 tot_init=3351 tot_retx=349
slot 4 index 0 rnti 5505 mcs 24
slot 5 index 0 rnti 5505 mcs 24
slot 6 index 0 rnti 5505 mcs 24
slot 14 index 0 rnti 5505 mcs 24
slot 15 index 0 rnti 5505 mcs 24
slot 16 index 0 rnti 5505 mcs 24
slot 4 index 0 rnti 5505 mcs 24
slot 5 index 0 rnti 5505 mcs 24
slot 6 index 0 rnti 5505 mcs 24
slot 14 index 0 rnti 5505 mcs 24
slot 15 index 0 rnti 5505 mcs 24
slot 16 index 0 rnti 5505 mcs 24
slot 4 index 0 rnti 5505 mcs 24
slot 5 index 0 rnti 5505 mcs 24
slot 6 index 0 rnti 5505 mcs 24
slot 14 index 0 rnti 5505 mcs 24
slot 15 index 0 rnti 5505 mcs 24
slot 16 index 0 rnti 5505 mcs 24
slot 4 index 0 rnti 5505 mcs 24
slot 5 index 0 rnti 5505 mcs 24
[EMURAN-DL-CSV] t=16.093 win_tbs=20 win_fail=0 win_bler=0.00000 mcs_last=24 mcs_min=24 mcs_max=24 r0=20 r1=0 r2=0 r3=0  f0=0 f1=0 f2=0 f3=0 tot_tbs=3720 tot_fail=376 tot_bler=0.10108 tot_init=3371 tot_retx=349
slot 6 index 0 rnti 5505 mcs 24
slot 14 index 0 rnti 5505 mcs 24
slot 15 index 0 rnti 5505 mcs 24
slot 16 index 0 rnti 5505 mcs 24
slot 4 index 0 rnti 5505 mcs 24
slot 5 index 0 rnti 5505 mcs 24
slot 6 index 0 rnti 5505 mcs 24
slot 14 index 0 rnti 5505 mcs 24
slot 15 index 0 rnti 5505 mcs 24
slot 16 index 0 rnti 5505 mcs 24
slot 4 index 0 rnti 5505 mcs 24
slot 5 index 0 rnti 5505 mcs 24
slot 6 index 0 rnti 5505 mcs 24
slot 14 index 0 rnti 5505 mcs 24
slot 15 index 0 rnti 5505 mcs 24
slot 16 index 0 rnti 5505 mcs 24
slot 4 index 0 rnti 5505 mcs 24
slot 5 index 0 rnti 5505 mcs 24
slot 6 index 0 rnti 5505 mcs 24
slot 14 index 0 rnti 5505 mcs 24
[EMURAN-DL-CSV] t=16.165 win_tbs=20 win_fail=1 win_bler=0.05000 mcs_last=24 mcs_min=24 mcs_max=24 r0=19 r1=1 r2=0 r3=0  f0=1 f1=0 f2=0 f3=0 tot_tbs=3740 tot_fail=377 tot_bler=0.10080 tot_init=3390 tot_retx=350
slot 15 index 0 rnti 5505 mcs 24
slot 16 index 0 rnti 5505 mcs 24
slot 4 index 0 rnti 5505 mcs 24
slot 5 index 0 rnti 5505 mcs 24
slot 6 index 0 rnti 5505 mcs 24
slot 14 index 0 rnti 5505 mcs 24
slot 15 index 0 rnti 5505 mcs 24
slot 16 index 0 rnti 5505 mcs 24
slot 4 index 0 rnti 5505 mcs 24
slot 5 index 0 rnti 5505 mcs 24
slot 6 index 0 rnti 5505 mcs 24
slot 14 index 0 rnti 5505 mcs 24
slot 15 index 0 rnti 5505 mcs 24
slot 16 index 0 rnti 5505 mcs 24
slot 4 index 0 rnti 5505 mcs 24
slot 5 index 0 rnti 5505 mcs 24
slot 6 index 0 rnti 5505 mcs 24
slot 14 index 0 rnti 5505 mcs 24
slot 15 index 0 rnti 5505 mcs 24
slot 16 index 0 rnti 5505 mcs 24
[EMURAN-DL-CSV] t=16.231 win_tbs=20 win_fail=1 win_bler=0.05000 mcs_last=24 mcs_min=24 mcs_max=24 r0=19 r1=1 r2=0 r3=0  f0=1 f1=0 f2=0 f3=0 tot_tbs=3760 tot_fail=378 tot_bler=0.10053 tot_init=3409 tot_retx=351
slot 4 index 0 rnti 5505 mcs 24
slot 5 index 0 rnti 5505 mcs 24
slot 6 index 0 rnti 5505 mcs 24
slot 14 index 0 rnti 5505 mcs 24
slot 15 index 0 rnti 5505 mcs 24
slot 16 index 0 rnti 5505 mcs 24
slot 4 index 0 rnti 5505 mcs 24
slot 5 index 0 rnti 5505 mcs 24
slot 6 index 0 rnti 5505 mcs 24
slot 14 index 0 rnti 5505 mcs 24
slot 15 index 0 rnti 5505 mcs 24
slot 16 index 0 rnti 5505 mcs 24
slot 4 index 0 rnti 5505 mcs 24
slot 5 index 0 rnti 5505 mcs 24
slot 6 index 0 rnti 5505 mcs 24
slot 14 index 0 rnti 5505 mcs 24
slot 15 index 0 rnti 5505 mcs 24
slot 16 index 0 rnti 5505 mcs 24
slot 4 index 0 rnti 5505 mcs 24
slot 5 index 0 rnti 5505 mcs 24
[EMURAN-DL-CSV] t=16.303 win_tbs=20 win_fail=1 win_bler=0.05000 mcs_last=24 mcs_min=24 mcs_max=24 r0=20 r1=0 r2=0 r3=0  f0=1 f1=0 f2=0 f3=0 tot_tbs=3780 tot_fail=379 tot_bler=0.10026 tot_init=3429 tot_retx=351
slot 6 index 0 rnti 5505 mcs 24
slot 14 index 0 rnti 5505 mcs 24
slot 15 index 0 rnti 5505 mcs 24
slot 16 index 0 rnti 5505 mcs 24
slot 4 index 0 rnti 5505 mcs 24
slot 5 index 0 rnti 5505 mcs 24
slot 6 index 0 rnti 5505 mcs 24
slot 14 index 0 rnti 5505 mcs 24
slot 15 index 0 rnti 5505 mcs 24
slot 16 index 0 rnti 5505 mcs 24
slot 4 index 0 rnti 5505 mcs 24
slot 5 index 0 rnti 5505 mcs 24
slot 6 index 0 rnti 5505 mcs 24
slot 14 index 0 rnti 5505 mcs 24
slot 15 index 0 rnti 5505 mcs 24
slot 16 index 0 rnti 5505 mcs 24
slot 4 index 0 rnti 5505 mcs 24
slot 5 index 0 rnti 5505 mcs 24
slot 6 index 0 rnti 5505 mcs 24
slot 14 index 0 rnti 5505 mcs 24
[EMURAN-DL-CSV] t=16.376 win_tbs=20 win_fail=1 win_bler=0.05000 mcs_last=24 mcs_min=24 mcs_max=24 r0=18 r1=2 r2=0 r3=0  f0=1 f1=0 f2=0 f3=0 tot_tbs=3800 tot_fail=380 tot_bler=0.10000 tot_init=3447 tot_retx=353
slot 15 index 0 rnti 5505 mcs 24
slot 16 index 0 rnti 5505 mcs 24
slot 4 index 0 rnti 5505 mcs 24
slot 5 index 0 rnti 5505 mcs 24
slot 6 index 0 rnti 5505 mcs 24
slot 14 index 0 rnti 5505 mcs 24
slot 15 index 0 rnti 5505 mcs 24
slot 16 index 0 rnti 5505 mcs 24
slot 4 index 0 rnti 5505 mcs 24
slot 5 index 0 rnti 5505 mcs 24
slot 6 index 0 rnti 5505 mcs 24
slot 14 index 0 rnti 5505 mcs 24
slot 15 index 0 rnti 5505 mcs 24
slot 16 index 0 rnti 5505 mcs 24
slot 4 index 0 rnti 5505 mcs 24
slot 5 index 0 rnti 5505 mcs 24
slot 6 index 0 rnti 5505 mcs 24
slot 14 index 0 rnti 5505 mcs 24
slot 15 index 0 rnti 5505 mcs 24
slot 16 index 0 rnti 5505 mcs 24
[EMURAN-DL-CSV] t=16.441 win_tbs=20 win_fail=1 win_bler=0.05000 mcs_last=24 mcs_min=24 mcs_max=24 r0=19 r1=1 r2=0 r3=0  f0=1 f1=0 f2=0 f3=0 tot_tbs=3820 tot_fail=381 tot_bler=0.09974 tot_init=3466 tot_retx=354
slot 4 index 0 rnti 5505 mcs 24
slot 5 index 0 rnti 5505 mcs 24
slot 6 index 0 rnti 5505 mcs 24
slot 14 index 0 rnti 5505 mcs 24
slot 15 index 0 rnti 5505 mcs 24
slot 16 index 0 rnti 5505 mcs 24
slot 4 index 0 rnti 5505 mcs 24
slot 5 index 0 rnti 5505 mcs 24
slot 6 index 0 rnti 5505 mcs 24
slot 14 index 0 rnti 5505 mcs 24
slot 15 index 0 rnti 5505 mcs 24
slot 16 index 0 rnti 5505 mcs 24
slot 4 index 0 rnti 5505 mcs 24
slot 5 index 0 rnti 5505 mcs 24
slot 6 index 0 rnti 5505 mcs 24
slot 14 index 0 rnti 5505 mcs 24
slot 15 index 0 rnti 5505 mcs 24
slot 16 index 0 rnti 5505 mcs 24
slot 4 index 0 rnti 5505 mcs 24
slot 5 index 0 rnti 5505 mcs 24
[EMURAN-DL-CSV] t=16.513 win_tbs=20 win_fail=2 win_bler=0.10000 mcs_last=24 mcs_min=24 mcs_max=24 r0=18 r1=2 r2=0 r3=0  f0=2 f1=0 f2=0 f3=0 tot_tbs=3840 tot_fail=383 tot_bler=0.09974 tot_init=3484 tot_retx=356
slot 6 index 0 rnti 5505 mcs 24
slot 14 index 0 rnti 5505 mcs 24
slot 15 index 0 rnti 5505 mcs 24
slot 16 index 0 rnti 5505 mcs 24
slot 4 index 0 rnti 5505 mcs 24
slot 5 index 0 rnti 5505 mcs 24
slot 6 index 0 rnti 5505 mcs 24
slot 14 index 0 rnti 5505 mcs 24
slot 15 index 0 rnti 5505 mcs 24
slot 16 index 0 rnti 5505 mcs 24
slot 4 index 0 rnti 5505 mcs 24
slot 5 index 0 rnti 5505 mcs 24
slot 6 index 0 rnti 5505 mcs 24
slot 14 index 0 rnti 5505 mcs 24
slot 15 index 0 rnti 5505 mcs 24
slot 16 index 0 rnti 5505 mcs 24
slot 4 index 0 rnti 5505 mcs 24
slot 5 index 0 rnti 5505 mcs 24
slot 6 index 0 rnti 5505 mcs 24
slot 14 index 0 rnti 5505 mcs 24
[EMURAN-DL-CSV] t=16.586 win_tbs=20 win_fail=2 win_bler=0.10000 mcs_last=24 mcs_min=24 mcs_max=24 r0=17 r1=2 r2=1 r3=0  f0=2 f1=0 f2=0 f3=0 tot_tbs=3860 tot_fail=385 tot_bler=0.09974 tot_init=3501 tot_retx=359
slot 15 index 0 rnti 5505 mcs 24
slot 16 index 0 rnti 5505 mcs 24
slot 4 index 0 rnti 5505 mcs 24
slot 5 index 0 rnti 5505 mcs 24
slot 6 index 0 rnti 5505 mcs 24
slot 14 index 0 rnti 5505 mcs 24
slot 15 index 0 rnti 5505 mcs 24
slot 16 index 0 rnti 5505 mcs 24
slot 4 index 0 rnti 5505 mcs 24
slot 5 index 0 rnti 5505 mcs 24
slot 6 index 0 rnti 5505 mcs 24
slot 14 index 0 rnti 5505 mcs 24
slot 15 index 0 rnti 5505 mcs 24
slot 16 index 0 rnti 5505 mcs 24
slot 4 index 0 rnti 5505 mcs 24
slot 5 index 0 rnti 5505 mcs 24
slot 6 index 0 rnti 5505 mcs 24
slot 14 index 0 rnti 5505 mcs 24
slot 15 index 0 rnti 5505 mcs 24
slot 16 index 0 rnti 5505 mcs 24
[EMURAN-DL-CSV] t=16.651 win_tbs=20 win_fail=0 win_bler=0.00000 mcs_last=24 mcs_min=24 mcs_max=24 r0=20 r1=0 r2=0 r3=0  f0=0 f1=0 f2=0 f3=0 tot_tbs=3880 tot_fail=385 tot_bler=0.09923 tot_init=3521 tot_retx=359
slot 4 index 0 rnti 5505 mcs 24
slot 5 index 0 rnti 5505 mcs 24
slot 6 index 0 rnti 5505 mcs 24
slot 14 index 0 rnti 5505 mcs 24
slot 15 index 0 rnti 5505 mcs 24
slot 16 index 0 rnti 5505 mcs 24
slot 4 index 0 rnti 5505 mcs 24
slot 5 index 0 rnti 5505 mcs 24
slot 6 index 0 rnti 5505 mcs 24
slot 14 index 0 rnti 5505 mcs 24
slot 15 index 0 rnti 5505 mcs 24
slot 16 index 0 rnti 5505 mcs 24
slot 4 index 0 rnti 5505 mcs 24
slot 5 index 0 rnti 5505 mcs 24
slot 6 index 0 rnti 5505 mcs 24
slot 14 index 0 rnti 5505 mcs 24
slot 15 index 0 rnti 5505 mcs 24
slot 16 index 0 rnti 5505 mcs 24
[UE-STAT] frame=300 dci_cnt=600 total_tbs=41803200 ack_real=492 nack_real=32 fb_missing=76 decode_cnt=600
slot 4 index 0 rnti 5505 mcs 24
slot 5 index 0 rnti 5505 mcs 24
[EMURAN-DL-CSV] t=16.723 win_tbs=20 win_fail=4 win_bler=0.20000 mcs_last=24 mcs_min=24 mcs_max=24 r0=18 r1=2 r2=0 r3=0  f0=4 f1=0 f2=0 f3=0 tot_tbs=3900 tot_fail=389 tot_bler=0.09974 tot_init=3539 tot_retx=361
slot 6 index 0 rnti 5505 mcs 24
slot 14 index 0 rnti 5505 mcs 24
slot 15 index 0 rnti 5505 mcs 24
slot 16 index 0 rnti 5505 mcs 24
slot 4 index 0 rnti 5505 mcs 24
slot 5 index 0 rnti 5505 mcs 24
slot 6 index 0 rnti 5505 mcs 24
slot 14 index 0 rnti 5505 mcs 24
slot 15 index 0 rnti 5505 mcs 24
slot 16 index 0 rnti 5505 mcs 24
slot 4 index 0 rnti 5505 mcs 24
slot 5 index 0 rnti 5505 mcs 24
slot 6 index 0 rnti 5505 mcs 24
slot 14 index 0 rnti 5505 mcs 24
slot 15 index 0 rnti 5505 mcs 24
slot 16 index 0 rnti 5505 mcs 24
slot 4 index 0 rnti 5505 mcs 24
slot 5 index 0 rnti 5505 mcs 24
slot 6 index 0 rnti 5505 mcs 24
slot 14 index 0 rnti 5505 mcs 24
[EMURAN-DL-CSV] t=16.796 win_tbs=20 win_fail=0 win_bler=0.00000 mcs_last=24 mcs_min=24 mcs_max=24 r0=19 r1=1 r2=0 r3=0  f0=0 f1=0 f2=0 f3=0 tot_tbs=3920 tot_fail=389 tot_bler=0.09923 tot_init=3558 tot_retx=362
slot 15 index 0 rnti 5505 mcs 24
slot 16 index 0 rnti 5505 mcs 24
slot 4 index 0 rnti 5505 mcs 24
slot 5 index 0 rnti 5505 mcs 24
slot 6 index 0 rnti 5505 mcs 24
slot 14 index 0 rnti 5505 mcs 24
slot 15 index 0 rnti 5505 mcs 24
slot 16 index 0 rnti 5505 mcs 24
slot 4 index 0 rnti 5505 mcs 24
slot 5 index 0 rnti 5505 mcs 24
slot 6 index 0 rnti 5505 mcs 24
slot 14 index 0 rnti 5505 mcs 24
slot 15 index 0 rnti 5505 mcs 24
slot 16 index 0 rnti 5505 mcs 24
slot 4 index 0 rnti 5505 mcs 24
slot 5 index 0 rnti 5505 mcs 24
slot 6 index 0 rnti 5505 mcs 24
slot 14 index 0 rnti 5505 mcs 24
slot 15 index 0 rnti 5505 mcs 24
slot 16 index 0 rnti 5505 mcs 24
[EMURAN-DL-CSV] t=16.861 win_tbs=20 win_fail=0 win_bler=0.00000 mcs_last=24 mcs_min=24 mcs_max=24 r0=19 r1=1 r2=0 r3=0  f0=0 f1=0 f2=0 f3=0 tot_tbs=3940 tot_fail=389 tot_bler=0.09873 tot_init=3577 tot_retx=363
slot 4 index 0 rnti 5505 mcs 24
slot 5 index 0 rnti 5505 mcs 24
slot 6 index 0 rnti 5505 mcs 24
slot 14 index 0 rnti 5505 mcs 24
slot 15 index 0 rnti 5505 mcs 24
slot 16 index 0 rnti 5505 mcs 24
slot 4 index 0 rnti 5505 mcs 24
slot 5 index 0 rnti 5505 mcs 24
slot 6 index 0 rnti 5505 mcs 24
slot 14 index 0 rnti 5505 mcs 24
slot 15 index 0 rnti 5505 mcs 24
slot 16 index 0 rnti 5505 mcs 24
slot 4 index 0 rnti 5505 mcs 24
slot 5 index 0 rnti 5505 mcs 24
slot 6 index 0 rnti 5505 mcs 24
slot 14 index 0 rnti 5505 mcs 24
slot 15 index 0 rnti 5505 mcs 24
slot 16 index 0 rnti 5505 mcs 24
slot 4 index 0 rnti 5505 mcs 24
slot 5 index 0 rnti 5505 mcs 24
[EMURAN-DL-CSV] t=16.933 win_tbs=20 win_fail=0 win_bler=0.00000 mcs_last=24 mcs_min=24 mcs_max=24 r0=20 r1=0 r2=0 r3=0  f0=0 f1=0 f2=0 f3=0 tot_tbs=3960 tot_fail=389 tot_bler=0.09823 tot_init=3597 tot_retx=363
slot 6 index 0 rnti 5505 mcs 24
slot 14 index 0 rnti 5505 mcs 24
slot 15 index 0 rnti 5505 mcs 24
slot 16 index 0 rnti 5505 mcs 24
slot 4 index 0 rnti 5505 mcs 24
slot 5 index 0 rnti 5505 mcs 24
slot 6 index 0 rnti 5505 mcs 24
slot 14 index 0 rnti 5505 mcs 24
slot 15 index 0 rnti 5505 mcs 24
slot 16 index 0 rnti 5505 mcs 24
slot 4 index 0 rnti 5505 mcs 24
slot 5 index 0 rnti 5505 mcs 24
slot 6 index 0 rnti 5505 mcs 24
slot 14 index 0 rnti 5505 mcs 24
slot 15 index 0 rnti 5505 mcs 24
slot 16 index 0 rnti 5505 mcs 24
slot 4 index 0 rnti 5505 mcs 24
slot 5 index 0 rnti 5505 mcs 24
slot 6 index 0 rnti 5505 mcs 24
slot 14 index 0 rnti 5505 mcs 24
[EMURAN-DL-CSV] t=17.006 win_tbs=20 win_fail=0 win_bler=0.00000 mcs_last=24 mcs_min=24 mcs_max=24 r0=20 r1=0 r2=0 r3=0  f0=0 f1=0 f2=0 f3=0 tot_tbs=3980 tot_fail=389 tot_bler=0.09774 tot_init=3617 tot_retx=363
slot 15 index 0 rnti 5505 mcs 24
slot 16 index 0 rnti 5505 mcs 24
slot 4 index 0 rnti 5505 mcs 24
slot 5 index 0 rnti 5505 mcs 24
slot 6 index 0 rnti 5505 mcs 24
slot 14 index 0 rnti 5505 mcs 24
slot 15 index 0 rnti 5505 mcs 24
slot 16 index 0 rnti 5505 mcs 24
slot 4 index 0 rnti 5505 mcs 24
slot 5 index 0 rnti 5505 mcs 24
slot 6 index 0 rnti 5505 mcs 24
slot 14 index 0 rnti 5505 mcs 24
slot 15 index 0 rnti 5505 mcs 24
slot 16 index 0 rnti 5505 mcs 24
slot 4 index 0 rnti 5505 mcs 24
slot 5 index 0 rnti 5505 mcs 24
slot 6 index 0 rnti 5505 mcs 24
slot 14 index 0 rnti 5505 mcs 24
slot 15 index 0 rnti 5505 mcs 24
slot 16 index 0 rnti 5505 mcs 24
[EMURAN-DL-CSV] t=17.071 win_tbs=20 win_fail=1 win_bler=0.05000 mcs_last=24 mcs_min=24 mcs_max=24 r0=19 r1=1 r2=0 r3=0  f0=1 f1=0 f2=0 f3=0 tot_tbs=4000 tot_fail=390 tot_bler=0.09750 tot_init=3636 tot_retx=364
slot 4 index 0 rnti 5505 mcs 24
slot 5 index 0 rnti 5505 mcs 24
slot 6 index 0 rnti 5505 mcs 24
slot 14 index 0 rnti 5505 mcs 24
slot 15 index 0 rnti 5505 mcs 24
slot 16 index 0 rnti 5505 mcs 24
slot 4 index 0 rnti 5505 mcs 24
slot 5 index 0 rnti 5505 mcs 24
slot 6 index 0 rnti 5505 mcs 24
slot 14 index 0 rnti 5505 mcs 24
slot 15 index 0 rnti 5505 mcs 24
slot 16 index 0 rnti 5505 mcs 24
slot 4 index 0 rnti 5505 mcs 24
slot 5 index 0 rnti 5505 mcs 24
slot 6 index 0 rnti 5505 mcs 24
slot 14 index 0 rnti 5505 mcs 24
slot 15 index 0 rnti 5505 mcs 24
slot 16 index 0 rnti 5505 mcs 24
slot 4 index 0 rnti 5505 mcs 24
slot 5 index 0 rnti 5505 mcs 24
[EMURAN-DL-CSV] t=17.143 win_tbs=20 win_fail=1 win_bler=0.05000 mcs_last=24 mcs_min=24 mcs_max=24 r0=19 r1=1 r2=0 r3=0  f0=1 f1=0 f2=0 f3=0 tot_tbs=4020 tot_fail=391 tot_bler=0.09726 tot_init=3655 tot_retx=365
slot 6 index 0 rnti 5505 mcs 24
slot 14 index 0 rnti 5505 mcs 24
slot 15 index 0 rnti 5505 mcs 24
slot 16 index 0 rnti 5505 mcs 24
slot 4 index 0 rnti 5505 mcs 24
slot 5 index 0 rnti 5505 mcs 24
slot 6 index 0 rnti 5505 mcs 24
slot 14 index 0 rnti 5505 mcs 24
slot 15 index 0 rnti 5505 mcs 24
slot 16 index 0 rnti 5505 mcs 24
slot 4 index 0 rnti 5505 mcs 24
slot 5 index 0 rnti 5505 mcs 24
slot 6 index 0 rnti 5505 mcs 24
slot 14 index 0 rnti 5505 mcs 24
slot 15 index 0 rnti 5505 mcs 24
slot 16 index 0 rnti 5505 mcs 24
slot 4 index 0 rnti 5505 mcs 24
slot 5 index 0 rnti 5505 mcs 24
slot 6 index 0 rnti 5505 mcs 24
slot 14 index 0 rnti 5505 mcs 24
[EMURAN-DL-CSV] t=17.216 win_tbs=20 win_fail=0 win_bler=0.00000 mcs_last=24 mcs_min=24 mcs_max=24 r0=19 r1=1 r2=0 r3=0  f0=0 f1=0 f2=0 f3=0 tot_tbs=4040 tot_fail=391 tot_bler=0.09678 tot_init=3674 tot_retx=366
slot 15 index 0 rnti 5505 mcs 24
slot 16 index 0 rnti 5505 mcs 24
slot 4 index 0 rnti 5505 mcs 24
slot 5 index 0 rnti 5505 mcs 24
slot 6 index 0 rnti 5505 mcs 24
slot 14 index 0 rnti 5505 mcs 24
slot 15 index 0 rnti 5505 mcs 24
slot 16 index 0 rnti 5505 mcs 24
slot 4 index 0 rnti 5505 mcs 24
slot 5 index 0 rnti 5505 mcs 24
slot 6 index 0 rnti 5505 mcs 24
slot 14 index 0 rnti 5505 mcs 24
slot 15 index 0 rnti 5505 mcs 24
slot 16 index 0 rnti 5505 mcs 24
slot 4 index 0 rnti 5505 mcs 24
slot 5 index 0 rnti 5505 mcs 24
slot 6 index 0 rnti 5505 mcs 24
slot 14 index 0 rnti 5505 mcs 24
slot 15 index 0 rnti 5505 mcs 24
slot 16 index 0 rnti 5505 mcs 24
[EMURAN-DL-CSV] t=17.281 win_tbs=20 win_fail=2 win_bler=0.10000 mcs_last=24 mcs_min=24 mcs_max=24 r0=19 r1=1 r2=0 r3=0  f0=2 f1=0 f2=0 f3=0 tot_tbs=4060 tot_fail=393 tot_bler=0.09680 tot_init=3693 tot_retx=367
slot 4 index 0 rnti 5505 mcs 24
slot 5 index 0 rnti 5505 mcs 24
slot 6 index 0 rnti 5505 mcs 24
slot 14 index 0 rnti 5505 mcs 24
slot 15 index 0 rnti 5505 mcs 24
slot 16 index 0 rnti 5505 mcs 24
slot 4 index 0 rnti 5505 mcs 24
slot 5 index 0 rnti 5505 mcs 24
slot 6 index 0 rnti 5505 mcs 24
slot 14 index 0 rnti 5505 mcs 24
slot 15 index 0 rnti 5505 mcs 24
slot 16 index 0 rnti 5505 mcs 24
slot 4 index 0 rnti 5505 mcs 24
slot 5 index 0 rnti 5505 mcs 24
slot 6 index 0 rnti 5505 mcs 24
slot 14 index 0 rnti 5505 mcs 24
slot 15 index 0 rnti 5505 mcs 24
slot 16 index 0 rnti 5505 mcs 24
slot 4 index 0 rnti 5505 mcs 24
slot 5 index 0 rnti 5505 mcs 24
[EMURAN-DL-CSV] t=17.353 win_tbs=20 win_fail=0 win_bler=0.00000 mcs_last=24 mcs_min=24 mcs_max=24 r0=19 r1=1 r2=0 r3=0  f0=0 f1=0 f2=0 f3=0 tot_tbs=4080 tot_fail=393 tot_bler=0.09632 tot_init=3712 tot_retx=368
slot 6 index 0 rnti 5505 mcs 24
slot 14 index 0 rnti 5505 mcs 24
slot 15 index 0 rnti 5505 mcs 24
slot 16 index 0 rnti 5505 mcs 24
slot 4 index 0 rnti 5505 mcs 24
slot 5 index 0 rnti 5505 mcs 24
slot 6 index 0 rnti 5505 mcs 24
slot 14 index 0 rnti 5505 mcs 24
slot 15 index 0 rnti 5505 mcs 24
slot 16 index 0 rnti 5505 mcs 24
slot 4 index 0 rnti 5505 mcs 24
slot 5 index 0 rnti 5505 mcs 24
slot 6 index 0 rnti 5505 mcs 24
slot 14 index 0 rnti 5505 mcs 24
slot 15 index 0 rnti 5505 mcs 24
slot 16 index 0 rnti 5505 mcs 24
slot 4 index 0 rnti 5505 mcs 24
slot 5 index 0 rnti 5505 mcs 24
slot 6 index 0 rnti 5505 mcs 24
slot 14 index 0 rnti 5505 mcs 24
[EMURAN-DL-CSV] t=17.426 win_tbs=20 win_fail=0 win_bler=0.00000 mcs_last=24 mcs_min=24 mcs_max=24 r0=20 r1=0 r2=0 r3=0  f0=0 f1=0 f2=0 f3=0 tot_tbs=4100 tot_fail=393 tot_bler=0.09585 tot_init=3732 tot_retx=368
slot 15 index 0 rnti 5505 mcs 24
slot 16 index 0 rnti 5505 mcs 24
slot 4 index 0 rnti 5505 mcs 24
slot 5 index 0 rnti 5505 mcs 24
slot 6 index 0 rnti 5505 mcs 24
slot 14 index 0 rnti 5505 mcs 24
slot 15 index 0 rnti 5505 mcs 24
slot 16 index 0 rnti 5505 mcs 24
slot 4 index 0 rnti 5505 mcs 24
slot 5 index 0 rnti 5505 mcs 24
slot 6 index 0 rnti 5505 mcs 24
slot 14 index 0 rnti 5505 mcs 24
slot 15 index 0 rnti 5505 mcs 24
slot 16 index 0 rnti 5505 mcs 24
slot 4 index 0 rnti 5505 mcs 24
slot 5 index 0 rnti 5505 mcs 24
slot 6 index 0 rnti 5505 mcs 24
slot 14 index 0 rnti 5505 mcs 24
slot 15 index 0 rnti 5505 mcs 24
slot 16 index 0 rnti 5505 mcs 24
[EMURAN-DL-CSV] t=17.491 win_tbs=20 win_fail=0 win_bler=0.00000 mcs_last=24 mcs_min=24 mcs_max=24 r0=19 r1=1 r2=0 r3=0  f0=0 f1=0 f2=0 f3=0 tot_tbs=4120 tot_fail=393 tot_bler=0.09539 tot_init=3751 tot_retx=369
slot 4 index 0 rnti 5505 mcs 24
slot 5 index 0 rnti 5505 mcs 24
slot 6 index 0 rnti 5505 mcs 24
slot 14 index 0 rnti 5505 mcs 24
slot 15 index 0 rnti 5505 mcs 24
slot 16 index 0 rnti 5505 mcs 24
slot 4 index 0 rnti 5505 mcs 24
slot 5 index 0 rnti 5505 mcs 24
slot 6 index 0 rnti 5505 mcs 24
slot 14 index 0 rnti 5505 mcs 24
slot 15 index 0 rnti 5505 mcs 24
slot 16 index 0 rnti 5505 mcs 24
slot 4 index 0 rnti 5505 mcs 24
slot 5 index 0 rnti 5505 mcs 24
slot 6 index 0 rnti 5505 mcs 24
slot 14 index 0 rnti 5505 mcs 24
slot 15 index 0 rnti 5505 mcs 24
slot 16 index 0 rnti 5505 mcs 24
slot 4 index 0 rnti 5505 mcs 24
slot 5 index 0 rnti 5505 mcs 24
[EMURAN-DL-CSV] t=17.564 win_tbs=20 win_fail=0 win_bler=0.00000 mcs_last=24 mcs_min=24 mcs_max=24 r0=20 r1=0 r2=0 r3=0  f0=0 f1=0 f2=0 f3=0 tot_tbs=4140 tot_fail=393 tot_bler=0.09493 tot_init=3771 tot_retx=369
slot 6 index 0 rnti 5505 mcs 24
slot 14 index 0 rnti 5505 mcs 24
slot 15 index 0 rnti 5505 mcs 24
slot 16 index 0 rnti 5505 mcs 24
slot 4 index 0 rnti 5505 mcs 24
slot 5 index 0 rnti 5505 mcs 24
slot 6 index 0 rnti 5505 mcs 24
slot 14 index 0 rnti 5505 mcs 24
slot 15 index 0 rnti 5505 mcs 24
slot 16 index 0 rnti 5505 mcs 24
slot 4 index 0 rnti 5505 mcs 24
slot 5 index 0 rnti 5505 mcs 24
slot 6 index 0 rnti 5505 mcs 24
slot 14 index 0 rnti 5505 mcs 24
slot 15 index 0 rnti 5505 mcs 24
slot 16 index 0 rnti 5505 mcs 24
slot 4 index 0 rnti 5505 mcs 24
slot 5 index 0 rnti 5505 mcs 24
slot 6 index 0 rnti 5505 mcs 24
slot 14 index 0 rnti 5505 mcs 24
[EMURAN-DL-CSV] t=17.636 win_tbs=20 win_fail=0 win_bler=0.00000 mcs_last=24 mcs_min=24 mcs_max=24 r0=20 r1=0 r2=0 r3=0  f0=0 f1=0 f2=0 f3=0 tot_tbs=4160 tot_fail=393 tot_bler=0.09447 tot_init=3791 tot_retx=369
slot 15 index 0 rnti 5505 mcs 24
slot 16 index 0 rnti 5505 mcs 24
slot 4 index 0 rnti 5505 mcs 24
slot 5 index 0 rnti 5505 mcs 24
slot 6 index 0 rnti 5505 mcs 24
slot 14 index 0 rnti 5505 mcs 24
slot 15 index 0 rnti 5505 mcs 24
slot 16 index 0 rnti 5505 mcs 24
slot 4 index 0 rnti 5505 mcs 24
slot 5 index 0 rnti 5505 mcs 24
slot 6 index 0 rnti 5505 mcs 24
slot 14 index 0 rnti 5505 mcs 24
slot 15 index 0 rnti 5505 mcs 24
slot 16 index 0 rnti 5505 mcs 24
slot 4 index 0 rnti 5505 mcs 24
slot 5 index 0 rnti 5505 mcs 24
slot 6 index 0 rnti 5505 mcs 24
slot 14 index 0 rnti 5505 mcs 24
slot 15 index 0 rnti 5505 mcs 24
slot 16 index 0 rnti 5505 mcs 24
[EMURAN-DL-CSV] t=17.701 win_tbs=20 win_fail=2 win_bler=0.10000 mcs_last=24 mcs_min=24 mcs_max=24 r0=19 r1=1 r2=0 r3=0  f0=2 f1=0 f2=0 f3=0 tot_tbs=4180 tot_fail=395 tot_bler=0.09450 tot_init=3810 tot_retx=370
slot 4 index 0 rnti 5505 mcs 24
slot 5 index 0 rnti 5505 mcs 24
slot 6 index 0 rnti 5505 mcs 24
slot 14 index 0 rnti 5505 mcs 24
slot 15 index 0 rnti 5505 mcs 24
slot 16 index 0 rnti 5505 mcs 24
slot 4 index 0 rnti 5505 mcs 24
slot 5 index 0 rnti 5505 mcs 24
slot 6 index 0 rnti 5505 mcs 24
slot 14 index 0 rnti 5505 mcs 24
slot 15 index 0 rnti 5505 mcs 24
slot 16 index 0 rnti 5505 mcs 24
slot 4 index 0 rnti 5505 mcs 24
slot 5 index 0 rnti 5505 mcs 24
slot 6 index 0 rnti 5505 mcs 24
slot 14 index 0 rnti 5505 mcs 24
slot 15 index 0 rnti 5505 mcs 24
slot 16 index 0 rnti 5505 mcs 24
slot 4 index 0 rnti 5505 mcs 24
slot 5 index 0 rnti 5505 mcs 24
[EMURAN-DL-CSV] t=17.774 win_tbs=20 win_fail=2 win_bler=0.10000 mcs_last=24 mcs_min=24 mcs_max=24 r0=19 r1=1 r2=0 r3=0  f0=2 f1=0 f2=0 f3=0 tot_tbs=4200 tot_fail=397 tot_bler=0.09452 tot_init=3829 tot_retx=371
slot 6 index 0 rnti 5505 mcs 24
slot 14 index 0 rnti 5505 mcs 24
slot 15 index 0 rnti 5505 mcs 24
slot 16 index 0 rnti 5505 mcs 24
slot 4 index 0 rnti 5505 mcs 24
slot 5 index 0 rnti 5505 mcs 24
slot 6 index 0 rnti 5505 mcs 24
slot 14 index 0 rnti 5505 mcs 24
slot 15 index 0 rnti 5505 mcs 24
slot 16 index 0 rnti 5505 mcs 24
slot 4 index 0 rnti 5505 mcs 24
slot 5 index 0 rnti 5505 mcs 24
slot 6 index 0 rnti 5505 mcs 24
slot 14 index 0 rnti 5505 mcs 24
slot 15 index 0 rnti 5505 mcs 24
slot 16 index 0 rnti 5505 mcs 24
slot 4 index 0 rnti 5505 mcs 24
slot 5 index 0 rnti 5505 mcs 24
slot 6 index 0 rnti 5505 mcs 24
slot 14 index 0 rnti 5505 mcs 24
[EMURAN-DL-CSV] t=17.846 win_tbs=20 win_fail=2 win_bler=0.10000 mcs_last=24 mcs_min=24 mcs_max=24 r0=19 r1=1 r2=0 r3=0  f0=2 f1=0 f2=0 f3=0 tot_tbs=4220 tot_fail=399 tot_bler=0.09455 tot_init=3848 tot_retx=372
slot 15 index 0 rnti 5505 mcs 24
slot 16 index 0 rnti 5505 mcs 24
slot 4 index 0 rnti 5505 mcs 24
slot 5 index 0 rnti 5505 mcs 24
slot 6 index 0 rnti 5505 mcs 24
slot 14 index 0 rnti 5505 mcs 24
slot 15 index 0 rnti 5505 mcs 24
slot 16 index 0 rnti 5505 mcs 24
slot 4 index 0 rnti 5505 mcs 24
slot 5 index 0 rnti 5505 mcs 24
slot 6 index 0 rnti 5505 mcs 24
slot 14 index 0 rnti 5505 mcs 24
slot 15 index 0 rnti 5505 mcs 24
slot 16 index 0 rnti 5505 mcs 24
slot 4 index 0 rnti 5505 mcs 24
slot 5 index 0 rnti 5505 mcs 24
slot 6 index 0 rnti 5505 mcs 24
slot 14 index 0 rnti 5505 mcs 24
slot 15 index 0 rnti 5505 mcs 24
slot 16 index 0 rnti 5505 mcs 24
[EMURAN-DL-CSV] t=17.911 win_tbs=20 win_fail=1 win_bler=0.05000 mcs_last=24 mcs_min=24 mcs_max=24 r0=17 r1=3 r2=0 r3=0  f0=1 f1=0 f2=0 f3=0 tot_tbs=4240 tot_fail=400 tot_bler=0.09434 tot_init=3865 tot_retx=375
slot 4 index 0 rnti 5505 mcs 24
slot 5 index 0 rnti 5505 mcs 24
slot 6 index 0 rnti 5505 mcs 24
slot 14 index 0 rnti 5505 mcs 24
slot 15 index 0 rnti 5505 mcs 24
slot 16 index 0 rnti 5505 mcs 24
slot 4 index 0 rnti 5505 mcs 24
slot 5 index 0 rnti 5505 mcs 24
slot 6 index 0 rnti 5505 mcs 24
slot 14 index 0 rnti 5505 mcs 24
slot 15 index 0 rnti 5505 mcs 24
slot 16 index 0 rnti 5505 mcs 24
slot 4 index 0 rnti 5505 mcs 24
slot 5 index 0 rnti 5505 mcs 24
slot 6 index 0 rnti 5505 mcs 24
slot 14 index 0 rnti 5505 mcs 24
slot 15 index 0 rnti 5505 mcs 24
slot 16 index 0 rnti 5505 mcs 24
slot 4 index 0 rnti 5505 mcs 24
slot 5 index 0 rnti 5505 mcs 24
[EMURAN-DL-CSV] t=17.984 win_tbs=20 win_fail=3 win_bler=0.15000 mcs_last=24 mcs_min=24 mcs_max=24 r0=17 r1=3 r2=0 r3=0  f0=3 f1=0 f2=0 f3=0 tot_tbs=4260 tot_fail=403 tot_bler=0.09460 tot_init=3882 tot_retx=378
slot 6 index 0 rnti 5505 mcs 24
slot 14 index 0 rnti 5505 mcs 24
slot 15 index 0 rnti 5505 mcs 24
slot 16 index 0 rnti 5505 mcs 24
slot 4 index 0 rnti 5505 mcs 24
slot 5 index 0 rnti 5505 mcs 24
slot 6 index 0 rnti 5505 mcs 24
slot 14 index 0 rnti 5505 mcs 24
slot 15 index 0 rnti 5505 mcs 24
slot 16 index 0 rnti 5505 mcs 24
slot 4 index 0 rnti 5505 mcs 24
slot 5 index 0 rnti 5505 mcs 24
slot 6 index 0 rnti 5505 mcs 24
slot 14 index 0 rnti 5505 mcs 24
slot 15 index 0 rnti 5505 mcs 24
slot 16 index 0 rnti 5505 mcs 24
slot 4 index 0 rnti 5505 mcs 24
slot 5 index 0 rnti 5505 mcs 24
slot 6 index 0 rnti 5505 mcs 24
slot 14 index 0 rnti 5505 mcs 24
[EMURAN-DL-CSV] t=18.056 win_tbs=20 win_fail=2 win_bler=0.10000 mcs_last=24 mcs_min=24 mcs_max=24 r0=20 r1=0 r2=0 r3=0  f0=2 f1=0 f2=0 f3=0 tot_tbs=4280 tot_fail=405 tot_bler=0.09463 tot_init=3902 tot_retx=378
slot 15 index 0 rnti 5505 mcs 24
slot 16 index 0 rnti 5505 mcs 24
slot 4 index 0 rnti 5505 mcs 24
slot 5 index 0 rnti 5505 mcs 24
slot 6 index 0 rnti 5505 mcs 24
slot 14 index 0 rnti 5505 mcs 24
slot 15 index 0 rnti 5505 mcs 24
slot 16 index 0 rnti 5505 mcs 24
slot 4 index 0 rnti 5505 mcs 24
slot 5 index 0 rnti 5505 mcs 24
slot 6 index 0 rnti 5505 mcs 24
slot 14 index 0 rnti 5505 mcs 24
slot 15 index 0 rnti 5505 mcs 24
slot 16 index 0 rnti 5505 mcs 24
slot 4 index 0 rnti 5505 mcs 24
slot 5 index 0 rnti 5505 mcs 24
slot 6 index 0 rnti 5505 mcs 24
slot 14 index 0 rnti 5505 mcs 24
slot 15 index 0 rnti 5505 mcs 24
slot 16 index 0 rnti 5505 mcs 24
[EMURAN-DL-CSV] t=18.121 win_tbs=20 win_fail=1 win_bler=0.05000 mcs_last=24 mcs_min=24 mcs_max=24 r0=17 r1=2 r2=1 r3=0  f0=1 f1=0 f2=0 f3=0 tot_tbs=4300 tot_fail=406 tot_bler=0.09442 tot_init=3919 tot_retx=381
slot 4 index 0 rnti 5505 mcs 24
slot 5 index 0 rnti 5505 mcs 24
slot 6 index 0 rnti 5505 mcs 24
slot 14 index 0 rnti 5505 mcs 24
slot 15 index 0 rnti 5505 mcs 24
slot 16 index 0 rnti 5505 mcs 24
slot 4 index 0 rnti 5505 mcs 24
slot 5 index 0 rnti 5505 mcs 24
slot 6 index 0 rnti 5505 mcs 24
slot 14 index 0 rnti 5505 mcs 24
slot 15 index 0 rnti 5505 mcs 24
slot 16 index 0 rnti 5505 mcs 24
slot 4 index 0 rnti 5505 mcs 24
slot 5 index 0 rnti 5505 mcs 24
slot 6 index 0 rnti 5505 mcs 24
slot 14 index 0 rnti 5505 mcs 24
slot 15 index 0 rnti 5505 mcs 24
slot 16 index 0 rnti 5505 mcs 24
slot 4 index 0 rnti 5505 mcs 24
slot 5 index 0 rnti 5505 mcs 24
[EMURAN-DL-CSV] t=18.194 win_tbs=20 win_fail=3 win_bler=0.15000 mcs_last=24 mcs_min=24 mcs_max=24 r0=16 r1=4 r2=0 r3=0  f0=3 f1=0 f2=0 f3=0 tot_tbs=4320 tot_fail=409 tot_bler=0.09468 tot_init=3935 tot_retx=385
slot 6 index 0 rnti 5505 mcs 24
slot 14 index 0 rnti 5505 mcs 24
slot 15 index 0 rnti 5505 mcs 24
slot 16 index 0 rnti 5505 mcs 24
slot 4 index 0 rnti 5505 mcs 24
slot 5 index 0 rnti 5505 mcs 24
slot 6 index 0 rnti 5505 mcs 24
slot 14 index 0 rnti 5505 mcs 24
slot 15 index 0 rnti 5505 mcs 24
slot 16 index 0 rnti 5505 mcs 24
slot 4 index 0 rnti 5505 mcs 24
slot 5 index 0 rnti 5505 mcs 24
slot 6 index 0 rnti 5505 mcs 24
slot 14 index 0 rnti 5505 mcs 24
slot 15 index 0 rnti 5505 mcs 24
slot 16 index 0 rnti 5505 mcs 24
slot 4 index 0 rnti 5505 mcs 24
slot 5 index 0 rnti 5505 mcs 24
slot 6 index 0 rnti 5505 mcs 24
slot 14 index 0 rnti 5505 mcs 24
[EMURAN-DL-CSV] t=18.266 win_tbs=20 win_fail=1 win_bler=0.05000 mcs_last=24 mcs_min=24 mcs_max=24 r0=19 r1=1 r2=0 r3=0  f0=1 f1=0 f2=0 f3=0 tot_tbs=4340 tot_fail=410 tot_bler=0.09447 tot_init=3954 tot_retx=386
slot 15 index 0 rnti 5505 mcs 24
slot 16 index 0 rnti 5505 mcs 24
slot 4 index 0 rnti 5505 mcs 24
slot 5 index 0 rnti 5505 mcs 24
slot 6 index 0 rnti 5505 mcs 24
slot 14 index 0 rnti 5505 mcs 24
slot 15 index 0 rnti 5505 mcs 24
slot 16 index 0 rnti 5505 mcs 24
slot 4 index 0 rnti 5505 mcs 24
slot 5 index 0 rnti 5505 mcs 24
slot 6 index 0 rnti 5505 mcs 24
slot 14 index 0 rnti 5505 mcs 24
slot 15 index 0 rnti 5505 mcs 24
slot 16 index 0 rnti 5505 mcs 24
slot 4 index 0 rnti 5505 mcs 24
slot 5 index 0 rnti 5505 mcs 24
slot 6 index 0 rnti 5505 mcs 24
slot 14 index 0 rnti 5505 mcs 24
slot 15 index 0 rnti 5505 mcs 24
slot 16 index 0 rnti 5505 mcs 24
[EMURAN-DL-CSV] t=18.331 win_tbs=20 win_fail=0 win_bler=0.00000 mcs_last=24 mcs_min=24 mcs_max=24 r0=20 r1=0 r2=0 r3=0  f0=0 f1=0 f2=0 f3=0 tot_tbs=4360 tot_fail=410 tot_bler=0.09404 tot_init=3974 tot_retx=386
slot 4 index 0 rnti 5505 mcs 24
slot 5 index 0 rnti 5505 mcs 24
slot 6 index 0 rnti 5505 mcs 24
slot 14 index 0 rnti 5505 mcs 24
slot 15 index 0 rnti 5505 mcs 24
slot 16 index 0 rnti 5505 mcs 24
slot 4 index 0 rnti 5505 mcs 24
slot 5 index 0 rnti 5505 mcs 24
slot 6 index 0 rnti 5505 mcs 24
slot 14 index 0 rnti 5505 mcs 24
slot 15 index 0 rnti 5505 mcs 24
slot 16 index 0 rnti 5505 mcs 24
slot 4 index 0 rnti 5505 mcs 24
slot 5 index 0 rnti 5505 mcs 24
slot 6 index 0 rnti 5505 mcs 24
slot 14 index 0 rnti 5505 mcs 24
slot 15 index 0 rnti 5505 mcs 24
slot 16 index 0 rnti 5505 mcs 24
slot 4 index 0 rnti 5505 mcs 24
slot 5 index 0 rnti 5505 mcs 24
[EMURAN-DL-CSV] t=18.404 win_tbs=20 win_fail=1 win_bler=0.05000 mcs_last=24 mcs_min=24 mcs_max=24 r0=19 r1=1 r2=0 r3=0  f0=1 f1=0 f2=0 f3=0 tot_tbs=4380 tot_fail=411 tot_bler=0.09384 tot_init=3993 tot_retx=387
slot 6 index 0 rnti 5505 mcs 24
slot 14 index 0 rnti 5505 mcs 24
slot 15 index 0 rnti 5505 mcs 24
slot 16 index 0 rnti 5505 mcs 24
slot 4 index 0 rnti 5505 mcs 24
slot 5 index 0 rnti 5505 mcs 24
slot 6 index 0 rnti 5505 mcs 24
slot 14 index 0 rnti 5505 mcs 24
slot 15 index 0 rnti 5505 mcs 24
slot 16 index 0 rnti 5505 mcs 24
slot 4 index 0 rnti 5505 mcs 24
slot 5 index 0 rnti 5505 mcs 24
slot 6 index 0 rnti 5505 mcs 24
slot 14 index 0 rnti 5505 mcs 24
slot 15 index 0 rnti 5505 mcs 24
slot 16 index 0 rnti 5505 mcs 24
slot 4 index 0 rnti 5505 mcs 24
slot 5 index 0 rnti 5505 mcs 24
slot 6 index 0 rnti 5505 mcs 24
slot 14 index 0 rnti 5505 mcs 24
[EMURAN-DL-CSV] t=18.476 win_tbs=20 win_fail=0 win_bler=0.00000 mcs_last=24 mcs_min=24 mcs_max=24 r0=20 r1=0 r2=0 r3=0  f0=0 f1=0 f2=0 f3=0 tot_tbs=4400 tot_fail=411 tot_bler=0.09341 tot_init=4013 tot_retx=387
slot 15 index 0 rnti 5505 mcs 24
slot 16 index 0 rnti 5505 mcs 24
slot 4 index 0 rnti 5505 mcs 24
slot 5 index 0 rnti 5505 mcs 24
slot 6 index 0 rnti 5505 mcs 24
slot 14 index 0 rnti 5505 mcs 24
slot 15 index 0 rnti 5505 mcs 24
slot 16 index 0 rnti 5505 mcs 24
slot 4 index 0 rnti 5505 mcs 24
slot 5 index 0 rnti 5505 mcs 24
slot 6 index 0 rnti 5505 mcs 24
slot 14 index 0 rnti 5505 mcs 24
slot 15 index 0 rnti 5505 mcs 24
slot 16 index 0 rnti 5505 mcs 24
slot 4 index 0 rnti 5505 mcs 24
slot 5 index 0 rnti 5505 mcs 24
slot 6 index 0 rnti 5505 mcs 24
slot 14 index 0 rnti 5505 mcs 24
slot 15 index 0 rnti 5505 mcs 24
slot 16 index 0 rnti 5505 mcs 24
[EMURAN-DL-CSV] t=18.541 win_tbs=20 win_fail=1 win_bler=0.05000 mcs_last=24 mcs_min=24 mcs_max=24 r0=18 r1=2 r2=0 r3=0  f0=1 f1=0 f2=0 f3=0 tot_tbs=4420 tot_fail=412 tot_bler=0.09321 tot_init=4031 tot_retx=389
slot 4 index 0 rnti 5505 mcs 24
slot 5 index 0 rnti 5505 mcs 24
slot 6 index 0 rnti 5505 mcs 24
slot 14 index 0 rnti 5505 mcs 24
slot 15 index 0 rnti 5505 mcs 24
slot 16 index 0 rnti 5505 mcs 24
slot 4 index 0 rnti 5505 mcs 24
slot 5 index 0 rnti 5505 mcs 24
slot 6 index 0 rnti 5505 mcs 24
slot 14 index 0 rnti 5505 mcs 24
slot 15 index 0 rnti 5505 mcs 24
slot 16 index 0 rnti 5505 mcs 24
slot 4 index 0 rnti 5505 mcs 24
slot 5 index 0 rnti 5505 mcs 24
slot 6 index 0 rnti 5505 mcs 24
slot 14 index 0 rnti 5505 mcs 24
slot 15 index 0 rnti 5505 mcs 24
slot 16 index 0 rnti 5505 mcs 24
slot 4 index 0 rnti 5505 mcs 24
slot 5 index 0 rnti 5505 mcs 24
[EMURAN-DL-CSV] t=18.614 win_tbs=20 win_fail=0 win_bler=0.00000 mcs_last=24 mcs_min=24 mcs_max=24 r0=20 r1=0 r2=0 r3=0  f0=0 f1=0 f2=0 f3=0 tot_tbs=4440 tot_fail=412 tot_bler=0.09279 tot_init=4051 tot_retx=389
slot 6 index 0 rnti 5505 mcs 24
slot 14 index 0 rnti 5505 mcs 24
slot 15 index 0 rnti 5505 mcs 24
slot 16 index 0 rnti 5505 mcs 24
slot 4 index 0 rnti 5505 mcs 24
slot 5 index 0 rnti 5505 mcs 24
slot 6 index 0 rnti 5505 mcs 24
slot 14 index 0 rnti 5505 mcs 24
slot 15 index 0 rnti 5505 mcs 24
slot 16 index 0 rnti 5505 mcs 24
slot 4 index 0 rnti 5505 mcs 24
slot 5 index 0 rnti 5505 mcs 24
slot 6 index 0 rnti 5505 mcs 24
slot 14 index 0 rnti 5505 mcs 24
slot 15 index 0 rnti 5505 mcs 24
slot 16 index 0 rnti 5505 mcs 24
slot 4 index 0 rnti 5505 mcs 24
slot 5 index 0 rnti 5505 mcs 24
slot 6 index 0 rnti 5505 mcs 24
slot 14 index 0 rnti 5505 mcs 24
[EMURAN-DL-CSV] t=18.686 win_tbs=20 win_fail=0 win_bler=0.00000 mcs_last=24 mcs_min=24 mcs_max=24 r0=20 r1=0 r2=0 r3=0  f0=0 f1=0 f2=0 f3=0 tot_tbs=4460 tot_fail=412 tot_bler=0.09238 tot_init=4071 tot_retx=389
slot 15 index 0 rnti 5505 mcs 24
slot 16 index 0 rnti 5505 mcs 24
slot 4 index 0 rnti 5505 mcs 24
slot 5 index 0 rnti 5505 mcs 24
slot 6 index 0 rnti 5505 mcs 24
slot 14 index 0 rnti 5505 mcs 24
slot 15 index 0 rnti 5505 mcs 24
slot 16 index 0 rnti 5505 mcs 24
slot 4 index 0 rnti 5505 mcs 24
slot 5 index 0 rnti 5505 mcs 24
slot 6 index 0 rnti 5505 mcs 24
slot 14 index 0 rnti 5505 mcs 24
slot 15 index 0 rnti 5505 mcs 24
slot 16 index 0 rnti 5505 mcs 24
slot 4 index 0 rnti 5505 mcs 24
slot 5 index 0 rnti 5505 mcs 24
slot 6 index 0 rnti 5505 mcs 24
slot 14 index 0 rnti 5505 mcs 24
slot 15 index 0 rnti 5505 mcs 24
slot 16 index 0 rnti 5505 mcs 24
[EMURAN-DL-CSV] t=18.751 win_tbs=20 win_fail=3 win_bler=0.15000 mcs_last=24 mcs_min=24 mcs_max=24 r0=17 r1=3 r2=0 r3=0  f0=2 f1=1 f2=0 f3=0 tot_tbs=4480 tot_fail=415 tot_bler=0.09263 tot_init=4088 tot_retx=392
slot 4 index 0 rnti 5505 mcs 24
slot 5 index 0 rnti 5505 mcs 24
slot 6 index 0 rnti 5505 mcs 24
slot 14 index 0 rnti 5505 mcs 24
slot 15 index 0 rnti 5505 mcs 24
slot 16 index 0 rnti 5505 mcs 24
slot 4 index 0 rnti 5505 mcs 24
slot 5 index 0 rnti 5505 mcs 24
slot 6 index 0 rnti 5505 mcs 24
slot 14 index 0 rnti 5505 mcs 24
slot 15 index 0 rnti 5505 mcs 24
slot 16 index 0 rnti 5505 mcs 24
slot 4 index 0 rnti 5505 mcs 24
slot 5 index 0 rnti 5505 mcs 24
slot 6 index 0 rnti 5505 mcs 24
slot 14 index 0 rnti 5505 mcs 24
slot 15 index 0 rnti 5505 mcs 24
slot 16 index 0 rnti 5505 mcs 24
[UE-STAT] frame=400 dci_cnt=600 total_tbs=41803200 ack_real=497 nack_real=26 fb_missing=77 decode_cnt=600
slot 4 index 0 rnti 5505 mcs 24
slot 5 index 0 rnti 5505 mcs 24
[EMURAN-DL-CSV] t=18.824 win_tbs=20 win_fail=1 win_bler=0.05000 mcs_last=24 mcs_min=24 mcs_max=24 r0=19 r1=1 r2=0 r3=0  f0=1 f1=0 f2=0 f3=0 tot_tbs=4500 tot_fail=416 tot_bler=0.09244 tot_init=4107 tot_retx=393
slot 6 index 0 rnti 5505 mcs 24
slot 14 index 0 rnti 5505 mcs 24
slot 15 index 0 rnti 5505 mcs 24
slot 16 index 0 rnti 5505 mcs 24
slot 4 index 0 rnti 5505 mcs 24
slot 5 index 0 rnti 5505 mcs 24
slot 6 index 0 rnti 5505 mcs 24
slot 14 index 0 rnti 5505 mcs 24
slot 15 index 0 rnti 5505 mcs 24
slot 16 index 0 rnti 5505 mcs 24
slot 4 index 0 rnti 5505 mcs 24
slot 5 index 0 rnti 5505 mcs 24
slot 6 index 0 rnti 5505 mcs 24
slot 14 index 0 rnti 5505 mcs 24
slot 15 index 0 rnti 5505 mcs 24
slot 16 index 0 rnti 5505 mcs 24
slot 4 index 0 rnti 5505 mcs 24
slot 5 index 0 rnti 5505 mcs 24
slot 6 index 0 rnti 5505 mcs 24
slot 14 index 0 rnti 5505 mcs 24
[EMURAN-DL-CSV] t=18.896 win_tbs=20 win_fail=1 win_bler=0.05000 mcs_last=24 mcs_min=24 mcs_max=24 r0=18 r1=2 r2=0 r3=0  f0=1 f1=0 f2=0 f3=0 tot_tbs=4520 tot_fail=417 tot_bler=0.09226 tot_init=4125 tot_retx=395
slot 15 index 0 rnti 5505 mcs 24
slot 16 index 0 rnti 5505 mcs 24
slot 4 index 0 rnti 5505 mcs 24
slot 5 index 0 rnti 5505 mcs 24
slot 6 index 0 rnti 5505 mcs 24
slot 14 index 0 rnti 5505 mcs 24
slot 15 index 0 rnti 5505 mcs 24
slot 16 index 0 rnti 5505 mcs 24
slot 4 index 0 rnti 5505 mcs 24
slot 5 index 0 rnti 5505 mcs 24
slot 6 index 0 rnti 5505 mcs 24
slot 14 index 0 rnti 5505 mcs 24
slot 15 index 0 rnti 5505 mcs 24
slot 16 index 0 rnti 5505 mcs 24
slot 4 index 0 rnti 5505 mcs 24
slot 5 index 0 rnti 5505 mcs 24
slot 6 index 0 rnti 5505 mcs 24
slot 14 index 0 rnti 5505 mcs 24
slot 15 index 0 rnti 5505 mcs 24
slot 16 index 0 rnti 5505 mcs 24
[EMURAN-DL-CSV] t=18.962 win_tbs=20 win_fail=3 win_bler=0.15000 mcs_last=24 mcs_min=24 mcs_max=24 r0=17 r1=3 r2=0 r3=0  f0=2 f1=1 f2=0 f3=0 tot_tbs=4540 tot_fail=420 tot_bler=0.09251 tot_init=4142 tot_retx=398
slot 4 index 0 rnti 5505 mcs 24
slot 5 index 0 rnti 5505 mcs 24
slot 6 index 0 rnti 5505 mcs 24
slot 14 index 0 rnti 5505 mcs 24
slot 15 index 0 rnti 5505 mcs 24
slot 16 index 0 rnti 5505 mcs 24
slot 4 index 0 rnti 5505 mcs 24
slot 5 index 0 rnti 5505 mcs 24
slot 6 index 0 rnti 5505 mcs 24
slot 14 index 0 rnti 5505 mcs 24
slot 15 index 0 rnti 5505 mcs 24
slot 16 index 0 rnti 5505 mcs 24
slot 4 index 0 rnti 5505 mcs 24
slot 5 index 0 rnti 5505 mcs 24
slot 6 index 0 rnti 5505 mcs 24
slot 14 index 0 rnti 5505 mcs 24
slot 15 index 0 rnti 5505 mcs 24
slot 16 index 0 rnti 5505 mcs 24
slot 4 index 0 rnti 5505 mcs 24
slot 5 index 0 rnti 5505 mcs 24
[EMURAN-DL-CSV] t=19.034 win_tbs=20 win_fail=3 win_bler=0.15000 mcs_last=24 mcs_min=24 mcs_max=24 r0=17 r1=3 r2=0 r3=0  f0=2 f1=1 f2=0 f3=0 tot_tbs=4560 tot_fail=423 tot_bler=0.09276 tot_init=4159 tot_retx=401
slot 6 index 0 rnti 5505 mcs 24
slot 14 index 0 rnti 5505 mcs 24
slot 15 index 0 rnti 5505 mcs 24
slot 16 index 0 rnti 5505 mcs 24
slot 4 index 0 rnti 5505 mcs 24
slot 5 index 0 rnti 5505 mcs 24
slot 6 index 0 rnti 5505 mcs 24
slot 14 index 0 rnti 5505 mcs 24
slot 15 index 0 rnti 5505 mcs 24
slot 16 index 0 rnti 5505 mcs 24
slot 4 index 0 rnti 5505 mcs 24
slot 5 index 0 rnti 5505 mcs 24
slot 6 index 0 rnti 5505 mcs 24
slot 14 index 0 rnti 5505 mcs 24
slot 15 index 0 rnti 5505 mcs 24
slot 16 index 0 rnti 5505 mcs 24
slot 4 index 0 rnti 5505 mcs 24
slot 5 index 0 rnti 5505 mcs 24
slot 6 index 0 rnti 5505 mcs 24
slot 14 index 0 rnti 5505 mcs 24
[EMURAN-DL-CSV] t=19.107 win_tbs=20 win_fail=1 win_bler=0.05000 mcs_last=24 mcs_min=24 mcs_max=24 r0=19 r1=1 r2=0 r3=0  f0=1 f1=0 f2=0 f3=0 tot_tbs=4580 tot_fail=424 tot_bler=0.09258 tot_init=4178 tot_retx=402
slot 15 index 0 rnti 5505 mcs 24
slot 16 index 0 rnti 5505 mcs 24
slot 4 index 0 rnti 5505 mcs 24
slot 5 index 0 rnti 5505 mcs 24
slot 6 index 0 rnti 5505 mcs 24
slot 14 index 0 rnti 5505 mcs 24
slot 15 index 0 rnti 5505 mcs 24
slot 16 index 0 rnti 5505 mcs 24
slot 4 index 0 rnti 5505 mcs 24
slot 5 index 0 rnti 5505 mcs 24
slot 6 index 0 rnti 5505 mcs 24
slot 14 index 0 rnti 5505 mcs 24
slot 15 index 0 rnti 5505 mcs 24
slot 16 index 0 rnti 5505 mcs 24
slot 4 index 0 rnti 5505 mcs 24
slot 5 index 0 rnti 5505 mcs 24
slot 6 index 0 rnti 5505 mcs 24
slot 14 index 0 rnti 5505 mcs 24
slot 15 index 0 rnti 5505 mcs 24
slot 16 index 0 rnti 5505 mcs 24
[EMURAN-DL-CSV] t=19.172 win_tbs=20 win_fail=1 win_bler=0.05000 mcs_last=24 mcs_min=24 mcs_max=24 r0=18 r1=2 r2=0 r3=0  f0=1 f1=0 f2=0 f3=0 tot_tbs=4600 tot_fail=425 tot_bler=0.09239 tot_init=4196 tot_retx=404
slot 4 index 0 rnti 5505 mcs 24
slot 5 index 0 rnti 5505 mcs 24
slot 6 index 0 rnti 5505 mcs 24
slot 14 index 0 rnti 5505 mcs 24
slot 15 index 0 rnti 5505 mcs 24
slot 16 index 0 rnti 5505 mcs 24
slot 4 index 0 rnti 5505 mcs 24
slot 5 index 0 rnti 5505 mcs 24
slot 6 index 0 rnti 5505 mcs 24
slot 14 index 0 rnti 5505 mcs 24
slot 15 index 0 rnti 5505 mcs 24
slot 16 index 0 rnti 5505 mcs 24
slot 4 index 0 rnti 5505 mcs 24
slot 5 index 0 rnti 5505 mcs 24
slot 6 index 0 rnti 5505 mcs 24
slot 14 index 0 rnti 5505 mcs 24
slot 15 index 0 rnti 5505 mcs 24
slot 16 index 0 rnti 5505 mcs 24
slot 4 index 0 rnti 5505 mcs 24
slot 5 index 0 rnti 5505 mcs 24
[EMURAN-DL-CSV] t=19.244 win_tbs=20 win_fail=1 win_bler=0.05000 mcs_last=24 mcs_min=24 mcs_max=24 r0=19 r1=1 r2=0 r3=0  f0=1 f1=0 f2=0 f3=0 tot_tbs=4620 tot_fail=426 tot_bler=0.09221 tot_init=4215 tot_retx=405
slot 6 index 0 rnti 5505 mcs 24
slot 14 index 0 rnti 5505 mcs 24
slot 15 index 0 rnti 5505 mcs 24
slot 16 index 0 rnti 5505 mcs 24
slot 4 index 0 rnti 5505 mcs 24
slot 5 index 0 rnti 5505 mcs 24
slot 6 index 0 rnti 5505 mcs 24
slot 14 index 0 rnti 5505 mcs 24
slot 15 index 0 rnti 5505 mcs 24
slot 16 index 0 rnti 5505 mcs 24
slot 4 index 0 rnti 5505 mcs 24
slot 5 index 0 rnti 5505 mcs 24
slot 6 index 0 rnti 5505 mcs 24
slot 14 index 0 rnti 5505 mcs 24
slot 15 index 0 rnti 5505 mcs 24
slot 16 index 0 rnti 5505 mcs 24
slot 4 index 0 rnti 5505 mcs 24
slot 5 index 0 rnti 5505 mcs 24
slot 6 index 0 rnti 5505 mcs 24
slot 14 index 0 rnti 5505 mcs 24
[EMURAN-DL-CSV] t=19.317 win_tbs=20 win_fail=1 win_bler=0.05000 mcs_last=24 mcs_min=24 mcs_max=24 r0=19 r1=1 r2=0 r3=0  f0=1 f1=0 f2=0 f3=0 tot_tbs=4640 tot_fail=427 tot_bler=0.09203 tot_init=4234 tot_retx=406
slot 15 index 0 rnti 5505 mcs 24
slot 16 index 0 rnti 5505 mcs 24
slot 4 index 0 rnti 5505 mcs 24
slot 5 index 0 rnti 5505 mcs 24
slot 6 index 0 rnti 5505 mcs 24
slot 14 index 0 rnti 5505 mcs 24
slot 15 index 0 rnti 5505 mcs 24
slot 16 index 0 rnti 5505 mcs 24
slot 4 index 0 rnti 5505 mcs 24
slot 5 index 0 rnti 5505 mcs 24
slot 6 index 0 rnti 5505 mcs 24
slot 14 index 0 rnti 5505 mcs 24
slot 15 index 0 rnti 5505 mcs 24
slot 16 index 0 rnti 5505 mcs 24
slot 4 index 0 rnti 5505 mcs 24
slot 5 index 0 rnti 5505 mcs 24
slot 6 index 0 rnti 5505 mcs 24
slot 14 index 0 rnti 5505 mcs 24
slot 15 index 0 rnti 5505 mcs 24
slot 16 index 0 rnti 5505 mcs 24
[EMURAN-DL-CSV] t=19.382 win_tbs=20 win_fail=3 win_bler=0.15000 mcs_last=24 mcs_min=24 mcs_max=24 r0=18 r1=2 r2=0 r3=0  f0=3 f1=0 f2=0 f3=0 tot_tbs=4660 tot_fail=430 tot_bler=0.09227 tot_init=4252 tot_retx=408
slot 4 index 0 rnti 5505 mcs 24
slot 5 index 0 rnti 5505 mcs 24
slot 6 index 0 rnti 5505 mcs 24
slot 14 index 0 rnti 5505 mcs 24
slot 15 index 0 rnti 5505 mcs 24
slot 16 index 0 rnti 5505 mcs 24
slot 4 index 0 rnti 5505 mcs 24
slot 5 index 0 rnti 5505 mcs 24
slot 6 index 0 rnti 5505 mcs 24
slot 14 index 0 rnti 5505 mcs 24
slot 15 index 0 rnti 5505 mcs 24
slot 16 index 0 rnti 5505 mcs 24
slot 4 index 0 rnti 5505 mcs 24
slot 5 index 0 rnti 5505 mcs 24
slot 6 index 0 rnti 5505 mcs 24
slot 14 index 0 rnti 5505 mcs 24
slot 15 index 0 rnti 5505 mcs 24
slot 16 index 0 rnti 5505 mcs 24
slot 4 index 0 rnti 5505 mcs 24
slot 5 index 0 rnti 5505 mcs 24
[EMURAN-DL-CSV] t=19.454 win_tbs=20 win_fail=1 win_bler=0.05000 mcs_last=24 mcs_min=24 mcs_max=24 r0=18 r1=1 r2=1 r3=0  f0=1 f1=0 f2=0 f3=0 tot_tbs=4680 tot_fail=431 tot_bler=0.09209 tot_init=4270 tot_retx=410
slot 6 index 0 rnti 5505 mcs 24
slot 14 index 0 rnti 5505 mcs 24
slot 15 index 0 rnti 5505 mcs 24
slot 16 index 0 rnti 5505 mcs 24
slot 4 index 0 rnti 5505 mcs 24
slot 5 index 0 rnti 5505 mcs 24
slot 6 index 0 rnti 5505 mcs 24
slot 14 index 0 rnti 5505 mcs 24
slot 15 index 0 rnti 5505 mcs 24
slot 16 index 0 rnti 5505 mcs 24
slot 4 index 0 rnti 5505 mcs 24
slot 5 index 0 rnti 5505 mcs 24
slot 6 index 0 rnti 5505 mcs 24
slot 14 index 0 rnti 5505 mcs 24
slot 15 index 0 rnti 5505 mcs 24
slot 16 index 0 rnti 5505 mcs 24
slot 4 index 0 rnti 5505 mcs 24
slot 5 index 0 rnti 5505 mcs 24
slot 6 index 0 rnti 5505 mcs 24
slot 14 index 0 rnti 5505 mcs 24
[EMURAN-DL-CSV] t=19.527 win_tbs=20 win_fail=3 win_bler=0.15000 mcs_last=24 mcs_min=24 mcs_max=24 r0=16 r1=3 r2=1 r3=0  f0=2 f1=1 f2=0 f3=0 tot_tbs=4700 tot_fail=434 tot_bler=0.09234 tot_init=4286 tot_retx=414
slot 15 index 0 rnti 5505 mcs 24
slot 16 index 0 rnti 5505 mcs 24
slot 4 index 0 rnti 5505 mcs 24
slot 5 index 0 rnti 5505 mcs 24
slot 6 index 0 rnti 5505 mcs 24
slot 14 index 0 rnti 5505 mcs 24
slot 15 index 0 rnti 5505 mcs 24
slot 16 index 0 rnti 5505 mcs 24
slot 4 index 0 rnti 5505 mcs 24
slot 5 index 0 rnti 5505 mcs 24
slot 6 index 0 rnti 5505 mcs 24
slot 14 index 0 rnti 5505 mcs 24
slot 15 index 0 rnti 5505 mcs 24
slot 16 index 0 rnti 5505 mcs 24
slot 4 index 0 rnti 5505 mcs 24
slot 5 index 0 rnti 5505 mcs 24
slot 6 index 0 rnti 5505 mcs 24
slot 14 index 0 rnti 5505 mcs 24
slot 15 index 0 rnti 5505 mcs 24
slot 16 index 0 rnti 5505 mcs 24
[EMURAN-DL-CSV] t=19.592 win_tbs=20 win_fail=2 win_bler=0.10000 mcs_last=24 mcs_min=24 mcs_max=24 r0=18 r1=1 r2=1 r3=0  f0=2 f1=0 f2=0 f3=0 tot_tbs=4720 tot_fail=436 tot_bler=0.09237 tot_init=4304 tot_retx=416
slot 4 index 0 rnti 5505 mcs 24
slot 5 index 0 rnti 5505 mcs 24
slot 6 index 0 rnti 5505 mcs 24
slot 14 index 0 rnti 5505 mcs 24
slot 15 index 0 rnti 5505 mcs 24
slot 16 index 0 rnti 5505 mcs 24
slot 4 index 0 rnti 5505 mcs 24
slot 5 index 0 rnti 5505 mcs 24
slot 6 index 0 rnti 5505 mcs 24
slot 14 index 0 rnti 5505 mcs 24
slot 15 index 0 rnti 5505 mcs 24
slot 16 index 0 rnti 5505 mcs 24
slot 4 index 0 rnti 5505 mcs 24
slot 5 index 0 rnti 5505 mcs 24
slot 6 index 0 rnti 5505 mcs 24
slot 14 index 0 rnti 5505 mcs 24
slot 15 index 0 rnti 5505 mcs 24
slot 16 index 0 rnti 5505 mcs 24
slot 4 index 0 rnti 5505 mcs 24
slot 5 index 0 rnti 5505 mcs 24
[EMURAN-DL-CSV] t=19.664 win_tbs=20 win_fail=1 win_bler=0.05000 mcs_last=24 mcs_min=24 mcs_max=24 r0=19 r1=1 r2=0 r3=0  f0=1 f1=0 f2=0 f3=0 tot_tbs=4740 tot_fail=437 tot_bler=0.09219 tot_init=4323 tot_retx=417
slot 6 index 0 rnti 5505 mcs 24
slot 14 index 0 rnti 5505 mcs 24
slot 15 index 0 rnti 5505 mcs 24
slot 16 index 0 rnti 5505 mcs 24
slot 4 index 0 rnti 5505 mcs 24
slot 5 index 0 rnti 5505 mcs 24
slot 6 index 0 rnti 5505 mcs 24
slot 14 index 0 rnti 5505 mcs 24
slot 15 index 0 rnti 5505 mcs 24
slot 16 index 0 rnti 5505 mcs 24
slot 4 index 0 rnti 5505 mcs 24
slot 5 index 0 rnti 5505 mcs 24
slot 6 index 0 rnti 5505 mcs 24
slot 14 index 0 rnti 5505 mcs 24
slot 15 index 0 rnti 5505 mcs 24
slot 16 index 0 rnti 5505 mcs 24
slot 4 index 0 rnti 5505 mcs 24
slot 5 index 0 rnti 5505 mcs 24
slot 6 index 0 rnti 5505 mcs 24
slot 14 index 0 rnti 5505 mcs 24
[EMURAN-DL-CSV] t=19.737 win_tbs=20 win_fail=1 win_bler=0.05000 mcs_last=24 mcs_min=24 mcs_max=24 r0=20 r1=0 r2=0 r3=0  f0=1 f1=0 f2=0 f3=0 tot_tbs=4760 tot_fail=438 tot_bler=0.09202 tot_init=4343 tot_retx=417
slot 15 index 0 rnti 5505 mcs 24
slot 16 index 0 rnti 5505 mcs 24
slot 4 index 0 rnti 5505 mcs 24
slot 5 index 0 rnti 5505 mcs 24
slot 6 index 0 rnti 5505 mcs 24
slot 14 index 0 rnti 5505 mcs 24
slot 15 index 0 rnti 5505 mcs 24
slot 16 index 0 rnti 5505 mcs 24
slot 4 index 0 rnti 5505 mcs 24
slot 5 index 0 rnti 5505 mcs 24
slot 6 index 0 rnti 5505 mcs 24
slot 14 index 0 rnti 5505 mcs 24
slot 15 index 0 rnti 5505 mcs 24
slot 16 index 0 rnti 5505 mcs 24
slot 4 index 0 rnti 5505 mcs 24
slot 5 index 0 rnti 5505 mcs 24
slot 6 index 0 rnti 5505 mcs 24
slot 14 index 0 rnti 5505 mcs 24
slot 15 index 0 rnti 5505 mcs 24
slot 16 index 0 rnti 5505 mcs 24
[EMURAN-DL-CSV] t=19.802 win_tbs=20 win_fail=0 win_bler=0.00000 mcs_last=24 mcs_min=24 mcs_max=24 r0=19 r1=1 r2=0 r3=0  f0=0 f1=0 f2=0 f3=0 tot_tbs=4780 tot_fail=438 tot_bler=0.09163 tot_init=4362 tot_retx=418
slot 4 index 0 rnti 5505 mcs 24
slot 5 index 0 rnti 5505 mcs 24
slot 6 index 0 rnti 5505 mcs 24
slot 14 index 0 rnti 5505 mcs 24
slot 15 index 0 rnti 5505 mcs 24
slot 16 index 0 rnti 5505 mcs 24
slot 4 index 0 rnti 5505 mcs 24
slot 5 index 0 rnti 5505 mcs 24
slot 6 index 0 rnti 5505 mcs 24
slot 14 index 0 rnti 5505 mcs 24
slot 15 index 0 rnti 5505 mcs 24
slot 16 index 0 rnti 5505 mcs 24
slot 4 index 0 rnti 5505 mcs 24
slot 5 index 0 rnti 5505 mcs 24
slot 6 index 0 rnti 5505 mcs 24
slot 14 index 0 rnti 5505 mcs 24
slot 15 index 0 rnti 5505 mcs 24
slot 16 index 0 rnti 5505 mcs 24
slot 4 index 0 rnti 5505 mcs 24
slot 5 index 0 rnti 5505 mcs 24
[EMURAN-DL-CSV] t=19.874 win_tbs=20 win_fail=2 win_bler=0.10000 mcs_last=24 mcs_min=24 mcs_max=24 r0=17 r1=2 r2=1 r3=0  f0=0 f1=2 f2=0 f3=0 tot_tbs=4800 tot_fail=440 tot_bler=0.09167 tot_init=4379 tot_retx=421
slot 6 index 0 rnti 5505 mcs 24
slot 14 index 0 rnti 5505 mcs 24
slot 15 index 0 rnti 5505 mcs 24
slot 16 index 0 rnti 5505 mcs 24
slot 4 index 0 rnti 5505 mcs 24
slot 5 index 0 rnti 5505 mcs 24
slot 6 index 0 rnti 5505 mcs 24
slot 14 index 0 rnti 5505 mcs 24
slot 15 index 0 rnti 5505 mcs 24
slot 16 index 0 rnti 5505 mcs 24
slot 4 index 0 rnti 5505 mcs 24
slot 5 index 0 rnti 5505 mcs 24
slot 6 index 0 rnti 5505 mcs 24
slot 14 index 0 rnti 5505 mcs 24
slot 15 index 0 rnti 5505 mcs 24
slot 16 index 0 rnti 5505 mcs 24
slot 4 index 0 rnti 5505 mcs 24
slot 5 index 0 rnti 5505 mcs 24
slot 6 index 0 rnti 5505 mcs 24
slot 14 index 0 rnti 5505 mcs 24
[EMURAN-DL-CSV] t=19.947 win_tbs=20 win_fail=0 win_bler=0.00000 mcs_last=24 mcs_min=24 mcs_max=24 r0=20 r1=0 r2=0 r3=0  f0=0 f1=0 f2=0 f3=0 tot_tbs=4820 tot_fail=440 tot_bler=0.09129 tot_init=4399 tot_retx=421
slot 15 index 0 rnti 5505 mcs 24
slot 16 index 0 rnti 5505 mcs 24
slot 4 index 0 rnti 5505 mcs 24
slot 5 index 0 rnti 5505 mcs 24
slot 6 index 0 rnti 5505 mcs 24
slot 14 index 0 rnti 5505 mcs 24
slot 15 index 0 rnti 5505 mcs 24
slot 16 index 0 rnti 5505 mcs 24
slot 4 index 0 rnti 5505 mcs 24
slot 5 index 0 rnti 5505 mcs 24
slot 6 index 0 rnti 5505 mcs 24
slot 14 index 0 rnti 5505 mcs 24
slot 15 index 0 rnti 5505 mcs 24
slot 16 index 0 rnti 5505 mcs 24
slot 4 index 0 rnti 5505 mcs 24
slot 5 index 0 rnti 5505 mcs 24
slot 6 index 0 rnti 5505 mcs 24
slot 14 index 0 rnti 5505 mcs 24
slot 15 index 0 rnti 5505 mcs 24
slot 16 index 0 rnti 5505 mcs 24
[EMURAN-DL-CSV] t=20.012 win_tbs=20 win_fail=0 win_bler=0.00000 mcs_last=24 mcs_min=24 mcs_max=24 r0=20 r1=0 r2=0 r3=0  f0=0 f1=0 f2=0 f3=0 tot_tbs=4840 tot_fail=440 tot_bler=0.09091 tot_init=4419 tot_retx=421
slot 4 index 0 rnti 5505 mcs 24
slot 5 index 0 rnti 5505 mcs 24
slot 6 index 0 rnti 5505 mcs 24
slot 14 index 0 rnti 5505 mcs 24
slot 15 index 0 rnti 5505 mcs 24
slot 16 index 0 rnti 5505 mcs 24
slot 4 index 0 rnti 5505 mcs 24
slot 5 index 0 rnti 5505 mcs 24
slot 6 index 0 rnti 5505 mcs 24
slot 14 index 0 rnti 5505 mcs 24
slot 15 index 0 rnti 5505 mcs 24
slot 16 index 0 rnti 5505 mcs 24
slot 4 index 0 rnti 5505 mcs 24
slot 5 index 0 rnti 5505 mcs 24
slot 6 index 0 rnti 5505 mcs 24
slot 14 index 0 rnti 5505 mcs 24
slot 15 index 0 rnti 5505 mcs 24
slot 16 index 0 rnti 5505 mcs 24
slot 4 index 0 rnti 5505 mcs 24
slot 5 index 0 rnti 5505 mcs 24
[EMURAN-DL-CSV] t=20.084 win_tbs=20 win_fail=1 win_bler=0.05000 mcs_last=24 mcs_min=24 mcs_max=24 r0=19 r1=1 r2=0 r3=0  f0=1 f1=0 f2=0 f3=0 tot_tbs=4860 tot_fail=441 tot_bler=0.09074 tot_init=4438 tot_retx=422
slot 6 index 0 rnti 5505 mcs 24
slot 14 index 0 rnti 5505 mcs 24
slot 15 index 0 rnti 5505 mcs 24
slot 16 index 0 rnti 5505 mcs 24
slot 4 index 0 rnti 5505 mcs 24
slot 5 index 0 rnti 5505 mcs 24
slot 6 index 0 rnti 5505 mcs 24
slot 14 index 0 rnti 5505 mcs 24
slot 15 index 0 rnti 5505 mcs 24
slot 16 index 0 rnti 5505 mcs 24
slot 4 index 0 rnti 5505 mcs 24
slot 5 index 0 rnti 5505 mcs 24
slot 6 index 0 rnti 5505 mcs 24
slot 14 index 0 rnti 5505 mcs 24
slot 15 index 0 rnti 5505 mcs 24
slot 16 index 0 rnti 5505 mcs 24
slot 4 index 0 rnti 5505 mcs 24
slot 5 index 0 rnti 5505 mcs 24
slot 6 index 0 rnti 5505 mcs 24
slot 14 index 0 rnti 5505 mcs 24
[EMURAN-DL-CSV] t=20.157 win_tbs=20 win_fail=1 win_bler=0.05000 mcs_last=24 mcs_min=24 mcs_max=24 r0=19 r1=1 r2=0 r3=0  f0=1 f1=0 f2=0 f3=0 tot_tbs=4880 tot_fail=442 tot_bler=0.09057 tot_init=4457 tot_retx=423
slot 15 index 0 rnti 5505 mcs 24
slot 16 index 0 rnti 5505 mcs 24
slot 4 index 0 rnti 5505 mcs 24
slot 5 index 0 rnti 5505 mcs 24
slot 6 index 0 rnti 5505 mcs 24
slot 14 index 0 rnti 5505 mcs 24
slot 15 index 0 rnti 5505 mcs 24
slot 16 index 0 rnti 5505 mcs 24
slot 4 index 0 rnti 5505 mcs 24
slot 5 index 0 rnti 5505 mcs 24
slot 6 index 0 rnti 5505 mcs 24
slot 14 index 0 rnti 5505 mcs 24
slot 15 index 0 rnti 5505 mcs 24
slot 16 index 0 rnti 5505 mcs 24
slot 4 index 0 rnti 5505 mcs 24
slot 5 index 0 rnti 5505 mcs 24
slot 6 index 0 rnti 5505 mcs 24
slot 14 index 0 rnti 5505 mcs 24
slot 15 index 0 rnti 5505 mcs 24
slot 16 index 0 rnti 5505 mcs 24
[EMURAN-DL-CSV] t=20.222 win_tbs=20 win_fail=1 win_bler=0.05000 mcs_last=24 mcs_min=24 mcs_max=24 r0=19 r1=1 r2=0 r3=0  f0=1 f1=0 f2=0 f3=0 tot_tbs=4900 tot_fail=443 tot_bler=0.09041 tot_init=4476 tot_retx=424
slot 4 index 0 rnti 5505 mcs 24
slot 5 index 0 rnti 5505 mcs 24
slot 6 index 0 rnti 5505 mcs 24
slot 14 index 0 rnti 5505 mcs 24
slot 15 index 0 rnti 5505 mcs 24
slot 16 index 0 rnti 5505 mcs 24
slot 4 index 0 rnti 5505 mcs 24
slot 5 index 0 rnti 5505 mcs 24
slot 6 index 0 rnti 5505 mcs 24
slot 14 index 0 rnti 5505 mcs 24
slot 15 index 0 rnti 5505 mcs 24
slot 16 index 0 rnti 5505 mcs 24
slot 4 index 0 rnti 5505 mcs 24
slot 5 index 0 rnti 5505 mcs 24
slot 6 index 0 rnti 5505 mcs 24
slot 14 index 0 rnti 5505 mcs 24
slot 15 index 0 rnti 5505 mcs 24
slot 16 index 0 rnti 5505 mcs 24
slot 4 index 0 rnti 5505 mcs 24
slot 5 index 0 rnti 5505 mcs 24
[EMURAN-DL-CSV] t=20.295 win_tbs=20 win_fail=0 win_bler=0.00000 mcs_last=24 mcs_min=24 mcs_max=24 r0=20 r1=0 r2=0 r3=0  f0=0 f1=0 f2=0 f3=0 tot_tbs=4920 tot_fail=443 tot_bler=0.09004 tot_init=4496 tot_retx=424
slot 6 index 0 rnti 5505 mcs 24
slot 14 index 0 rnti 5505 mcs 24
slot 15 index 0 rnti 5505 mcs 24
slot 16 index 0 rnti 5505 mcs 24
slot 4 index 0 rnti 5505 mcs 24
slot 5 index 0 rnti 5505 mcs 24
slot 6 index 0 rnti 5505 mcs 24
slot 14 index 0 rnti 5505 mcs 24
slot 15 index 0 rnti 5505 mcs 24
slot 16 index 0 rnti 5505 mcs 24
slot 4 index 0 rnti 5505 mcs 24
slot 5 index 0 rnti 5505 mcs 24
slot 6 index 0 rnti 5505 mcs 24
slot 14 index 0 rnti 5505 mcs 24
slot 15 index 0 rnti 5505 mcs 24
slot 16 index 0 rnti 5505 mcs 24
slot 4 index 0 rnti 5505 mcs 24
slot 5 index 0 rnti 5505 mcs 24
slot 6 index 0 rnti 5505 mcs 24
slot 14 index 0 rnti 5505 mcs 24
[EMURAN-DL-CSV] t=20.367 win_tbs=20 win_fail=1 win_bler=0.05000 mcs_last=24 mcs_min=24 mcs_max=24 r0=19 r1=1 r2=0 r3=0  f0=1 f1=0 f2=0 f3=0 tot_tbs=4940 tot_fail=444 tot_bler=0.08988 tot_init=4515 tot_retx=425
slot 15 index 0 rnti 5505 mcs 24
slot 16 index 0 rnti 5505 mcs 24
slot 4 index 0 rnti 5505 mcs 24
slot 5 index 0 rnti 5505 mcs 24
slot 6 index 0 rnti 5505 mcs 24
slot 14 index 0 rnti 5505 mcs 24
slot 15 index 0 rnti 5505 mcs 24
slot 16 index 0 rnti 5505 mcs 24
slot 4 index 0 rnti 5505 mcs 24
slot 5 index 0 rnti 5505 mcs 24
slot 6 index 0 rnti 5505 mcs 24
slot 14 index 0 rnti 5505 mcs 24
slot 15 index 0 rnti 5505 mcs 24
slot 16 index 0 rnti 5505 mcs 24
slot 4 index 0 rnti 5505 mcs 24
slot 5 index 0 rnti 5505 mcs 24
slot 6 index 0 rnti 5505 mcs 24
slot 14 index 0 rnti 5505 mcs 24
slot 15 index 0 rnti 5505 mcs 24
slot 16 index 0 rnti 5505 mcs 24
[EMURAN-DL-CSV] t=20.432 win_tbs=20 win_fail=2 win_bler=0.10000 mcs_last=24 mcs_min=24 mcs_max=24 r0=19 r1=1 r2=0 r3=0  f0=2 f1=0 f2=0 f3=0 tot_tbs=4960 tot_fail=446 tot_bler=0.08992 tot_init=4534 tot_retx=426
slot 4 index 0 rnti 5505 mcs 24
slot 5 index 0 rnti 5505 mcs 24
slot 6 index 0 rnti 5505 mcs 24
slot 14 index 0 rnti 5505 mcs 24
slot 15 index 0 rnti 5505 mcs 24
slot 16 index 0 rnti 5505 mcs 24
slot 4 index 0 rnti 5505 mcs 24
slot 5 index 0 rnti 5505 mcs 24
slot 6 index 0 rnti 5505 mcs 24
slot 14 index 0 rnti 5505 mcs 24
slot 15 index 0 rnti 5505 mcs 24
slot 16 index 0 rnti 5505 mcs 24
slot 4 index 0 rnti 5505 mcs 24
slot 5 index 0 rnti 5505 mcs 24
slot 6 index 0 rnti 5505 mcs 24
slot 14 index 0 rnti 5505 mcs 24
slot 15 index 0 rnti 5505 mcs 24
slot 16 index 0 rnti 5505 mcs 24
slot 4 index 0 rnti 5505 mcs 24
slot 5 index 0 rnti 5505 mcs 24
[EMURAN-DL-CSV] t=20.505 win_tbs=20 win_fail=1 win_bler=0.05000 mcs_last=24 mcs_min=24 mcs_max=24 r0=18 r1=2 r2=0 r3=0  f0=1 f1=0 f2=0 f3=0 tot_tbs=4980 tot_fail=447 tot_bler=0.08976 tot_init=4552 tot_retx=428
slot 6 index 0 rnti 5505 mcs 24
slot 14 index 0 rnti 5505 mcs 24
slot 15 index 0 rnti 5505 mcs 24
slot 16 index 0 rnti 5505 mcs 24
slot 4 index 0 rnti 5505 mcs 24
slot 5 index 0 rnti 5505 mcs 24
slot 6 index 0 rnti 5505 mcs 24
slot 14 index 0 rnti 5505 mcs 24
slot 15 index 0 rnti 5505 mcs 24
slot 16 index 0 rnti 5505 mcs 24
slot 4 index 0 rnti 5505 mcs 24
slot 5 index 0 rnti 5505 mcs 24
slot 6 index 0 rnti 5505 mcs 24
slot 14 index 0 rnti 5505 mcs 24
slot 15 index 0 rnti 5505 mcs 24
slot 16 index 0 rnti 5505 mcs 24
slot 4 index 0 rnti 5505 mcs 24
slot 5 index 0 rnti 5505 mcs 24
slot 6 index 0 rnti 5505 mcs 24
slot 14 index 0 rnti 5505 mcs 24
[EMURAN-DL-CSV] t=20.577 win_tbs=20 win_fail=0 win_bler=0.00000 mcs_last=24 mcs_min=24 mcs_max=24 r0=19 r1=1 r2=0 r3=0  f0=0 f1=0 f2=0 f3=0 tot_tbs=5000 tot_fail=447 tot_bler=0.08940 tot_init=4571 tot_retx=429
slot 15 index 0 rnti 5505 mcs 24
slot 16 index 0 rnti 5505 mcs 24
slot 4 index 0 rnti 5505 mcs 24
slot 5 index 0 rnti 5505 mcs 24
slot 6 index 0 rnti 5505 mcs 24
slot 14 index 0 rnti 5505 mcs 24
slot 15 index 0 rnti 5505 mcs 24
slot 16 index 0 rnti 5505 mcs 24
slot 4 index 0 rnti 5505 mcs 24
slot 5 index 0 rnti 5505 mcs 24
slot 6 index 0 rnti 5505 mcs 24
slot 14 index 0 rnti 5505 mcs 24
slot 15 index 0 rnti 5505 mcs 24
slot 16 index 0 rnti 5505 mcs 24
slot 4 index 0 rnti 5505 mcs 24
slot 5 index 0 rnti 5505 mcs 24
slot 6 index 0 rnti 5505 mcs 24
slot 14 index 0 rnti 5505 mcs 24
slot 15 index 0 rnti 5505 mcs 24
slot 16 index 0 rnti 5505 mcs 24
[EMURAN-DL-CSV] t=20.642 win_tbs=20 win_fail=0 win_bler=0.00000 mcs_last=24 mcs_min=24 mcs_max=24 r0=20 r1=0 r2=0 r3=0  f0=0 f1=0 f2=0 f3=0 tot_tbs=5020 tot_fail=447 tot_bler=0.08904 tot_init=4591 tot_retx=429
slot 4 index 0 rnti 5505 mcs 24
slot 5 index 0 rnti 5505 mcs 24
slot 6 index 0 rnti 5505 mcs 24
slot 14 index 0 rnti 5505 mcs 24
slot 15 index 0 rnti 5505 mcs 24
slot 16 index 0 rnti 5505 mcs 24
slot 4 index 0 rnti 5505 mcs 24
slot 5 index 0 rnti 5505 mcs 24
slot 6 index 0 rnti 5505 mcs 24
slot 14 index 0 rnti 5505 mcs 24
slot 15 index 0 rnti 5505 mcs 24
slot 16 index 0 rnti 5505 mcs 24
slot 4 index 0 rnti 5505 mcs 24
slot 5 index 0 rnti 5505 mcs 24
slot 6 index 0 rnti 5505 mcs 24
slot 14 index 0 rnti 5505 mcs 24
slot 15 index 0 rnti 5505 mcs 24
slot 16 index 0 rnti 5505 mcs 24
slot 4 index 0 rnti 5505 mcs 24
slot 5 index 0 rnti 5505 mcs 24
[EMURAN-DL-CSV] t=20.715 win_tbs=20 win_fail=0 win_bler=0.00000 mcs_last=24 mcs_min=24 mcs_max=24 r0=20 r1=0 r2=0 r3=0  f0=0 f1=0 f2=0 f3=0 tot_tbs=5040 tot_fail=447 tot_bler=0.08869 tot_init=4611 tot_retx=429
slot 6 index 0 rnti 5505 mcs 24
slot 14 index 0 rnti 5505 mcs 24
slot 15 index 0 rnti 5505 mcs 24
slot 16 index 0 rnti 5505 mcs 24
slot 4 index 0 rnti 5505 mcs 24
slot 5 index 0 rnti 5505 mcs 24
slot 6 index 0 rnti 5505 mcs 24
slot 14 index 0 rnti 5505 mcs 24
slot 15 index 0 rnti 5505 mcs 24
slot 16 index 0 rnti 5505 mcs 24
slot 4 index 0 rnti 5505 mcs 24
slot 5 index 0 rnti 5505 mcs 24
slot 6 index 0 rnti 5505 mcs 24
slot 14 index 0 rnti 5505 mcs 24
slot 15 index 0 rnti 5505 mcs 24
slot 16 index 0 rnti 5505 mcs 24
slot 4 index 0 rnti 5505 mcs 24
slot 5 index 0 rnti 5505 mcs 24
slot 6 index 0 rnti 5505 mcs 24
slot 14 index 0 rnti 5505 mcs 24
[EMURAN-DL-CSV] t=20.787 win_tbs=20 win_fail=0 win_bler=0.00000 mcs_last=24 mcs_min=24 mcs_max=24 r0=20 r1=0 r2=0 r3=0  f0=0 f1=0 f2=0 f3=0 tot_tbs=5060 tot_fail=447 tot_bler=0.08834 tot_init=4631 tot_retx=429
slot 15 index 0 rnti 5505 mcs 24
slot 16 index 0 rnti 5505 mcs 24
slot 4 index 0 rnti 5505 mcs 24
slot 5 index 0 rnti 5505 mcs 24
slot 6 index 0 rnti 5505 mcs 24
slot 14 index 0 rnti 5505 mcs 24
slot 15 index 0 rnti 5505 mcs 24
slot 16 index 0 rnti 5505 mcs 24
slot 4 index 0 rnti 5505 mcs 24
slot 5 index 0 rnti 5505 mcs 24
slot 6 index 0 rnti 5505 mcs 24
slot 14 index 0 rnti 5505 mcs 24
slot 15 index 0 rnti 5505 mcs 24
slot 16 index 0 rnti 5505 mcs 24
slot 4 index 0 rnti 5505 mcs 24
slot 5 index 0 rnti 5505 mcs 24
slot 6 index 0 rnti 5505 mcs 24
slot 14 index 0 rnti 5505 mcs 24
slot 15 index 0 rnti 5505 mcs 24
slot 16 index 0 rnti 5505 mcs 24
[EMURAN-DL-CSV] t=20.852 win_tbs=20 win_fail=3 win_bler=0.15000 mcs_last=24 mcs_min=24 mcs_max=24 r0=18 r1=2 r2=0 r3=0  f0=2 f1=1 f2=0 f3=0 tot_tbs=5080 tot_fail=450 tot_bler=0.08858 tot_init=4649 tot_retx=431
slot 4 index 0 rnti 5505 mcs 24
slot 5 index 0 rnti 5505 mcs 24
slot 6 index 0 rnti 5505 mcs 24
slot 14 index 0 rnti 5505 mcs 24
slot 15 index 0 rnti 5505 mcs 24
slot 16 index 0 rnti 5505 mcs 24
slot 4 index 0 rnti 5505 mcs 24
slot 5 index 0 rnti 5505 mcs 24
slot 6 index 0 rnti 5505 mcs 24
slot 14 index 0 rnti 5505 mcs 24
slot 15 index 0 rnti 5505 mcs 24
slot 16 index 0 rnti 5505 mcs 24
slot 4 index 0 rnti 5505 mcs 24
slot 5 index 0 rnti 5505 mcs 24
slot 6 index 0 rnti 5505 mcs 24
slot 14 index 0 rnti 5505 mcs 24
slot 15 index 0 rnti 5505 mcs 24
slot 16 index 0 rnti 5505 mcs 24
[UE-STAT] frame=500 dci_cnt=600 total_tbs=41803200 ack_real=486 nack_real=32 fb_missing=82 decode_cnt=600
slot 4 index 0 rnti 5505 mcs 24
slot 5 index 0 rnti 5505 mcs 24
[EMURAN-DL-CSV] t=20.925 win_tbs=20 win_fail=0 win_bler=0.00000 mcs_last=24 mcs_min=24 mcs_max=24 r0=19 r1=1 r2=0 r3=0  f0=0 f1=0 f2=0 f3=0 tot_tbs=5100 tot_fail=450 tot_bler=0.08824 tot_init=4668 tot_retx=432
slot 6 index 0 rnti 5505 mcs 24
slot 14 index 0 rnti 5505 mcs 24
slot 15 index 0 rnti 5505 mcs 24
slot 16 index 0 rnti 5505 mcs 24
slot 4 index 0 rnti 5505 mcs 24
slot 5 index 0 rnti 5505 mcs 24
slot 6 index 0 rnti 5505 mcs 24
slot 14 index 0 rnti 5505 mcs 24
slot 15 index 0 rnti 5505 mcs 24
slot 16 index 0 rnti 5505 mcs 24
slot 4 index 0 rnti 5505 mcs 24
slot 5 index 0 rnti 5505 mcs 24
slot 6 index 0 rnti 5505 mcs 24
slot 14 index 0 rnti 5505 mcs 24
slot 15 index 0 rnti 5505 mcs 24
slot 16 index 0 rnti 5505 mcs 24
slot 4 index 0 rnti 5505 mcs 24
slot 5 index 0 rnti 5505 mcs 24
slot 6 index 0 rnti 5505 mcs 24
slot 14 index 0 rnti 5505 mcs 24
[EMURAN-DL-CSV] t=20.997 win_tbs=20 win_fail=2 win_bler=0.10000 mcs_last=24 mcs_min=24 mcs_max=24 r0=18 r1=2 r2=0 r3=0  f0=2 f1=0 f2=0 f3=0 tot_tbs=5120 tot_fail=452 tot_bler=0.08828 tot_init=4686 tot_retx=434
slot 15 index 0 rnti 5505 mcs 24
slot 16 index 0 rnti 5505 mcs 24
slot 4 index 0 rnti 5505 mcs 24
slot 5 index 0 rnti 5505 mcs 24
slot 6 index 0 rnti 5505 mcs 24
slot 14 index 0 rnti 5505 mcs 24
slot 15 index 0 rnti 5505 mcs 24
slot 16 index 0 rnti 5505 mcs 24
slot 4 index 0 rnti 5505 mcs 24
slot 5 index 0 rnti 5505 mcs 24
slot 6 index 0 rnti 5505 mcs 24
slot 14 index 0 rnti 5505 mcs 24
slot 15 index 0 rnti 5505 mcs 24
slot 16 index 0 rnti 5505 mcs 24
slot 4 index 0 rnti 5505 mcs 24
slot 5 index 0 rnti 5505 mcs 24
slot 6 index 0 rnti 5505 mcs 24
slot 14 index 0 rnti 5505 mcs 24
slot 15 index 0 rnti 5505 mcs 24
slot 16 index 0 rnti 5505 mcs 24
[EMURAN-DL-CSV] t=21.062 win_tbs=20 win_fail=3 win_bler=0.15000 mcs_last=24 mcs_min=24 mcs_max=24 r0=17 r1=3 r2=0 r3=0  f0=3 f1=0 f2=0 f3=0 tot_tbs=5140 tot_fail=455 tot_bler=0.08852 tot_init=4703 tot_retx=437
slot 4 index 0 rnti 5505 mcs 24
slot 5 index 0 rnti 5505 mcs 24
slot 6 index 0 rnti 5505 mcs 24
slot 14 index 0 rnti 5505 mcs 24
slot 15 index 0 rnti 5505 mcs 24
slot 16 index 0 rnti 5505 mcs 24
slot 4 index 0 rnti 5505 mcs 24
slot 5 index 0 rnti 5505 mcs 24
slot 6 index 0 rnti 5505 mcs 24
slot 14 index 0 rnti 5505 mcs 24
slot 15 index 0 rnti 5505 mcs 24
slot 16 index 0 rnti 5505 mcs 24
slot 4 index 0 rnti 5505 mcs 24
slot 5 index 0 rnti 5505 mcs 24
slot 6 index 0 rnti 5505 mcs 24
slot 14 index 0 rnti 5505 mcs 24
slot 15 index 0 rnti 5505 mcs 24
slot 16 index 0 rnti 5505 mcs 24
slot 4 index 0 rnti 5505 mcs 24
slot 5 index 0 rnti 5505 mcs 24
[EMURAN-DL-CSV] t=21.135 win_tbs=20 win_fail=1 win_bler=0.05000 mcs_last=24 mcs_min=24 mcs_max=24 r0=19 r1=1 r2=0 r3=0  f0=1 f1=0 f2=0 f3=0 tot_tbs=5160 tot_fail=456 tot_bler=0.08837 tot_init=4722 tot_retx=438
slot 6 index 0 rnti 5505 mcs 24
slot 14 index 0 rnti 5505 mcs 24
slot 15 index 0 rnti 5505 mcs 24
slot 16 index 0 rnti 5505 mcs 24
slot 4 index 0 rnti 5505 mcs 24
slot 5 index 0 rnti 5505 mcs 24
slot 6 index 0 rnti 5505 mcs 24
slot 14 index 0 rnti 5505 mcs 24
slot 15 index 0 rnti 5505 mcs 24
slot 16 index 0 rnti 5505 mcs 24
slot 4 index 0 rnti 5505 mcs 24
slot 5 index 0 rnti 5505 mcs 24
slot 6 index 0 rnti 5505 mcs 24
slot 14 index 0 rnti 5505 mcs 24
slot 15 index 0 rnti 5505 mcs 24
slot 16 index 0 rnti 5505 mcs 24
slot 4 index 0 rnti 5505 mcs 24
slot 5 index 0 rnti 5505 mcs 24
slot 6 index 0 rnti 5505 mcs 24
slot 14 index 0 rnti 5505 mcs 24
[EMURAN-DL-CSV] t=21.207 win_tbs=20 win_fail=1 win_bler=0.05000 mcs_last=24 mcs_min=24 mcs_max=24 r0=18 r1=2 r2=0 r3=0  f0=1 f1=0 f2=0 f3=0 tot_tbs=5180 tot_fail=457 tot_bler=0.08822 tot_init=4740 tot_retx=440
slot 15 index 0 rnti 5505 mcs 24
slot 16 index 0 rnti 5505 mcs 24
slot 4 index 0 rnti 5505 mcs 24
slot 5 index 0 rnti 5505 mcs 24
slot 6 index 0 rnti 5505 mcs 24
slot 14 index 0 rnti 5505 mcs 24
slot 15 index 0 rnti 5505 mcs 24
slot 16 index 0 rnti 5505 mcs 24
slot 4 index 0 rnti 5505 mcs 24
slot 5 index 0 rnti 5505 mcs 24
slot 6 index 0 rnti 5505 mcs 24
slot 14 index 0 rnti 5505 mcs 24
slot 15 index 0 rnti 5505 mcs 24
slot 16 index 0 rnti 5505 mcs 24
slot 4 index 0 rnti 5505 mcs 24
slot 5 index 0 rnti 5505 mcs 24
slot 6 index 0 rnti 5505 mcs 24
slot 14 index 0 rnti 5505 mcs 24
slot 15 index 0 rnti 5505 mcs 24
slot 16 index 0 rnti 5505 mcs 24
[EMURAN-DL-CSV] t=21.272 win_tbs=20 win_fail=2 win_bler=0.10000 mcs_last=24 mcs_min=24 mcs_max=24 r0=18 r1=2 r2=0 r3=0  f0=2 f1=0 f2=0 f3=0 tot_tbs=5200 tot_fail=459 tot_bler=0.08827 tot_init=4758 tot_retx=442
slot 4 index 0 rnti 5505 mcs 24
slot 5 index 0 rnti 5505 mcs 24
slot 6 index 0 rnti 5505 mcs 24
slot 14 index 0 rnti 5505 mcs 24
slot 15 index 0 rnti 5505 mcs 24
slot 16 index 0 rnti 5505 mcs 24
slot 4 index 0 rnti 5505 mcs 24
slot 5 index 0 rnti 5505 mcs 24
slot 6 index 0 rnti 5505 mcs 24
slot 14 index 0 rnti 5505 mcs 24
slot 15 index 0 rnti 5505 mcs 24
slot 16 index 0 rnti 5505 mcs 24
slot 4 index 0 rnti 5505 mcs 24
slot 5 index 0 rnti 5505 mcs 24
slot 6 index 0 rnti 5505 mcs 24
slot 14 index 0 rnti 5505 mcs 24
slot 15 index 0 rnti 5505 mcs 24
slot 16 index 0 rnti 5505 mcs 24
slot 4 index 0 rnti 5505 mcs 24
slot 5 index 0 rnti 5505 mcs 24
[EMURAN-DL-CSV] t=21.345 win_tbs=20 win_fail=1 win_bler=0.05000 mcs_last=24 mcs_min=24 mcs_max=24 r0=19 r1=1 r2=0 r3=0  f0=1 f1=0 f2=0 f3=0 tot_tbs=5220 tot_fail=460 tot_bler=0.08812 tot_init=4777 tot_retx=443
slot 6 index 0 rnti 5505 mcs 24
slot 14 index 0 rnti 5505 mcs 24
slot 15 index 0 rnti 5505 mcs 24
slot 16 index 0 rnti 5505 mcs 24
slot 4 index 0 rnti 5505 mcs 24
slot 5 index 0 rnti 5505 mcs 24
slot 6 index 0 rnti 5505 mcs 24
slot 14 index 0 rnti 5505 mcs 24
slot 15 index 0 rnti 5505 mcs 24
slot 16 index 0 rnti 5505 mcs 24
slot 4 index 0 rnti 5505 mcs 24
slot 5 index 0 rnti 5505 mcs 24
slot 6 index 0 rnti 5505 mcs 24
slot 14 index 0 rnti 5505 mcs 24
slot 15 index 0 rnti 5505 mcs 24
slot 16 index 0 rnti 5505 mcs 24
slot 4 index 0 rnti 5505 mcs 24
slot 5 index 0 rnti 5505 mcs 24
slot 6 index 0 rnti 5505 mcs 24
slot 14 index 0 rnti 5505 mcs 24
[EMURAN-DL-CSV] t=21.417 win_tbs=20 win_fail=0 win_bler=0.00000 mcs_last=24 mcs_min=24 mcs_max=24 r0=20 r1=0 r2=0 r3=0  f0=0 f1=0 f2=0 f3=0 tot_tbs=5240 tot_fail=460 tot_bler=0.08779 tot_init=4797 tot_retx=443
slot 15 index 0 rnti 5505 mcs 24
slot 16 index 0 rnti 5505 mcs 24
slot 4 index 0 rnti 5505 mcs 24
slot 5 index 0 rnti 5505 mcs 24
slot 6 index 0 rnti 5505 mcs 24
slot 14 index 0 rnti 5505 mcs 24
slot 15 index 0 rnti 5505 mcs 24
slot 16 index 0 rnti 5505 mcs 24
slot 4 index 0 rnti 5505 mcs 24
slot 5 index 0 rnti 5505 mcs 24
slot 6 index 0 rnti 5505 mcs 24
slot 14 index 0 rnti 5505 mcs 24
slot 15 index 0 rnti 5505 mcs 24
slot 16 index 0 rnti 5505 mcs 24
slot 4 index 0 rnti 5505 mcs 24
slot 5 index 0 rnti 5505 mcs 24
slot 6 index 0 rnti 5505 mcs 24
slot 14 index 0 rnti 5505 mcs 24
slot 15 index 0 rnti 5505 mcs 24
slot 16 index 0 rnti 5505 mcs 24
[EMURAN-DL-CSV] t=21.483 win_tbs=20 win_fail=0 win_bler=0.00000 mcs_last=24 mcs_min=24 mcs_max=24 r0=20 r1=0 r2=0 r3=0  f0=0 f1=0 f2=0 f3=0 tot_tbs=5260 tot_fail=460 tot_bler=0.08745 tot_init=4817 tot_retx=443
slot 4 index 0 rnti 5505 mcs 24
slot 5 index 0 rnti 5505 mcs 24
slot 6 index 0 rnti 5505 mcs 24
slot 14 index 0 rnti 5505 mcs 24
slot 15 index 0 rnti 5505 mcs 24
slot 16 index 0 rnti 5505 mcs 24
slot 4 index 0 rnti 5505 mcs 24
slot 5 index 0 rnti 5505 mcs 24
slot 6 index 0 rnti 5505 mcs 24
slot 14 index 0 rnti 5505 mcs 24
slot 15 index 0 rnti 5505 mcs 24
slot 16 index 0 rnti 5505 mcs 24
slot 4 index 0 rnti 5505 mcs 24
slot 5 index 0 rnti 5505 mcs 24
slot 6 index 0 rnti 5505 mcs 24
slot 14 index 0 rnti 5505 mcs 24
slot 15 index 0 rnti 5505 mcs 24
slot 16 index 0 rnti 5505 mcs 24
slot 4 index 0 rnti 5505 mcs 24
slot 5 index 0 rnti 5505 mcs 24
[EMURAN-DL-CSV] t=21.555 win_tbs=20 win_fail=0 win_bler=0.00000 mcs_last=24 mcs_min=24 mcs_max=24 r0=19 r1=1 r2=0 r3=0  f0=0 f1=0 f2=0 f3=0 tot_tbs=5280 tot_fail=460 tot_bler=0.08712 tot_init=4836 tot_retx=444
slot 6 index 0 rnti 5505 mcs 24
slot 14 index 0 rnti 5505 mcs 24
slot 15 index 0 rnti 5505 mcs 24
slot 16 index 0 rnti 5505 mcs 24
slot 4 index 0 rnti 5505 mcs 24
slot 5 index 0 rnti 5505 mcs 24
slot 6 index 0 rnti 5505 mcs 24
slot 14 index 0 rnti 5505 mcs 24
slot 15 index 0 rnti 5505 mcs 24
slot 16 index 0 rnti 5505 mcs 24
slot 4 index 0 rnti 5505 mcs 24
slot 5 index 0 rnti 5505 mcs 24
slot 6 index 0 rnti 5505 mcs 24
slot 14 index 0 rnti 5505 mcs 24
slot 15 index 0 rnti 5505 mcs 24
slot 16 index 0 rnti 5505 mcs 24
slot 4 index 0 rnti 5505 mcs 24
slot 5 index 0 rnti 5505 mcs 24
slot 6 index 0 rnti 5505 mcs 24
slot 14 index 0 rnti 5505 mcs 24
[EMURAN-DL-CSV] t=21.627 win_tbs=20 win_fail=2 win_bler=0.10000 mcs_last=24 mcs_min=24 mcs_max=24 r0=19 r1=1 r2=0 r3=0  f0=2 f1=0 f2=0 f3=0 tot_tbs=5300 tot_fail=462 tot_bler=0.08717 tot_init=4855 tot_retx=445
slot 15 index 0 rnti 5505 mcs 24
slot 16 index 0 rnti 5505 mcs 24
slot 4 index 0 rnti 5505 mcs 24
slot 5 index 0 rnti 5505 mcs 24
slot 6 index 0 rnti 5505 mcs 24
slot 14 index 0 rnti 5505 mcs 24
slot 15 index 0 rnti 5505 mcs 24
slot 16 index 0 rnti 5505 mcs 24
slot 4 index 0 rnti 5505 mcs 24
slot 5 index 0 rnti 5505 mcs 24
slot 6 index 0 rnti 5505 mcs 24
slot 14 index 0 rnti 5505 mcs 24
slot 15 index 0 rnti 5505 mcs 24
slot 16 index 0 rnti 5505 mcs 24
slot 4 index 0 rnti 5505 mcs 24
slot 5 index 0 rnti 5505 mcs 24
slot 6 index 0 rnti 5505 mcs 24
slot 14 index 0 rnti 5505 mcs 24
slot 15 index 0 rnti 5505 mcs 24
slot 16 index 0 rnti 5505 mcs 24
[EMURAN-DL-CSV] t=21.693 win_tbs=20 win_fail=2 win_bler=0.10000 mcs_last=24 mcs_min=24 mcs_max=24 r0=19 r1=1 r2=0 r3=0  f0=2 f1=0 f2=0 f3=0 tot_tbs=5320 tot_fail=464 tot_bler=0.08722 tot_init=4874 tot_retx=446
slot 4 index 0 rnti 5505 mcs 24
slot 5 index 0 rnti 5505 mcs 24
slot 6 index 0 rnti 5505 mcs 24
slot 14 index 0 rnti 5505 mcs 24
slot 15 index 0 rnti 5505 mcs 24
slot 16 index 0 rnti 5505 mcs 24
slot 4 index 0 rnti 5505 mcs 24
slot 5 index 0 rnti 5505 mcs 24
slot 6 index 0 rnti 5505 mcs 24
slot 14 index 0 rnti 5505 mcs 24
slot 15 index 0 rnti 5505 mcs 24
slot 16 index 0 rnti 5505 mcs 24
slot 4 index 0 rnti 5505 mcs 24
slot 5 index 0 rnti 5505 mcs 24
slot 6 index 0 rnti 5505 mcs 24
slot 14 index 0 rnti 5505 mcs 24
slot 15 index 0 rnti 5505 mcs 24
slot 16 index 0 rnti 5505 mcs 24
slot 4 index 0 rnti 5505 mcs 24
slot 5 index 0 rnti 5505 mcs 24
[EMURAN-DL-CSV] t=21.765 win_tbs=20 win_fail=1 win_bler=0.05000 mcs_last=24 mcs_min=24 mcs_max=24 r0=20 r1=0 r2=0 r3=0  f0=1 f1=0 f2=0 f3=0 tot_tbs=5340 tot_fail=465 tot_bler=0.08708 tot_init=4894 tot_retx=446
slot 6 index 0 rnti 5505 mcs 24
slot 14 index 0 rnti 5505 mcs 24
slot 15 index 0 rnti 5505 mcs 24
slot 16 index 0 rnti 5505 mcs 24
slot 4 index 0 rnti 5505 mcs 24
slot 5 index 0 rnti 5505 mcs 24
slot 6 index 0 rnti 5505 mcs 24
slot 14 index 0 rnti 5505 mcs 24
slot 15 index 0 rnti 5505 mcs 24
slot 16 index 0 rnti 5505 mcs 24
slot 4 index 0 rnti 5505 mcs 24
slot 5 index 0 rnti 5505 mcs 24
slot 6 index 0 rnti 5505 mcs 24
slot 14 index 0 rnti 5505 mcs 24
slot 15 index 0 rnti 5505 mcs 24
slot 16 index 0 rnti 5505 mcs 24
slot 4 index 0 rnti 5505 mcs 24
slot 5 index 0 rnti 5505 mcs 24
slot 6 index 0 rnti 5505 mcs 24
slot 14 index 0 rnti 5505 mcs 24
[EMURAN-DL-CSV] t=21.838 win_tbs=20 win_fail=0 win_bler=0.00000 mcs_last=24 mcs_min=24 mcs_max=24 r0=20 r1=0 r2=0 r3=0  f0=0 f1=0 f2=0 f3=0 tot_tbs=5360 tot_fail=465 tot_bler=0.08675 tot_init=4914 tot_retx=446
slot 15 index 0 rnti 5505 mcs 24
slot 16 index 0 rnti 5505 mcs 24
slot 4 index 0 rnti 5505 mcs 24
slot 5 index 0 rnti 5505 mcs 24
slot 6 index 0 rnti 5505 mcs 24
slot 14 index 0 rnti 5505 mcs 24
slot 15 index 0 rnti 5505 mcs 24
slot 16 index 0 rnti 5505 mcs 24
slot 4 index 0 rnti 5505 mcs 24
slot 5 index 0 rnti 5505 mcs 24
slot 6 index 0 rnti 5505 mcs 24
slot 14 index 0 rnti 5505 mcs 24
slot 15 index 0 rnti 5505 mcs 24
slot 16 index 0 rnti 5505 mcs 24
slot 4 index 0 rnti 5505 mcs 24
slot 5 index 0 rnti 5505 mcs 24
slot 6 index 0 rnti 5505 mcs 24
slot 14 index 0 rnti 5505 mcs 24
slot 15 index 0 rnti 5505 mcs 24
slot 16 index 0 rnti 5505 mcs 24
[EMURAN-DL-CSV] t=21.903 win_tbs=20 win_fail=1 win_bler=0.05000 mcs_last=24 mcs_min=24 mcs_max=24 r0=19 r1=1 r2=0 r3=0  f0=1 f1=0 f2=0 f3=0 tot_tbs=5380 tot_fail=466 tot_bler=0.08662 tot_init=4933 tot_retx=447
slot 4 index 0 rnti 5505 mcs 24
slot 5 index 0 rnti 5505 mcs 24
slot 6 index 0 rnti 5505 mcs 24
slot 14 index 0 rnti 5505 mcs 24
slot 15 index 0 rnti 5505 mcs 24
slot 16 index 0 rnti 5505 mcs 24
slot 4 index 0 rnti 5505 mcs 24
slot 5 index 0 rnti 5505 mcs 24
slot 6 index 0 rnti 5505 mcs 24
slot 14 index 0 rnti 5505 mcs 24
slot 15 index 0 rnti 5505 mcs 24
slot 16 index 0 rnti 5505 mcs 24
slot 4 index 0 rnti 5505 mcs 24
slot 5 index 0 rnti 5505 mcs 24
slot 6 index 0 rnti 5505 mcs 24
slot 14 index 0 rnti 5505 mcs 24
slot 15 index 0 rnti 5505 mcs 24
slot 16 index 0 rnti 5505 mcs 24
slot 4 index 0 rnti 5505 mcs 24
slot 5 index 0 rnti 5505 mcs 24
[EMURAN-DL-CSV] t=21.975 win_tbs=20 win_fail=4 win_bler=0.20000 mcs_last=24 mcs_min=24 mcs_max=24 r0=17 r1=2 r2=1 r3=0  f0=4 f1=0 f2=0 f3=0 tot_tbs=5400 tot_fail=470 tot_bler=0.08704 tot_init=4950 tot_retx=450
slot 6 index 0 rnti 5505 mcs 24
slot 14 index 0 rnti 5505 mcs 24
slot 15 index 0 rnti 5505 mcs 24
slot 16 index 0 rnti 5505 mcs 24
slot 4 index 0 rnti 5505 mcs 24
slot 5 index 0 rnti 5505 mcs 24
slot 6 index 0 rnti 5505 mcs 24
slot 14 index 0 rnti 5505 mcs 24
slot 15 index 0 rnti 5505 mcs 24
slot 16 index 0 rnti 5505 mcs 24
slot 4 index 0 rnti 5505 mcs 24
slot 5 index 0 rnti 5505 mcs 24
slot 6 index 0 rnti 5505 mcs 24
slot 14 index 0 rnti 5505 mcs 24
slot 15 index 0 rnti 5505 mcs 24
slot 16 index 0 rnti 5505 mcs 24
slot 4 index 0 rnti 5505 mcs 24
slot 5 index 0 rnti 5505 mcs 24
slot 6 index 0 rnti 5505 mcs 24
slot 14 index 0 rnti 5505 mcs 24
[EMURAN-DL-CSV] t=22.048 win_tbs=20 win_fail=0 win_bler=0.00000 mcs_last=24 mcs_min=24 mcs_max=24 r0=20 r1=0 r2=0 r3=0  f0=0 f1=0 f2=0 f3=0 tot_tbs=5420 tot_fail=470 tot_bler=0.08672 tot_init=4970 tot_retx=450
slot 15 index 0 rnti 5505 mcs 24
slot 16 index 0 rnti 5505 mcs 24
slot 4 index 0 rnti 5505 mcs 24
slot 5 index 0 rnti 5505 mcs 24
slot 6 index 0 rnti 5505 mcs 24
slot 14 index 0 rnti 5505 mcs 24
slot 15 index 0 rnti 5505 mcs 24
slot 16 index 0 rnti 5505 mcs 24
slot 4 index 0 rnti 5505 mcs 24
slot 5 index 0 rnti 5505 mcs 24
slot 6 index 0 rnti 5505 mcs 24
slot 14 index 0 rnti 5505 mcs 24
slot 15 index 0 rnti 5505 mcs 24
slot 16 index 0 rnti 5505 mcs 24
slot 4 index 0 rnti 5505 mcs 24
slot 5 index 0 rnti 5505 mcs 24
slot 6 index 0 rnti 5505 mcs 24
slot 14 index 0 rnti 5505 mcs 24
slot 15 index 0 rnti 5505 mcs 24
slot 16 index 0 rnti 5505 mcs 24
[EMURAN-DL-CSV] t=22.113 win_tbs=20 win_fail=1 win_bler=0.05000 mcs_last=24 mcs_min=24 mcs_max=24 r0=19 r1=1 r2=0 r3=0  f0=1 f1=0 f2=0 f3=0 tot_tbs=5440 tot_fail=471 tot_bler=0.08658 tot_init=4989 tot_retx=451
slot 4 index 0 rnti 5505 mcs 24
slot 5 index 0 rnti 5505 mcs 24
slot 6 index 0 rnti 5505 mcs 24
slot 14 index 0 rnti 5505 mcs 24
slot 15 index 0 rnti 5505 mcs 24
slot 16 index 0 rnti 5505 mcs 24
slot 4 index 0 rnti 5505 mcs 24
slot 5 index 0 rnti 5505 mcs 24
slot 6 index 0 rnti 5505 mcs 24
slot 14 index 0 rnti 5505 mcs 24
slot 15 index 0 rnti 5505 mcs 24
slot 16 index 0 rnti 5505 mcs 24
slot 4 index 0 rnti 5505 mcs 24
slot 5 index 0 rnti 5505 mcs 24
slot 6 index 0 rnti 5505 mcs 24
slot 14 index 0 rnti 5505 mcs 24
slot 15 index 0 rnti 5505 mcs 24
slot 16 index 0 rnti 5505 mcs 24
slot 4 index 0 rnti 5505 mcs 24
slot 5 index 0 rnti 5505 mcs 24
[EMURAN-DL-CSV] t=22.185 win_tbs=20 win_fail=0 win_bler=0.00000 mcs_last=24 mcs_min=24 mcs_max=24 r0=20 r1=0 r2=0 r3=0  f0=0 f1=0 f2=0 f3=0 tot_tbs=5460 tot_fail=471 tot_bler=0.08626 tot_init=5009 tot_retx=451
slot 6 index 0 rnti 5505 mcs 24
slot 14 index 0 rnti 5505 mcs 24
slot 15 index 0 rnti 5505 mcs 24
slot 16 index 0 rnti 5505 mcs 24
slot 4 index 0 rnti 5505 mcs 24
slot 5 index 0 rnti 5505 mcs 24
slot 6 index 0 rnti 5505 mcs 24
slot 14 index 0 rnti 5505 mcs 24
slot 15 index 0 rnti 5505 mcs 24
slot 16 index 0 rnti 5505 mcs 24
slot 4 index 0 rnti 5505 mcs 24
slot 5 index 0 rnti 5505 mcs 24
slot 6 index 0 rnti 5505 mcs 24
slot 14 index 0 rnti 5505 mcs 24
slot 15 index 0 rnti 5505 mcs 24
slot 16 index 0 rnti 5505 mcs 24
slot 4 index 0 rnti 5505 mcs 24
slot 5 index 0 rnti 5505 mcs 24
slot 6 index 0 rnti 5505 mcs 24
slot 14 index 0 rnti 5505 mcs 24
[EMURAN-DL-CSV] t=22.258 win_tbs=20 win_fail=2 win_bler=0.10000 mcs_last=24 mcs_min=24 mcs_max=24 r0=18 r1=2 r2=0 r3=0  f0=2 f1=0 f2=0 f3=0 tot_tbs=5480 tot_fail=473 tot_bler=0.08631 tot_init=5027 tot_retx=453
slot 15 index 0 rnti 5505 mcs 24
slot 16 index 0 rnti 5505 mcs 24
slot 4 index 0 rnti 5505 mcs 24
slot 5 index 0 rnti 5505 mcs 24
slot 6 index 0 rnti 5505 mcs 24
slot 14 index 0 rnti 5505 mcs 24
slot 15 index 0 rnti 5505 mcs 24
slot 16 index 0 rnti 5505 mcs 24
slot 4 index 0 rnti 5505 mcs 24
slot 5 index 0 rnti 5505 mcs 24
slot 6 index 0 rnti 5505 mcs 24
slot 14 index 0 rnti 5505 mcs 24
slot 15 index 0 rnti 5505 mcs 24
slot 16 index 0 rnti 5505 mcs 24
slot 4 index 0 rnti 5505 mcs 24
slot 5 index 0 rnti 5505 mcs 24
slot 6 index 0 rnti 5505 mcs 24
slot 14 index 0 rnti 5505 mcs 24
slot 15 index 0 rnti 5505 mcs 24
slot 16 index 0 rnti 5505 mcs 24
[EMURAN-DL-CSV] t=22.323 win_tbs=20 win_fail=0 win_bler=0.00000 mcs_last=24 mcs_min=24 mcs_max=24 r0=20 r1=0 r2=0 r3=0  f0=0 f1=0 f2=0 f3=0 tot_tbs=5500 tot_fail=473 tot_bler=0.08600 tot_init=5047 tot_retx=453
slot 4 index 0 rnti 5505 mcs 24
slot 5 index 0 rnti 5505 mcs 24
slot 6 index 0 rnti 5505 mcs 24
slot 14 index 0 rnti 5505 mcs 24
slot 15 index 0 rnti 5505 mcs 24
slot 16 index 0 rnti 5505 mcs 24
slot 4 index 0 rnti 5505 mcs 24
slot 5 index 0 rnti 5505 mcs 24
slot 6 index 0 rnti 5505 mcs 24
slot 14 index 0 rnti 5505 mcs 24
slot 15 index 0 rnti 5505 mcs 24
slot 16 index 0 rnti 5505 mcs 24
slot 4 index 0 rnti 5505 mcs 24
slot 5 index 0 rnti 5505 mcs 24
slot 6 index 0 rnti 5505 mcs 24
slot 14 index 0 rnti 5505 mcs 24
slot 15 index 0 rnti 5505 mcs 24
slot 16 index 0 rnti 5505 mcs 24
slot 4 index 0 rnti 5505 mcs 24
slot 5 index 0 rnti 5505 mcs 24
[EMURAN-DL-CSV] t=22.395 win_tbs=20 win_fail=2 win_bler=0.10000 mcs_last=24 mcs_min=24 mcs_max=24 r0=18 r1=2 r2=0 r3=0  f0=2 f1=0 f2=0 f3=0 tot_tbs=5520 tot_fail=475 tot_bler=0.08605 tot_init=5065 tot_retx=455
slot 6 index 0 rnti 5505 mcs 24
slot 14 index 0 rnti 5505 mcs 24
slot 15 index 0 rnti 5505 mcs 24
slot 16 index 0 rnti 5505 mcs 24
slot 4 index 0 rnti 5505 mcs 24
slot 5 index 0 rnti 5505 mcs 24
slot 6 index 0 rnti 5505 mcs 24
slot 14 index 0 rnti 5505 mcs 24
slot 15 index 0 rnti 5505 mcs 24
slot 16 index 0 rnti 5505 mcs 24
slot 4 index 0 rnti 5505 mcs 24
slot 5 index 0 rnti 5505 mcs 24
slot 6 index 0 rnti 5505 mcs 24
slot 14 index 0 rnti 5505 mcs 24
slot 15 index 0 rnti 5505 mcs 24
slot 16 index 0 rnti 5505 mcs 24
slot 4 index 0 rnti 5505 mcs 24
slot 5 index 0 rnti 5505 mcs 24
slot 6 index 0 rnti 5505 mcs 24
slot 14 index 0 rnti 5505 mcs 24
[EMURAN-DL-CSV] t=22.468 win_tbs=20 win_fail=1 win_bler=0.05000 mcs_last=24 mcs_min=24 mcs_max=24 r0=19 r1=1 r2=0 r3=0  f0=1 f1=0 f2=0 f3=0 tot_tbs=5540 tot_fail=476 tot_bler=0.08592 tot_init=5084 tot_retx=456
slot 15 index 0 rnti 5505 mcs 24
slot 16 index 0 rnti 5505 mcs 24
slot 4 index 0 rnti 5505 mcs 24
slot 5 index 0 rnti 5505 mcs 24
slot 6 index 0 rnti 5505 mcs 24
slot 14 index 0 rnti 5505 mcs 24
slot 15 index 0 rnti 5505 mcs 24
slot 16 index 0 rnti 5505 mcs 24
slot 4 index 0 rnti 5505 mcs 24
slot 5 index 0 rnti 5505 mcs 24
slot 6 index 0 rnti 5505 mcs 24
slot 14 index 0 rnti 5505 mcs 24
slot 15 index 0 rnti 5505 mcs 24
slot 16 index 0 rnti 5505 mcs 24
slot 4 index 0 rnti 5505 mcs 24
slot 5 index 0 rnti 5505 mcs 24
slot 6 index 0 rnti 5505 mcs 24
slot 14 index 0 rnti 5505 mcs 24
slot 15 index 0 rnti 5505 mcs 24
slot 16 index 0 rnti 5505 mcs 24
[EMURAN-DL-CSV] t=22.533 win_tbs=20 win_fail=0 win_bler=0.00000 mcs_last=24 mcs_min=24 mcs_max=24 r0=19 r1=1 r2=0 r3=0  f0=0 f1=0 f2=0 f3=0 tot_tbs=5560 tot_fail=476 tot_bler=0.08561 tot_init=5103 tot_retx=457
slot 4 index 0 rnti 5505 mcs 24
slot 5 index 0 rnti 5505 mcs 24
slot 6 index 0 rnti 5505 mcs 24
slot 14 index 0 rnti 5505 mcs 24
slot 15 index 0 rnti 5505 mcs 24
slot 16 index 0 rnti 5505 mcs 24
slot 4 index 0 rnti 5505 mcs 24
slot 5 index 0 rnti 5505 mcs 24
slot 6 index 0 rnti 5505 mcs 24
slot 14 index 0 rnti 5505 mcs 24
slot 15 index 0 rnti 5505 mcs 24
slot 16 index 0 rnti 5505 mcs 24
slot 4 index 0 rnti 5505 mcs 24
slot 5 index 0 rnti 5505 mcs 24
slot 6 index 0 rnti 5505 mcs 24
slot 14 index 0 rnti 5505 mcs 24
slot 15 index 0 rnti 5505 mcs 24
slot 16 index 0 rnti 5505 mcs 24
slot 4 index 0 rnti 5505 mcs 24
slot 5 index 0 rnti 5505 mcs 24
[EMURAN-DL-CSV] t=22.605 win_tbs=20 win_fail=2 win_bler=0.10000 mcs_last=24 mcs_min=24 mcs_max=24 r0=18 r1=2 r2=0 r3=0  f0=2 f1=0 f2=0 f3=0 tot_tbs=5580 tot_fail=478 tot_bler=0.08566 tot_init=5121 tot_retx=459
slot 6 index 0 rnti 5505 mcs 24
slot 14 index 0 rnti 5505 mcs 24
slot 15 index 0 rnti 5505 mcs 24
slot 16 index 0 rnti 5505 mcs 24
slot 4 index 0 rnti 5505 mcs 24
slot 5 index 0 rnti 5505 mcs 24
slot 6 index 0 rnti 5505 mcs 24
slot 14 index 0 rnti 5505 mcs 24
slot 15 index 0 rnti 5505 mcs 24
slot 16 index 0 rnti 5505 mcs 24
slot 4 index 0 rnti 5505 mcs 24
slot 5 index 0 rnti 5505 mcs 24
slot 6 index 0 rnti 5505 mcs 24
slot 14 index 0 rnti 5505 mcs 24
slot 15 index 0 rnti 5505 mcs 24
slot 16 index 0 rnti 5505 mcs 24
slot 4 index 0 rnti 5505 mcs 24
slot 5 index 0 rnti 5505 mcs 24
slot 6 index 0 rnti 5505 mcs 24
slot 14 index 0 rnti 5505 mcs 24
[EMURAN-DL-CSV] t=22.678 win_tbs=20 win_fail=1 win_bler=0.05000 mcs_last=24 mcs_min=24 mcs_max=24 r0=19 r1=1 r2=0 r3=0  f0=1 f1=0 f2=0 f3=0 tot_tbs=5600 tot_fail=479 tot_bler=0.08554 tot_init=5140 tot_retx=460
slot 15 index 0 rnti 5505 mcs 24
slot 16 index 0 rnti 5505 mcs 24
slot 4 index 0 rnti 5505 mcs 24
slot 5 index 0 rnti 5505 mcs 24
slot 6 index 0 rnti 5505 mcs 24
slot 14 index 0 rnti 5505 mcs 24
slot 15 index 0 rnti 5505 mcs 24
slot 16 index 0 rnti 5505 mcs 24
slot 4 index 0 rnti 5505 mcs 24
slot 5 index 0 rnti 5505 mcs 24
slot 6 index 0 rnti 5505 mcs 24
slot 14 index 0 rnti 5505 mcs 24
slot 15 index 0 rnti 5505 mcs 24
slot 16 index 0 rnti 5505 mcs 24
slot 4 index 0 rnti 5505 mcs 24
slot 5 index 0 rnti 5505 mcs 24
slot 6 index 0 rnti 5505 mcs 24
slot 14 index 0 rnti 5505 mcs 24
slot 15 index 0 rnti 5505 mcs 24
slot 16 index 0 rnti 5505 mcs 24
[EMURAN-DL-CSV] t=22.743 win_tbs=20 win_fail=1 win_bler=0.05000 mcs_last=24 mcs_min=24 mcs_max=24 r0=19 r1=1 r2=0 r3=0  f0=1 f1=0 f2=0 f3=0 tot_tbs=5620 tot_fail=480 tot_bler=0.08541 tot_init=5159 tot_retx=461
slot 4 index 0 rnti 5505 mcs 24
slot 5 index 0 rnti 5505 mcs 24
slot 6 index 0 rnti 5505 mcs 24
slot 14 index 0 rnti 5505 mcs 24
slot 15 index 0 rnti 5505 mcs 24
slot 16 index 0 rnti 5505 mcs 24
slot 4 index 0 rnti 5505 mcs 24
slot 5 index 0 rnti 5505 mcs 24
slot 6 index 0 rnti 5505 mcs 24
slot 14 index 0 rnti 5505 mcs 24
slot 15 index 0 rnti 5505 mcs 24
slot 16 index 0 rnti 5505 mcs 24
slot 4 index 0 rnti 5505 mcs 24
slot 5 index 0 rnti 5505 mcs 24
slot 6 index 0 rnti 5505 mcs 24
slot 14 index 0 rnti 5505 mcs 24
slot 15 index 0 rnti 5505 mcs 24
slot 16 index 0 rnti 5505 mcs 24
slot 4 index 0 rnti 5505 mcs 24
slot 5 index 0 rnti 5505 mcs 24
[EMURAN-DL-CSV] t=22.816 win_tbs=20 win_fail=1 win_bler=0.05000 mcs_last=24 mcs_min=24 mcs_max=24 r0=19 r1=1 r2=0 r3=0  f0=1 f1=0 f2=0 f3=0 tot_tbs=5640 tot_fail=481 tot_bler=0.08528 tot_init=5178 tot_retx=462
slot 6 index 0 rnti 5505 mcs 24
slot 14 index 0 rnti 5505 mcs 24
slot 15 index 0 rnti 5505 mcs 24
slot 16 index 0 rnti 5505 mcs 24
slot 4 index 0 rnti 5505 mcs 24
slot 5 index 0 rnti 5505 mcs 24
slot 6 index 0 rnti 5505 mcs 24
slot 14 index 0 rnti 5505 mcs 24
slot 15 index 0 rnti 5505 mcs 24
slot 16 index 0 rnti 5505 mcs 24
slot 4 index 0 rnti 5505 mcs 24
slot 5 index 0 rnti 5505 mcs 24
slot 6 index 0 rnti 5505 mcs 24
slot 14 index 0 rnti 5505 mcs 24
slot 15 index 0 rnti 5505 mcs 24
slot 16 index 0 rnti 5505 mcs 24
slot 4 index 0 rnti 5505 mcs 24
slot 5 index 0 rnti 5505 mcs 24
slot 6 index 0 rnti 5505 mcs 24
slot 14 index 0 rnti 5505 mcs 24
[EMURAN-DL-CSV] t=22.888 win_tbs=20 win_fail=0 win_bler=0.00000 mcs_last=24 mcs_min=24 mcs_max=24 r0=19 r1=1 r2=0 r3=0  f0=0 f1=0 f2=0 f3=0 tot_tbs=5660 tot_fail=481 tot_bler=0.08498 tot_init=5197 tot_retx=463
slot 15 index 0 rnti 5505 mcs 24
slot 16 index 0 rnti 5505 mcs 24
slot 4 index 0 rnti 5505 mcs 24
slot 5 index 0 rnti 5505 mcs 24
slot 6 index 0 rnti 5505 mcs 24
slot 14 index 0 rnti 5505 mcs 24
slot 15 index 0 rnti 5505 mcs 24
slot 16 index 0 rnti 5505 mcs 24
slot 4 index 0 rnti 5505 mcs 24
slot 5 index 0 rnti 5505 mcs 24
slot 6 index 0 rnti 5505 mcs 24
slot 14 index 0 rnti 5505 mcs 24
slot 15 index 0 rnti 5505 mcs 24
slot 16 index 0 rnti 5505 mcs 24
slot 4 index 0 rnti 5505 mcs 24
slot 5 index 0 rnti 5505 mcs 24
slot 6 index 0 rnti 5505 mcs 24
slot 14 index 0 rnti 5505 mcs 24
slot 15 index 0 rnti 5505 mcs 24
slot 16 index 0 rnti 5505 mcs 24
[EMURAN-DL-CSV] t=22.953 win_tbs=20 win_fail=2 win_bler=0.10000 mcs_last=24 mcs_min=24 mcs_max=24 r0=18 r1=2 r2=0 r3=0  f0=2 f1=0 f2=0 f3=0 tot_tbs=5680 tot_fail=483 tot_bler=0.08504 tot_init=5215 tot_retx=465
slot 4 index 0 rnti 5505 mcs 24
slot 5 index 0 rnti 5505 mcs 24
slot 6 index 0 rnti 5505 mcs 24
slot 14 index 0 rnti 5505 mcs 24
slot 15 index 0 rnti 5505 mcs 24
slot 16 index 0 rnti 5505 mcs 24
slot 4 index 0 rnti 5505 mcs 24
slot 5 index 0 rnti 5505 mcs 24
slot 6 index 0 rnti 5505 mcs 24
slot 14 index 0 rnti 5505 mcs 24
slot 15 index 0 rnti 5505 mcs 24
slot 16 index 0 rnti 5505 mcs 24
slot 4 index 0 rnti 5505 mcs 24
slot 5 index 0 rnti 5505 mcs 24
slot 6 index 0 rnti 5505 mcs 24
slot 14 index 0 rnti 5505 mcs 24
slot 15 index 0 rnti 5505 mcs 24
slot 16 index 0 rnti 5505 mcs 24
[UE-STAT] frame=600 dci_cnt=600 total_tbs=41803200 ack_real=499 nack_real=29 fb_missing=72 decode_cnt=600
slot 4 index 0 rnti 5505 mcs 24
slot 5 index 0 rnti 5505 mcs 24
[EMURAN-DL-CSV] t=23.026 win_tbs=20 win_fail=2 win_bler=0.10000 mcs_last=24 mcs_min=24 mcs_max=24 r0=18 r1=2 r2=0 r3=0  f0=2 f1=0 f2=0 f3=0 tot_tbs=5700 tot_fail=485 tot_bler=0.08509 tot_init=5233 tot_retx=467
slot 6 index 0 rnti 5505 mcs 24
slot 14 index 0 rnti 5505 mcs 24
slot 15 index 0 rnti 5505 mcs 24
slot 16 index 0 rnti 5505 mcs 24
slot 4 index 0 rnti 5505 mcs 24
slot 5 index 0 rnti 5505 mcs 24
slot 6 index 0 rnti 5505 mcs 24
slot 14 index 0 rnti 5505 mcs 24
slot 15 index 0 rnti 5505 mcs 24
slot 16 index 0 rnti 5505 mcs 24
slot 4 index 0 rnti 5505 mcs 24
slot 5 index 0 rnti 5505 mcs 24
slot 6 index 0 rnti 5505 mcs 24
slot 14 index 0 rnti 5505 mcs 24
slot 15 index 0 rnti 5505 mcs 24
slot 16 index 0 rnti 5505 mcs 24
slot 4 index 0 rnti 5505 mcs 24
slot 5 index 0 rnti 5505 mcs 24
slot 6 index 0 rnti 5505 mcs 24
slot 14 index 0 rnti 5505 mcs 24
[EMURAN-DL-CSV] t=23.098 win_tbs=20 win_fail=2 win_bler=0.10000 mcs_last=24 mcs_min=24 mcs_max=24 r0=18 r1=2 r2=0 r3=0  f0=2 f1=0 f2=0 f3=0 tot_tbs=5720 tot_fail=487 tot_bler=0.08514 tot_init=5251 tot_retx=469
slot 15 index 0 rnti 5505 mcs 24
slot 16 index 0 rnti 5505 mcs 24
slot 4 index 0 rnti 5505 mcs 24
slot 5 index 0 rnti 5505 mcs 24
slot 6 index 0 rnti 5505 mcs 24
slot 14 index 0 rnti 5505 mcs 24
slot 15 index 0 rnti 5505 mcs 24
slot 16 index 0 rnti 5505 mcs 24
slot 4 index 0 rnti 5505 mcs 24
slot 5 index 0 rnti 5505 mcs 24
slot 6 index 0 rnti 5505 mcs 24
slot 14 index 0 rnti 5505 mcs 24
slot 15 index 0 rnti 5505 mcs 24
slot 16 index 0 rnti 5505 mcs 24
slot 4 index 0 rnti 5505 mcs 24
slot 5 index 0 rnti 5505 mcs 24
slot 6 index 0 rnti 5505 mcs 24
slot 14 index 0 rnti 5505 mcs 24
slot 15 index 0 rnti 5505 mcs 24
slot 16 index 0 rnti 5505 mcs 24
[EMURAN-DL-CSV] t=23.163 win_tbs=20 win_fail=0 win_bler=0.00000 mcs_last=24 mcs_min=24 mcs_max=24 r0=20 r1=0 r2=0 r3=0  f0=0 f1=0 f2=0 f3=0 tot_tbs=5740 tot_fail=487 tot_bler=0.08484 tot_init=5271 tot_retx=469
slot 4 index 0 rnti 5505 mcs 24
slot 5 index 0 rnti 5505 mcs 24
slot 6 index 0 rnti 5505 mcs 24
slot 14 index 0 rnti 5505 mcs 24
slot 15 index 0 rnti 5505 mcs 24
slot 16 index 0 rnti 5505 mcs 24
slot 4 index 0 rnti 5505 mcs 24
slot 5 index 0 rnti 5505 mcs 24
slot 6 index 0 rnti 5505 mcs 24
slot 14 index 0 rnti 5505 mcs 24
slot 15 index 0 rnti 5505 mcs 24
slot 16 index 0 rnti 5505 mcs 24
slot 4 index 0 rnti 5505 mcs 24
slot 5 index 0 rnti 5505 mcs 24
slot 6 index 0 rnti 5505 mcs 24
slot 14 index 0 rnti 5505 mcs 24
slot 15 index 0 rnti 5505 mcs 24
slot 16 index 0 rnti 5505 mcs 24
slot 4 index 0 rnti 5505 mcs 24
slot 5 index 0 rnti 5505 mcs 24
[EMURAN-DL-CSV] t=23.236 win_tbs=20 win_fail=0 win_bler=0.00000 mcs_last=24 mcs_min=24 mcs_max=24 r0=19 r1=1 r2=0 r3=0  f0=0 f1=0 f2=0 f3=0 tot_tbs=5760 tot_fail=487 tot_bler=0.08455 tot_init=5290 tot_retx=470
slot 6 index 0 rnti 5505 mcs 24
slot 14 index 0 rnti 5505 mcs 24
slot 15 index 0 rnti 5505 mcs 24
slot 16 index 0 rnti 5505 mcs 24
slot 4 index 0 rnti 5505 mcs 24
slot 5 index 0 rnti 5505 mcs 24
slot 6 index 0 rnti 5505 mcs 24
slot 14 index 0 rnti 5505 mcs 24
slot 15 index 0 rnti 5505 mcs 24
slot 16 index 0 rnti 5505 mcs 24
slot 4 index 0 rnti 5505 mcs 24
slot 5 index 0 rnti 5505 mcs 24
slot 6 index 0 rnti 5505 mcs 24
slot 14 index 0 rnti 5505 mcs 24
slot 15 index 0 rnti 5505 mcs 24
slot 16 index 0 rnti 5505 mcs 24
slot 4 index 0 rnti 5505 mcs 24
slot 5 index 0 rnti 5505 mcs 24
slot 6 index 0 rnti 5505 mcs 24
slot 14 index 0 rnti 5505 mcs 24
[EMURAN-DL-CSV] t=23.308 win_tbs=20 win_fail=0 win_bler=0.00000 mcs_last=24 mcs_min=24 mcs_max=24 r0=20 r1=0 r2=0 r3=0  f0=0 f1=0 f2=0 f3=0 tot_tbs=5780 tot_fail=487 tot_bler=0.08426 tot_init=5310 tot_retx=470
slot 15 index 0 rnti 5505 mcs 24
slot 16 index 0 rnti 5505 mcs 24
slot 4 index 0 rnti 5505 mcs 24
slot 5 index 0 rnti 5505 mcs 24
slot 6 index 0 rnti 5505 mcs 24
slot 14 index 0 rnti 5505 mcs 24
slot 15 index 0 rnti 5505 mcs 24
slot 16 index 0 rnti 5505 mcs 24
slot 4 index 0 rnti 5505 mcs 24
slot 5 index 0 rnti 5505 mcs 24
slot 6 index 0 rnti 5505 mcs 24
slot 14 index 0 rnti 5505 mcs 24
slot 15 index 0 rnti 5505 mcs 24
slot 16 index 0 rnti 5505 mcs 24
slot 4 index 0 rnti 5505 mcs 24
slot 5 index 0 rnti 5505 mcs 24
slot 6 index 0 rnti 5505 mcs 24
slot 14 index 0 rnti 5505 mcs 24
slot 15 index 0 rnti 5505 mcs 24
slot 16 index 0 rnti 5505 mcs 24
[EMURAN-DL-CSV] t=23.373 win_tbs=20 win_fail=1 win_bler=0.05000 mcs_last=24 mcs_min=24 mcs_max=24 r0=20 r1=0 r2=0 r3=0  f0=1 f1=0 f2=0 f3=0 tot_tbs=5800 tot_fail=488 tot_bler=0.08414 tot_init=5330 tot_retx=470
slot 4 index 0 rnti 5505 mcs 24
slot 5 index 0 rnti 5505 mcs 24
slot 6 index 0 rnti 5505 mcs 24
slot 14 index 0 rnti 5505 mcs 24
slot 15 index 0 rnti 5505 mcs 24
slot 16 index 0 rnti 5505 mcs 24
slot 4 index 0 rnti 5505 mcs 24
slot 5 index 0 rnti 5505 mcs 24
slot 6 index 0 rnti 5505 mcs 24
slot 14 index 0 rnti 5505 mcs 24
slot 15 index 0 rnti 5505 mcs 24
slot 16 index 0 rnti 5505 mcs 24
slot 4 index 0 rnti 5505 mcs 24
slot 5 index 0 rnti 5505 mcs 24
slot 6 index 0 rnti 5505 mcs 24
slot 14 index 0 rnti 5505 mcs 24
slot 15 index 0 rnti 5505 mcs 24
slot 16 index 0 rnti 5505 mcs 24
slot 4 index 0 rnti 5505 mcs 24
slot 5 index 0 rnti 5505 mcs 24
[EMURAN-DL-CSV] t=23.446 win_tbs=20 win_fail=2 win_bler=0.10000 mcs_last=24 mcs_min=24 mcs_max=24 r0=18 r1=2 r2=0 r3=0  f0=2 f1=0 f2=0 f3=0 tot_tbs=5820 tot_fail=490 tot_bler=0.08419 tot_init=5348 tot_retx=472
slot 6 index 0 rnti 5505 mcs 24
slot 14 index 0 rnti 5505 mcs 24
slot 15 index 0 rnti 5505 mcs 24
slot 16 index 0 rnti 5505 mcs 24
slot 4 index 0 rnti 5505 mcs 24
slot 5 index 0 rnti 5505 mcs 24
slot 6 index 0 rnti 5505 mcs 24
slot 14 index 0 rnti 5505 mcs 24
slot 15 index 0 rnti 5505 mcs 24
slot 16 index 0 rnti 5505 mcs 24
slot 4 index 0 rnti 5505 mcs 24
slot 5 index 0 rnti 5505 mcs 24
slot 6 index 0 rnti 5505 mcs 24
slot 14 index 0 rnti 5505 mcs 24
slot 15 index 0 rnti 5505 mcs 24
slot 16 index 0 rnti 5505 mcs 24
slot 4 index 0 rnti 5505 mcs 24
slot 5 index 0 rnti 5505 mcs 24
slot 6 index 0 rnti 5505 mcs 24
slot 14 index 0 rnti 5505 mcs 24
[EMURAN-DL-CSV] t=23.518 win_tbs=20 win_fail=2 win_bler=0.10000 mcs_last=24 mcs_min=24 mcs_max=24 r0=17 r1=2 r2=1 r3=0  f0=2 f1=0 f2=0 f3=0 tot_tbs=5840 tot_fail=492 tot_bler=0.08425 tot_init=5365 tot_retx=475
slot 15 index 0 rnti 5505 mcs 24
slot 16 index 0 rnti 5505 mcs 24
slot 4 index 0 rnti 5505 mcs 24
slot 5 index 0 rnti 5505 mcs 24
slot 6 index 0 rnti 5505 mcs 24
slot 14 index 0 rnti 5505 mcs 24
slot 15 index 0 rnti 5505 mcs 24
slot 16 index 0 rnti 5505 mcs 24
slot 4 index 0 rnti 5505 mcs 24
slot 5 index 0 rnti 5505 mcs 24
slot 6 index 0 rnti 5505 mcs 24
slot 14 index 0 rnti 5505 mcs 24
slot 15 index 0 rnti 5505 mcs 24
slot 16 index 0 rnti 5505 mcs 24
slot 4 index 0 rnti 5505 mcs 24
slot 5 index 0 rnti 5505 mcs 24
slot 6 index 0 rnti 5505 mcs 24
slot 14 index 0 rnti 5505 mcs 24
slot 15 index 0 rnti 5505 mcs 24
slot 16 index 0 rnti 5505 mcs 24
[EMURAN-DL-CSV] t=23.583 win_tbs=20 win_fail=1 win_bler=0.05000 mcs_last=24 mcs_min=24 mcs_max=24 r0=19 r1=1 r2=0 r3=0  f0=1 f1=0 f2=0 f3=0 tot_tbs=5860 tot_fail=493 tot_bler=0.08413 tot_init=5384 tot_retx=476
slot 4 index 0 rnti 5505 mcs 24
slot 5 index 0 rnti 5505 mcs 24
slot 6 index 0 rnti 5505 mcs 24
slot 14 index 0 rnti 5505 mcs 24
slot 15 index 0 rnti 5505 mcs 24
slot 16 index 0 rnti 5505 mcs 24
slot 4 index 0 rnti 5505 mcs 24
slot 5 index 0 rnti 5505 mcs 24
slot 6 index 0 rnti 5505 mcs 24
slot 14 index 0 rnti 5505 mcs 24
slot 15 index 0 rnti 5505 mcs 24
slot 16 index 0 rnti 5505 mcs 24
slot 4 index 0 rnti 5505 mcs 24
slot 5 index 0 rnti 5505 mcs 24
slot 6 index 0 rnti 5505 mcs 24
slot 14 index 0 rnti 5505 mcs 24
slot 15 index 0 rnti 5505 mcs 24
slot 16 index 0 rnti 5505 mcs 24
slot 4 index 0 rnti 5505 mcs 24
slot 5 index 0 rnti 5505 mcs 24
[EMURAN-DL-CSV] t=23.656 win_tbs=20 win_fail=0 win_bler=0.00000 mcs_last=24 mcs_min=24 mcs_max=24 r0=20 r1=0 r2=0 r3=0  f0=0 f1=0 f2=0 f3=0 tot_tbs=5880 tot_fail=493 tot_bler=0.08384 tot_init=5404 tot_retx=476
slot 6 index 0 rnti 5505 mcs 24
slot 14 index 0 rnti 5505 mcs 24
slot 15 index 0 rnti 5505 mcs 24
slot 16 index 0 rnti 5505 mcs 24
slot 4 index 0 rnti 5505 mcs 24
slot 5 index 0 rnti 5505 mcs 24
slot 6 index 0 rnti 5505 mcs 24
slot 14 index 0 rnti 5505 mcs 24
slot 15 index 0 rnti 5505 mcs 24
slot 16 index 0 rnti 5505 mcs 24
slot 4 index 0 rnti 5505 mcs 24
slot 5 index 0 rnti 5505 mcs 24
slot 6 index 0 rnti 5505 mcs 24
slot 14 index 0 rnti 5505 mcs 24
slot 15 index 0 rnti 5505 mcs 24
slot 16 index 0 rnti 5505 mcs 24
slot 4 index 0 rnti 5505 mcs 24
slot 5 index 0 rnti 5505 mcs 24
slot 6 index 0 rnti 5505 mcs 24
slot 14 index 0 rnti 5505 mcs 24
[EMURAN-DL-CSV] t=23.728 win_tbs=20 win_fail=0 win_bler=0.00000 mcs_last=24 mcs_min=24 mcs_max=24 r0=20 r1=0 r2=0 r3=0  f0=0 f1=0 f2=0 f3=0 tot_tbs=5900 tot_fail=493 tot_bler=0.08356 tot_init=5424 tot_retx=476
slot 15 index 0 rnti 5505 mcs 24
slot 16 index 0 rnti 5505 mcs 24
slot 4 index 0 rnti 5505 mcs 24
slot 5 index 0 rnti 5505 mcs 24
slot 6 index 0 rnti 5505 mcs 24
slot 14 index 0 rnti 5505 mcs 24
slot 15 index 0 rnti 5505 mcs 24
slot 16 index 0 rnti 5505 mcs 24
slot 4 index 0 rnti 5505 mcs 24
slot 5 index 0 rnti 5505 mcs 24
slot 6 index 0 rnti 5505 mcs 24
slot 14 index 0 rnti 5505 mcs 24
slot 15 index 0 rnti 5505 mcs 24
slot 16 index 0 rnti 5505 mcs 24
slot 4 index 0 rnti 5505 mcs 24
slot 5 index 0 rnti 5505 mcs 24
slot 6 index 0 rnti 5505 mcs 24
slot 14 index 0 rnti 5505 mcs 24
slot 15 index 0 rnti 5505 mcs 24
slot 16 index 0 rnti 5505 mcs 24
[EMURAN-DL-CSV] t=23.793 win_tbs=20 win_fail=0 win_bler=0.00000 mcs_last=24 mcs_min=24 mcs_max=24 r0=20 r1=0 r2=0 r3=0  f0=0 f1=0 f2=0 f3=0 tot_tbs=5920 tot_fail=493 tot_bler=0.08328 tot_init=5444 tot_retx=476
slot 4 index 0 rnti 5505 mcs 24
slot 5 index 0 rnti 5505 mcs 24
slot 6 index 0 rnti 5505 mcs 24
slot 14 index 0 rnti 5505 mcs 24
slot 15 index 0 rnti 5505 mcs 24
slot 16 index 0 rnti 5505 mcs 24
slot 4 index 0 rnti 5505 mcs 24
slot 5 index 0 rnti 5505 mcs 24
slot 6 index 0 rnti 5505 mcs 24
slot 14 index 0 rnti 5505 mcs 24
slot 15 index 0 rnti 5505 mcs 24
slot 16 index 0 rnti 5505 mcs 24
slot 4 index 0 rnti 5505 mcs 24
slot 5 index 0 rnti 5505 mcs 24
slot 6 index 0 rnti 5505 mcs 24
slot 14 index 0 rnti 5505 mcs 24
slot 15 index 0 rnti 5505 mcs 24
slot 16 index 0 rnti 5505 mcs 24
slot 4 index 0 rnti 5505 mcs 24
slot 5 index 0 rnti 5505 mcs 24
[EMURAN-DL-CSV] t=23.866 win_tbs=20 win_fail=1 win_bler=0.05000 mcs_last=24 mcs_min=24 mcs_max=24 r0=19 r1=1 r2=0 r3=0  f0=1 f1=0 f2=0 f3=0 tot_tbs=5940 tot_fail=494 tot_bler=0.08316 tot_init=5463 tot_retx=477
slot 6 index 0 rnti 5505 mcs 24
slot 14 index 0 rnti 5505 mcs 24
slot 15 index 0 rnti 5505 mcs 24
slot 16 index 0 rnti 5505 mcs 24
slot 4 index 0 rnti 5505 mcs 24
slot 5 index 0 rnti 5505 mcs 24
slot 6 index 0 rnti 5505 mcs 24
slot 14 index 0 rnti 5505 mcs 24
slot 15 index 0 rnti 5505 mcs 24
slot 16 index 0 rnti 5505 mcs 24
slot 4 index 0 rnti 5505 mcs 24
slot 5 index 0 rnti 5505 mcs 24
slot 6 index 0 rnti 5505 mcs 24
slot 14 index 0 rnti 5505 mcs 24
slot 15 index 0 rnti 5505 mcs 24
slot 16 index 0 rnti 5505 mcs 24
slot 4 index 0 rnti 5505 mcs 24
slot 5 index 0 rnti 5505 mcs 24
slot 6 index 0 rnti 5505 mcs 24
slot 14 index 0 rnti 5505 mcs 24
[EMURAN-DL-CSV] t=23.938 win_tbs=20 win_fail=1 win_bler=0.05000 mcs_last=24 mcs_min=24 mcs_max=24 r0=18 r1=1 r2=1 r3=0  f0=1 f1=0 f2=0 f3=0 tot_tbs=5960 tot_fail=495 tot_bler=0.08305 tot_init=5481 tot_retx=479
slot 15 index 0 rnti 5505 mcs 24
slot 16 index 0 rnti 5505 mcs 24
slot 4 index 0 rnti 5505 mcs 24
slot 5 index 0 rnti 5505 mcs 24
slot 6 index 0 rnti 5505 mcs 24
slot 14 index 0 rnti 5505 mcs 24
slot 15 index 0 rnti 5505 mcs 24
slot 16 index 0 rnti 5505 mcs 24
slot 4 index 0 rnti 5505 mcs 24
slot 5 index 0 rnti 5505 mcs 24
slot 6 index 0 rnti 5505 mcs 24
slot 14 index 0 rnti 5505 mcs 24
slot 15 index 0 rnti 5505 mcs 24
slot 16 index 0 rnti 5505 mcs 24
slot 4 index 0 rnti 5505 mcs 24
slot 5 index 0 rnti 5505 mcs 24
slot 6 index 0 rnti 5505 mcs 24
slot 14 index 0 rnti 5505 mcs 24
slot 15 index 0 rnti 5505 mcs 24
slot 16 index 0 rnti 5505 mcs 24
[EMURAN-DL-CSV] t=24.004 win_tbs=20 win_fail=0 win_bler=0.00000 mcs_last=24 mcs_min=24 mcs_max=24 r0=20 r1=0 r2=0 r3=0  f0=0 f1=0 f2=0 f3=0 tot_tbs=5980 tot_fail=495 tot_bler=0.08278 tot_init=5501 tot_retx=479
slot 4 index 0 rnti 5505 mcs 24
slot 5 index 0 rnti 5505 mcs 24
slot 6 index 0 rnti 5505 mcs 24
slot 14 index 0 rnti 5505 mcs 24
slot 15 index 0 rnti 5505 mcs 24
slot 16 index 0 rnti 5505 mcs 24
slot 4 index 0 rnti 5505 mcs 24
slot 5 index 0 rnti 5505 mcs 24
slot 6 index 0 rnti 5505 mcs 24
slot 14 index 0 rnti 5505 mcs 24
slot 15 index 0 rnti 5505 mcs 24
slot 16 index 0 rnti 5505 mcs 24
slot 4 index 0 rnti 5505 mcs 24
slot 5 index 0 rnti 5505 mcs 24
slot 6 index 0 rnti 5505 mcs 24
slot 14 index 0 rnti 5505 mcs 24
slot 15 index 0 rnti 5505 mcs 24
slot 16 index 0 rnti 5505 mcs 24
slot 4 index 0 rnti 5505 mcs 24
slot 5 index 0 rnti 5505 mcs 24
[EMURAN-DL-CSV] t=24.076 win_tbs=20 win_fail=1 win_bler=0.05000 mcs_last=24 mcs_min=24 mcs_max=24 r0=19 r1=1 r2=0 r3=0  f0=1 f1=0 f2=0 f3=0 tot_tbs=6000 tot_fail=496 tot_bler=0.08267 tot_init=5520 tot_retx=480
slot 6 index 0 rnti 5505 mcs 24
slot 14 index 0 rnti 5505 mcs 24
slot 15 index 0 rnti 5505 mcs 24
slot 16 index 0 rnti 5505 mcs 24
slot 4 index 0 rnti 5505 mcs 24
slot 5 index 0 rnti 5505 mcs 24
slot 6 index 0 rnti 5505 mcs 24
slot 14 index 0 rnti 5505 mcs 24
slot 15 index 0 rnti 5505 mcs 24
slot 16 index 0 rnti 5505 mcs 24
slot 4 index 0 rnti 5505 mcs 24
slot 5 index 0 rnti 5505 mcs 24
slot 6 index 0 rnti 5505 mcs 24
slot 14 index 0 rnti 5505 mcs 24
slot 15 index 0 rnti 5505 mcs 24
slot 16 index 0 rnti 5505 mcs 24
slot 4 index 0 rnti 5505 mcs 24
slot 5 index 0 rnti 5505 mcs 24
slot 6 index 0 rnti 5505 mcs 24
slot 14 index 0 rnti 5505 mcs 24
[EMURAN-DL-CSV] t=24.148 win_tbs=20 win_fail=0 win_bler=0.00000 mcs_last=24 mcs_min=24 mcs_max=24 r0=20 r1=0 r2=0 r3=0  f0=0 f1=0 f2=0 f3=0 tot_tbs=6020 tot_fail=496 tot_bler=0.08239 tot_init=5540 tot_retx=480
slot 15 index 0 rnti 5505 mcs 24
slot 16 index 0 rnti 5505 mcs 24
slot 4 index 0 rnti 5505 mcs 25
slot 5 index 0 rnti 5505 mcs 25
slot 6 index 0 rnti 5505 mcs 25
slot 14 index 0 rnti 5505 mcs 24
slot 15 index 0 rnti 5505 mcs 25
slot 16 index 0 rnti 5505 mcs 25
slot 4 index 0 rnti 5505 mcs 25
slot 5 index 0 rnti 5505 mcs 25
slot 6 index 0 rnti 5505 mcs 25
slot 14 index 0 rnti 5505 mcs 25
slot 15 index 0 rnti 5505 mcs 25
slot 16 index 0 rnti 5505 mcs 25
slot 4 index 0 rnti 5505 mcs 25
slot 5 index 0 rnti 5505 mcs 25
slot 6 index 0 rnti 5505 mcs 25
slot 14 index 0 rnti 5505 mcs 25
slot 15 index 0 rnti 5505 mcs 25
slot 16 index 0 rnti 5505 mcs 25
[EMURAN-DL-CSV] t=24.213 win_tbs=20 win_fail=5 win_bler=0.25000 mcs_last=25 mcs_min=24 mcs_max=25 r0=16 r1=2 r2=1 r3=1  f0=4 f1=1 f2=0 f3=0 tot_tbs=6040 tot_fail=501 tot_bler=0.08295 tot_init=5556 tot_retx=484
slot 4 index 0 rnti 5505 mcs 25
slot 5 index 0 rnti 5505 mcs 25
slot 6 index 0 rnti 5505 mcs 25
slot 14 index 0 rnti 5505 mcs 25
slot 15 index 0 rnti 5505 mcs 25
slot 16 index 0 rnti 5505 mcs 25
slot 4 index 0 rnti 5505 mcs 25
slot 5 index 0 rnti 5505 mcs 25
slot 6 index 0 rnti 5505 mcs 25
slot 14 index 0 rnti 5505 mcs 25
slot 15 index 0 rnti 5505 mcs 25
slot 16 index 0 rnti 5505 mcs 25
slot 4 index 0 rnti 5505 mcs 25
slot 5 index 0 rnti 5505 mcs 25
slot 6 index 0 rnti 5505 mcs 25
slot 14 index 0 rnti 5505 mcs 25
slot 15 index 0 rnti 5505 mcs 25
slot 16 index 0 rnti 5505 mcs 25
slot 4 index 0 rnti 5505 mcs 25
slot 5 index 0 rnti 5505 mcs 25
[EMURAN-DL-CSV] t=24.286 win_tbs=20 win_fail=8 win_bler=0.40000 mcs_last=25 mcs_min=25 mcs_max=25 r0=15 r1=2 r2=2 r3=1  f0=7 f1=0 f2=0 f3=1 tot_tbs=6060 tot_fail=509 tot_bler=0.08399 tot_init=5571 tot_retx=489
slot 6 index 0 rnti 5505 mcs 25
slot 14 index 0 rnti 5505 mcs 25
slot 15 index 0 rnti 5505 mcs 25
slot 16 index 0 rnti 5505 mcs 25
slot 4 index 0 rnti 5505 mcs 25
slot 5 index 0 rnti 5505 mcs 25
slot 6 index 0 rnti 5505 mcs 25
slot 14 index 0 rnti 5505 mcs 25
slot 15 index 0 rnti 5505 mcs 25
slot 16 index 0 rnti 5505 mcs 25
slot 4 index 0 rnti 5505 mcs 25
slot 5 index 0 rnti 5505 mcs 25
slot 6 index 0 rnti 5505 mcs 25
slot 14 index 0 rnti 5505 mcs 25
slot 15 index 0 rnti 5505 mcs 25
slot 16 index 0 rnti 5505 mcs 25
slot 4 index 0 rnti 5505 mcs 25
slot 5 index 0 rnti 5505 mcs 25
slot 6 index 0 rnti 5505 mcs 25
slot 14 index 0 rnti 5505 mcs 25
[EMURAN-DL-CSV] t=24.359 win_tbs=20 win_fail=6 win_bler=0.30000 mcs_last=25 mcs_min=25 mcs_max=25 r0=15 r1=4 r2=1 r3=0  f0=5 f1=1 f2=0 f3=0 tot_tbs=6080 tot_fail=515 tot_bler=0.08470 tot_init=5586 tot_retx=494
slot 15 index 0 rnti 5505 mcs 25
slot 16 index 0 rnti 5505 mcs 25
slot 4 index 0 rnti 5505 mcs 25
slot 5 index 0 rnti 5505 mcs 25
slot 6 index 0 rnti 5505 mcs 25
slot 14 index 0 rnti 5505 mcs 25
slot 15 index 0 rnti 5505 mcs 25
slot 16 index 0 rnti 5505 mcs 25
slot 4 index 0 rnti 5505 mcs 25
slot 5 index 0 rnti 5505 mcs 25
slot 6 index 0 rnti 5505 mcs 25
slot 14 index 0 rnti 5505 mcs 25
slot 15 index 0 rnti 5505 mcs 25
slot 16 index 0 rnti 5505 mcs 25
slot 4 index 0 rnti 5505 mcs 25
slot 5 index 0 rnti 5505 mcs 25
slot 6 index 0 rnti 5505 mcs 25
slot 14 index 0 rnti 5505 mcs 25
slot 15 index 0 rnti 5505 mcs 25
slot 16 index 0 rnti 5505 mcs 25
[EMURAN-DL-CSV] t=24.424 win_tbs=20 win_fail=8 win_bler=0.40000 mcs_last=25 mcs_min=25 mcs_max=25 r0=13 r1=4 r2=2 r3=1  f0=5 f1=2 f2=1 f3=0 tot_tbs=6100 tot_fail=523 tot_bler=0.08574 tot_init=5599 tot_retx=501
slot 4 index 0 rnti 5505 mcs 25
slot 5 index 0 rnti 5505 mcs 25
slot 6 index 0 rnti 5505 mcs 25
slot 14 index 0 rnti 5505 mcs 25
slot 15 index 0 rnti 5505 mcs 25
slot 16 index 0 rnti 5505 mcs 25
slot 4 index 0 rnti 5505 mcs 25
slot 5 index 0 rnti 5505 mcs 25
slot 6 index 0 rnti 5505 mcs 25
slot 14 index 0 rnti 5505 mcs 25
slot 15 index 0 rnti 5505 mcs 25
slot 16 index 0 rnti 5505 mcs 25
slot 4 index 0 rnti 5505 mcs 25
slot 5 index 0 rnti 5505 mcs 25
slot 6 index 0 rnti 5505 mcs 25
slot 14 index 0 rnti 5505 mcs 25
slot 15 index 0 rnti 5505 mcs 25
slot 16 index 0 rnti 5505 mcs 25
slot 4 index 0 rnti 5505 mcs 25
slot 5 index 0 rnti 5505 mcs 25
[EMURAN-DL-CSV] t=24.496 win_tbs=20 win_fail=8 win_bler=0.40000 mcs_last=25 mcs_min=25 mcs_max=25 r0=14 r1=5 r2=0 r3=1  f0=4 f1=4 f2=0 f3=0 tot_tbs=6120 tot_fail=531 tot_bler=0.08676 tot_init=5613 tot_retx=507
slot 6 index 0 rnti 5505 mcs 25
slot 14 index 0 rnti 5505 mcs 25
slot 15 index 0 rnti 5505 mcs 25
slot 16 index 0 rnti 5505 mcs 25
slot 4 index 0 rnti 5505 mcs 25
slot 5 index 0 rnti 5505 mcs 25
slot 6 index 0 rnti 5505 mcs 25
slot 14 index 0 rnti 5505 mcs 25
slot 15 index 0 rnti 5505 mcs 25
slot 16 index 0 rnti 5505 mcs 25
slot 4 index 0 rnti 5505 mcs 25
slot 5 index 0 rnti 5505 mcs 25
slot 6 index 0 rnti 5505 mcs 25
slot 14 index 0 rnti 5505 mcs 25
slot 15 index 0 rnti 5505 mcs 25
slot 16 index 0 rnti 5505 mcs 25
slot 4 index 0 rnti 5505 mcs 25
slot 5 index 0 rnti 5505 mcs 25
slot 6 index 0 rnti 5505 mcs 25
slot 14 index 0 rnti 5505 mcs 25
[EMURAN-DL-CSV] t=24.569 win_tbs=20 win_fail=5 win_bler=0.25000 mcs_last=25 mcs_min=25 mcs_max=25 r0=14 r1=3 r2=2 r3=1  f0=2 f1=2 f2=0 f3=1 tot_tbs=6140 tot_fail=536 tot_bler=0.08730 tot_init=5627 tot_retx=513
slot 15 index 0 rnti 5505 mcs 25
slot 16 index 0 rnti 5505 mcs 25
slot 4 index 0 rnti 5505 mcs 25
slot 5 index 0 rnti 5505 mcs 25
slot 6 index 0 rnti 5505 mcs 25
slot 14 index 0 rnti 5505 mcs 25
slot 15 index 0 rnti 5505 mcs 25
slot 16 index 0 rnti 5505 mcs 25
slot 4 index 0 rnti 5505 mcs 25
slot 5 index 0 rnti 5505 mcs 25
slot 6 index 0 rnti 5505 mcs 25
slot 14 index 0 rnti 5505 mcs 25
slot 15 index 0 rnti 5505 mcs 25
slot 16 index 0 rnti 5505 mcs 25
slot 4 index 0 rnti 5505 mcs 25
slot 5 index 0 rnti 5505 mcs 25
slot 6 index 0 rnti 5505 mcs 25
slot 14 index 0 rnti 5505 mcs 25
slot 15 index 0 rnti 5505 mcs 25
slot 16 index 0 rnti 5505 mcs 25
[EMURAN-DL-CSV] t=24.634 win_tbs=20 win_fail=4 win_bler=0.20000 mcs_last=25 mcs_min=25 mcs_max=25 r0=16 r1=3 r2=1 r3=0  f0=3 f1=1 f2=0 f3=0 tot_tbs=6160 tot_fail=540 tot_bler=0.08766 tot_init=5643 tot_retx=517
slot 4 index 0 rnti 5505 mcs 25
slot 5 index 0 rnti 5505 mcs 25
slot 6 index 0 rnti 5505 mcs 25
slot 14 index 0 rnti 5505 mcs 25
slot 15 index 0 rnti 5505 mcs 25
slot 16 index 0 rnti 5505 mcs 25
slot 4 index 0 rnti 5505 mcs 25
slot 5 index 0 rnti 5505 mcs 25
slot 6 index 0 rnti 5505 mcs 25
slot 14 index 0 rnti 5505 mcs 25
slot 15 index 0 rnti 5505 mcs 25
slot 16 index 0 rnti 5505 mcs 25
slot 4 index 0 rnti 5505 mcs 25
slot 5 index 0 rnti 5505 mcs 25
slot 6 index 0 rnti 5505 mcs 25
slot 14 index 0 rnti 5505 mcs 25
slot 15 index 0 rnti 5505 mcs 25
slot 16 index 0 rnti 5505 mcs 25
slot 4 index 0 rnti 5505 mcs 25
slot 5 index 0 rnti 5505 mcs 25
[EMURAN-DL-CSV] t=24.706 win_tbs=20 win_fail=3 win_bler=0.15000 mcs_last=25 mcs_min=25 mcs_max=25 r0=19 r1=1 r2=0 r3=0  f0=3 f1=0 f2=0 f3=0 tot_tbs=6180 tot_fail=543 tot_bler=0.08786 tot_init=5662 tot_retx=518
slot 6 index 0 rnti 5505 mcs 25
slot 14 index 0 rnti 5505 mcs 25
slot 15 index 0 rnti 5505 mcs 25
slot 16 index 0 rnti 5505 mcs 25
slot 4 index 0 rnti 5505 mcs 25
slot 5 index 0 rnti 5505 mcs 25
slot 6 index 0 rnti 5505 mcs 25
slot 14 index 0 rnti 5505 mcs 25
slot 15 index 0 rnti 5505 mcs 25
slot 16 index 0 rnti 5505 mcs 25
slot 4 index 0 rnti 5505 mcs 25
slot 5 index 0 rnti 5505 mcs 25
slot 6 index 0 rnti 5505 mcs 25
slot 14 index 0 rnti 5505 mcs 25
slot 15 index 0 rnti 5505 mcs 25
slot 16 index 0 rnti 5505 mcs 25
slot 4 index 0 rnti 5505 mcs 25
slot 5 index 0 rnti 5505 mcs 25
slot 6 index 0 rnti 5505 mcs 25
slot 14 index 0 rnti 5505 mcs 25
[EMURAN-DL-CSV] t=24.779 win_tbs=20 win_fail=5 win_bler=0.25000 mcs_last=25 mcs_min=25 mcs_max=25 r0=17 r1=3 r2=0 r3=0  f0=5 f1=0 f2=0 f3=0 tot_tbs=6200 tot_fail=548 tot_bler=0.08839 tot_init=5679 tot_retx=521
slot 15 index 0 rnti 5505 mcs 25
slot 16 index 0 rnti 5505 mcs 25
slot 4 index 0 rnti 5505 mcs 25
slot 5 index 0 rnti 5505 mcs 25
slot 6 index 0 rnti 5505 mcs 25
slot 14 index 0 rnti 5505 mcs 25
slot 15 index 0 rnti 5505 mcs 25
slot 16 index 0 rnti 5505 mcs 25
slot 4 index 0 rnti 5505 mcs 25
slot 5 index 0 rnti 5505 mcs 25
slot 6 index 0 rnti 5505 mcs 25
slot 14 index 0 rnti 5505 mcs 25
slot 15 index 0 rnti 5505 mcs 25
slot 16 index 0 rnti 5505 mcs 25
slot 4 index 0 rnti 5505 mcs 25
slot 5 index 0 rnti 5505 mcs 25
slot 6 index 0 rnti 5505 mcs 25
slot 14 index 0 rnti 5505 mcs 25
slot 15 index 0 rnti 5505 mcs 25
slot 16 index 0 rnti 5505 mcs 25
[EMURAN-DL-CSV] t=24.844 win_tbs=20 win_fail=6 win_bler=0.30000 mcs_last=25 mcs_min=25 mcs_max=25 r0=14 r1=4 r2=2 r3=0  f0=6 f1=0 f2=0 f3=0 tot_tbs=6220 tot_fail=554 tot_bler=0.08907 tot_init=5693 tot_retx=527
slot 4 index 0 rnti 5505 mcs 25
slot 5 index 0 rnti 5505 mcs 25
slot 6 index 0 rnti 5505 mcs 25
slot 14 index 0 rnti 5505 mcs 25
slot 15 index 0 rnti 5505 mcs 25
slot 16 index 0 rnti 5505 mcs 25
slot 4 index 0 rnti 5505 mcs 25
slot 5 index 0 rnti 5505 mcs 25
slot 6 index 0 rnti 5505 mcs 25
slot 14 index 0 rnti 5505 mcs 25
slot 15 index 0 rnti 5505 mcs 25
slot 16 index 0 rnti 5505 mcs 25
slot 4 index 0 rnti 5505 mcs 25
slot 5 index 0 rnti 5505 mcs 25
slot 6 index 0 rnti 5505 mcs 25
slot 14 index 0 rnti 5505 mcs 25
slot 15 index 0 rnti 5505 mcs 25
slot 16 index 0 rnti 5505 mcs 25
slot 4 index 0 rnti 5505 mcs 25
slot 5 index 0 rnti 5505 mcs 25
[EMURAN-DL-CSV] t=24.916 win_tbs=20 win_fail=7 win_bler=0.35000 mcs_last=25 mcs_min=25 mcs_max=25 r0=14 r1=4 r2=2 r3=0  f0=5 f1=1 f2=1 f3=0 tot_tbs=6240 tot_fail=561 tot_bler=0.08990 tot_init=5707 tot_retx=533
slot 6 index 0 rnti 5505 mcs 25
slot 14 index 0 rnti 5505 mcs 25
slot 15 index 0 rnti 5505 mcs 25
slot 16 index 0 rnti 5505 mcs 25
slot 4 index 0 rnti 5505 mcs 25
slot 5 index 0 rnti 5505 mcs 25
slot 6 index 0 rnti 5505 mcs 25
slot 14 index 0 rnti 5505 mcs 25
slot 15 index 0 rnti 5505 mcs 25
slot 16 index 0 rnti 5505 mcs 25
slot 4 index 0 rnti 5505 mcs 25
slot 5 index 0 rnti 5505 mcs 25
slot 6 index 0 rnti 5505 mcs 25
slot 14 index 0 rnti 5505 mcs 25
slot 15 index 0 rnti 5505 mcs 25
slot 16 index 0 rnti 5505 mcs 25
slot 4 index 0 rnti 5505 mcs 25
slot 5 index 0 rnti 5505 mcs 25
slot 6 index 0 rnti 5505 mcs 25
slot 14 index 0 rnti 5505 mcs 25
[EMURAN-DL-CSV] t=24.989 win_tbs=20 win_fail=10 win_bler=0.50000 mcs_last=25 mcs_min=25 mcs_max=25 r0=10 r1=8 r2=2 r3=0  f0=5 f1=5 f2=0 f3=0 tot_tbs=6260 tot_fail=571 tot_bler=0.09121 tot_init=5717 tot_retx=543
slot 15 index 0 rnti 5505 mcs 25
slot 16 index 0 rnti 5505 mcs 25
slot 4 index 0 rnti 5505 mcs 25
slot 5 index 0 rnti 5505 mcs 25
slot 6 index 0 rnti 5505 mcs 25
slot 14 index 0 rnti 5505 mcs 25
slot 15 index 0 rnti 5505 mcs 25
slot 16 index 0 rnti 5505 mcs 25
slot 4 index 0 rnti 5505 mcs 25
slot 5 index 0 rnti 5505 mcs 25
slot 6 index 0 rnti 5505 mcs 25
slot 14 index 0 rnti 5505 mcs 25
slot 15 index 0 rnti 5505 mcs 25
slot 16 index 0 rnti 5505 mcs 25
slot 4 index 0 rnti 5505 mcs 25
slot 5 index 0 rnti 5505 mcs 25
slot 6 index 0 rnti 5505 mcs 25
slot 14 index 0 rnti 5505 mcs 25
slot 15 index 0 rnti 5505 mcs 25
slot 16 index 0 rnti 5505 mcs 25
[EMURAN-DL-CSV] t=25.054 win_tbs=20 win_fail=6 win_bler=0.30000 mcs_last=25 mcs_min=25 mcs_max=25 r0=14 r1=5 r2=0 r3=1  f0=5 f1=1 f2=0 f3=0 tot_tbs=6280 tot_fail=577 tot_bler=0.09188 tot_init=5731 tot_retx=549
slot 4 index 0 rnti 5505 mcs 25
slot 5 index 0 rnti 5505 mcs 25
slot 6 index 0 rnti 5505 mcs 25
slot 14 index 0 rnti 5505 mcs 25
slot 15 index 0 rnti 5505 mcs 25
slot 16 index 0 rnti 5505 mcs 25
slot 4 index 0 rnti 5505 mcs 25
slot 5 index 0 rnti 5505 mcs 25
slot 6 index 0 rnti 5505 mcs 25
slot 14 index 0 rnti 5505 mcs 25
slot 15 index 0 rnti 5505 mcs 25
slot 16 index 0 rnti 5505 mcs 25
slot 4 index 0 rnti 5505 mcs 25
slot 5 index 0 rnti 5505 mcs 25
slot 6 index 0 rnti 5505 mcs 25
slot 14 index 0 rnti 5505 mcs 25
slot 15 index 0 rnti 5505 mcs 25
slot 16 index 0 rnti 5505 mcs 25
[UE-STAT] frame=700 dci_cnt=600 total_tbs=42866136 ack_real=444 nack_real=80 fb_missing=76 decode_cnt=600
slot 4 index 0 rnti 5505 mcs 25
slot 5 index 0 rnti 5505 mcs 25
[EMURAN-DL-CSV] t=25.126 win_tbs=20 win_fail=3 win_bler=0.15000 mcs_last=25 mcs_min=25 mcs_max=25 r0=17 r1=3 r2=0 r3=0  f0=2 f1=1 f2=0 f3=0 tot_tbs=6300 tot_fail=580 tot_bler=0.09206 tot_init=5748 tot_retx=552
slot 6 index 0 rnti 5505 mcs 25
slot 14 index 0 rnti 5505 mcs 25
slot 15 index 0 rnti 5505 mcs 25
slot 16 index 0 rnti 5505 mcs 25
slot 4 index 0 rnti 5505 mcs 25
slot 5 index 0 rnti 5505 mcs 25
slot 6 index 0 rnti 5505 mcs 25
slot 14 index 0 rnti 5505 mcs 25
slot 15 index 0 rnti 5505 mcs 25
slot 16 index 0 rnti 5505 mcs 25
slot 4 index 0 rnti 5505 mcs 25
slot 5 index 0 rnti 5505 mcs 25
slot 6 index 0 rnti 5505 mcs 25
slot 14 index 0 rnti 5505 mcs 25
slot 15 index 0 rnti 5505 mcs 25
slot 16 index 0 rnti 5505 mcs 25
slot 4 index 0 rnti 5505 mcs 25
slot 5 index 0 rnti 5505 mcs 25
slot 6 index 0 rnti 5505 mcs 25
slot 14 index 0 rnti 5505 mcs 25
[EMURAN-DL-CSV] t=25.199 win_tbs=20 win_fail=3 win_bler=0.15000 mcs_last=25 mcs_min=25 mcs_max=25 r0=17 r1=3 r2=0 r3=0  f0=2 f1=1 f2=0 f3=0 tot_tbs=6320 tot_fail=583 tot_bler=0.09225 tot_init=5765 tot_retx=555
slot 15 index 0 rnti 5505 mcs 25
slot 16 index 0 rnti 5505 mcs 25
slot 4 index 0 rnti 5505 mcs 25
slot 5 index 0 rnti 5505 mcs 25
slot 6 index 0 rnti 5505 mcs 25
slot 14 index 0 rnti 5505 mcs 25
slot 15 index 0 rnti 5505 mcs 25
slot 16 index 0 rnti 5505 mcs 25
slot 4 index 0 rnti 5505 mcs 25
slot 5 index 0 rnti 5505 mcs 25
slot 6 index 0 rnti 5505 mcs 25
slot 14 index 0 rnti 5505 mcs 25
slot 15 index 0 rnti 5505 mcs 25
slot 16 index 0 rnti 5505 mcs 25
slot 4 index 0 rnti 5505 mcs 25
slot 5 index 0 rnti 5505 mcs 25
slot 6 index 0 rnti 5505 mcs 25
slot 14 index 0 rnti 5505 mcs 25
slot 15 index 0 rnti 5505 mcs 25
slot 16 index 0 rnti 5505 mcs 25
[EMURAN-DL-CSV] t=25.264 win_tbs=20 win_fail=4 win_bler=0.20000 mcs_last=25 mcs_min=25 mcs_max=25 r0=16 r1=4 r2=0 r3=0  f0=4 f1=0 f2=0 f3=0 tot_tbs=6340 tot_fail=587 tot_bler=0.09259 tot_init=5781 tot_retx=559
slot 4 index 0 rnti 5505 mcs 25
slot 5 index 0 rnti 5505 mcs 25
slot 6 index 0 rnti 5505 mcs 25
slot 14 index 0 rnti 5505 mcs 25
slot 15 index 0 rnti 5505 mcs 25
slot 16 index 0 rnti 5505 mcs 25
slot 4 index 0 rnti 5505 mcs 25
slot 5 index 0 rnti 5505 mcs 25
slot 6 index 0 rnti 5505 mcs 25
slot 14 index 0 rnti 5505 mcs 25
slot 15 index 0 rnti 5505 mcs 25
slot 16 index 0 rnti 5505 mcs 25
slot 4 index 0 rnti 5505 mcs 25
slot 5 index 0 rnti 5505 mcs 25
slot 6 index 0 rnti 5505 mcs 25
slot 14 index 0 rnti 5505 mcs 25
slot 15 index 0 rnti 5505 mcs 25
slot 16 index 0 rnti 5505 mcs 25
slot 4 index 0 rnti 5505 mcs 25
slot 5 index 0 rnti 5505 mcs 25
[EMURAN-DL-CSV] t=25.336 win_tbs=20 win_fail=5 win_bler=0.25000 mcs_last=25 mcs_min=25 mcs_max=25 r0=16 r1=3 r2=1 r3=0  f0=2 f1=2 f2=1 f3=0 tot_tbs=6360 tot_fail=592 tot_bler=0.09308 tot_init=5797 tot_retx=563
slot 6 index 0 rnti 5505 mcs 25
slot 14 index 0 rnti 5505 mcs 25
slot 15 index 0 rnti 5505 mcs 25
slot 16 index 0 rnti 5505 mcs 25
slot 4 index 0 rnti 5505 mcs 25
slot 5 index 0 rnti 5505 mcs 25
slot 6 index 0 rnti 5505 mcs 25
slot 14 index 0 rnti 5505 mcs 25
slot 15 index 0 rnti 5505 mcs 25
slot 16 index 0 rnti 5505 mcs 25
slot 4 index 0 rnti 5505 mcs 25
slot 5 index 0 rnti 5505 mcs 25
slot 6 index 0 rnti 5505 mcs 25
slot 14 index 0 rnti 5505 mcs 25
slot 15 index 0 rnti 5505 mcs 25
slot 16 index 0 rnti 5505 mcs 25
slot 4 index 0 rnti 5505 mcs 25
slot 5 index 0 rnti 5505 mcs 25
slot 6 index 0 rnti 5505 mcs 25
slot 14 index 0 rnti 5505 mcs 25
[EMURAN-DL-CSV] t=25.409 win_tbs=20 win_fail=6 win_bler=0.30000 mcs_last=25 mcs_min=25 mcs_max=25 r0=14 r1=4 r2=2 r3=0  f0=5 f1=1 f2=0 f3=0 tot_tbs=6380 tot_fail=598 tot_bler=0.09373 tot_init=5811 tot_retx=569
slot 15 index 0 rnti 5505 mcs 25
slot 16 index 0 rnti 5505 mcs 25
slot 4 index 0 rnti 5505 mcs 25
slot 5 index 0 rnti 5505 mcs 25
slot 6 index 0 rnti 5505 mcs 25
slot 14 index 0 rnti 5505 mcs 25
slot 15 index 0 rnti 5505 mcs 25
slot 16 index 0 rnti 5505 mcs 25
slot 4 index 0 rnti 5505 mcs 25
slot 5 index 0 rnti 5505 mcs 25
slot 6 index 0 rnti 5505 mcs 25
slot 14 index 0 rnti 5505 mcs 25
slot 15 index 0 rnti 5505 mcs 25
slot 16 index 0 rnti 5505 mcs 25
slot 4 index 0 rnti 5505 mcs 25
slot 5 index 0 rnti 5505 mcs 25
slot 6 index 0 rnti 5505 mcs 25
slot 14 index 0 rnti 5505 mcs 25
slot 15 index 0 rnti 5505 mcs 25
slot 16 index 0 rnti 5505 mcs 25
[EMURAN-DL-CSV] t=25.474 win_tbs=20 win_fail=4 win_bler=0.20000 mcs_last=25 mcs_min=25 mcs_max=25 r0=16 r1=2 r2=1 r3=1  f0=4 f1=0 f2=0 f3=0 tot_tbs=6400 tot_fail=602 tot_bler=0.09406 tot_init=5827 tot_retx=573
slot 4 index 0 rnti 5505 mcs 25
slot 5 index 0 rnti 5505 mcs 25
slot 6 index 0 rnti 5505 mcs 25
slot 14 index 0 rnti 5505 mcs 25
slot 15 index 0 rnti 5505 mcs 25
slot 16 index 0 rnti 5505 mcs 25
slot 4 index 0 rnti 5505 mcs 25
slot 5 index 0 rnti 5505 mcs 25
slot 6 index 0 rnti 5505 mcs 25
slot 14 index 0 rnti 5505 mcs 25
slot 15 index 0 rnti 5505 mcs 25
slot 16 index 0 rnti 5505 mcs 25
slot 4 index 0 rnti 5505 mcs 25
slot 5 index 0 rnti 5505 mcs 25
slot 6 index 0 rnti 5505 mcs 25
slot 14 index 0 rnti 5505 mcs 25
slot 15 index 0 rnti 5505 mcs 25
slot 16 index 0 rnti 5505 mcs 25
slot 4 index 0 rnti 5505 mcs 25
slot 5 index 0 rnti 5505 mcs 25
[EMURAN-DL-CSV] t=25.546 win_tbs=20 win_fail=7 win_bler=0.35000 mcs_last=25 mcs_min=25 mcs_max=25 r0=13 r1=4 r2=3 r3=0  f0=6 f1=0 f2=1 f3=0 tot_tbs=6420 tot_fail=609 tot_bler=0.09486 tot_init=5840 tot_retx=580
slot 6 index 0 rnti 5505 mcs 25
slot 14 index 0 rnti 5505 mcs 25
slot 15 index 0 rnti 5505 mcs 25
slot 16 index 0 rnti 5505 mcs 25
slot 4 index 0 rnti 5505 mcs 25
slot 5 index 0 rnti 5505 mcs 25
slot 6 index 0 rnti 5505 mcs 25
slot 14 index 0 rnti 5505 mcs 25
slot 15 index 0 rnti 5505 mcs 25
slot 16 index 0 rnti 5505 mcs 25
slot 4 index 0 rnti 5505 mcs 25
slot 5 index 0 rnti 5505 mcs 25
slot 6 index 0 rnti 5505 mcs 25
slot 14 index 0 rnti 5505 mcs 25
slot 15 index 0 rnti 5505 mcs 25
slot 16 index 0 rnti 5505 mcs 25
slot 4 index 0 rnti 5505 mcs 25
slot 5 index 0 rnti 5505 mcs 25
slot 6 index 0 rnti 5505 mcs 25
slot 14 index 0 rnti 5505 mcs 25
[EMURAN-DL-CSV] t=25.619 win_tbs=20 win_fail=6 win_bler=0.30000 mcs_last=25 mcs_min=25 mcs_max=25 r0=13 r1=5 r2=1 r3=1  f0=4 f1=1 f2=0 f3=1 tot_tbs=6440 tot_fail=615 tot_bler=0.09550 tot_init=5853 tot_retx=587
slot 15 index 0 rnti 5505 mcs 25
slot 16 index 0 rnti 5505 mcs 25
slot 4 index 0 rnti 5505 mcs 25
slot 5 index 0 rnti 5505 mcs 24
slot 6 index 0 rnti 5505 mcs 24
slot 14 index 0 rnti 5505 mcs 24
slot 15 index 0 rnti 5505 mcs 24
slot 16 index 0 rnti 5505 mcs 24
slot 4 index 0 rnti 5505 mcs 24
slot 5 index 0 rnti 5505 mcs 24
slot 6 index 0 rnti 5505 mcs 24
slot 14 index 0 rnti 5505 mcs 24
slot 15 index 0 rnti 5505 mcs 24
slot 16 index 0 rnti 5505 mcs 24
slot 4 index 0 rnti 5505 mcs 24
slot 5 index 0 rnti 5505 mcs 24
slot 6 index 0 rnti 5505 mcs 24
slot 14 index 0 rnti 5505 mcs 24
slot 15 index 0 rnti 5505 mcs 24
slot 16 index 0 rnti 5505 mcs 24
[EMURAN-DL-CSV] t=25.684 win_tbs=20 win_fail=2 win_bler=0.10000 mcs_last=24 mcs_min=24 mcs_max=25 r0=19 r1=1 r2=0 r3=0  f0=1 f1=1 f2=0 f3=0 tot_tbs=6460 tot_fail=617 tot_bler=0.09551 tot_init=5872 tot_retx=588
slot 4 index 0 rnti 5505 mcs 24
slot 5 index 0 rnti 5505 mcs 24
slot 6 index 0 rnti 5505 mcs 24
slot 14 index 0 rnti 5505 mcs 24
slot 15 index 0 rnti 5505 mcs 24
slot 16 index 0 rnti 5505 mcs 24
slot 4 index 0 rnti 5505 mcs 24
slot 5 index 0 rnti 5505 mcs 24
slot 6 index 0 rnti 5505 mcs 24
slot 14 index 0 rnti 5505 mcs 24
slot 15 index 0 rnti 5505 mcs 24
slot 16 index 0 rnti 5505 mcs 24
slot 4 index 0 rnti 5505 mcs 24
slot 5 index 0 rnti 5505 mcs 24
slot 6 index 0 rnti 5505 mcs 24
slot 14 index 0 rnti 5505 mcs 24
slot 15 index 0 rnti 5505 mcs 24
slot 16 index 0 rnti 5505 mcs 24
slot 4 index 0 rnti 5505 mcs 24
slot 5 index 0 rnti 5505 mcs 24
[EMURAN-DL-CSV] t=25.757 win_tbs=20 win_fail=0 win_bler=0.00000 mcs_last=24 mcs_min=24 mcs_max=24 r0=20 r1=0 r2=0 r3=0  f0=0 f1=0 f2=0 f3=0 tot_tbs=6480 tot_fail=617 tot_bler=0.09522 tot_init=5892 tot_retx=588
slot 6 index 0 rnti 5505 mcs 24
slot 14 index 0 rnti 5505 mcs 24
slot 15 index 0 rnti 5505 mcs 24
slot 16 index 0 rnti 5505 mcs 24
slot 4 index 0 rnti 5505 mcs 24
slot 5 index 0 rnti 5505 mcs 24
slot 6 index 0 rnti 5505 mcs 24
slot 14 index 0 rnti 5505 mcs 24
slot 15 index 0 rnti 5505 mcs 24
slot 16 index 0 rnti 5505 mcs 24
slot 4 index 0 rnti 5505 mcs 24
slot 5 index 0 rnti 5505 mcs 24
slot 6 index 0 rnti 5505 mcs 24
slot 14 index 0 rnti 5505 mcs 24
slot 15 index 0 rnti 5505 mcs 24
slot 16 index 0 rnti 5505 mcs 24
slot 4 index 0 rnti 5505 mcs 24
slot 5 index 0 rnti 5505 mcs 24
slot 6 index 0 rnti 5505 mcs 24
slot 14 index 0 rnti 5505 mcs 24
[EMURAN-DL-CSV] t=25.829 win_tbs=20 win_fail=0 win_bler=0.00000 mcs_last=24 mcs_min=24 mcs_max=24 r0=20 r1=0 r2=0 r3=0  f0=0 f1=0 f2=0 f3=0 tot_tbs=6500 tot_fail=617 tot_bler=0.09492 tot_init=5912 tot_retx=588
slot 15 index 0 rnti 5505 mcs 24
slot 16 index 0 rnti 5505 mcs 24
slot 4 index 0 rnti 5505 mcs 24
slot 5 index 0 rnti 5505 mcs 24
slot 6 index 0 rnti 5505 mcs 24
slot 14 index 0 rnti 5505 mcs 24
slot 15 index 0 rnti 5505 mcs 24
slot 16 index 0 rnti 5505 mcs 24
slot 4 index 0 rnti 5505 mcs 24
slot 5 index 0 rnti 5505 mcs 24
slot 6 index 0 rnti 5505 mcs 24
slot 14 index 0 rnti 5505 mcs 24
slot 15 index 0 rnti 5505 mcs 24
slot 16 index 0 rnti 5505 mcs 24
slot 4 index 0 rnti 5505 mcs 24
slot 5 index 0 rnti 5505 mcs 24
slot 6 index 0 rnti 5505 mcs 24
slot 14 index 0 rnti 5505 mcs 24
slot 15 index 0 rnti 5505 mcs 24
slot 16 index 0 rnti 5505 mcs 24
[EMURAN-DL-CSV] t=25.894 win_tbs=20 win_fail=0 win_bler=0.00000 mcs_last=24 mcs_min=24 mcs_max=24 r0=19 r1=1 r2=0 r3=0  f0=0 f1=0 f2=0 f3=0 tot_tbs=6520 tot_fail=617 tot_bler=0.09463 tot_init=5931 tot_retx=589
slot 4 index 0 rnti 5505 mcs 24
slot 5 index 0 rnti 5505 mcs 24
slot 6 index 0 rnti 5505 mcs 24
slot 14 index 0 rnti 5505 mcs 24
slot 15 index 0 rnti 5505 mcs 24
slot 16 index 0 rnti 5505 mcs 24
slot 4 index 0 rnti 5505 mcs 24
slot 5 index 0 rnti 5505 mcs 24
slot 6 index 0 rnti 5505 mcs 24
slot 14 index 0 rnti 5505 mcs 24
slot 15 index 0 rnti 5505 mcs 24
slot 16 index 0 rnti 5505 mcs 24
slot 4 index 0 rnti 5505 mcs 24
slot 5 index 0 rnti 5505 mcs 24
slot 6 index 0 rnti 5505 mcs 24
slot 14 index 0 rnti 5505 mcs 24
slot 15 index 0 rnti 5505 mcs 24
slot 16 index 0 rnti 5505 mcs 24
slot 4 index 0 rnti 5505 mcs 24
slot 5 index 0 rnti 5505 mcs 24
[EMURAN-DL-CSV] t=25.967 win_tbs=20 win_fail=1 win_bler=0.05000 mcs_last=24 mcs_min=24 mcs_max=24 r0=19 r1=1 r2=0 r3=0  f0=1 f1=0 f2=0 f3=0 tot_tbs=6540 tot_fail=618 tot_bler=0.09450 tot_init=5950 tot_retx=590
slot 6 index 0 rnti 5505 mcs 24
slot 14 index 0 rnti 5505 mcs 24
slot 15 index 0 rnti 5505 mcs 24
slot 16 index 0 rnti 5505 mcs 24
slot 4 index 0 rnti 5505 mcs 24
slot 5 index 0 rnti 5505 mcs 24
slot 6 index 0 rnti 5505 mcs 24
slot 14 index 0 rnti 5505 mcs 24
slot 15 index 0 rnti 5505 mcs 24
slot 16 index 0 rnti 5505 mcs 24
slot 4 index 0 rnti 5505 mcs 24
slot 5 index 0 rnti 5505 mcs 24
slot 6 index 0 rnti 5505 mcs 24
slot 14 index 0 rnti 5505 mcs 24
slot 15 index 0 rnti 5505 mcs 24
slot 16 index 0 rnti 5505 mcs 24
slot 4 index 0 rnti 5505 mcs 24
slot 5 index 0 rnti 5505 mcs 24
slot 6 index 0 rnti 5505 mcs 24
slot 14 index 0 rnti 5505 mcs 24
[EMURAN-DL-CSV] t=26.039 win_tbs=20 win_fail=4 win_bler=0.20000 mcs_last=24 mcs_min=24 mcs_max=24 r0=17 r1=3 r2=0 r3=0  f0=3 f1=1 f2=0 f3=0 tot_tbs=6560 tot_fail=622 tot_bler=0.09482 tot_init=5967 tot_retx=593
slot 15 index 0 rnti 5505 mcs 24
slot 16 index 0 rnti 5505 mcs 24
slot 4 index 0 rnti 5505 mcs 24
slot 5 index 0 rnti 5505 mcs 24
slot 6 index 0 rnti 5505 mcs 24
slot 14 index 0 rnti 5505 mcs 24
slot 15 index 0 rnti 5505 mcs 24
slot 16 index 0 rnti 5505 mcs 24
slot 4 index 0 rnti 5505 mcs 24
slot 5 index 0 rnti 5505 mcs 24
slot 6 index 0 rnti 5505 mcs 24
slot 14 index 0 rnti 5505 mcs 24
slot 15 index 0 rnti 5505 mcs 24
slot 16 index 0 rnti 5505 mcs 24
slot 4 index 0 rnti 5505 mcs 24
slot 5 index 0 rnti 5505 mcs 24
slot 6 index 0 rnti 5505 mcs 24
slot 14 index 0 rnti 5505 mcs 24
slot 15 index 0 rnti 5505 mcs 24
slot 16 index 0 rnti 5505 mcs 24
[EMURAN-DL-CSV] t=26.104 win_tbs=20 win_fail=1 win_bler=0.05000 mcs_last=24 mcs_min=24 mcs_max=24 r0=19 r1=1 r2=0 r3=0  f0=1 f1=0 f2=0 f3=0 tot_tbs=6580 tot_fail=623 tot_bler=0.09468 tot_init=5986 tot_retx=594
slot 4 index 0 rnti 5505 mcs 24
slot 5 index 0 rnti 5505 mcs 24
slot 6 index 0 rnti 5505 mcs 24
slot 14 index 0 rnti 5505 mcs 24
slot 15 index 0 rnti 5505 mcs 24
slot 16 index 0 rnti 5505 mcs 24
slot 4 index 0 rnti 5505 mcs 24
slot 5 index 0 rnti 5505 mcs 24
slot 6 index 0 rnti 5505 mcs 24
slot 14 index 0 rnti 5505 mcs 24
slot 15 index 0 rnti 5505 mcs 24
slot 16 index 0 rnti 5505 mcs 24
slot 4 index 0 rnti 5505 mcs 24
slot 5 index 0 rnti 5505 mcs 24
slot 6 index 0 rnti 5505 mcs 24
slot 14 index 0 rnti 5505 mcs 24
slot 15 index 0 rnti 5505 mcs 24
slot 16 index 0 rnti 5505 mcs 24
slot 4 index 0 rnti 5505 mcs 24
slot 5 index 0 rnti 5505 mcs 24
[EMURAN-DL-CSV] t=26.177 win_tbs=20 win_fail=0 win_bler=0.00000 mcs_last=24 mcs_min=24 mcs_max=24 r0=20 r1=0 r2=0 r3=0  f0=0 f1=0 f2=0 f3=0 tot_tbs=6600 tot_fail=623 tot_bler=0.09439 tot_init=6006 tot_retx=594
slot 6 index 0 rnti 5505 mcs 24
slot 14 index 0 rnti 5505 mcs 24
slot 15 index 0 rnti 5505 mcs 24
slot 16 index 0 rnti 5505 mcs 24
slot 4 index 0 rnti 5505 mcs 24
slot 5 index 0 rnti 5505 mcs 24
slot 6 index 0 rnti 5505 mcs 24
slot 14 index 0 rnti 5505 mcs 24
slot 15 index 0 rnti 5505 mcs 24
slot 16 index 0 rnti 5505 mcs 24
slot 4 index 0 rnti 5505 mcs 24
slot 5 index 0 rnti 5505 mcs 24
slot 6 index 0 rnti 5505 mcs 24
slot 14 index 0 rnti 5505 mcs 24
slot 15 index 0 rnti 5505 mcs 24
slot 16 index 0 rnti 5505 mcs 24
slot 4 index 0 rnti 5505 mcs 24
slot 5 index 0 rnti 5505 mcs 24
slot 6 index 0 rnti 5505 mcs 24
slot 14 index 0 rnti 5505 mcs 24
[EMURAN-DL-CSV] t=26.249 win_tbs=20 win_fail=1 win_bler=0.05000 mcs_last=24 mcs_min=24 mcs_max=24 r0=18 r1=2 r2=0 r3=0  f0=1 f1=0 f2=0 f3=0 tot_tbs=6620 tot_fail=624 tot_bler=0.09426 tot_init=6024 tot_retx=596
slot 15 index 0 rnti 5505 mcs 24
slot 16 index 0 rnti 5505 mcs 24
slot 4 index 0 rnti 5505 mcs 24
slot 5 index 0 rnti 5505 mcs 24
slot 6 index 0 rnti 5505 mcs 24
slot 14 index 0 rnti 5505 mcs 24
slot 15 index 0 rnti 5505 mcs 24
slot 16 index 0 rnti 5505 mcs 24
slot 4 index 0 rnti 5505 mcs 24
slot 5 index 0 rnti 5505 mcs 24
slot 6 index 0 rnti 5505 mcs 24
slot 14 index 0 rnti 5505 mcs 24
slot 15 index 0 rnti 5505 mcs 24
slot 16 index 0 rnti 5505 mcs 24
slot 4 index 0 rnti 5505 mcs 24
slot 5 index 0 rnti 5505 mcs 24
slot 6 index 0 rnti 5505 mcs 24
slot 14 index 0 rnti 5505 mcs 24
slot 15 index 0 rnti 5505 mcs 24
slot 16 index 0 rnti 5505 mcs 24
[EMURAN-DL-CSV] t=26.314 win_tbs=20 win_fail=2 win_bler=0.10000 mcs_last=24 mcs_min=24 mcs_max=24 r0=19 r1=1 r2=0 r3=0  f0=2 f1=0 f2=0 f3=0 tot_tbs=6640 tot_fail=626 tot_bler=0.09428 tot_init=6043 tot_retx=597
slot 4 index 0 rnti 5505 mcs 24
slot 5 index 0 rnti 5505 mcs 24
slot 6 index 0 rnti 5505 mcs 24
slot 14 index 0 rnti 5505 mcs 24
slot 15 index 0 rnti 5505 mcs 24
slot 16 index 0 rnti 5505 mcs 24
slot 4 index 0 rnti 5505 mcs 24
slot 5 index 0 rnti 5505 mcs 24
slot 6 index 0 rnti 5505 mcs 24
slot 14 index 0 rnti 5505 mcs 24
slot 15 index 0 rnti 5505 mcs 24
slot 16 index 0 rnti 5505 mcs 24
slot 4 index 0 rnti 5505 mcs 24
slot 5 index 0 rnti 5505 mcs 24
slot 6 index 0 rnti 5505 mcs 24
slot 14 index 0 rnti 5505 mcs 24
slot 15 index 0 rnti 5505 mcs 24
slot 16 index 0 rnti 5505 mcs 24
slot 4 index 0 rnti 5505 mcs 24
slot 5 index 0 rnti 5505 mcs 24
[EMURAN-DL-CSV] t=26.387 win_tbs=20 win_fail=0 win_bler=0.00000 mcs_last=24 mcs_min=24 mcs_max=24 r0=19 r1=1 r2=0 r3=0  f0=0 f1=0 f2=0 f3=0 tot_tbs=6660 tot_fail=626 tot_bler=0.09399 tot_init=6062 tot_retx=598
slot 6 index 0 rnti 5505 mcs 24
slot 14 index 0 rnti 5505 mcs 24
slot 15 index 0 rnti 5505 mcs 24
slot 16 index 0 rnti 5505 mcs 24
slot 4 index 0 rnti 5505 mcs 24
slot 5 index 0 rnti 5505 mcs 24
slot 6 index 0 rnti 5505 mcs 24
slot 14 index 0 rnti 5505 mcs 24
slot 15 index 0 rnti 5505 mcs 24
slot 16 index 0 rnti 5505 mcs 24
slot 4 index 0 rnti 5505 mcs 24
slot 5 index 0 rnti 5505 mcs 24
slot 6 index 0 rnti 5505 mcs 24
slot 14 index 0 rnti 5505 mcs 24
slot 15 index 0 rnti 5505 mcs 24
slot 16 index 0 rnti 5505 mcs 24
slot 4 index 0 rnti 5505 mcs 24
slot 5 index 0 rnti 5505 mcs 24
slot 6 index 0 rnti 5505 mcs 24
slot 14 index 0 rnti 5505 mcs 24
[EMURAN-DL-CSV] t=26.459 win_tbs=20 win_fail=2 win_bler=0.10000 mcs_last=24 mcs_min=24 mcs_max=24 r0=18 r1=2 r2=0 r3=0  f0=1 f1=1 f2=0 f3=0 tot_tbs=6680 tot_fail=628 tot_bler=0.09401 tot_init=6080 tot_retx=600
slot 15 index 0 rnti 5505 mcs 24
slot 16 index 0 rnti 5505 mcs 24
slot 4 index 0 rnti 5505 mcs 24
slot 5 index 0 rnti 5505 mcs 24
slot 6 index 0 rnti 5505 mcs 24
slot 14 index 0 rnti 5505 mcs 24
slot 15 index 0 rnti 5505 mcs 24
slot 16 index 0 rnti 5505 mcs 24
slot 4 index 0 rnti 5505 mcs 24
slot 5 index 0 rnti 5505 mcs 24
slot 6 index 0 rnti 5505 mcs 24
slot 14 index 0 rnti 5505 mcs 24
slot 15 index 0 rnti 5505 mcs 24
slot 16 index 0 rnti 5505 mcs 24
slot 4 index 0 rnti 5505 mcs 24
slot 5 index 0 rnti 5505 mcs 24
slot 6 index 0 rnti 5505 mcs 24
slot 14 index 0 rnti 5505 mcs 24
slot 15 index 0 rnti 5505 mcs 24
slot 16 index 0 rnti 5505 mcs 24
[EMURAN-DL-CSV] t=26.524 win_tbs=20 win_fail=0 win_bler=0.00000 mcs_last=24 mcs_min=24 mcs_max=24 r0=20 r1=0 r2=0 r3=0  f0=0 f1=0 f2=0 f3=0 tot_tbs=6700 tot_fail=628 tot_bler=0.09373 tot_init=6100 tot_retx=600
slot 4 index 0 rnti 5505 mcs 24
slot 5 index 0 rnti 5505 mcs 24
slot 6 index 0 rnti 5505 mcs 24
slot 14 index 0 rnti 5505 mcs 24
slot 15 index 0 rnti 5505 mcs 24
slot 16 index 0 rnti 5505 mcs 24
slot 4 index 0 rnti 5505 mcs 24
slot 5 index 0 rnti 5505 mcs 24
slot 6 index 0 rnti 5505 mcs 24
slot 14 index 0 rnti 5505 mcs 24
slot 15 index 0 rnti 5505 mcs 24
slot 16 index 0 rnti 5505 mcs 24
slot 4 index 0 rnti 5505 mcs 24
slot 5 index 0 rnti 5505 mcs 24
slot 6 index 0 rnti 5505 mcs 24
slot 14 index 0 rnti 5505 mcs 24
slot 15 index 0 rnti 5505 mcs 24
slot 16 index 0 rnti 5505 mcs 24
slot 4 index 0 rnti 5505 mcs 24
slot 5 index 0 rnti 5505 mcs 24
[EMURAN-DL-CSV] t=26.597 win_tbs=20 win_fail=1 win_bler=0.05000 mcs_last=24 mcs_min=24 mcs_max=24 r0=18 r1=2 r2=0 r3=0  f0=1 f1=0 f2=0 f3=0 tot_tbs=6720 tot_fail=629 tot_bler=0.09360 tot_init=6118 tot_retx=602
slot 6 index 0 rnti 5505 mcs 24
slot 14 index 0 rnti 5505 mcs 24
slot 15 index 0 rnti 5505 mcs 24
slot 16 index 0 rnti 5505 mcs 24
slot 4 index 0 rnti 5505 mcs 24
slot 5 index 0 rnti 5505 mcs 24
slot 6 index 0 rnti 5505 mcs 24
slot 14 index 0 rnti 5505 mcs 24
slot 15 index 0 rnti 5505 mcs 24
slot 16 index 0 rnti 5505 mcs 24
slot 4 index 0 rnti 5505 mcs 24
slot 5 index 0 rnti 5505 mcs 24
slot 6 index 0 rnti 5505 mcs 24
slot 14 index 0 rnti 5505 mcs 24
slot 15 index 0 rnti 5505 mcs 24
slot 16 index 0 rnti 5505 mcs 24
slot 4 index 0 rnti 5505 mcs 24
slot 5 index 0 rnti 5505 mcs 24
slot 6 index 0 rnti 5505 mcs 24
slot 14 index 0 rnti 5505 mcs 24
[EMURAN-DL-CSV] t=26.669 win_tbs=20 win_fail=1 win_bler=0.05000 mcs_last=24 mcs_min=24 mcs_max=24 r0=19 r1=1 r2=0 r3=0  f0=1 f1=0 f2=0 f3=0 tot_tbs=6740 tot_fail=630 tot_bler=0.09347 tot_init=6137 tot_retx=603
slot 15 index 0 rnti 5505 mcs 24
slot 16 index 0 rnti 5505 mcs 24
slot 4 index 0 rnti 5505 mcs 24
slot 5 index 0 rnti 5505 mcs 24
slot 6 index 0 rnti 5505 mcs 24
slot 14 index 0 rnti 5505 mcs 24
slot 15 index 0 rnti 5505 mcs 24
slot 16 index 0 rnti 5505 mcs 24
slot 4 index 0 rnti 5505 mcs 24
slot 5 index 0 rnti 5505 mcs 24
slot 6 index 0 rnti 5505 mcs 24
slot 14 index 0 rnti 5505 mcs 24
slot 15 index 0 rnti 5505 mcs 24
slot 16 index 0 rnti 5505 mcs 24
slot 4 index 0 rnti 5505 mcs 24
slot 5 index 0 rnti 5505 mcs 24
slot 6 index 0 rnti 5505 mcs 24
slot 14 index 0 rnti 5505 mcs 24
slot 15 index 0 rnti 5505 mcs 24
slot 16 index 0 rnti 5505 mcs 24
[EMURAN-DL-CSV] t=26.734 win_tbs=20 win_fail=3 win_bler=0.15000 mcs_last=24 mcs_min=24 mcs_max=24 r0=18 r1=2 r2=0 r3=0  f0=2 f1=1 f2=0 f3=0 tot_tbs=6760 tot_fail=633 tot_bler=0.09364 tot_init=6155 tot_retx=605
slot 4 index 0 rnti 5505 mcs 24
slot 5 index 0 rnti 5505 mcs 24
slot 6 index 0 rnti 5505 mcs 24
slot 14 index 0 rnti 5505 mcs 24
slot 15 index 0 rnti 5505 mcs 24
slot 16 index 0 rnti 5505 mcs 24
slot 4 index 0 rnti 5505 mcs 24
slot 5 index 0 rnti 5505 mcs 24
slot 6 index 0 rnti 5505 mcs 24
slot 14 index 0 rnti 5505 mcs 24
slot 15 index 0 rnti 5505 mcs 24
slot 16 index 0 rnti 5505 mcs 24
slot 4 index 0 rnti 5505 mcs 24
slot 5 index 0 rnti 5505 mcs 24
slot 6 index 0 rnti 5505 mcs 24
slot 14 index 0 rnti 5505 mcs 24
slot 15 index 0 rnti 5505 mcs 24
slot 16 index 0 rnti 5505 mcs 24
slot 4 index 0 rnti 5505 mcs 24
slot 5 index 0 rnti 5505 mcs 24
[EMURAN-DL-CSV] t=26.807 win_tbs=20 win_fail=0 win_bler=0.00000 mcs_last=24 mcs_min=24 mcs_max=24 r0=19 r1=1 r2=0 r3=0  f0=0 f1=0 f2=0 f3=0 tot_tbs=6780 tot_fail=633 tot_bler=0.09336 tot_init=6174 tot_retx=606
slot 6 index 0 rnti 5505 mcs 24
slot 14 index 0 rnti 5505 mcs 24
slot 15 index 0 rnti 5505 mcs 24
slot 16 index 0 rnti 5505 mcs 24
slot 4 index 0 rnti 5505 mcs 24
slot 5 index 0 rnti 5505 mcs 24
slot 6 index 0 rnti 5505 mcs 24
slot 14 index 0 rnti 5505 mcs 24
slot 15 index 0 rnti 5505 mcs 24
slot 16 index 0 rnti 5505 mcs 24
slot 4 index 0 rnti 5505 mcs 24
slot 5 index 0 rnti 5505 mcs 24
slot 6 index 0 rnti 5505 mcs 24
slot 14 index 0 rnti 5505 mcs 24
slot 15 index 0 rnti 5505 mcs 24
slot 16 index 0 rnti 5505 mcs 24
slot 4 index 0 rnti 5505 mcs 24
slot 5 index 0 rnti 5505 mcs 24
slot 6 index 0 rnti 5505 mcs 24
slot 14 index 0 rnti 5505 mcs 24
[EMURAN-DL-CSV] t=26.880 win_tbs=20 win_fail=3 win_bler=0.15000 mcs_last=24 mcs_min=24 mcs_max=24 r0=18 r1=2 r2=0 r3=0  f0=3 f1=0 f2=0 f3=0 tot_tbs=6800 tot_fail=636 tot_bler=0.09353 tot_init=6192 tot_retx=608
slot 15 index 0 rnti 5505 mcs 24
slot 16 index 0 rnti 5505 mcs 24
slot 4 index 0 rnti 5505 mcs 24
slot 5 index 0 rnti 5505 mcs 24
slot 6 index 0 rnti 5505 mcs 24
slot 14 index 0 rnti 5505 mcs 24
slot 15 index 0 rnti 5505 mcs 24
slot 16 index 0 rnti 5505 mcs 24
slot 4 index 0 rnti 5505 mcs 24
slot 5 index 0 rnti 5505 mcs 24
slot 6 index 0 rnti 5505 mcs 24
slot 14 index 0 rnti 5505 mcs 24
slot 15 index 0 rnti 5505 mcs 24
slot 16 index 0 rnti 5505 mcs 24
slot 4 index 0 rnti 5505 mcs 24
slot 5 index 0 rnti 5505 mcs 24
slot 6 index 0 rnti 5505 mcs 24
slot 14 index 0 rnti 5505 mcs 24
slot 15 index 0 rnti 5505 mcs 24
slot 16 index 0 rnti 5505 mcs 24
[EMURAN-DL-CSV] t=26.945 win_tbs=20 win_fail=0 win_bler=0.00000 mcs_last=24 mcs_min=24 mcs_max=24 r0=18 r1=2 r2=0 r3=0  f0=0 f1=0 f2=0 f3=0 tot_tbs=6820 tot_fail=636 tot_bler=0.09326 tot_init=6210 tot_retx=610
slot 4 index 0 rnti 5505 mcs 24
slot 5 index 0 rnti 5505 mcs 24
slot 6 index 0 rnti 5505 mcs 24
slot 14 index 0 rnti 5505 mcs 24
slot 15 index 0 rnti 5505 mcs 24
slot 16 index 0 rnti 5505 mcs 24
slot 4 index 0 rnti 5505 mcs 24
slot 5 index 0 rnti 5505 mcs 24
slot 6 index 0 rnti 5505 mcs 24
slot 14 index 0 rnti 5505 mcs 24
slot 15 index 0 rnti 5505 mcs 24
slot 16 index 0 rnti 5505 mcs 24
slot 4 index 0 rnti 5505 mcs 24
slot 5 index 0 rnti 5505 mcs 24
slot 6 index 0 rnti 5505 mcs 24
slot 14 index 0 rnti 5505 mcs 24
slot 15 index 0 rnti 5505 mcs 24
slot 16 index 0 rnti 5505 mcs 24
slot 4 index 0 rnti 5505 mcs 24
slot 5 index 0 rnti 5505 mcs 24
[EMURAN-DL-CSV] t=27.017 win_tbs=20 win_fail=0 win_bler=0.00000 mcs_last=24 mcs_min=24 mcs_max=24 r0=20 r1=0 r2=0 r3=0  f0=0 f1=0 f2=0 f3=0 tot_tbs=6840 tot_fail=636 tot_bler=0.09298 tot_init=6230 tot_retx=610
slot 6 index 0 rnti 5505 mcs 24
slot 14 index 0 rnti 5505 mcs 24
slot 15 index 0 rnti 5505 mcs 24
slot 16 index 0 rnti 5505 mcs 24
slot 4 index 0 rnti 5505 mcs 24
slot 5 index 0 rnti 5505 mcs 24
slot 6 index 0 rnti 5505 mcs 24
slot 14 index 0 rnti 5505 mcs 24
slot 15 index 0 rnti 5505 mcs 24
slot 16 index 0 rnti 5505 mcs 24
slot 4 index 0 rnti 5505 mcs 24
slot 5 index 0 rnti 5505 mcs 24
slot 6 index 0 rnti 5505 mcs 24
slot 14 index 0 rnti 5505 mcs 24
slot 15 index 0 rnti 5505 mcs 24
slot 16 index 0 rnti 5505 mcs 24
slot 4 index 0 rnti 5505 mcs 24
slot 5 index 0 rnti 5505 mcs 24
slot 6 index 0 rnti 5505 mcs 24
slot 14 index 0 rnti 5505 mcs 24
[EMURAN-DL-CSV] t=27.089 win_tbs=20 win_fail=2 win_bler=0.10000 mcs_last=24 mcs_min=24 mcs_max=24 r0=18 r1=2 r2=0 r3=0  f0=2 f1=0 f2=0 f3=0 tot_tbs=6860 tot_fail=638 tot_bler=0.09300 tot_init=6248 tot_retx=612
slot 15 index 0 rnti 5505 mcs 24
slot 16 index 0 rnti 5505 mcs 24
slot 4 index 0 rnti 5505 mcs 24
slot 5 index 0 rnti 5505 mcs 24
slot 6 index 0 rnti 5505 mcs 24
slot 14 index 0 rnti 5505 mcs 24
slot 15 index 0 rnti 5505 mcs 24
slot 16 index 0 rnti 5505 mcs 24
slot 4 index 0 rnti 5505 mcs 24
slot 5 index 0 rnti 5505 mcs 24
slot 6 index 0 rnti 5505 mcs 24
slot 14 index 0 rnti 5505 mcs 24
slot 15 index 0 rnti 5505 mcs 24
slot 16 index 0 rnti 5505 mcs 24
slot 4 index 0 rnti 5505 mcs 24
slot 5 index 0 rnti 5505 mcs 24
slot 6 index 0 rnti 5505 mcs 24
slot 14 index 0 rnti 5505 mcs 24
slot 15 index 0 rnti 5505 mcs 24
slot 16 index 0 rnti 5505 mcs 24
[EMURAN-DL-CSV] t=27.155 win_tbs=20 win_fail=2 win_bler=0.10000 mcs_last=24 mcs_min=24 mcs_max=24 r0=18 r1=2 r2=0 r3=0  f0=2 f1=0 f2=0 f3=0 tot_tbs=6880 tot_fail=640 tot_bler=0.09302 tot_init=6266 tot_retx=614
slot 4 index 0 rnti 5505 mcs 24
slot 5 index 0 rnti 5505 mcs 24
slot 6 index 0 rnti 5505 mcs 24
slot 14 index 0 rnti 5505 mcs 24
slot 15 index 0 rnti 5505 mcs 24
slot 16 index 0 rnti 5505 mcs 24
slot 4 index 0 rnti 5505 mcs 24
slot 5 index 0 rnti 5505 mcs 24
slot 6 index 0 rnti 5505 mcs 24
slot 14 index 0 rnti 5505 mcs 24
slot 15 index 0 rnti 5505 mcs 24
slot 16 index 0 rnti 5505 mcs 24
slot 4 index 0 rnti 5505 mcs 24
slot 5 index 0 rnti 5505 mcs 24
slot 6 index 0 rnti 5505 mcs 24
slot 14 index 0 rnti 5505 mcs 24
slot 15 index 0 rnti 5505 mcs 24
slot 16 index 0 rnti 5505 mcs 24
[UE-STAT] frame=800 dci_cnt=600 total_tbs=42463944 ack_real=469 nack_real=59 fb_missing=72 decode_cnt=600
slot 4 index 0 rnti 5505 mcs 24
slot 5 index 0 rnti 5505 mcs 24
[EMURAN-DL-CSV] t=27.227 win_tbs=20 win_fail=2 win_bler=0.10000 mcs_last=24 mcs_min=24 mcs_max=24 r0=18 r1=2 r2=0 r3=0  f0=2 f1=0 f2=0 f3=0 tot_tbs=6900 tot_fail=642 tot_bler=0.09304 tot_init=6284 tot_retx=616
slot 6 index 0 rnti 5505 mcs 24
slot 14 index 0 rnti 5505 mcs 24
slot 15 index 0 rnti 5505 mcs 24
slot 16 index 0 rnti 5505 mcs 24
slot 4 index 0 rnti 5505 mcs 24
slot 5 index 0 rnti 5505 mcs 24
slot 6 index 0 rnti 5505 mcs 24
slot 14 index 0 rnti 5505 mcs 24
slot 15 index 0 rnti 5505 mcs 24
slot 16 index 0 rnti 5505 mcs 24
slot 4 index 0 rnti 5505 mcs 24
slot 5 index 0 rnti 5505 mcs 24
slot 6 index 0 rnti 5505 mcs 24
slot 14 index 0 rnti 5505 mcs 24
slot 15 index 0 rnti 5505 mcs 24
slot 16 index 0 rnti 5505 mcs 24
slot 4 index 0 rnti 5505 mcs 24
slot 5 index 0 rnti 5505 mcs 24
slot 6 index 0 rnti 5505 mcs 24
slot 14 index 0 rnti 5505 mcs 24
[EMURAN-DL-CSV] t=27.300 win_tbs=20 win_fail=1 win_bler=0.05000 mcs_last=24 mcs_min=24 mcs_max=24 r0=18 r1=2 r2=0 r3=0  f0=1 f1=0 f2=0 f3=0 tot_tbs=6920 tot_fail=643 tot_bler=0.09292 tot_init=6302 tot_retx=618
slot 15 index 0 rnti 5505 mcs 24
slot 16 index 0 rnti 5505 mcs 24
slot 4 index 0 rnti 5505 mcs 24
slot 5 index 0 rnti 5505 mcs 24
slot 6 index 0 rnti 5505 mcs 24
slot 14 index 0 rnti 5505 mcs 24
slot 15 index 0 rnti 5505 mcs 24
slot 16 index 0 rnti 5505 mcs 24
slot 4 index 0 rnti 5505 mcs 24
slot 5 index 0 rnti 5505 mcs 24
slot 6 index 0 rnti 5505 mcs 24
slot 14 index 0 rnti 5505 mcs 24
slot 15 index 0 rnti 5505 mcs 24
slot 16 index 0 rnti 5505 mcs 24
slot 4 index 0 rnti 5505 mcs 24
slot 5 index 0 rnti 5505 mcs 24
slot 6 index 0 rnti 5505 mcs 24
slot 14 index 0 rnti 5505 mcs 24
slot 15 index 0 rnti 5505 mcs 24
slot 16 index 0 rnti 5505 mcs 24
[EMURAN-DL-CSV] t=27.365 win_tbs=20 win_fail=0 win_bler=0.00000 mcs_last=24 mcs_min=24 mcs_max=24 r0=20 r1=0 r2=0 r3=0  f0=0 f1=0 f2=0 f3=0 tot_tbs=6940 tot_fail=643 tot_bler=0.09265 tot_init=6322 tot_retx=618
slot 4 index 0 rnti 5505 mcs 24
slot 5 index 0 rnti 5505 mcs 24
slot 6 index 0 rnti 5505 mcs 24
slot 14 index 0 rnti 5505 mcs 24
slot 15 index 0 rnti 5505 mcs 24
slot 16 index 0 rnti 5505 mcs 24
slot 4 index 0 rnti 5505 mcs 24
slot 5 index 0 rnti 5505 mcs 24
slot 6 index 0 rnti 5505 mcs 24
slot 14 index 0 rnti 5505 mcs 24
slot 15 index 0 rnti 5505 mcs 24
slot 16 index 0 rnti 5505 mcs 24
slot 4 index 0 rnti 5505 mcs 24
slot 5 index 0 rnti 5505 mcs 24
slot 6 index 0 rnti 5505 mcs 24
slot 14 index 0 rnti 5505 mcs 24
slot 15 index 0 rnti 5505 mcs 24
slot 16 index 0 rnti 5505 mcs 24
slot 4 index 0 rnti 5505 mcs 24
slot 5 index 0 rnti 5505 mcs 24
[EMURAN-DL-CSV] t=27.437 win_tbs=20 win_fail=0 win_bler=0.00000 mcs_last=24 mcs_min=24 mcs_max=24 r0=20 r1=0 r2=0 r3=0  f0=0 f1=0 f2=0 f3=0 tot_tbs=6960 tot_fail=643 tot_bler=0.09239 tot_init=6342 tot_retx=618
slot 6 index 0 rnti 5505 mcs 24
slot 14 index 0 rnti 5505 mcs 24
slot 15 index 0 rnti 5505 mcs 24
slot 16 index 0 rnti 5505 mcs 24
slot 4 index 0 rnti 5505 mcs 24
slot 5 index 0 rnti 5505 mcs 24
slot 6 index 0 rnti 5505 mcs 24
slot 14 index 0 rnti 5505 mcs 24
slot 15 index 0 rnti 5505 mcs 24
slot 16 index 0 rnti 5505 mcs 24
slot 4 index 0 rnti 5505 mcs 24
slot 5 index 0 rnti 5505 mcs 24
slot 6 index 0 rnti 5505 mcs 24
slot 14 index 0 rnti 5505 mcs 24
slot 15 index 0 rnti 5505 mcs 24
slot 16 index 0 rnti 5505 mcs 24
slot 4 index 0 rnti 5505 mcs 24
slot 5 index 0 rnti 5505 mcs 24
slot 6 index 0 rnti 5505 mcs 24
slot 14 index 0 rnti 5505 mcs 24
[EMURAN-DL-CSV] t=27.510 win_tbs=20 win_fail=1 win_bler=0.05000 mcs_last=24 mcs_min=24 mcs_max=24 r0=19 r1=1 r2=0 r3=0  f0=1 f1=0 f2=0 f3=0 tot_tbs=6980 tot_fail=644 tot_bler=0.09226 tot_init=6361 tot_retx=619
slot 15 index 0 rnti 5505 mcs 24
slot 16 index 0 rnti 5505 mcs 24
slot 4 index 0 rnti 5505 mcs 24
slot 5 index 0 rnti 5505 mcs 24
slot 6 index 0 rnti 5505 mcs 24
slot 14 index 0 rnti 5505 mcs 24
slot 15 index 0 rnti 5505 mcs 24
slot 16 index 0 rnti 5505 mcs 24
slot 4 index 0 rnti 5505 mcs 24
slot 5 index 0 rnti 5505 mcs 24
slot 6 index 0 rnti 5505 mcs 24
slot 14 index 0 rnti 5505 mcs 24
slot 15 index 0 rnti 5505 mcs 24
slot 16 index 0 rnti 5505 mcs 24
slot 4 index 0 rnti 5505 mcs 24
slot 5 index 0 rnti 5505 mcs 24
slot 6 index 0 rnti 5505 mcs 24
slot 14 index 0 rnti 5505 mcs 24
slot 15 index 0 rnti 5505 mcs 24
slot 16 index 0 rnti 5505 mcs 24
[EMURAN-DL-CSV] t=27.575 win_tbs=20 win_fail=0 win_bler=0.00000 mcs_last=24 mcs_min=24 mcs_max=24 r0=19 r1=1 r2=0 r3=0  f0=0 f1=0 f2=0 f3=0 tot_tbs=7000 tot_fail=644 tot_bler=0.09200 tot_init=6380 tot_retx=620
slot 4 index 0 rnti 5505 mcs 24
slot 5 index 0 rnti 5505 mcs 24
slot 6 index 0 rnti 5505 mcs 24
slot 14 index 0 rnti 5505 mcs 24
slot 15 index 0 rnti 5505 mcs 24
slot 16 index 0 rnti 5505 mcs 24
slot 4 index 0 rnti 5505 mcs 24
slot 5 index 0 rnti 5505 mcs 24
slot 6 index 0 rnti 5505 mcs 24
slot 14 index 0 rnti 5505 mcs 24
slot 15 index 0 rnti 5505 mcs 24
slot 16 index 0 rnti 5505 mcs 24
slot 4 index 0 rnti 5505 mcs 24
slot 5 index 0 rnti 5505 mcs 24
slot 6 index 0 rnti 5505 mcs 24
slot 14 index 0 rnti 5505 mcs 24
slot 15 index 0 rnti 5505 mcs 24
slot 16 index 0 rnti 5505 mcs 24
slot 4 index 0 rnti 5505 mcs 24
slot 5 index 0 rnti 5505 mcs 24
[EMURAN-DL-CSV] t=27.647 win_tbs=20 win_fail=1 win_bler=0.05000 mcs_last=24 mcs_min=24 mcs_max=24 r0=19 r1=1 r2=0 r3=0  f0=1 f1=0 f2=0 f3=0 tot_tbs=7020 tot_fail=645 tot_bler=0.09188 tot_init=6399 tot_retx=621
slot 6 index 0 rnti 5505 mcs 24
slot 14 index 0 rnti 5505 mcs 24
slot 15 index 0 rnti 5505 mcs 24
slot 16 index 0 rnti 5505 mcs 24
slot 4 index 0 rnti 5505 mcs 24
slot 5 index 0 rnti 5505 mcs 24
slot 6 index 0 rnti 5505 mcs 24
slot 14 index 0 rnti 5505 mcs 24
slot 15 index 0 rnti 5505 mcs 24
slot 16 index 0 rnti 5505 mcs 24
slot 4 index 0 rnti 5505 mcs 24
slot 5 index 0 rnti 5505 mcs 24
slot 6 index 0 rnti 5505 mcs 24
slot 14 index 0 rnti 5505 mcs 24
slot 15 index 0 rnti 5505 mcs 24
slot 16 index 0 rnti 5505 mcs 24
slot 4 index 0 rnti 5505 mcs 24
slot 5 index 0 rnti 5505 mcs 24
slot 6 index 0 rnti 5505 mcs 24
slot 14 index 0 rnti 5505 mcs 24
[EMURAN-DL-CSV] t=27.720 win_tbs=20 win_fail=0 win_bler=0.00000 mcs_last=24 mcs_min=24 mcs_max=24 r0=20 r1=0 r2=0 r3=0  f0=0 f1=0 f2=0 f3=0 tot_tbs=7040 tot_fail=645 tot_bler=0.09162 tot_init=6419 tot_retx=621
slot 15 index 0 rnti 5505 mcs 24
slot 16 index 0 rnti 5505 mcs 24
slot 4 index 0 rnti 5505 mcs 24
slot 5 index 0 rnti 5505 mcs 24
slot 6 index 0 rnti 5505 mcs 24
slot 14 index 0 rnti 5505 mcs 24
slot 15 index 0 rnti 5505 mcs 24
slot 16 index 0 rnti 5505 mcs 24
slot 4 index 0 rnti 5505 mcs 24
slot 5 index 0 rnti 5505 mcs 24
slot 6 index 0 rnti 5505 mcs 24
slot 14 index 0 rnti 5505 mcs 24
slot 15 index 0 rnti 5505 mcs 24
slot 16 index 0 rnti 5505 mcs 24
slot 4 index 0 rnti 5505 mcs 24
slot 5 index 0 rnti 5505 mcs 24
slot 6 index 0 rnti 5505 mcs 24
slot 14 index 0 rnti 5505 mcs 24
slot 15 index 0 rnti 5505 mcs 24
slot 16 index 0 rnti 5505 mcs 24
[EMURAN-DL-CSV] t=27.785 win_tbs=20 win_fail=3 win_bler=0.15000 mcs_last=24 mcs_min=24 mcs_max=24 r0=19 r1=1 r2=0 r3=0  f0=3 f1=0 f2=0 f3=0 tot_tbs=7060 tot_fail=648 tot_bler=0.09178 tot_init=6438 tot_retx=622
slot 4 index 0 rnti 5505 mcs 24
slot 5 index 0 rnti 5505 mcs 24
slot 6 index 0 rnti 5505 mcs 24
slot 14 index 0 rnti 5505 mcs 24
slot 15 index 0 rnti 5505 mcs 24
slot 16 index 0 rnti 5505 mcs 24
slot 4 index 0 rnti 5505 mcs 24
slot 5 index 0 rnti 5505 mcs 24
slot 6 index 0 rnti 5505 mcs 24
slot 14 index 0 rnti 5505 mcs 24
slot 15 index 0 rnti 5505 mcs 24
slot 16 index 0 rnti 5505 mcs 24
slot 4 index 0 rnti 5505 mcs 24
slot 5 index 0 rnti 5505 mcs 24
slot 6 index 0 rnti 5505 mcs 24
slot 14 index 0 rnti 5505 mcs 24
slot 15 index 0 rnti 5505 mcs 24
slot 16 index 0 rnti 5505 mcs 24
slot 4 index 0 rnti 5505 mcs 24
slot 5 index 0 rnti 5505 mcs 24
[EMURAN-DL-CSV] t=27.857 win_tbs=20 win_fail=1 win_bler=0.05000 mcs_last=24 mcs_min=24 mcs_max=24 r0=18 r1=2 r2=0 r3=0  f0=1 f1=0 f2=0 f3=0 tot_tbs=7080 tot_fail=649 tot_bler=0.09167 tot_init=6456 tot_retx=624
slot 6 index 0 rnti 5505 mcs 24
slot 14 index 0 rnti 5505 mcs 24
slot 15 index 0 rnti 5505 mcs 24
slot 16 index 0 rnti 5505 mcs 24
slot 4 index 0 rnti 5505 mcs 24
slot 5 index 0 rnti 5505 mcs 24
slot 6 index 0 rnti 5505 mcs 24
slot 14 index 0 rnti 5505 mcs 24
slot 15 index 0 rnti 5505 mcs 24
slot 16 index 0 rnti 5505 mcs 24
slot 4 index 0 rnti 5505 mcs 24
slot 5 index 0 rnti 5505 mcs 24
slot 6 index 0 rnti 5505 mcs 24
slot 14 index 0 rnti 5505 mcs 24
slot 15 index 0 rnti 5505 mcs 24
slot 16 index 0 rnti 5505 mcs 24
slot 4 index 0 rnti 5505 mcs 24
slot 5 index 0 rnti 5505 mcs 24
slot 6 index 0 rnti 5505 mcs 24
slot 14 index 0 rnti 5505 mcs 24
[EMURAN-DL-CSV] t=27.930 win_tbs=20 win_fail=1 win_bler=0.05000 mcs_last=24 mcs_min=24 mcs_max=24 r0=18 r1=2 r2=0 r3=0  f0=1 f1=0 f2=0 f3=0 tot_tbs=7100 tot_fail=650 tot_bler=0.09155 tot_init=6474 tot_retx=626
slot 15 index 0 rnti 5505 mcs 24
slot 16 index 0 rnti 5505 mcs 24
slot 4 index 0 rnti 5505 mcs 24
slot 5 index 0 rnti 5505 mcs 24
slot 6 index 0 rnti 5505 mcs 24
slot 14 index 0 rnti 5505 mcs 24
slot 15 index 0 rnti 5505 mcs 24
slot 16 index 0 rnti 5505 mcs 24
slot 4 index 0 rnti 5505 mcs 24
slot 5 index 0 rnti 5505 mcs 24
slot 6 index 0 rnti 5505 mcs 24
slot 14 index 0 rnti 5505 mcs 24
slot 15 index 0 rnti 5505 mcs 24
slot 16 index 0 rnti 5505 mcs 24
slot 4 index 0 rnti 5505 mcs 24
slot 5 index 0 rnti 5505 mcs 24
slot 6 index 0 rnti 5505 mcs 24
slot 14 index 0 rnti 5505 mcs 24
slot 15 index 0 rnti 5505 mcs 24
slot 16 index 0 rnti 5505 mcs 24
[EMURAN-DL-CSV] t=27.995 win_tbs=20 win_fail=0 win_bler=0.00000 mcs_last=24 mcs_min=24 mcs_max=24 r0=20 r1=0 r2=0 r3=0  f0=0 f1=0 f2=0 f3=0 tot_tbs=7120 tot_fail=650 tot_bler=0.09129 tot_init=6494 tot_retx=626
slot 4 index 0 rnti 5505 mcs 24
slot 5 index 0 rnti 5505 mcs 24
slot 6 index 0 rnti 5505 mcs 24
slot 14 index 0 rnti 5505 mcs 24
slot 15 index 0 rnti 5505 mcs 24
slot 16 index 0 rnti 5505 mcs 24
slot 4 index 0 rnti 5505 mcs 24
slot 5 index 0 rnti 5505 mcs 24
slot 6 index 0 rnti 5505 mcs 24
slot 14 index 0 rnti 5505 mcs 24
slot 15 index 0 rnti 5505 mcs 24
slot 16 index 0 rnti 5505 mcs 24
slot 4 index 0 rnti 5505 mcs 24
slot 5 index 0 rnti 5505 mcs 24
slot 6 index 0 rnti 5505 mcs 24
slot 14 index 0 rnti 5505 mcs 24
slot 15 index 0 rnti 5505 mcs 24
slot 16 index 0 rnti 5505 mcs 24
slot 4 index 0 rnti 5505 mcs 24
slot 5 index 0 rnti 5505 mcs 24
[EMURAN-DL-CSV] t=28.067 win_tbs=20 win_fail=1 win_bler=0.05000 mcs_last=24 mcs_min=24 mcs_max=24 r0=19 r1=1 r2=0 r3=0  f0=1 f1=0 f2=0 f3=0 tot_tbs=7140 tot_fail=651 tot_bler=0.09118 tot_init=6513 tot_retx=627
slot 6 index 0 rnti 5505 mcs 24
slot 14 index 0 rnti 5505 mcs 24
slot 15 index 0 rnti 5505 mcs 24
slot 16 index 0 rnti 5505 mcs 24
slot 4 index 0 rnti 5505 mcs 24
slot 5 index 0 rnti 5505 mcs 24
slot 6 index 0 rnti 5505 mcs 24
slot 14 index 0 rnti 5505 mcs 24
slot 15 index 0 rnti 5505 mcs 24
slot 16 index 0 rnti 5505 mcs 24
slot 4 index 0 rnti 5505 mcs 24
slot 5 index 0 rnti 5505 mcs 24
slot 6 index 0 rnti 5505 mcs 24
slot 14 index 0 rnti 5505 mcs 24
slot 15 index 0 rnti 5505 mcs 24
slot 16 index 0 rnti 5505 mcs 24
slot 4 index 0 rnti 5505 mcs 24
slot 5 index 0 rnti 5505 mcs 24
slot 6 index 0 rnti 5505 mcs 24
slot 14 index 0 rnti 5505 mcs 24
[EMURAN-DL-CSV] t=28.140 win_tbs=20 win_fail=1 win_bler=0.05000 mcs_last=24 mcs_min=24 mcs_max=24 r0=19 r1=1 r2=0 r3=0  f0=1 f1=0 f2=0 f3=0 tot_tbs=7160 tot_fail=652 tot_bler=0.09106 tot_init=6532 tot_retx=628
slot 15 index 0 rnti 5505 mcs 24
slot 16 index 0 rnti 5505 mcs 24
slot 4 index 0 rnti 5505 mcs 24
slot 5 index 0 rnti 5505 mcs 24
slot 6 index 0 rnti 5505 mcs 24
slot 14 index 0 rnti 5505 mcs 24
slot 15 index 0 rnti 5505 mcs 24
slot 16 index 0 rnti 5505 mcs 24
slot 4 index 0 rnti 5505 mcs 24
slot 5 index 0 rnti 5505 mcs 24
slot 6 index 0 rnti 5505 mcs 24
slot 14 index 0 rnti 5505 mcs 24
slot 15 index 0 rnti 5505 mcs 24
slot 16 index 0 rnti 5505 mcs 24
slot 4 index 0 rnti 5505 mcs 24
slot 5 index 0 rnti 5505 mcs 24
slot 6 index 0 rnti 5505 mcs 24
slot 14 index 0 rnti 5505 mcs 24
slot 15 index 0 rnti 5505 mcs 24
slot 16 index 0 rnti 5505 mcs 24
[EMURAN-DL-CSV] t=28.205 win_tbs=20 win_fail=2 win_bler=0.10000 mcs_last=24 mcs_min=24 mcs_max=24 r0=19 r1=1 r2=0 r3=0  f0=2 f1=0 f2=0 f3=0 tot_tbs=7180 tot_fail=654 tot_bler=0.09109 tot_init=6551 tot_retx=629
slot 4 index 0 rnti 5505 mcs 24
slot 5 index 0 rnti 5505 mcs 24
slot 6 index 0 rnti 5505 mcs 24
slot 14 index 0 rnti 5505 mcs 24
slot 15 index 0 rnti 5505 mcs 24
slot 16 index 0 rnti 5505 mcs 24
slot 4 index 0 rnti 5505 mcs 24
slot 5 index 0 rnti 5505 mcs 24
slot 6 index 0 rnti 5505 mcs 24
slot 14 index 0 rnti 5505 mcs 24
slot 15 index 0 rnti 5505 mcs 24
slot 16 index 0 rnti 5505 mcs 24
slot 4 index 0 rnti 5505 mcs 24
slot 5 index 0 rnti 5505 mcs 24
slot 6 index 0 rnti 5505 mcs 24
slot 14 index 0 rnti 5505 mcs 24
slot 15 index 0 rnti 5505 mcs 24
slot 16 index 0 rnti 5505 mcs 24
slot 4 index 0 rnti 5505 mcs 24
slot 5 index 0 rnti 5505 mcs 24
[EMURAN-DL-CSV] t=28.278 win_tbs=20 win_fail=1 win_bler=0.05000 mcs_last=24 mcs_min=24 mcs_max=24 r0=18 r1=2 r2=0 r3=0  f0=1 f1=0 f2=0 f3=0 tot_tbs=7200 tot_fail=655 tot_bler=0.09097 tot_init=6569 tot_retx=631
slot 6 index 0 rnti 5505 mcs 24
slot 14 index 0 rnti 5505 mcs 24
slot 15 index 0 rnti 5505 mcs 24
slot 16 index 0 rnti 5505 mcs 24
slot 4 index 0 rnti 5505 mcs 24
slot 5 index 0 rnti 5505 mcs 24
slot 6 index 0 rnti 5505 mcs 24
slot 14 index 0 rnti 5505 mcs 24
slot 15 index 0 rnti 5505 mcs 24
slot 16 index 0 rnti 5505 mcs 24
slot 4 index 0 rnti 5505 mcs 24
slot 5 index 0 rnti 5505 mcs 24
slot 6 index 0 rnti 5505 mcs 24
slot 14 index 0 rnti 5505 mcs 24
slot 15 index 0 rnti 5505 mcs 24
slot 16 index 0 rnti 5505 mcs 24
slot 4 index 0 rnti 5505 mcs 24
slot 5 index 0 rnti 5505 mcs 24
slot 6 index 0 rnti 5505 mcs 24
slot 14 index 0 rnti 5505 mcs 24
[EMURAN-DL-CSV] t=28.350 win_tbs=20 win_fail=2 win_bler=0.10000 mcs_last=24 mcs_min=24 mcs_max=24 r0=19 r1=1 r2=0 r3=0  f0=1 f1=1 f2=0 f3=0 tot_tbs=7220 tot_fail=657 tot_bler=0.09100 tot_init=6588 tot_retx=632
slot 15 index 0 rnti 5505 mcs 24
slot 16 index 0 rnti 5505 mcs 24
slot 4 index 0 rnti 5505 mcs 24
slot 5 index 0 rnti 5505 mcs 24
slot 6 index 0 rnti 5505 mcs 24
slot 14 index 0 rnti 5505 mcs 24
slot 15 index 0 rnti 5505 mcs 24
slot 16 index 0 rnti 5505 mcs 24
slot 4 index 0 rnti 5505 mcs 24
slot 5 index 0 rnti 5505 mcs 24
slot 6 index 0 rnti 5505 mcs 24
slot 14 index 0 rnti 5505 mcs 24
slot 15 index 0 rnti 5505 mcs 24
slot 16 index 0 rnti 5505 mcs 24
slot 4 index 0 rnti 5505 mcs 24
slot 5 index 0 rnti 5505 mcs 24
slot 6 index 0 rnti 5505 mcs 24
slot 14 index 0 rnti 5505 mcs 24
slot 15 index 0 rnti 5505 mcs 24
slot 16 index 0 rnti 5505 mcs 24
[EMURAN-DL-CSV] t=28.415 win_tbs=20 win_fail=2 win_bler=0.10000 mcs_last=24 mcs_min=24 mcs_max=24 r0=19 r1=1 r2=0 r3=0  f0=2 f1=0 f2=0 f3=0 tot_tbs=7240 tot_fail=659 tot_bler=0.09102 tot_init=6607 tot_retx=633
slot 4 index 0 rnti 5505 mcs 24
slot 5 index 0 rnti 5505 mcs 24
slot 6 index 0 rnti 5505 mcs 24
slot 14 index 0 rnti 5505 mcs 24
slot 15 index 0 rnti 5505 mcs 24
slot 16 index 0 rnti 5505 mcs 24
slot 4 index 0 rnti 5505 mcs 24
slot 5 index 0 rnti 5505 mcs 24
slot 6 index 0 rnti 5505 mcs 24
slot 14 index 0 rnti 5505 mcs 24
slot 15 index 0 rnti 5505 mcs 24
slot 16 index 0 rnti 5505 mcs 24
slot 4 index 0 rnti 5505 mcs 24
slot 5 index 0 rnti 5505 mcs 24
slot 6 index 0 rnti 5505 mcs 24
slot 14 index 0 rnti 5505 mcs 24
slot 15 index 0 rnti 5505 mcs 24
slot 16 index 0 rnti 5505 mcs 24
slot 4 index 0 rnti 5505 mcs 24
slot 5 index 0 rnti 5505 mcs 24
[EMURAN-DL-CSV] t=28.488 win_tbs=20 win_fail=0 win_bler=0.00000 mcs_last=24 mcs_min=24 mcs_max=24 r0=20 r1=0 r2=0 r3=0  f0=0 f1=0 f2=0 f3=0 tot_tbs=7260 tot_fail=659 tot_bler=0.09077 tot_init=6627 tot_retx=633
slot 6 index 0 rnti 5505 mcs 24
slot 14 index 0 rnti 5505 mcs 24
slot 15 index 0 rnti 5505 mcs 24
slot 16 index 0 rnti 5505 mcs 24
slot 4 index 0 rnti 5505 mcs 24
slot 5 index 0 rnti 5505 mcs 24
slot 6 index 0 rnti 5505 mcs 24
slot 14 index 0 rnti 5505 mcs 24
slot 15 index 0 rnti 5505 mcs 24
slot 16 index 0 rnti 5505 mcs 24
slot 4 index 0 rnti 5505 mcs 24
slot 5 index 0 rnti 5505 mcs 24
slot 6 index 0 rnti 5505 mcs 24
slot 14 index 0 rnti 5505 mcs 24
slot 15 index 0 rnti 5505 mcs 24
slot 16 index 0 rnti 5505 mcs 24
slot 4 index 0 rnti 5505 mcs 24
slot 5 index 0 rnti 5505 mcs 24
slot 6 index 0 rnti 5505 mcs 24
slot 14 index 0 rnti 5505 mcs 24
[EMURAN-DL-CSV] t=28.560 win_tbs=20 win_fail=2 win_bler=0.10000 mcs_last=24 mcs_min=24 mcs_max=24 r0=18 r1=2 r2=0 r3=0  f0=2 f1=0 f2=0 f3=0 tot_tbs=7280 tot_fail=661 tot_bler=0.09080 tot_init=6645 tot_retx=635
slot 15 index 0 rnti 5505 mcs 24
slot 16 index 0 rnti 5505 mcs 24
slot 4 index 0 rnti 5505 mcs 24
slot 5 index 0 rnti 5505 mcs 24
slot 6 index 0 rnti 5505 mcs 24
slot 14 index 0 rnti 5505 mcs 24
slot 15 index 0 rnti 5505 mcs 24
slot 16 index 0 rnti 5505 mcs 24
slot 4 index 0 rnti 5505 mcs 24
slot 5 index 0 rnti 5505 mcs 24
slot 6 index 0 rnti 5505 mcs 24
slot 14 index 0 rnti 5505 mcs 24
slot 15 index 0 rnti 5505 mcs 24
slot 16 index 0 rnti 5505 mcs 24
slot 4 index 0 rnti 5505 mcs 24
slot 5 index 0 rnti 5505 mcs 24
slot 6 index 0 rnti 5505 mcs 24
slot 14 index 0 rnti 5505 mcs 24
slot 15 index 0 rnti 5505 mcs 24
slot 16 index 0 rnti 5505 mcs 24
[EMURAN-DL-CSV] t=28.625 win_tbs=20 win_fail=0 win_bler=0.00000 mcs_last=24 mcs_min=24 mcs_max=24 r0=19 r1=1 r2=0 r3=0  f0=0 f1=0 f2=0 f3=0 tot_tbs=7300 tot_fail=661 tot_bler=0.09055 tot_init=6664 tot_retx=636
slot 4 index 0 rnti 5505 mcs 24
slot 5 index 0 rnti 5505 mcs 24
slot 6 index 0 rnti 5505 mcs 24
slot 14 index 0 rnti 5505 mcs 24
slot 15 index 0 rnti 5505 mcs 24
slot 16 index 0 rnti 5505 mcs 24
slot 4 index 0 rnti 5505 mcs 24
slot 5 index 0 rnti 5505 mcs 24
slot 6 index 0 rnti 5505 mcs 24
slot 14 index 0 rnti 5505 mcs 24
slot 15 index 0 rnti 5505 mcs 24
slot 16 index 0 rnti 5505 mcs 24
slot 4 index 0 rnti 5505 mcs 24
slot 5 index 0 rnti 5505 mcs 24
slot 6 index 0 rnti 5505 mcs 24
slot 14 index 0 rnti 5505 mcs 24
slot 15 index 0 rnti 5505 mcs 24
slot 16 index 0 rnti 5505 mcs 24
slot 4 index 0 rnti 5505 mcs 24
slot 5 index 0 rnti 5505 mcs 24
[EMURAN-DL-CSV] t=28.698 win_tbs=20 win_fail=0 win_bler=0.00000 mcs_last=24 mcs_min=24 mcs_max=24 r0=20 r1=0 r2=0 r3=0  f0=0 f1=0 f2=0 f3=0 tot_tbs=7320 tot_fail=661 tot_bler=0.09030 tot_init=6684 tot_retx=636
slot 6 index 0 rnti 5505 mcs 24
slot 14 index 0 rnti 5505 mcs 24
slot 15 index 0 rnti 5505 mcs 24
slot 16 index 0 rnti 5505 mcs 24
slot 4 index 0 rnti 5505 mcs 24
slot 5 index 0 rnti 5505 mcs 24
slot 6 index 0 rnti 5505 mcs 24
slot 14 index 0 rnti 5505 mcs 24
slot 15 index 0 rnti 5505 mcs 24
slot 16 index 0 rnti 5505 mcs 24
slot 4 index 0 rnti 5505 mcs 24
slot 5 index 0 rnti 5505 mcs 24
slot 6 index 0 rnti 5505 mcs 24
slot 14 index 0 rnti 5505 mcs 24
slot 15 index 0 rnti 5505 mcs 24
slot 16 index 0 rnti 5505 mcs 24
slot 4 index 0 rnti 5505 mcs 24
slot 5 index 0 rnti 5505 mcs 24
slot 6 index 0 rnti 5505 mcs 24
slot 14 index 0 rnti 5505 mcs 24
[EMURAN-DL-CSV] t=28.770 win_tbs=20 win_fail=0 win_bler=0.00000 mcs_last=24 mcs_min=24 mcs_max=24 r0=20 r1=0 r2=0 r3=0  f0=0 f1=0 f2=0 f3=0 tot_tbs=7340 tot_fail=661 tot_bler=0.09005 tot_init=6704 tot_retx=636
slot 15 index 0 rnti 5505 mcs 24
slot 16 index 0 rnti 5505 mcs 24
slot 4 index 0 rnti 5505 mcs 24
slot 5 index 0 rnti 5505 mcs 24
slot 6 index 0 rnti 5505 mcs 24
slot 14 index 0 rnti 5505 mcs 24
slot 15 index 0 rnti 5505 mcs 24
slot 16 index 0 rnti 5505 mcs 24
slot 4 index 0 rnti 5505 mcs 24
slot 5 index 0 rnti 5505 mcs 24
slot 6 index 0 rnti 5505 mcs 24
slot 14 index 0 rnti 5505 mcs 24
slot 15 index 0 rnti 5505 mcs 24
slot 16 index 0 rnti 5505 mcs 24
slot 4 index 0 rnti 5505 mcs 24
slot 5 index 0 rnti 5505 mcs 24
slot 6 index 0 rnti 5505 mcs 24
slot 14 index 0 rnti 5505 mcs 24
slot 15 index 0 rnti 5505 mcs 24
slot 16 index 0 rnti 5505 mcs 24
[EMURAN-DL-CSV] t=28.835 win_tbs=20 win_fail=2 win_bler=0.10000 mcs_last=24 mcs_min=24 mcs_max=24 r0=19 r1=1 r2=0 r3=0  f0=2 f1=0 f2=0 f3=0 tot_tbs=7360 tot_fail=663 tot_bler=0.09008 tot_init=6723 tot_retx=637
slot 4 index 0 rnti 5505 mcs 24
slot 5 index 0 rnti 5505 mcs 24
slot 6 index 0 rnti 5505 mcs 24
slot 14 index 0 rnti 5505 mcs 24
slot 15 index 0 rnti 5505 mcs 24
slot 16 index 0 rnti 5505 mcs 24
slot 4 index 0 rnti 5505 mcs 24
slot 5 index 0 rnti 5505 mcs 24
slot 6 index 0 rnti 5505 mcs 24
slot 14 index 0 rnti 5505 mcs 24
slot 15 index 0 rnti 5505 mcs 24
slot 16 index 0 rnti 5505 mcs 24
slot 4 index 0 rnti 5505 mcs 24
slot 5 index 0 rnti 5505 mcs 24
slot 6 index 0 rnti 5505 mcs 24
slot 14 index 0 rnti 5505 mcs 24
slot 15 index 0 rnti 5505 mcs 24
slot 16 index 0 rnti 5505 mcs 24
slot 4 index 0 rnti 5505 mcs 24
slot 5 index 0 rnti 5505 mcs 24
[EMURAN-DL-CSV] t=28.908 win_tbs=20 win_fail=0 win_bler=0.00000 mcs_last=24 mcs_min=24 mcs_max=24 r0=19 r1=1 r2=0 r3=0  f0=0 f1=0 f2=0 f3=0 tot_tbs=7380 tot_fail=663 tot_bler=0.08984 tot_init=6742 tot_retx=638
slot 6 index 0 rnti 5505 mcs 24
slot 14 index 0 rnti 5505 mcs 24
slot 15 index 0 rnti 5505 mcs 24
slot 16 index 0 rnti 5505 mcs 24
slot 4 index 0 rnti 5505 mcs 24
slot 5 index 0 rnti 5505 mcs 24
slot 6 index 0 rnti 5505 mcs 24
slot 14 index 0 rnti 5505 mcs 24
slot 15 index 0 rnti 5505 mcs 24
slot 16 index 0 rnti 5505 mcs 24
slot 4 index 0 rnti 5505 mcs 24
slot 5 index 0 rnti 5505 mcs 24
slot 6 index 0 rnti 5505 mcs 24
slot 14 index 0 rnti 5505 mcs 24
slot 15 index 0 rnti 5505 mcs 24
slot 16 index 0 rnti 5505 mcs 24
slot 4 index 0 rnti 5505 mcs 24
slot 5 index 0 rnti 5505 mcs 24
slot 6 index 0 rnti 5505 mcs 24
slot 14 index 0 rnti 5505 mcs 24
[EMURAN-DL-CSV] t=28.980 win_tbs=20 win_fail=1 win_bler=0.05000 mcs_last=24 mcs_min=24 mcs_max=24 r0=19 r1=1 r2=0 r3=0  f0=1 f1=0 f2=0 f3=0 tot_tbs=7400 tot_fail=664 tot_bler=0.08973 tot_init=6761 tot_retx=639
slot 15 index 0 rnti 5505 mcs 24
slot 16 index 0 rnti 5505 mcs 24
slot 4 index 0 rnti 5505 mcs 24
slot 5 index 0 rnti 5505 mcs 24
slot 6 index 0 rnti 5505 mcs 24
slot 14 index 0 rnti 5505 mcs 24
slot 15 index 0 rnti 5505 mcs 24
slot 16 index 0 rnti 5505 mcs 24
slot 4 index 0 rnti 5505 mcs 24
slot 5 index 0 rnti 5505 mcs 24
slot 6 index 0 rnti 5505 mcs 24
slot 14 index 0 rnti 5505 mcs 24
slot 15 index 0 rnti 5505 mcs 24
slot 16 index 0 rnti 5505 mcs 24
slot 4 index 0 rnti 5505 mcs 24
slot 5 index 0 rnti 5505 mcs 24
slot 6 index 0 rnti 5505 mcs 24
slot 14 index 0 rnti 5505 mcs 24
slot 15 index 0 rnti 5505 mcs 24
slot 16 index 0 rnti 5505 mcs 24
[EMURAN-DL-CSV] t=29.045 win_tbs=20 win_fail=0 win_bler=0.00000 mcs_last=24 mcs_min=24 mcs_max=24 r0=19 r1=1 r2=0 r3=0  f0=0 f1=0 f2=0 f3=0 tot_tbs=7420 tot_fail=664 tot_bler=0.08949 tot_init=6780 tot_retx=640
slot 4 index 0 rnti 5505 mcs 24
slot 5 index 0 rnti 5505 mcs 24
slot 6 index 0 rnti 5505 mcs 24
slot 14 index 0 rnti 5505 mcs 24
slot 15 index 0 rnti 5505 mcs 24
slot 16 index 0 rnti 5505 mcs 24
slot 4 index 0 rnti 5505 mcs 24
slot 5 index 0 rnti 5505 mcs 24
slot 6 index 0 rnti 5505 mcs 24
slot 14 index 0 rnti 5505 mcs 24
slot 15 index 0 rnti 5505 mcs 24
slot 16 index 0 rnti 5505 mcs 24
slot 4 index 0 rnti 5505 mcs 24
slot 5 index 0 rnti 5505 mcs 24
slot 6 index 0 rnti 5505 mcs 24
slot 14 index 0 rnti 5505 mcs 24
slot 15 index 0 rnti 5505 mcs 24
slot 16 index 0 rnti 5505 mcs 24
slot 4 index 0 rnti 5505 mcs 24
slot 5 index 0 rnti 5505 mcs 24
[EMURAN-DL-CSV] t=29.118 win_tbs=20 win_fail=0 win_bler=0.00000 mcs_last=24 mcs_min=24 mcs_max=24 r0=20 r1=0 r2=0 r3=0  f0=0 f1=0 f2=0 f3=0 tot_tbs=7440 tot_fail=664 tot_bler=0.08925 tot_init=6800 tot_retx=640
slot 6 index 0 rnti 5505 mcs 24
slot 14 index 0 rnti 5505 mcs 24
slot 15 index 0 rnti 5505 mcs 24
slot 16 index 0 rnti 5505 mcs 24
slot 4 index 0 rnti 5505 mcs 24
slot 5 index 0 rnti 5505 mcs 24
slot 6 index 0 rnti 5505 mcs 24
slot 14 index 0 rnti 5505 mcs 24
slot 15 index 0 rnti 5505 mcs 24
slot 16 index 0 rnti 5505 mcs 24
slot 4 index 0 rnti 5505 mcs 24
slot 5 index 0 rnti 5505 mcs 24
slot 6 index 0 rnti 5505 mcs 24
slot 14 index 0 rnti 5505 mcs 24
slot 15 index 0 rnti 5505 mcs 24
slot 16 index 0 rnti 5505 mcs 24
slot 4 index 0 rnti 5505 mcs 24
slot 5 index 0 rnti 5505 mcs 24
slot 6 index 0 rnti 5505 mcs 24
slot 14 index 0 rnti 5505 mcs 24
[EMURAN-DL-CSV] t=29.190 win_tbs=20 win_fail=1 win_bler=0.05000 mcs_last=24 mcs_min=24 mcs_max=24 r0=19 r1=1 r2=0 r3=0  f0=1 f1=0 f2=0 f3=0 tot_tbs=7460 tot_fail=665 tot_bler=0.08914 tot_init=6819 tot_retx=641
slot 15 index 0 rnti 5505 mcs 24
slot 16 index 0 rnti 5505 mcs 24
slot 4 index 0 rnti 5505 mcs 24
slot 5 index 0 rnti 5505 mcs 24
slot 6 index 0 rnti 5505 mcs 24
slot 14 index 0 rnti 5505 mcs 24
slot 15 index 0 rnti 5505 mcs 24
slot 16 index 0 rnti 5505 mcs 24
slot 4 index 0 rnti 5505 mcs 24
slot 5 index 0 rnti 5505 mcs 24
slot 6 index 0 rnti 5505 mcs 24
slot 14 index 0 rnti 5505 mcs 24
slot 15 index 0 rnti 5505 mcs 24
slot 16 index 0 rnti 5505 mcs 24
slot 4 index 0 rnti 5505 mcs 24
slot 5 index 0 rnti 5505 mcs 24
slot 6 index 0 rnti 5505 mcs 24
slot 14 index 0 rnti 5505 mcs 24
slot 15 index 0 rnti 5505 mcs 24
slot 16 index 0 rnti 5505 mcs 24
[EMURAN-DL-CSV] t=29.255 win_tbs=20 win_fail=0 win_bler=0.00000 mcs_last=24 mcs_min=24 mcs_max=24 r0=19 r1=1 r2=0 r3=0  f0=0 f1=0 f2=0 f3=0 tot_tbs=7480 tot_fail=665 tot_bler=0.08890 tot_init=6838 tot_retx=642
slot 4 index 0 rnti 5505 mcs 24
slot 5 index 0 rnti 5505 mcs 24
slot 6 index 0 rnti 5505 mcs 24
slot 14 index 0 rnti 5505 mcs 24
slot 15 index 0 rnti 5505 mcs 24
slot 16 index 0 rnti 5505 mcs 24
slot 4 index 0 rnti 5505 mcs 24
slot 5 index 0 rnti 5505 mcs 24
slot 6 index 0 rnti 5505 mcs 24
slot 14 index 0 rnti 5505 mcs 24
slot 15 index 0 rnti 5505 mcs 24
slot 16 index 0 rnti 5505 mcs 24
slot 4 index 0 rnti 5505 mcs 24
slot 5 index 0 rnti 5505 mcs 24
slot 6 index 0 rnti 5505 mcs 24
slot 14 index 0 rnti 5505 mcs 24
slot 15 index 0 rnti 5505 mcs 24
slot 16 index 0 rnti 5505 mcs 24
[UE-STAT] frame=900 dci_cnt=600 total_tbs=41803200 ack_real=501 nack_real=21 fb_missing=78 decode_cnt=600
slot 4 index 0 rnti 5505 mcs 24
slot 5 index 0 rnti 5505 mcs 24
[EMURAN-DL-CSV] t=29.328 win_tbs=20 win_fail=3 win_bler=0.15000 mcs_last=24 mcs_min=24 mcs_max=24 r0=18 r1=1 r2=1 r3=0  f0=3 f1=0 f2=0 f3=0 tot_tbs=7500 tot_fail=668 tot_bler=0.08907 tot_init=6856 tot_retx=644
slot 6 index 0 rnti 5505 mcs 24
slot 14 index 0 rnti 5505 mcs 24
slot 15 index 0 rnti 5505 mcs 24
slot 16 index 0 rnti 5505 mcs 24
slot 4 index 0 rnti 5505 mcs 24
slot 5 index 0 rnti 5505 mcs 24
slot 6 index 0 rnti 5505 mcs 24
slot 14 index 0 rnti 5505 mcs 24
slot 15 index 0 rnti 5505 mcs 24
slot 16 index 0 rnti 5505 mcs 24
slot 4 index 0 rnti 5505 mcs 24
slot 5 index 0 rnti 5505 mcs 24
slot 6 index 0 rnti 5505 mcs 24
slot 14 index 0 rnti 5505 mcs 24
slot 15 index 0 rnti 5505 mcs 24
slot 16 index 0 rnti 5505 mcs 24
slot 4 index 0 rnti 5505 mcs 24
slot 5 index 0 rnti 5505 mcs 24
slot 6 index 0 rnti 5505 mcs 24
slot 14 index 0 rnti 5505 mcs 24
[EMURAN-DL-CSV] t=29.400 win_tbs=20 win_fail=1 win_bler=0.05000 mcs_last=24 mcs_min=24 mcs_max=24 r0=19 r1=1 r2=0 r3=0  f0=1 f1=0 f2=0 f3=0 tot_tbs=7520 tot_fail=669 tot_bler=0.08896 tot_init=6875 tot_retx=645
slot 15 index 0 rnti 5505 mcs 24
slot 16 index 0 rnti 5505 mcs 24
slot 4 index 0 rnti 5505 mcs 24
slot 5 index 0 rnti 5505 mcs 24
slot 6 index 0 rnti 5505 mcs 24
slot 14 index 0 rnti 5505 mcs 24
slot 15 index 0 rnti 5505 mcs 24
slot 16 index 0 rnti 5505 mcs 24
slot 4 index 0 rnti 5505 mcs 24
slot 5 index 0 rnti 5505 mcs 24
slot 6 index 0 rnti 5505 mcs 24
slot 14 index 0 rnti 5505 mcs 24
slot 15 index 0 rnti 5505 mcs 24
slot 16 index 0 rnti 5505 mcs 24
slot 4 index 0 rnti 5505 mcs 24
slot 5 index 0 rnti 5505 mcs 24
slot 6 index 0 rnti 5505 mcs 24
slot 14 index 0 rnti 5505 mcs 24
slot 15 index 0 rnti 5505 mcs 24
slot 16 index 0 rnti 5505 mcs 24
[EMURAN-DL-CSV] t=29.466 win_tbs=20 win_fail=1 win_bler=0.05000 mcs_last=24 mcs_min=24 mcs_max=24 r0=18 r1=2 r2=0 r3=0  f0=1 f1=0 f2=0 f3=0 tot_tbs=7540 tot_fail=670 tot_bler=0.08886 tot_init=6893 tot_retx=647
slot 4 index 0 rnti 5505 mcs 24
slot 5 index 0 rnti 5505 mcs 24
slot 6 index 0 rnti 5505 mcs 24
slot 14 index 0 rnti 5505 mcs 24
slot 15 index 0 rnti 5505 mcs 24
slot 16 index 0 rnti 5505 mcs 24
slot 4 index 0 rnti 5505 mcs 24
slot 5 index 0 rnti 5505 mcs 24
slot 6 index 0 rnti 5505 mcs 24
slot 14 index 0 rnti 5505 mcs 24
slot 15 index 0 rnti 5505 mcs 24
slot 16 index 0 rnti 5505 mcs 24
slot 4 index 0 rnti 5505 mcs 24
slot 5 index 0 rnti 5505 mcs 24
slot 6 index 0 rnti 5505 mcs 24
slot 14 index 0 rnti 5505 mcs 24
slot 15 index 0 rnti 5505 mcs 24
slot 16 index 0 rnti 5505 mcs 24
slot 4 index 0 rnti 5505 mcs 24
slot 5 index 0 rnti 5505 mcs 24
[EMURAN-DL-CSV] t=29.538 win_tbs=20 win_fail=1 win_bler=0.05000 mcs_last=24 mcs_min=24 mcs_max=24 r0=19 r1=1 r2=0 r3=0  f0=1 f1=0 f2=0 f3=0 tot_tbs=7560 tot_fail=671 tot_bler=0.08876 tot_init=6912 tot_retx=648
slot 6 index 0 rnti 5505 mcs 24
slot 14 index 0 rnti 5505 mcs 24
slot 15 index 0 rnti 5505 mcs 24
slot 16 index 0 rnti 5505 mcs 24
slot 4 index 0 rnti 5505 mcs 24
slot 5 index 0 rnti 5505 mcs 24
slot 6 index 0 rnti 5505 mcs 24
slot 14 index 0 rnti 5505 mcs 24
slot 15 index 0 rnti 5505 mcs 24
slot 16 index 0 rnti 5505 mcs 24
slot 4 index 0 rnti 5505 mcs 24
slot 5 index 0 rnti 5505 mcs 24
slot 6 index 0 rnti 5505 mcs 24
slot 14 index 0 rnti 5505 mcs 24
slot 15 index 0 rnti 5505 mcs 24
slot 16 index 0 rnti 5505 mcs 24
slot 4 index 0 rnti 5505 mcs 24
slot 5 index 0 rnti 5505 mcs 24
slot 6 index 0 rnti 5505 mcs 24
slot 14 index 0 rnti 5505 mcs 24
[EMURAN-DL-CSV] t=29.610 win_tbs=20 win_fail=1 win_bler=0.05000 mcs_last=24 mcs_min=24 mcs_max=24 r0=19 r1=1 r2=0 r3=0  f0=1 f1=0 f2=0 f3=0 tot_tbs=7580 tot_fail=672 tot_bler=0.08865 tot_init=6931 tot_retx=649
slot 15 index 0 rnti 5505 mcs 24
slot 16 index 0 rnti 5505 mcs 24
slot 4 index 0 rnti 5505 mcs 24
slot 5 index 0 rnti 5505 mcs 24
slot 6 index 0 rnti 5505 mcs 24
slot 14 index 0 rnti 5505 mcs 24
slot 15 index 0 rnti 5505 mcs 24
slot 16 index 0 rnti 5505 mcs 24
slot 4 index 0 rnti 5505 mcs 24
slot 5 index 0 rnti 5505 mcs 24
slot 6 index 0 rnti 5505 mcs 24
slot 14 index 0 rnti 5505 mcs 24
slot 15 index 0 rnti 5505 mcs 24
slot 16 index 0 rnti 5505 mcs 24
slot 4 index 0 rnti 5505 mcs 24
slot 5 index 0 rnti 5505 mcs 24
slot 6 index 0 rnti 5505 mcs 24
slot 14 index 0 rnti 5505 mcs 24
slot 15 index 0 rnti 5505 mcs 24
slot 16 index 0 rnti 5505 mcs 24
[EMURAN-DL-CSV] t=29.676 win_tbs=20 win_fail=1 win_bler=0.05000 mcs_last=24 mcs_min=24 mcs_max=24 r0=19 r1=1 r2=0 r3=0  f0=1 f1=0 f2=0 f3=0 tot_tbs=7600 tot_fail=673 tot_bler=0.08855 tot_init=6950 tot_retx=650
slot 4 index 0 rnti 5505 mcs 24
slot 5 index 0 rnti 5505 mcs 24
slot 6 index 0 rnti 5505 mcs 24
slot 14 index 0 rnti 5505 mcs 24
slot 15 index 0 rnti 5505 mcs 24
slot 16 index 0 rnti 5505 mcs 24
slot 4 index 0 rnti 5505 mcs 24
slot 5 index 0 rnti 5505 mcs 24
slot 6 index 0 rnti 5505 mcs 24
slot 14 index 0 rnti 5505 mcs 24
slot 15 index 0 rnti 5505 mcs 24
slot 16 index 0 rnti 5505 mcs 24
slot 4 index 0 rnti 5505 mcs 24
slot 5 index 0 rnti 5505 mcs 24
slot 6 index 0 rnti 5505 mcs 24
slot 14 index 0 rnti 5505 mcs 24
slot 15 index 0 rnti 5505 mcs 24
slot 16 index 0 rnti 5505 mcs 24
slot 4 index 0 rnti 5505 mcs 24
slot 5 index 0 rnti 5505 mcs 24
[EMURAN-DL-CSV] t=29.748 win_tbs=20 win_fail=1 win_bler=0.05000 mcs_last=24 mcs_min=24 mcs_max=24 r0=19 r1=1 r2=0 r3=0  f0=1 f1=0 f2=0 f3=0 tot_tbs=7620 tot_fail=674 tot_bler=0.08845 tot_init=6969 tot_retx=651
slot 6 index 0 rnti 5505 mcs 24
slot 14 index 0 rnti 5505 mcs 24
slot 15 index 0 rnti 5505 mcs 24
slot 16 index 0 rnti 5505 mcs 24
slot 4 index 0 rnti 5505 mcs 24
slot 5 index 0 rnti 5505 mcs 24
slot 6 index 0 rnti 5505 mcs 24
slot 14 index 0 rnti 5505 mcs 24
slot 15 index 0 rnti 5505 mcs 24
slot 16 index 0 rnti 5505 mcs 24
slot 4 index 0 rnti 5505 mcs 24
slot 5 index 0 rnti 5505 mcs 24
slot 6 index 0 rnti 5505 mcs 24
slot 14 index 0 rnti 5505 mcs 24
slot 15 index 0 rnti 5505 mcs 24
slot 16 index 0 rnti 5505 mcs 24
slot 4 index 0 rnti 5505 mcs 24
slot 5 index 0 rnti 5505 mcs 24
slot 6 index 0 rnti 5505 mcs 24
slot 14 index 0 rnti 5505 mcs 24
[EMURAN-DL-CSV] t=29.821 win_tbs=20 win_fail=2 win_bler=0.10000 mcs_last=24 mcs_min=24 mcs_max=24 r0=19 r1=1 r2=0 r3=0  f0=2 f1=0 f2=0 f3=0 tot_tbs=7640 tot_fail=676 tot_bler=0.08848 tot_init=6988 tot_retx=652
slot 15 index 0 rnti 5505 mcs 24
slot 16 index 0 rnti 5505 mcs 24
slot 4 index 0 rnti 5505 mcs 24
slot 5 index 0 rnti 5505 mcs 24
slot 6 index 0 rnti 5505 mcs 24
slot 14 index 0 rnti 5505 mcs 24
slot 15 index 0 rnti 5505 mcs 24
slot 16 index 0 rnti 5505 mcs 24
slot 4 index 0 rnti 5505 mcs 24
slot 5 index 0 rnti 5505 mcs 24
slot 6 index 0 rnti 5505 mcs 24
slot 14 index 0 rnti 5505 mcs 24
slot 15 index 0 rnti 5505 mcs 24
slot 16 index 0 rnti 5505 mcs 24
slot 4 index 0 rnti 5505 mcs 24
slot 5 index 0 rnti 5505 mcs 24
slot 6 index 0 rnti 5505 mcs 24
slot 14 index 0 rnti 5505 mcs 24
slot 15 index 0 rnti 5505 mcs 24
slot 16 index 0 rnti 5505 mcs 24
[EMURAN-DL-CSV] t=29.886 win_tbs=20 win_fail=1 win_bler=0.05000 mcs_last=24 mcs_min=24 mcs_max=24 r0=18 r1=2 r2=0 r3=0  f0=1 f1=0 f2=0 f3=0 tot_tbs=7660 tot_fail=677 tot_bler=0.08838 tot_init=7006 tot_retx=654
slot 4 index 0 rnti 5505 mcs 24
slot 5 index 0 rnti 5505 mcs 24
slot 6 index 0 rnti 5505 mcs 24
slot 14 index 0 rnti 5505 mcs 24
slot 15 index 0 rnti 5505 mcs 24
slot 16 index 0 rnti 5505 mcs 24
slot 4 index 0 rnti 5505 mcs 24
slot 5 index 0 rnti 5505 mcs 24
slot 6 index 0 rnti 5505 mcs 24
slot 14 index 0 rnti 5505 mcs 24
slot 15 index 0 rnti 5505 mcs 24
slot 16 index 0 rnti 5505 mcs 24
slot 4 index 0 rnti 5505 mcs 24
slot 5 index 0 rnti 5505 mcs 24
slot 6 index 0 rnti 5505 mcs 24
slot 14 index 0 rnti 5505 mcs 24
slot 15 index 0 rnti 5505 mcs 24
slot 16 index 0 rnti 5505 mcs 24
slot 4 index 0 rnti 5505 mcs 24
slot 5 index 0 rnti 5505 mcs 24
[EMURAN-DL-CSV] t=29.958 win_tbs=20 win_fail=1 win_bler=0.05000 mcs_last=24 mcs_min=24 mcs_max=24 r0=19 r1=1 r2=0 r3=0  f0=1 f1=0 f2=0 f3=0 tot_tbs=7680 tot_fail=678 tot_bler=0.08828 tot_init=7025 tot_retx=655
slot 6 index 0 rnti 5505 mcs 24
slot 14 index 0 rnti 5505 mcs 24
slot 15 index 0 rnti 5505 mcs 24
slot 16 index 0 rnti 5505 mcs 24
slot 4 index 0 rnti 5505 mcs 24
slot 5 index 0 rnti 5505 mcs 24
slot 6 index 0 rnti 5505 mcs 24
slot 14 index 0 rnti 5505 mcs 24
slot 15 index 0 rnti 5505 mcs 24
slot 16 index 0 rnti 5505 mcs 24
slot 4 index 0 rnti 5505 mcs 24
slot 5 index 0 rnti 5505 mcs 24
slot 6 index 0 rnti 5505 mcs 24
slot 14 index 0 rnti 5505 mcs 24
slot 15 index 0 rnti 5505 mcs 24
slot 16 index 0 rnti 5505 mcs 24
slot 4 index 0 rnti 5505 mcs 24
slot 5 index 0 rnti 5505 mcs 24
slot 6 index 0 rnti 5505 mcs 24
slot 14 index 0 rnti 5505 mcs 24
[EMURAN-DL-CSV] t=30.031 win_tbs=20 win_fail=0 win_bler=0.00000 mcs_last=24 mcs_min=24 mcs_max=24 r0=20 r1=0 r2=0 r3=0  f0=0 f1=0 f2=0 f3=0 tot_tbs=7700 tot_fail=678 tot_bler=0.08805 tot_init=7045 tot_retx=655
slot 15 index 0 rnti 5505 mcs 24
slot 16 index 0 rnti 5505 mcs 24
slot 4 index 0 rnti 5505 mcs 24
slot 5 index 0 rnti 5505 mcs 24
slot 6 index 0 rnti 5505 mcs 24
slot 14 index 0 rnti 5505 mcs 24
slot 15 index 0 rnti 5505 mcs 24
slot 16 index 0 rnti 5505 mcs 24
slot 4 index 0 rnti 5505 mcs 24
slot 5 index 0 rnti 5505 mcs 24
slot 6 index 0 rnti 5505 mcs 24
slot 14 index 0 rnti 5505 mcs 24
slot 15 index 0 rnti 5505 mcs 24
slot 16 index 0 rnti 5505 mcs 24
slot 4 index 0 rnti 5505 mcs 24
slot 5 index 0 rnti 5505 mcs 24
slot 6 index 0 rnti 5505 mcs 24
slot 14 index 0 rnti 5505 mcs 24
slot 15 index 0 rnti 5505 mcs 24
slot 16 index 0 rnti 5505 mcs 24
[EMURAN-DL-CSV] t=30.096 win_tbs=20 win_fail=0 win_bler=0.00000 mcs_last=24 mcs_min=24 mcs_max=24 r0=20 r1=0 r2=0 r3=0  f0=0 f1=0 f2=0 f3=0 tot_tbs=7720 tot_fail=678 tot_bler=0.08782 tot_init=7065 tot_retx=655
slot 4 index 0 rnti 5505 mcs 24
slot 5 index 0 rnti 5505 mcs 24
slot 6 index 0 rnti 5505 mcs 24
slot 14 index 0 rnti 5505 mcs 24
slot 15 index 0 rnti 5505 mcs 24
slot 16 index 0 rnti 5505 mcs 24
slot 4 index 0 rnti 5505 mcs 24
slot 5 index 0 rnti 5505 mcs 24
slot 6 index 0 rnti 5505 mcs 24
slot 14 index 0 rnti 5505 mcs 24
slot 15 index 0 rnti 5505 mcs 24
slot 16 index 0 rnti 5505 mcs 24
slot 4 index 0 rnti 5505 mcs 24
slot 5 index 0 rnti 5505 mcs 24
slot 6 index 0 rnti 5505 mcs 24
slot 14 index 0 rnti 5505 mcs 24
slot 15 index 0 rnti 5505 mcs 24
slot 16 index 0 rnti 5505 mcs 24
slot 4 index 0 rnti 5505 mcs 24
slot 5 index 0 rnti 5505 mcs 24
[EMURAN-DL-CSV] t=30.168 win_tbs=20 win_fail=3 win_bler=0.15000 mcs_last=24 mcs_min=24 mcs_max=24 r0=18 r1=2 r2=0 r3=0  f0=3 f1=0 f2=0 f3=0 tot_tbs=7740 tot_fail=681 tot_bler=0.08798 tot_init=7083 tot_retx=657
slot 6 index 0 rnti 5505 mcs 24
slot 14 index 0 rnti 5505 mcs 24
slot 15 index 0 rnti 5505 mcs 24
slot 16 index 0 rnti 5505 mcs 24
slot 4 index 0 rnti 5505 mcs 24
slot 5 index 0 rnti 5505 mcs 24
slot 6 index 0 rnti 5505 mcs 24
slot 14 index 0 rnti 5505 mcs 24
slot 15 index 0 rnti 5505 mcs 24
slot 16 index 0 rnti 5505 mcs 24
slot 4 index 0 rnti 5505 mcs 24
slot 5 index 0 rnti 5505 mcs 24
slot 6 index 0 rnti 5505 mcs 24
slot 14 index 0 rnti 5505 mcs 24
slot 15 index 0 rnti 5505 mcs 24
slot 16 index 0 rnti 5505 mcs 24
slot 4 index 0 rnti 5505 mcs 24
slot 5 index 0 rnti 5505 mcs 24
slot 6 index 0 rnti 5505 mcs 24
slot 14 index 0 rnti 5505 mcs 24
[EMURAN-DL-CSV] t=30.241 win_tbs=20 win_fail=1 win_bler=0.05000 mcs_last=24 mcs_min=24 mcs_max=24 r0=18 r1=2 r2=0 r3=0  f0=1 f1=0 f2=0 f3=0 tot_tbs=7760 tot_fail=682 tot_bler=0.08789 tot_init=7101 tot_retx=659
slot 15 index 0 rnti 5505 mcs 24
slot 16 index 0 rnti 5505 mcs 24
slot 4 index 0 rnti 5505 mcs 24
slot 5 index 0 rnti 5505 mcs 24
slot 6 index 0 rnti 5505 mcs 24
slot 14 index 0 rnti 5505 mcs 24
slot 15 index 0 rnti 5505 mcs 24
slot 16 index 0 rnti 5505 mcs 24
slot 4 index 0 rnti 5505 mcs 24
slot 5 index 0 rnti 5505 mcs 24
slot 6 index 0 rnti 5505 mcs 24
slot 14 index 0 rnti 5505 mcs 24
slot 15 index 0 rnti 5505 mcs 24
slot 16 index 0 rnti 5505 mcs 24
slot 4 index 0 rnti 5505 mcs 24
slot 5 index 0 rnti 5505 mcs 24
slot 6 index 0 rnti 5505 mcs 24
slot 14 index 0 rnti 5505 mcs 24
slot 15 index 0 rnti 5505 mcs 24
slot 16 index 0 rnti 5505 mcs 24
[EMURAN-DL-CSV] t=30.306 win_tbs=20 win_fail=0 win_bler=0.00000 mcs_last=24 mcs_min=24 mcs_max=24 r0=19 r1=1 r2=0 r3=0  f0=0 f1=0 f2=0 f3=0 tot_tbs=7780 tot_fail=682 tot_bler=0.08766 tot_init=7120 tot_retx=660
slot 4 index 0 rnti 5505 mcs 24
slot 5 index 0 rnti 5505 mcs 24
slot 6 index 0 rnti 5505 mcs 24
slot 14 index 0 rnti 5505 mcs 24
slot 15 index 0 rnti 5505 mcs 24
slot 16 index 0 rnti 5505 mcs 24
slot 4 index 0 rnti 5505 mcs 24
slot 5 index 0 rnti 5505 mcs 24
slot 6 index 0 rnti 5505 mcs 24
slot 14 index 0 rnti 5505 mcs 24
slot 15 index 0 rnti 5505 mcs 24
slot 16 index 0 rnti 5505 mcs 24
slot 4 index 0 rnti 5505 mcs 24
slot 5 index 0 rnti 5505 mcs 24
slot 6 index 0 rnti 5505 mcs 24
slot 14 index 0 rnti 5505 mcs 24
slot 15 index 0 rnti 5505 mcs 24
slot 16 index 0 rnti 5505 mcs 24
slot 4 index 0 rnti 5505 mcs 24
slot 5 index 0 rnti 5505 mcs 24
[EMURAN-DL-CSV] t=30.378 win_tbs=20 win_fail=0 win_bler=0.00000 mcs_last=24 mcs_min=24 mcs_max=24 r0=20 r1=0 r2=0 r3=0  f0=0 f1=0 f2=0 f3=0 tot_tbs=7800 tot_fail=682 tot_bler=0.08744 tot_init=7140 tot_retx=660
slot 6 index 0 rnti 5505 mcs 24
slot 14 index 0 rnti 5505 mcs 24
slot 15 index 0 rnti 5505 mcs 24
slot 16 index 0 rnti 5505 mcs 24
slot 4 index 0 rnti 5505 mcs 24
slot 5 index 0 rnti 5505 mcs 24
slot 6 index 0 rnti 5505 mcs 24
slot 14 index 0 rnti 5505 mcs 24
slot 15 index 0 rnti 5505 mcs 24
slot 16 index 0 rnti 5505 mcs 24
slot 4 index 0 rnti 5505 mcs 24
slot 5 index 0 rnti 5505 mcs 24
slot 6 index 0 rnti 5505 mcs 24
slot 14 index 0 rnti 5505 mcs 24
slot 15 index 0 rnti 5505 mcs 24
slot 16 index 0 rnti 5505 mcs 24
slot 4 index 0 rnti 5505 mcs 24
slot 5 index 0 rnti 5505 mcs 24
slot 6 index 0 rnti 5505 mcs 24
slot 14 index 0 rnti 5505 mcs 24
[EMURAN-DL-CSV] t=30.451 win_tbs=20 win_fail=0 win_bler=0.00000 mcs_last=24 mcs_min=24 mcs_max=24 r0=20 r1=0 r2=0 r3=0  f0=0 f1=0 f2=0 f3=0 tot_tbs=7820 tot_fail=682 tot_bler=0.08721 tot_init=7160 tot_retx=660
slot 15 index 0 rnti 5505 mcs 24
slot 16 index 0 rnti 5505 mcs 24
slot 4 index 0 rnti 5505 mcs 24
slot 5 index 0 rnti 5505 mcs 24
slot 6 index 0 rnti 5505 mcs 24
slot 14 index 0 rnti 5505 mcs 24
slot 15 index 0 rnti 5505 mcs 24
slot 16 index 0 rnti 5505 mcs 24
slot 4 index 0 rnti 5505 mcs 24
slot 5 index 0 rnti 5505 mcs 24
slot 6 index 0 rnti 5505 mcs 24
slot 14 index 0 rnti 5505 mcs 24
slot 15 index 0 rnti 5505 mcs 24
slot 16 index 0 rnti 5505 mcs 24
slot 4 index 0 rnti 5505 mcs 24
slot 5 index 0 rnti 5505 mcs 24
slot 6 index 0 rnti 5505 mcs 24
slot 14 index 0 rnti 5505 mcs 24
slot 15 index 0 rnti 5505 mcs 24
slot 16 index 0 rnti 5505 mcs 24
[EMURAN-DL-CSV] t=30.516 win_tbs=20 win_fail=0 win_bler=0.00000 mcs_last=24 mcs_min=24 mcs_max=24 r0=20 r1=0 r2=0 r3=0  f0=0 f1=0 f2=0 f3=0 tot_tbs=7840 tot_fail=682 tot_bler=0.08699 tot_init=7180 tot_retx=660
slot 4 index 0 rnti 5505 mcs 24
slot 5 index 0 rnti 5505 mcs 24
slot 6 index 0 rnti 5505 mcs 24
slot 14 index 0 rnti 5505 mcs 24
slot 15 index 0 rnti 5505 mcs 24
slot 16 index 0 rnti 5505 mcs 24
slot 4 index 0 rnti 5505 mcs 24
slot 5 index 0 rnti 5505 mcs 24
slot 6 index 0 rnti 5505 mcs 24
slot 14 index 0 rnti 5505 mcs 24
slot 15 index 0 rnti 5505 mcs 24
slot 16 index 0 rnti 5505 mcs 24
slot 4 index 0 rnti 5505 mcs 24
slot 5 index 0 rnti 5505 mcs 24
slot 6 index 0 rnti 5505 mcs 24
slot 14 index 0 rnti 5505 mcs 24
slot 15 index 0 rnti 5505 mcs 24
slot 16 index 0 rnti 5505 mcs 24
slot 4 index 0 rnti 5505 mcs 24
slot 5 index 0 rnti 5505 mcs 24
[EMURAN-DL-CSV] t=30.588 win_tbs=20 win_fail=3 win_bler=0.15000 mcs_last=24 mcs_min=24 mcs_max=24 r0=17 r1=3 r2=0 r3=0  f0=3 f1=0 f2=0 f3=0 tot_tbs=7860 tot_fail=685 tot_bler=0.08715 tot_init=7197 tot_retx=663
slot 6 index 0 rnti 5505 mcs 24
slot 14 index 0 rnti 5505 mcs 24
slot 15 index 0 rnti 5505 mcs 24
slot 16 index 0 rnti 5505 mcs 24
slot 4 index 0 rnti 5505 mcs 24
slot 5 index 0 rnti 5505 mcs 24
slot 6 index 0 rnti 5505 mcs 24
slot 14 index 0 rnti 5505 mcs 24
slot 15 index 0 rnti 5505 mcs 24
slot 16 index 0 rnti 5505 mcs 24
slot 4 index 0 rnti 5505 mcs 24
slot 5 index 0 rnti 5505 mcs 24
slot 6 index 0 rnti 5505 mcs 24
slot 14 index 0 rnti 5505 mcs 24
slot 15 index 0 rnti 5505 mcs 24
slot 16 index 0 rnti 5505 mcs 24
slot 4 index 0 rnti 5505 mcs 24
slot 5 index 0 rnti 5505 mcs 24
slot 6 index 0 rnti 5505 mcs 24
slot 14 index 0 rnti 5505 mcs 24
[EMURAN-DL-CSV] t=30.661 win_tbs=20 win_fail=3 win_bler=0.15000 mcs_last=24 mcs_min=24 mcs_max=24 r0=16 r1=4 r2=0 r3=0  f0=2 f1=1 f2=0 f3=0 tot_tbs=7880 tot_fail=688 tot_bler=0.08731 tot_init=7213 tot_retx=667
slot 15 index 0 rnti 5505 mcs 24
slot 16 index 0 rnti 5505 mcs 24
slot 4 index 0 rnti 5505 mcs 24
slot 5 index 0 rnti 5505 mcs 24
slot 6 index 0 rnti 5505 mcs 24
slot 14 index 0 rnti 5505 mcs 24
slot 15 index 0 rnti 5505 mcs 24
slot 16 index 0 rnti 5505 mcs 24
slot 4 index 0 rnti 5505 mcs 24
slot 5 index 0 rnti 5505 mcs 24
slot 6 index 0 rnti 5505 mcs 24
slot 14 index 0 rnti 5505 mcs 24
slot 15 index 0 rnti 5505 mcs 24
slot 16 index 0 rnti 5505 mcs 24
slot 4 index 0 rnti 5505 mcs 24
slot 5 index 0 rnti 5505 mcs 24
slot 6 index 0 rnti 5505 mcs 24
slot 14 index 0 rnti 5505 mcs 24
slot 15 index 0 rnti 5505 mcs 24
slot 16 index 0 rnti 5505 mcs 24
[EMURAN-DL-CSV] t=30.726 win_tbs=20 win_fail=1 win_bler=0.05000 mcs_last=24 mcs_min=24 mcs_max=24 r0=19 r1=1 r2=0 r3=0  f0=1 f1=0 f2=0 f3=0 tot_tbs=7900 tot_fail=689 tot_bler=0.08722 tot_init=7232 tot_retx=668
slot 4 index 0 rnti 5505 mcs 24
slot 5 index 0 rnti 5505 mcs 24
slot 6 index 0 rnti 5505 mcs 24
slot 14 index 0 rnti 5505 mcs 24
slot 15 index 0 rnti 5505 mcs 24
slot 16 index 0 rnti 5505 mcs 24
slot 4 index 0 rnti 5505 mcs 24
slot 5 index 0 rnti 5505 mcs 24
slot 6 index 0 rnti 5505 mcs 24
slot 14 index 0 rnti 5505 mcs 24
slot 15 index 0 rnti 5505 mcs 24
slot 16 index 0 rnti 5505 mcs 24
slot 4 index 0 rnti 5505 mcs 24
slot 5 index 0 rnti 5505 mcs 24
slot 6 index 0 rnti 5505 mcs 24
slot 14 index 0 rnti 5505 mcs 24
slot 15 index 0 rnti 5505 mcs 24
slot 16 index 0 rnti 5505 mcs 24
slot 4 index 0 rnti 5505 mcs 24
slot 5 index 0 rnti 5505 mcs 24
[EMURAN-DL-CSV] t=30.798 win_tbs=20 win_fail=2 win_bler=0.10000 mcs_last=24 mcs_min=24 mcs_max=24 r0=20 r1=0 r2=0 r3=0  f0=2 f1=0 f2=0 f3=0 tot_tbs=7920 tot_fail=691 tot_bler=0.08725 tot_init=7252 tot_retx=668
slot 6 index 0 rnti 5505 mcs 24
slot 14 index 0 rnti 5505 mcs 24
slot 15 index 0 rnti 5505 mcs 24
slot 16 index 0 rnti 5505 mcs 24
slot 4 index 0 rnti 5505 mcs 24
slot 5 index 0 rnti 5505 mcs 24
slot 6 index 0 rnti 5505 mcs 24
slot 14 index 0 rnti 5505 mcs 24
slot 15 index 0 rnti 5505 mcs 24
slot 16 index 0 rnti 5505 mcs 24
slot 4 index 0 rnti 5505 mcs 24
slot 5 index 0 rnti 5505 mcs 24
slot 6 index 0 rnti 5505 mcs 24
slot 14 index 0 rnti 5505 mcs 24
slot 15 index 0 rnti 5505 mcs 24
slot 16 index 0 rnti 5505 mcs 24
slot 4 index 0 rnti 5505 mcs 24
slot 5 index 0 rnti 5505 mcs 24
slot 6 index 0 rnti 5505 mcs 24
slot 14 index 0 rnti 5505 mcs 24
[EMURAN-DL-CSV] t=30.871 win_tbs=20 win_fail=0 win_bler=0.00000 mcs_last=24 mcs_min=24 mcs_max=24 r0=18 r1=2 r2=0 r3=0  f0=0 f1=0 f2=0 f3=0 tot_tbs=7940 tot_fail=691 tot_bler=0.08703 tot_init=7270 tot_retx=670
slot 15 index 0 rnti 5505 mcs 24
slot 16 index 0 rnti 5505 mcs 24
slot 4 index 0 rnti 5505 mcs 24
slot 5 index 0 rnti 5505 mcs 24
slot 6 index 0 rnti 5505 mcs 24
slot 14 index 0 rnti 5505 mcs 24
slot 15 index 0 rnti 5505 mcs 24
slot 16 index 0 rnti 5505 mcs 24
slot 4 index 0 rnti 5505 mcs 24
slot 5 index 0 rnti 5505 mcs 24
slot 6 index 0 rnti 5505 mcs 24
slot 14 index 0 rnti 5505 mcs 24
slot 15 index 0 rnti 5505 mcs 24
slot 16 index 0 rnti 5505 mcs 24
slot 4 index 0 rnti 5505 mcs 24
slot 5 index 0 rnti 5505 mcs 24
slot 6 index 0 rnti 5505 mcs 24
slot 14 index 0 rnti 5505 mcs 24
slot 15 index 0 rnti 5505 mcs 24
slot 16 index 0 rnti 5505 mcs 24
[EMURAN-DL-CSV] t=30.936 win_tbs=20 win_fail=0 win_bler=0.00000 mcs_last=24 mcs_min=24 mcs_max=24 r0=19 r1=1 r2=0 r3=0  f0=0 f1=0 f2=0 f3=0 tot_tbs=7960 tot_fail=691 tot_bler=0.08681 tot_init=7289 tot_retx=671
slot 4 index 0 rnti 5505 mcs 24
slot 5 index 0 rnti 5505 mcs 24
slot 6 index 0 rnti 5505 mcs 24
slot 14 index 0 rnti 5505 mcs 24
slot 15 index 0 rnti 5505 mcs 24
slot 16 index 0 rnti 5505 mcs 24
slot 4 index 0 rnti 5505 mcs 24
slot 5 index 0 rnti 5505 mcs 24
slot 6 index 0 rnti 5505 mcs 24
slot 14 index 0 rnti 5505 mcs 24
slot 15 index 0 rnti 5505 mcs 24
slot 16 index 0 rnti 5505 mcs 24
slot 4 index 0 rnti 5505 mcs 24
slot 5 index 0 rnti 5505 mcs 24
slot 6 index 0 rnti 5505 mcs 24
slot 14 index 0 rnti 5505 mcs 24
slot 15 index 0 rnti 5505 mcs 24
slot 16 index 0 rnti 5505 mcs 24
slot 4 index 0 rnti 5505 mcs 24
slot 5 index 0 rnti 5505 mcs 24
[EMURAN-DL-CSV] t=31.009 win_tbs=20 win_fail=3 win_bler=0.15000 mcs_last=24 mcs_min=24 mcs_max=24 r0=17 r1=3 r2=0 r3=0  f0=3 f1=0 f2=0 f3=0 tot_tbs=7980 tot_fail=694 tot_bler=0.08697 tot_init=7306 tot_retx=674
slot 6 index 0 rnti 5505 mcs 24
slot 14 index 0 rnti 5505 mcs 24
slot 15 index 0 rnti 5505 mcs 24
slot 16 index 0 rnti 5505 mcs 24
slot 4 index 0 rnti 5505 mcs 24
slot 5 index 0 rnti 5505 mcs 24
slot 6 index 0 rnti 5505 mcs 24
slot 14 index 0 rnti 5505 mcs 24
slot 15 index 0 rnti 5505 mcs 24
slot 16 index 0 rnti 5505 mcs 24
slot 4 index 0 rnti 5505 mcs 24
slot 5 index 0 rnti 5505 mcs 24
slot 6 index 0 rnti 5505 mcs 24
slot 14 index 0 rnti 5505 mcs 24
slot 15 index 0 rnti 5505 mcs 24
slot 16 index 0 rnti 5505 mcs 24
slot 4 index 0 rnti 5505 mcs 24
slot 5 index 0 rnti 5505 mcs 24
slot 6 index 0 rnti 5505 mcs 24
slot 14 index 0 rnti 5505 mcs 24
[EMURAN-DL-CSV] t=31.081 win_tbs=20 win_fail=0 win_bler=0.00000 mcs_last=24 mcs_min=24 mcs_max=24 r0=20 r1=0 r2=0 r3=0  f0=0 f1=0 f2=0 f3=0 tot_tbs=8000 tot_fail=694 tot_bler=0.08675 tot_init=7326 tot_retx=674
slot 15 index 0 rnti 5505 mcs 24
slot 16 index 0 rnti 5505 mcs 24
slot 4 index 0 rnti 5505 mcs 24
slot 5 index 0 rnti 5505 mcs 24
slot 6 index 0 rnti 5505 mcs 24
slot 14 index 0 rnti 5505 mcs 24
slot 15 index 0 rnti 5505 mcs 24
slot 16 index 0 rnti 5505 mcs 24
slot 4 index 0 rnti 5505 mcs 24
slot 5 index 0 rnti 5505 mcs 24
slot 6 index 0 rnti 5505 mcs 24
slot 14 index 0 rnti 5505 mcs 24
slot 15 index 0 rnti 5505 mcs 24
slot 16 index 0 rnti 5505 mcs 24
slot 4 index 0 rnti 5505 mcs 24
slot 5 index 0 rnti 5505 mcs 24
slot 6 index 0 rnti 5505 mcs 24
slot 14 index 0 rnti 5505 mcs 24
slot 15 index 0 rnti 5505 mcs 24
slot 16 index 0 rnti 5505 mcs 24
[EMURAN-DL-CSV] t=31.146 win_tbs=20 win_fail=2 win_bler=0.10000 mcs_last=24 mcs_min=24 mcs_max=24 r0=18 r1=2 r2=0 r3=0  f0=2 f1=0 f2=0 f3=0 tot_tbs=8020 tot_fail=696 tot_bler=0.08678 tot_init=7344 tot_retx=676
slot 4 index 0 rnti 5505 mcs 24
slot 5 index 0 rnti 5505 mcs 24
slot 6 index 0 rnti 5505 mcs 24
slot 14 index 0 rnti 5505 mcs 24
slot 15 index 0 rnti 5505 mcs 24
slot 16 index 0 rnti 5505 mcs 24
slot 4 index 0 rnti 5505 mcs 24
slot 5 index 0 rnti 5505 mcs 24
slot 6 index 0 rnti 5505 mcs 24
slot 14 index 0 rnti 5505 mcs 24
slot 15 index 0 rnti 5505 mcs 24
slot 16 index 0 rnti 5505 mcs 24
slot 4 index 0 rnti 5505 mcs 24
slot 5 index 0 rnti 5505 mcs 24
slot 6 index 0 rnti 5505 mcs 24
slot 14 index 0 rnti 5505 mcs 24
slot 15 index 0 rnti 5505 mcs 24
slot 16 index 0 rnti 5505 mcs 24
slot 4 index 0 rnti 5505 mcs 24
slot 5 index 0 rnti 5505 mcs 24
[EMURAN-DL-CSV] t=31.219 win_tbs=20 win_fail=0 win_bler=0.00000 mcs_last=24 mcs_min=24 mcs_max=24 r0=20 r1=0 r2=0 r3=0  f0=0 f1=0 f2=0 f3=0 tot_tbs=8040 tot_fail=696 tot_bler=0.08657 tot_init=7364 tot_retx=676
slot 6 index 0 rnti 5505 mcs 24
slot 14 index 0 rnti 5505 mcs 24
slot 15 index 0 rnti 5505 mcs 24
slot 16 index 0 rnti 5505 mcs 24
slot 4 index 0 rnti 5505 mcs 24
slot 5 index 0 rnti 5505 mcs 24
slot 6 index 0 rnti 5505 mcs 24
slot 14 index 0 rnti 5505 mcs 24
slot 15 index 0 rnti 5505 mcs 24
slot 16 index 0 rnti 5505 mcs 24
slot 4 index 0 rnti 5505 mcs 24
slot 5 index 0 rnti 5505 mcs 24
slot 6 index 0 rnti 5505 mcs 24
slot 14 index 0 rnti 5505 mcs 24
slot 15 index 0 rnti 5505 mcs 24
slot 16 index 0 rnti 5505 mcs 24
slot 4 index 0 rnti 5505 mcs 24
slot 5 index 0 rnti 5505 mcs 24
slot 6 index 0 rnti 5505 mcs 24
slot 14 index 0 rnti 5505 mcs 24
[EMURAN-DL-CSV] t=31.291 win_tbs=20 win_fail=1 win_bler=0.05000 mcs_last=24 mcs_min=24 mcs_max=24 r0=18 r1=1 r2=1 r3=0  f0=1 f1=0 f2=0 f3=0 tot_tbs=8060 tot_fail=697 tot_bler=0.08648 tot_init=7382 tot_retx=678
slot 15 index 0 rnti 5505 mcs 24
slot 16 index 0 rnti 5505 mcs 24
slot 4 index 0 rnti 5505 mcs 24
slot 5 index 0 rnti 5505 mcs 24
slot 6 index 0 rnti 5505 mcs 24
slot 14 index 0 rnti 5505 mcs 24
slot 15 index 0 rnti 5505 mcs 24
slot 16 index 0 rnti 5505 mcs 24
slot 4 index 0 rnti 5505 mcs 24
slot 5 index 0 rnti 5505 mcs 24
slot 6 index 0 rnti 5505 mcs 24
slot 14 index 0 rnti 5505 mcs 24
slot 15 index 0 rnti 5505 mcs 24
slot 16 index 0 rnti 5505 mcs 24
slot 4 index 0 rnti 5505 mcs 24
slot 5 index 0 rnti 5505 mcs 24
slot 6 index 0 rnti 5505 mcs 24
slot 14 index 0 rnti 5505 mcs 24
slot 15 index 0 rnti 5505 mcs 24
slot 16 index 0 rnti 5505 mcs 24
[EMURAN-DL-CSV] t=31.356 win_tbs=20 win_fail=0 win_bler=0.00000 mcs_last=24 mcs_min=24 mcs_max=24 r0=20 r1=0 r2=0 r3=0  f0=0 f1=0 f2=0 f3=0 tot_tbs=8080 tot_fail=697 tot_bler=0.08626 tot_init=7402 tot_retx=678
slot 4 index 0 rnti 5505 mcs 24
slot 5 index 0 rnti 5505 mcs 24
slot 6 index 0 rnti 5505 mcs 24
slot 14 index 0 rnti 5505 mcs 24
slot 15 index 0 rnti 5505 mcs 24
slot 16 index 0 rnti 5505 mcs 24
slot 4 index 0 rnti 5505 mcs 24
slot 5 index 0 rnti 5505 mcs 24
slot 6 index 0 rnti 5505 mcs 24
slot 14 index 0 rnti 5505 mcs 24
slot 15 index 0 rnti 5505 mcs 24
slot 16 index 0 rnti 5505 mcs 24
slot 4 index 0 rnti 5505 mcs 24
slot 5 index 0 rnti 5505 mcs 24
slot 6 index 0 rnti 5505 mcs 24
slot 14 index 0 rnti 5505 mcs 24
slot 15 index 0 rnti 5505 mcs 24
slot 16 index 0 rnti 5505 mcs 24
[UE-STAT] frame=1000 dci_cnt=600 total_tbs=41803200 ack_real=494 nack_real=29 fb_missing=77 decode_cnt=600
slot 4 index 0 rnti 5505 mcs 24
slot 5 index 0 rnti 5505 mcs 24
[EMURAN-DL-CSV] t=31.429 win_tbs=20 win_fail=2 win_bler=0.10000 mcs_last=24 mcs_min=24 mcs_max=24 r0=19 r1=1 r2=0 r3=0  f0=2 f1=0 f2=0 f3=0 tot_tbs=8100 tot_fail=699 tot_bler=0.08630 tot_init=7421 tot_retx=679
slot 6 index 0 rnti 5505 mcs 24
slot 14 index 0 rnti 5505 mcs 24
slot 15 index 0 rnti 5505 mcs 24
slot 16 index 0 rnti 5505 mcs 24
slot 4 index 0 rnti 5505 mcs 24
slot 5 index 0 rnti 5505 mcs 24
slot 6 index 0 rnti 5505 mcs 24
slot 14 index 0 rnti 5505 mcs 24
slot 15 index 0 rnti 5505 mcs 24
slot 16 index 0 rnti 5505 mcs 24
slot 4 index 0 rnti 5505 mcs 24
slot 5 index 0 rnti 5505 mcs 24
slot 6 index 0 rnti 5505 mcs 24
slot 14 index 0 rnti 5505 mcs 24
slot 15 index 0 rnti 5505 mcs 24
slot 16 index 0 rnti 5505 mcs 24
slot 4 index 0 rnti 5505 mcs 24
slot 5 index 0 rnti 5505 mcs 24
slot 6 index 0 rnti 5505 mcs 24
slot 14 index 0 rnti 5505 mcs 24
[EMURAN-DL-CSV] t=31.501 win_tbs=20 win_fail=3 win_bler=0.15000 mcs_last=24 mcs_min=24 mcs_max=24 r0=17 r1=3 r2=0 r3=0  f0=2 f1=1 f2=0 f3=0 tot_tbs=8120 tot_fail=702 tot_bler=0.08645 tot_init=7438 tot_retx=682
slot 15 index 0 rnti 5505 mcs 24
slot 16 index 0 rnti 5505 mcs 24
slot 4 index 0 rnti 5505 mcs 24
slot 5 index 0 rnti 5505 mcs 24
slot 6 index 0 rnti 5505 mcs 24
slot 14 index 0 rnti 5505 mcs 24
slot 15 index 0 rnti 5505 mcs 24
slot 16 index 0 rnti 5505 mcs 24
slot 4 index 0 rnti 5505 mcs 24
slot 5 index 0 rnti 5505 mcs 24
slot 6 index 0 rnti 5505 mcs 24
slot 14 index 0 rnti 5505 mcs 24
slot 15 index 0 rnti 5505 mcs 24
slot 16 index 0 rnti 5505 mcs 24
slot 4 index 0 rnti 5505 mcs 24
slot 5 index 0 rnti 5505 mcs 24
slot 6 index 0 rnti 5505 mcs 24
slot 14 index 0 rnti 5505 mcs 24
slot 15 index 0 rnti 5505 mcs 24
slot 16 index 0 rnti 5505 mcs 24
[EMURAN-DL-CSV] t=31.566 win_tbs=20 win_fail=0 win_bler=0.00000 mcs_last=24 mcs_min=24 mcs_max=24 r0=20 r1=0 r2=0 r3=0  f0=0 f1=0 f2=0 f3=0 tot_tbs=8140 tot_fail=702 tot_bler=0.08624 tot_init=7458 tot_retx=682
slot 4 index 0 rnti 5505 mcs 24
slot 5 index 0 rnti 5505 mcs 24
slot 6 index 0 rnti 5505 mcs 24
slot 14 index 0 rnti 5505 mcs 24
slot 15 index 0 rnti 5505 mcs 24
slot 16 index 0 rnti 5505 mcs 24
slot 4 index 0 rnti 5505 mcs 24
slot 5 index 0 rnti 5505 mcs 24
slot 6 index 0 rnti 5505 mcs 24
slot 14 index 0 rnti 5505 mcs 24
slot 15 index 0 rnti 5505 mcs 24
slot 16 index 0 rnti 5505 mcs 24
slot 4 index 0 rnti 5505 mcs 24
slot 5 index 0 rnti 5505 mcs 24
slot 6 index 0 rnti 5505 mcs 24
slot 14 index 0 rnti 5505 mcs 24
slot 15 index 0 rnti 5505 mcs 24
slot 16 index 0 rnti 5505 mcs 24
slot 4 index 0 rnti 5505 mcs 24
slot 5 index 0 rnti 5505 mcs 24
[EMURAN-DL-CSV] t=31.639 win_tbs=20 win_fail=2 win_bler=0.10000 mcs_last=24 mcs_min=24 mcs_max=24 r0=18 r1=2 r2=0 r3=0  f0=2 f1=0 f2=0 f3=0 tot_tbs=8160 tot_fail=704 tot_bler=0.08627 tot_init=7476 tot_retx=684
slot 6 index 0 rnti 5505 mcs 24
slot 14 index 0 rnti 5505 mcs 24
slot 15 index 0 rnti 5505 mcs 24
slot 16 index 0 rnti 5505 mcs 24
slot 4 index 0 rnti 5505 mcs 24
slot 5 index 0 rnti 5505 mcs 24
slot 6 index 0 rnti 5505 mcs 24
slot 14 index 0 rnti 5505 mcs 24
slot 15 index 0 rnti 5505 mcs 24
slot 16 index 0 rnti 5505 mcs 24
slot 4 index 0 rnti 5505 mcs 24
slot 5 index 0 rnti 5505 mcs 24
slot 6 index 0 rnti 5505 mcs 24
slot 14 index 0 rnti 5505 mcs 24
slot 15 index 0 rnti 5505 mcs 24
slot 16 index 0 rnti 5505 mcs 24
slot 4 index 0 rnti 5505 mcs 24
slot 5 index 0 rnti 5505 mcs 24
slot 6 index 0 rnti 5505 mcs 24
slot 14 index 0 rnti 5505 mcs 24
[EMURAN-DL-CSV] t=31.711 win_tbs=20 win_fail=3 win_bler=0.15000 mcs_last=24 mcs_min=24 mcs_max=24 r0=18 r1=2 r2=0 r3=0  f0=3 f1=0 f2=0 f3=0 tot_tbs=8180 tot_fail=707 tot_bler=0.08643 tot_init=7494 tot_retx=686
slot 15 index 0 rnti 5505 mcs 24
slot 16 index 0 rnti 5505 mcs 24
slot 4 index 0 rnti 5505 mcs 24
slot 5 index 0 rnti 5505 mcs 24
slot 6 index 0 rnti 5505 mcs 24
slot 14 index 0 rnti 5505 mcs 24
slot 15 index 0 rnti 5505 mcs 24
slot 16 index 0 rnti 5505 mcs 24
slot 4 index 0 rnti 5505 mcs 24
slot 5 index 0 rnti 5505 mcs 24
slot 6 index 0 rnti 5505 mcs 24
slot 14 index 0 rnti 5505 mcs 24
slot 15 index 0 rnti 5505 mcs 24
slot 16 index 0 rnti 5505 mcs 24
slot 4 index 0 rnti 5505 mcs 24
slot 5 index 0 rnti 5505 mcs 24
slot 6 index 0 rnti 5505 mcs 24
slot 14 index 0 rnti 5505 mcs 24
slot 15 index 0 rnti 5505 mcs 24
slot 16 index 0 rnti 5505 mcs 24
[EMURAN-DL-CSV] t=31.776 win_tbs=20 win_fail=2 win_bler=0.10000 mcs_last=24 mcs_min=24 mcs_max=24 r0=19 r1=1 r2=0 r3=0  f0=2 f1=0 f2=0 f3=0 tot_tbs=8200 tot_fail=709 tot_bler=0.08646 tot_init=7513 tot_retx=687
slot 4 index 0 rnti 5505 mcs 24
slot 5 index 0 rnti 5505 mcs 24
slot 6 index 0 rnti 5505 mcs 24
slot 14 index 0 rnti 5505 mcs 24
slot 15 index 0 rnti 5505 mcs 24
slot 16 index 0 rnti 5505 mcs 24
slot 4 index 0 rnti 5505 mcs 24
slot 5 index 0 rnti 5505 mcs 24
slot 6 index 0 rnti 5505 mcs 24
slot 14 index 0 rnti 5505 mcs 24
slot 15 index 0 rnti 5505 mcs 24
slot 16 index 0 rnti 5505 mcs 24
slot 4 index 0 rnti 5505 mcs 24
slot 5 index 0 rnti 5505 mcs 24
slot 6 index 0 rnti 5505 mcs 24
slot 14 index 0 rnti 5505 mcs 24
slot 15 index 0 rnti 5505 mcs 24
slot 16 index 0 rnti 5505 mcs 24
slot 4 index 0 rnti 5505 mcs 24
slot 5 index 0 rnti 5505 mcs 24
[EMURAN-DL-CSV] t=31.849 win_tbs=20 win_fail=0 win_bler=0.00000 mcs_last=24 mcs_min=24 mcs_max=24 r0=19 r1=1 r2=0 r3=0  f0=0 f1=0 f2=0 f3=0 tot_tbs=8220 tot_fail=709 tot_bler=0.08625 tot_init=7532 tot_retx=688
slot 6 index 0 rnti 5505 mcs 24
slot 14 index 0 rnti 5505 mcs 24
slot 15 index 0 rnti 5505 mcs 24
slot 16 index 0 rnti 5505 mcs 24
slot 4 index 0 rnti 5505 mcs 24
slot 5 index 0 rnti 5505 mcs 24
slot 6 index 0 rnti 5505 mcs 24
slot 14 index 0 rnti 5505 mcs 24
slot 15 index 0 rnti 5505 mcs 24
slot 16 index 0 rnti 5505 mcs 24
slot 4 index 0 rnti 5505 mcs 24
slot 5 index 0 rnti 5505 mcs 24
slot 6 index 0 rnti 5505 mcs 24
slot 14 index 0 rnti 5505 mcs 24
slot 15 index 0 rnti 5505 mcs 24
slot 16 index 0 rnti 5505 mcs 24
slot 4 index 0 rnti 5505 mcs 24
slot 5 index 0 rnti 5505 mcs 24
slot 6 index 0 rnti 5505 mcs 24
slot 14 index 0 rnti 5505 mcs 24
[EMURAN-DL-CSV] t=31.921 win_tbs=20 win_fail=2 win_bler=0.10000 mcs_last=24 mcs_min=24 mcs_max=24 r0=18 r1=2 r2=0 r3=0  f0=2 f1=0 f2=0 f3=0 tot_tbs=8240 tot_fail=711 tot_bler=0.08629 tot_init=7550 tot_retx=690
slot 15 index 0 rnti 5505 mcs 24
slot 16 index 0 rnti 5505 mcs 24
[UE-STAT] frame=0 dci_cnt=144 total_tbs=10032768 ack_real=115 nack_real=11 fb_missing=18 decode_cnt=144
slot 4 index 0 rnti 5505 mcs 24
slot 5 index 0 rnti 5505 mcs 24
slot 6 index 0 rnti 5505 mcs 24
slot 14 index 0 rnti 5505 mcs 24
slot 15 index 0 rnti 5505 mcs 24
slot 16 index 0 rnti 5505 mcs 24
slot 4 index 0 rnti 5505 mcs 24
slot 5 index 0 rnti 5505 mcs 24
slot 6 index 0 rnti 5505 mcs 24
slot 14 index 0 rnti 5505 mcs 24
slot 15 index 0 rnti 5505 mcs 24
slot 16 index 0 rnti 5505 mcs 24
slot 4 index 0 rnti 5505 mcs 24
slot 5 index 0 rnti 5505 mcs 24
slot 6 index 0 rnti 5505 mcs 24
slot 14 index 0 rnti 5505 mcs 24
slot 15 index 0 rnti 5505 mcs 24
slot 16 index 0 rnti 5505 mcs 24
[EMURAN-DL-CSV] t=31.986 win_tbs=20 win_fail=2 win_bler=0.10000 mcs_last=24 mcs_min=24 mcs_max=24 r0=17 r1=3 r2=0 r3=0  f0=2 f1=0 f2=0 f3=0 tot_tbs=8260 tot_fail=713 tot_bler=0.08632 tot_init=7567 tot_retx=693
slot 4 index 0 rnti 5505 mcs 24
slot 5 index 0 rnti 5505 mcs 24
slot 6 index 0 rnti 5505 mcs 24
slot 14 index 0 rnti 5505 mcs 24
slot 15 index 0 rnti 5505 mcs 24
slot 16 index 0 rnti 5505 mcs 24
slot 4 index 0 rnti 5505 mcs 24
slot 5 index 0 rnti 5505 mcs 24
slot 6 index 0 rnti 5505 mcs 24
slot 14 index 0 rnti 5505 mcs 24
slot 15 index 0 rnti 5505 mcs 24
slot 16 index 0 rnti 5505 mcs 24
slot 4 index 0 rnti 5505 mcs 24
slot 5 index 0 rnti 5505 mcs 24
slot 6 index 0 rnti 5505 mcs 24
slot 14 index 0 rnti 5505 mcs 24
slot 15 index 0 rnti 5505 mcs 24
slot 16 index 0 rnti 5505 mcs 24
slot 4 index 0 rnti 5505 mcs 24
slot 5 index 0 rnti 5505 mcs 24
[EMURAN-DL-CSV] t=32.059 win_tbs=20 win_fail=0 win_bler=0.00000 mcs_last=24 mcs_min=24 mcs_max=24 r0=20 r1=0 r2=0 r3=0  f0=0 f1=0 f2=0 f3=0 tot_tbs=8280 tot_fail=713 tot_bler=0.08611 tot_init=7587 tot_retx=693
slot 6 index 0 rnti 5505 mcs 24
slot 14 index 0 rnti 5505 mcs 24
slot 15 index 0 rnti 5505 mcs 24
slot 16 index 0 rnti 5505 mcs 24
slot 4 index 0 rnti 5505 mcs 24
slot 5 index 0 rnti 5505 mcs 24
slot 6 index 0 rnti 5505 mcs 24
slot 14 index 0 rnti 5505 mcs 24
slot 15 index 0 rnti 5505 mcs 24
slot 16 index 0 rnti 5505 mcs 24
slot 4 index 0 rnti 5505 mcs 24
slot 5 index 0 rnti 5505 mcs 24
slot 6 index 0 rnti 5505 mcs 24
slot 14 index 0 rnti 5505 mcs 24
slot 15 index 0 rnti 5505 mcs 24
slot 16 index 0 rnti 5505 mcs 24
slot 4 index 0 rnti 5505 mcs 24
slot 5 index 0 rnti 5505 mcs 24
slot 6 index 0 rnti 5505 mcs 24
slot 14 index 0 rnti 5505 mcs 24
[EMURAN-DL-CSV] t=32.131 win_tbs=20 win_fail=3 win_bler=0.15000 mcs_last=24 mcs_min=24 mcs_max=24 r0=19 r1=1 r2=0 r3=0  f0=3 f1=0 f2=0 f3=0 tot_tbs=8300 tot_fail=716 tot_bler=0.08627 tot_init=7606 tot_retx=694
slot 15 index 0 rnti 5505 mcs 24
slot 16 index 0 rnti 5505 mcs 24
slot 4 index 0 rnti 5505 mcs 24
slot 5 index 0 rnti 5505 mcs 24
slot 6 index 0 rnti 5505 mcs 24
slot 14 index 0 rnti 5505 mcs 24
slot 15 index 0 rnti 5505 mcs 24
slot 16 index 0 rnti 5505 mcs 24
slot 4 index 0 rnti 5505 mcs 24
slot 5 index 0 rnti 5505 mcs 24
slot 6 index 0 rnti 5505 mcs 24
slot 14 index 0 rnti 5505 mcs 24
slot 15 index 0 rnti 5505 mcs 24
slot 16 index 0 rnti 5505 mcs 24
slot 4 index 0 rnti 5505 mcs 24
slot 5 index 0 rnti 5505 mcs 24
slot 6 index 0 rnti 5505 mcs 24
slot 14 index 0 rnti 5505 mcs 24
slot 15 index 0 rnti 5505 mcs 24
slot 16 index 0 rnti 5505 mcs 24
[EMURAN-DL-CSV] t=32.197 win_tbs=20 win_fail=0 win_bler=0.00000 mcs_last=24 mcs_min=24 mcs_max=24 r0=20 r1=0 r2=0 r3=0  f0=0 f1=0 f2=0 f3=0 tot_tbs=8320 tot_fail=716 tot_bler=0.08606 tot_init=7626 tot_retx=694
slot 4 index 0 rnti 5505 mcs 24
slot 5 index 0 rnti 5505 mcs 24
slot 6 index 0 rnti 5505 mcs 24
slot 14 index 0 rnti 5505 mcs 24
slot 15 index 0 rnti 5505 mcs 24
slot 16 index 0 rnti 5505 mcs 24
slot 4 index 0 rnti 5505 mcs 24
slot 5 index 0 rnti 5505 mcs 24
slot 6 index 0 rnti 5505 mcs 24
slot 14 index 0 rnti 5505 mcs 24
slot 15 index 0 rnti 5505 mcs 24
slot 16 index 0 rnti 5505 mcs 24
slot 4 index 0 rnti 5505 mcs 24
slot 5 index 0 rnti 5505 mcs 24
slot 6 index 0 rnti 5505 mcs 24
slot 14 index 0 rnti 5505 mcs 24
slot 15 index 0 rnti 5505 mcs 24
slot 16 index 0 rnti 5505 mcs 24
slot 4 index 0 rnti 5505 mcs 24
slot 5 index 0 rnti 5505 mcs 24
[EMURAN-DL-CSV] t=32.269 win_tbs=20 win_fail=4 win_bler=0.20000 mcs_last=24 mcs_min=24 mcs_max=24 r0=17 r1=3 r2=0 r3=0  f0=4 f1=0 f2=0 f3=0 tot_tbs=8340 tot_fail=720 tot_bler=0.08633 tot_init=7643 tot_retx=697
slot 6 index 0 rnti 5505 mcs 24
slot 14 index 0 rnti 5505 mcs 24
slot 15 index 0 rnti 5505 mcs 24
slot 16 index 0 rnti 5505 mcs 24
slot 4 index 0 rnti 5505 mcs 24
slot 5 index 0 rnti 5505 mcs 24
slot 6 index 0 rnti 5505 mcs 24
slot 14 index 0 rnti 5505 mcs 24
slot 15 index 0 rnti 5505 mcs 24
slot 16 index 0 rnti 5505 mcs 24
slot 4 index 0 rnti 5505 mcs 24
slot 5 index 0 rnti 5505 mcs 24
slot 6 index 0 rnti 5505 mcs 24
slot 14 index 0 rnti 5505 mcs 24
slot 15 index 0 rnti 5505 mcs 24
slot 16 index 0 rnti 5505 mcs 24
slot 4 index 0 rnti 5505 mcs 24
slot 5 index 0 rnti 5505 mcs 24
slot 6 index 0 rnti 5505 mcs 24
slot 14 index 0 rnti 5505 mcs 24
[EMURAN-DL-CSV] t=32.341 win_tbs=20 win_fail=0 win_bler=0.00000 mcs_last=24 mcs_min=24 mcs_max=24 r0=18 r1=2 r2=0 r3=0  f0=0 f1=0 f2=0 f3=0 tot_tbs=8360 tot_fail=720 tot_bler=0.08612 tot_init=7661 tot_retx=699
slot 15 index 0 rnti 5505 mcs 24
slot 16 index 0 rnti 5505 mcs 24
slot 4 index 0 rnti 5505 mcs 24
slot 5 index 0 rnti 5505 mcs 24
slot 6 index 0 rnti 5505 mcs 24
slot 14 index 0 rnti 5505 mcs 24
slot 15 index 0 rnti 5505 mcs 24
slot 16 index 0 rnti 5505 mcs 24
slot 4 index 0 rnti 5505 mcs 24
slot 5 index 0 rnti 5505 mcs 24
slot 6 index 0 rnti 5505 mcs 24
slot 14 index 0 rnti 5505 mcs 24
slot 15 index 0 rnti 5505 mcs 24
slot 16 index 0 rnti 5505 mcs 24
slot 4 index 0 rnti 5505 mcs 24
slot 5 index 0 rnti 5505 mcs 24
slot 6 index 0 rnti 5505 mcs 24
slot 14 index 0 rnti 5505 mcs 24
slot 15 index 0 rnti 5505 mcs 24
slot 16 index 0 rnti 5505 mcs 24
[EMURAN-DL-CSV] t=32.407 win_tbs=20 win_fail=1 win_bler=0.05000 mcs_last=24 mcs_min=24 mcs_max=24 r0=19 r1=1 r2=0 r3=0  f0=1 f1=0 f2=0 f3=0 tot_tbs=8380 tot_fail=721 tot_bler=0.08604 tot_init=7680 tot_retx=700
slot 4 index 0 rnti 5505 mcs 24
slot 5 index 0 rnti 5505 mcs 24
slot 6 index 0 rnti 5505 mcs 24
slot 14 index 0 rnti 5505 mcs 24
slot 15 index 0 rnti 5505 mcs 24
slot 16 index 0 rnti 5505 mcs 24
slot 4 index 0 rnti 5505 mcs 24
slot 5 index 0 rnti 5505 mcs 24
slot 6 index 0 rnti 5505 mcs 24
slot 14 index 0 rnti 5505 mcs 24
slot 15 index 0 rnti 5505 mcs 24
slot 16 index 0 rnti 5505 mcs 24
slot 4 index 0 rnti 5505 mcs 24
slot 5 index 0 rnti 5505 mcs 24
slot 6 index 0 rnti 5505 mcs 24
slot 14 index 0 rnti 5505 mcs 24
slot 15 index 0 rnti 5505 mcs 24
slot 16 index 0 rnti 5505 mcs 24
slot 4 index 0 rnti 5505 mcs 24
slot 5 index 0 rnti 5505 mcs 24
[EMURAN-DL-CSV] t=32.479 win_tbs=20 win_fail=0 win_bler=0.00000 mcs_last=24 mcs_min=24 mcs_max=24 r0=20 r1=0 r2=0 r3=0  f0=0 f1=0 f2=0 f3=0 tot_tbs=8400 tot_fail=721 tot_bler=0.08583 tot_init=7700 tot_retx=700
slot 6 index 0 rnti 5505 mcs 24
slot 14 index 0 rnti 5505 mcs 24
slot 15 index 0 rnti 5505 mcs 24
slot 16 index 0 rnti 5505 mcs 24
slot 4 index 0 rnti 5505 mcs 24
slot 5 index 0 rnti 5505 mcs 24
slot 6 index 0 rnti 5505 mcs 24
slot 14 index 0 rnti 5505 mcs 24
slot 15 index 0 rnti 5505 mcs 24
slot 16 index 0 rnti 5505 mcs 24
slot 4 index 0 rnti 5505 mcs 24
slot 5 index 0 rnti 5505 mcs 24
slot 6 index 0 rnti 5505 mcs 24
slot 14 index 0 rnti 5505 mcs 24
slot 15 index 0 rnti 5505 mcs 24
slot 16 index 0 rnti 5505 mcs 24
slot 4 index 0 rnti 5505 mcs 24
slot 5 index 0 rnti 5505 mcs 24
slot 6 index 0 rnti 5505 mcs 24
slot 14 index 0 rnti 5505 mcs 24
[EMURAN-DL-CSV] t=32.552 win_tbs=20 win_fail=1 win_bler=0.05000 mcs_last=24 mcs_min=24 mcs_max=24 r0=19 r1=1 r2=0 r3=0  f0=1 f1=0 f2=0 f3=0 tot_tbs=8420 tot_fail=722 tot_bler=0.08575 tot_init=7719 tot_retx=701
slot 15 index 0 rnti 5505 mcs 24
slot 16 index 0 rnti 5505 mcs 24
slot 4 index 0 rnti 5505 mcs 24
slot 5 index 0 rnti 5505 mcs 24
slot 6 index 0 rnti 5505 mcs 24
slot 14 index 0 rnti 5505 mcs 24
slot 15 index 0 rnti 5505 mcs 24
slot 16 index 0 rnti 5505 mcs 24
slot 4 index 0 rnti 5505 mcs 24
slot 5 index 0 rnti 5505 mcs 24
slot 6 index 0 rnti 5505 mcs 24
slot 14 index 0 rnti 5505 mcs 24
slot 15 index 0 rnti 5505 mcs 24
slot 16 index 0 rnti 5505 mcs 24
slot 4 index 0 rnti 5505 mcs 24
slot 5 index 0 rnti 5505 mcs 24
slot 6 index 0 rnti 5505 mcs 24
slot 14 index 0 rnti 5505 mcs 24
slot 15 index 0 rnti 5505 mcs 24
slot 16 index 0 rnti 5505 mcs 24
[EMURAN-DL-CSV] t=32.617 win_tbs=20 win_fail=1 win_bler=0.05000 mcs_last=24 mcs_min=24 mcs_max=24 r0=19 r1=1 r2=0 r3=0  f0=1 f1=0 f2=0 f3=0 tot_tbs=8440 tot_fail=723 tot_bler=0.08566 tot_init=7738 tot_retx=702
slot 4 index 0 rnti 5505 mcs 24
slot 5 index 0 rnti 5505 mcs 24
slot 6 index 0 rnti 5505 mcs 24
slot 14 index 0 rnti 5505 mcs 24
slot 15 index 0 rnti 5505 mcs 24
slot 16 index 0 rnti 5505 mcs 24
slot 4 index 0 rnti 5505 mcs 24
slot 5 index 0 rnti 5505 mcs 24
slot 6 index 0 rnti 5505 mcs 24
slot 14 index 0 rnti 5505 mcs 24
slot 15 index 0 rnti 5505 mcs 24
slot 16 index 0 rnti 5505 mcs 24
slot 4 index 0 rnti 5505 mcs 24
slot 5 index 0 rnti 5505 mcs 24
slot 6 index 0 rnti 5505 mcs 24
slot 14 index 0 rnti 5505 mcs 24
slot 15 index 0 rnti 5505 mcs 24
slot 16 index 0 rnti 5505 mcs 24
slot 4 index 0 rnti 5505 mcs 24
slot 5 index 0 rnti 5505 mcs 24
[EMURAN-DL-CSV] t=32.689 win_tbs=20 win_fail=3 win_bler=0.15000 mcs_last=24 mcs_min=24 mcs_max=24 r0=17 r1=3 r2=0 r3=0  f0=2 f1=1 f2=0 f3=0 tot_tbs=8460 tot_fail=726 tot_bler=0.08582 tot_init=7755 tot_retx=705
slot 6 index 0 rnti 5505 mcs 24
slot 14 index 0 rnti 5505 mcs 24
slot 15 index 0 rnti 5505 mcs 24
slot 16 index 0 rnti 5505 mcs 24
slot 4 index 0 rnti 5505 mcs 24
slot 5 index 0 rnti 5505 mcs 24
slot 6 index 0 rnti 5505 mcs 24
slot 14 index 0 rnti 5505 mcs 24
slot 15 index 0 rnti 5505 mcs 24
slot 16 index 0 rnti 5505 mcs 24
slot 4 index 0 rnti 5505 mcs 24
slot 5 index 0 rnti 5505 mcs 24
slot 6 index 0 rnti 5505 mcs 24
slot 14 index 0 rnti 5505 mcs 24
slot 15 index 0 rnti 5505 mcs 24
slot 16 index 0 rnti 5505 mcs 24
slot 4 index 0 rnti 5505 mcs 24
slot 5 index 0 rnti 5505 mcs 24
slot 6 index 0 rnti 5505 mcs 24
slot 14 index 0 rnti 5505 mcs 24
[EMURAN-DL-CSV] t=32.762 win_tbs=20 win_fail=0 win_bler=0.00000 mcs_last=24 mcs_min=24 mcs_max=24 r0=20 r1=0 r2=0 r3=0  f0=0 f1=0 f2=0 f3=0 tot_tbs=8480 tot_fail=726 tot_bler=0.08561 tot_init=7775 tot_retx=705
slot 15 index 0 rnti 5505 mcs 24
slot 16 index 0 rnti 5505 mcs 24
slot 4 index 0 rnti 5505 mcs 24
slot 5 index 0 rnti 5505 mcs 24
slot 6 index 0 rnti 5505 mcs 24
slot 14 index 0 rnti 5505 mcs 24
slot 15 index 0 rnti 5505 mcs 24
slot 16 index 0 rnti 5505 mcs 24
slot 4 index 0 rnti 5505 mcs 24
slot 5 index 0 rnti 5505 mcs 24
slot 6 index 0 rnti 5505 mcs 24
slot 14 index 0 rnti 5505 mcs 24
slot 15 index 0 rnti 5505 mcs 24
slot 16 index 0 rnti 5505 mcs 24
slot 4 index 0 rnti 5505 mcs 24
slot 5 index 0 rnti 5505 mcs 24
slot 6 index 0 rnti 5505 mcs 24
slot 14 index 0 rnti 5505 mcs 24
slot 15 index 0 rnti 5505 mcs 24
slot 16 index 0 rnti 5505 mcs 24
[EMURAN-DL-CSV] t=32.827 win_tbs=20 win_fail=0 win_bler=0.00000 mcs_last=24 mcs_min=24 mcs_max=24 r0=20 r1=0 r2=0 r3=0  f0=0 f1=0 f2=0 f3=0 tot_tbs=8500 tot_fail=726 tot_bler=0.08541 tot_init=7795 tot_retx=705
slot 4 index 0 rnti 5505 mcs 24
slot 5 index 0 rnti 5505 mcs 24
slot 6 index 0 rnti 5505 mcs 24
slot 14 index 0 rnti 5505 mcs 24
slot 15 index 0 rnti 5505 mcs 24
slot 16 index 0 rnti 5505 mcs 24
slot 4 index 0 rnti 5505 mcs 24
slot 5 index 0 rnti 5505 mcs 24
slot 6 index 0 rnti 5505 mcs 24
slot 14 index 0 rnti 5505 mcs 24
slot 15 index 0 rnti 5505 mcs 24
slot 16 index 0 rnti 5505 mcs 24
slot 4 index 0 rnti 5505 mcs 24
slot 5 index 0 rnti 5505 mcs 24
slot 6 index 0 rnti 5505 mcs 24
slot 14 index 0 rnti 5505 mcs 24
slot 15 index 0 rnti 5505 mcs 24
slot 16 index 0 rnti 5505 mcs 24
slot 4 index 0 rnti 5505 mcs 24
slot 5 index 0 rnti 5505 mcs 24
[EMURAN-DL-CSV] t=32.899 win_tbs=20 win_fail=0 win_bler=0.00000 mcs_last=24 mcs_min=24 mcs_max=24 r0=20 r1=0 r2=0 r3=0  f0=0 f1=0 f2=0 f3=0 tot_tbs=8520 tot_fail=726 tot_bler=0.08521 tot_init=7815 tot_retx=705
slot 6 index 0 rnti 5505 mcs 24
slot 14 index 0 rnti 5505 mcs 24
slot 15 index 0 rnti 5505 mcs 24
slot 16 index 0 rnti 5505 mcs 24
slot 4 index 0 rnti 5505 mcs 24
slot 5 index 0 rnti 5505 mcs 24
slot 6 index 0 rnti 5505 mcs 24
slot 14 index 0 rnti 5505 mcs 24
slot 15 index 0 rnti 5505 mcs 24
slot 16 index 0 rnti 5505 mcs 24
slot 4 index 0 rnti 5505 mcs 24
slot 5 index 0 rnti 5505 mcs 24
slot 6 index 0 rnti 5505 mcs 24
slot 14 index 0 rnti 5505 mcs 24
slot 15 index 0 rnti 5505 mcs 24
slot 16 index 0 rnti 5505 mcs 24
slot 4 index 0 rnti 5505 mcs 24
slot 5 index 0 rnti 5505 mcs 24
slot 6 index 0 rnti 5505 mcs 24
slot 14 index 0 rnti 5505 mcs 24
[EMURAN-DL-CSV] t=32.972 win_tbs=20 win_fail=0 win_bler=0.00000 mcs_last=24 mcs_min=24 mcs_max=24 r0=19 r1=1 r2=0 r3=0  f0=0 f1=0 f2=0 f3=0 tot_tbs=8540 tot_fail=726 tot_bler=0.08501 tot_init=7834 tot_retx=706
slot 15 index 0 rnti 5505 mcs 24
slot 16 index 0 rnti 5505 mcs 24
slot 4 index 0 rnti 5505 mcs 24
slot 5 index 0 rnti 5505 mcs 24
slot 6 index 0 rnti 5505 mcs 24
slot 14 index 0 rnti 5505 mcs 24
slot 15 index 0 rnti 5505 mcs 24
slot 16 index 0 rnti 5505 mcs 24
slot 4 index 0 rnti 5505 mcs 24
slot 5 index 0 rnti 5505 mcs 24
slot 6 index 0 rnti 5505 mcs 24
slot 14 index 0 rnti 5505 mcs 24
slot 15 index 0 rnti 5505 mcs 24
slot 16 index 0 rnti 5505 mcs 24
slot 4 index 0 rnti 5505 mcs 24
slot 5 index 0 rnti 5505 mcs 24
slot 6 index 0 rnti 5505 mcs 24
slot 14 index 0 rnti 5505 mcs 24
slot 15 index 0 rnti 5505 mcs 24
slot 16 index 0 rnti 5505 mcs 24
[EMURAN-DL-CSV] t=33.037 win_tbs=20 win_fail=1 win_bler=0.05000 mcs_last=24 mcs_min=24 mcs_max=24 r0=19 r1=1 r2=0 r3=0  f0=1 f1=0 f2=0 f3=0 tot_tbs=8560 tot_fail=727 tot_bler=0.08493 tot_init=7853 tot_retx=707
slot 4 index 0 rnti 5505 mcs 24
slot 5 index 0 rnti 5505 mcs 24
slot 6 index 0 rnti 5505 mcs 24
slot 14 index 0 rnti 5505 mcs 24
slot 15 index 0 rnti 5505 mcs 24
slot 16 index 0 rnti 5505 mcs 24
slot 4 index 0 rnti 5505 mcs 24
slot 5 index 0 rnti 5505 mcs 24
slot 6 index 0 rnti 5505 mcs 24
slot 14 index 0 rnti 5505 mcs 24
slot 15 index 0 rnti 5505 mcs 24
slot 16 index 0 rnti 5505 mcs 24
slot 4 index 0 rnti 5505 mcs 24
slot 5 index 0 rnti 5505 mcs 24
slot 6 index 0 rnti 5505 mcs 24
slot 14 index 0 rnti 5505 mcs 24
slot 15 index 0 rnti 5505 mcs 24
slot 16 index 0 rnti 5505 mcs 24
slot 4 index 0 rnti 5505 mcs 24
slot 5 index 0 rnti 5505 mcs 24
[EMURAN-DL-CSV] t=33.109 win_tbs=20 win_fail=0 win_bler=0.00000 mcs_last=24 mcs_min=24 mcs_max=24 r0=20 r1=0 r2=0 r3=0  f0=0 f1=0 f2=0 f3=0 tot_tbs=8580 tot_fail=727 tot_bler=0.08473 tot_init=7873 tot_retx=707
slot 6 index 0 rnti 5505 mcs 24
slot 14 index 0 rnti 5505 mcs 24
slot 15 index 0 rnti 5505 mcs 24
slot 16 index 0 rnti 5505 mcs 24
slot 4 index 0 rnti 5505 mcs 24
slot 5 index 0 rnti 5505 mcs 24
slot 6 index 0 rnti 5505 mcs 24
slot 14 index 0 rnti 5505 mcs 24
slot 15 index 0 rnti 5505 mcs 24
slot 16 index 0 rnti 5505 mcs 24
slot 4 index 0 rnti 5505 mcs 24
slot 5 index 0 rnti 5505 mcs 24
slot 6 index 0 rnti 5505 mcs 24
slot 14 index 0 rnti 5505 mcs 24
slot 15 index 0 rnti 5505 mcs 24
slot 16 index 0 rnti 5505 mcs 24
slot 4 index 0 rnti 5505 mcs 24
slot 5 index 0 rnti 5505 mcs 24
slot 6 index 0 rnti 5505 mcs 24
slot 14 index 0 rnti 5505 mcs 24
[EMURAN-DL-CSV] t=33.182 win_tbs=20 win_fail=1 win_bler=0.05000 mcs_last=24 mcs_min=24 mcs_max=24 r0=19 r1=1 r2=0 r3=0  f0=1 f1=0 f2=0 f3=0 tot_tbs=8600 tot_fail=728 tot_bler=0.08465 tot_init=7892 tot_retx=708
slot 15 index 0 rnti 5505 mcs 24
slot 16 index 0 rnti 5505 mcs 24
slot 4 index 0 rnti 5505 mcs 24
slot 5 index 0 rnti 5505 mcs 24
slot 6 index 0 rnti 5505 mcs 24
slot 14 index 0 rnti 5505 mcs 24
slot 15 index 0 rnti 5505 mcs 24
slot 16 index 0 rnti 5505 mcs 24
slot 4 index 0 rnti 5505 mcs 24
slot 5 index 0 rnti 5505 mcs 24
slot 6 index 0 rnti 5505 mcs 24
slot 14 index 0 rnti 5505 mcs 24
slot 15 index 0 rnti 5505 mcs 24
slot 16 index 0 rnti 5505 mcs 24
slot 4 index 0 rnti 5505 mcs 24
slot 5 index 0 rnti 5505 mcs 24
slot 6 index 0 rnti 5505 mcs 24
slot 14 index 0 rnti 5505 mcs 24
slot 15 index 0 rnti 5505 mcs 24
slot 16 index 0 rnti 5505 mcs 24
[EMURAN-DL-CSV] t=33.247 win_tbs=20 win_fail=0 win_bler=0.00000 mcs_last=24 mcs_min=24 mcs_max=24 r0=20 r1=0 r2=0 r3=0  f0=0 f1=0 f2=0 f3=0 tot_tbs=8620 tot_fail=728 tot_bler=0.08445 tot_init=7912 tot_retx=708
slot 4 index 0 rnti 5505 mcs 24
slot 5 index 0 rnti 5505 mcs 24
slot 6 index 0 rnti 5505 mcs 24
slot 14 index 0 rnti 5505 mcs 24
slot 15 index 0 rnti 5505 mcs 24
slot 16 index 0 rnti 5505 mcs 24
slot 4 index 0 rnti 5505 mcs 24
slot 5 index 0 rnti 5505 mcs 24
slot 6 index 0 rnti 5505 mcs 24
slot 14 index 0 rnti 5505 mcs 24
slot 15 index 0 rnti 5505 mcs 24
slot 16 index 0 rnti 5505 mcs 24
slot 4 index 0 rnti 5505 mcs 24
slot 5 index 0 rnti 5505 mcs 24
slot 6 index 0 rnti 5505 mcs 24
slot 14 index 0 rnti 5505 mcs 24
slot 15 index 0 rnti 5505 mcs 24
slot 16 index 0 rnti 5505 mcs 24
slot 4 index 0 rnti 5505 mcs 24
slot 5 index 0 rnti 5505 mcs 24
[EMURAN-DL-CSV] t=33.320 win_tbs=20 win_fail=3 win_bler=0.15000 mcs_last=24 mcs_min=24 mcs_max=24 r0=16 r1=3 r2=1 r3=0  f0=3 f1=0 f2=0 f3=0 tot_tbs=8640 tot_fail=731 tot_bler=0.08461 tot_init=7928 tot_retx=712
slot 6 index 0 rnti 5505 mcs 24
slot 14 index 0 rnti 5505 mcs 24
slot 15 index 0 rnti 5505 mcs 24
slot 16 index 0 rnti 5505 mcs 24
slot 4 index 0 rnti 5505 mcs 24
slot 5 index 0 rnti 5505 mcs 24
slot 6 index 0 rnti 5505 mcs 24
slot 14 index 0 rnti 5505 mcs 24
slot 15 index 0 rnti 5505 mcs 24
slot 16 index 0 rnti 5505 mcs 24
slot 4 index 0 rnti 5505 mcs 24
slot 5 index 0 rnti 5505 mcs 24
slot 6 index 0 rnti 5505 mcs 24
slot 14 index 0 rnti 5505 mcs 24
slot 15 index 0 rnti 5505 mcs 24
slot 16 index 0 rnti 5505 mcs 24
slot 4 index 0 rnti 5505 mcs 24
slot 5 index 0 rnti 5505 mcs 24
slot 6 index 0 rnti 5505 mcs 24
slot 14 index 0 rnti 5505 mcs 24
[EMURAN-DL-CSV] t=33.392 win_tbs=20 win_fail=1 win_bler=0.05000 mcs_last=24 mcs_min=24 mcs_max=24 r0=19 r1=1 r2=0 r3=0  f0=1 f1=0 f2=0 f3=0 tot_tbs=8660 tot_fail=732 tot_bler=0.08453 tot_init=7947 tot_retx=713
slot 15 index 0 rnti 5505 mcs 24
slot 16 index 0 rnti 5505 mcs 24
slot 4 index 0 rnti 5505 mcs 24
slot 5 index 0 rnti 5505 mcs 24
slot 6 index 0 rnti 5505 mcs 24
slot 14 index 0 rnti 5505 mcs 24
slot 15 index 0 rnti 5505 mcs 24
slot 16 index 0 rnti 5505 mcs 24
slot 4 index 0 rnti 5505 mcs 24
slot 5 index 0 rnti 5505 mcs 24
slot 6 index 0 rnti 5505 mcs 24
slot 14 index 0 rnti 5505 mcs 24
slot 15 index 0 rnti 5505 mcs 24
slot 16 index 0 rnti 5505 mcs 24
slot 4 index 0 rnti 5505 mcs 24
slot 5 index 0 rnti 5505 mcs 24
slot 6 index 0 rnti 5505 mcs 24
slot 14 index 0 rnti 5505 mcs 24
slot 15 index 0 rnti 5505 mcs 24
slot 16 index 0 rnti 5505 mcs 24
[EMURAN-DL-CSV] t=33.457 win_tbs=20 win_fail=1 win_bler=0.05000 mcs_last=24 mcs_min=24 mcs_max=24 r0=19 r1=1 r2=0 r3=0  f0=1 f1=0 f2=0 f3=0 tot_tbs=8680 tot_fail=733 tot_bler=0.08445 tot_init=7966 tot_retx=714
slot 4 index 0 rnti 5505 mcs 24
slot 5 index 0 rnti 5505 mcs 24
slot 6 index 0 rnti 5505 mcs 24
slot 14 index 0 rnti 5505 mcs 24
slot 15 index 0 rnti 5505 mcs 24
slot 16 index 0 rnti 5505 mcs 24
slot 4 index 0 rnti 5505 mcs 24
slot 5 index 0 rnti 5505 mcs 24
slot 6 index 0 rnti 5505 mcs 24
slot 14 index 0 rnti 5505 mcs 24
slot 15 index 0 rnti 5505 mcs 24
slot 16 index 0 rnti 5505 mcs 24
slot 4 index 0 rnti 5505 mcs 24
slot 5 index 0 rnti 5505 mcs 24
slot 6 index 0 rnti 5505 mcs 24
slot 14 index 0 rnti 5505 mcs 24
slot 15 index 0 rnti 5505 mcs 24
slot 16 index 0 rnti 5505 mcs 24
slot 4 index 0 rnti 5505 mcs 24
slot 5 index 0 rnti 5505 mcs 24
[EMURAN-DL-CSV] t=33.529 win_tbs=20 win_fail=0 win_bler=0.00000 mcs_last=24 mcs_min=24 mcs_max=24 r0=20 r1=0 r2=0 r3=0  f0=0 f1=0 f2=0 f3=0 tot_tbs=8700 tot_fail=733 tot_bler=0.08425 tot_init=7986 tot_retx=714
slot 6 index 0 rnti 5505 mcs 24
slot 14 index 0 rnti 5505 mcs 24
slot 15 index 0 rnti 5505 mcs 24
slot 16 index 0 rnti 5505 mcs 24
slot 4 index 0 rnti 5505 mcs 24
slot 5 index 0 rnti 5505 mcs 24
slot 6 index 0 rnti 5505 mcs 24
slot 14 index 0 rnti 5505 mcs 24
slot 15 index 0 rnti 5505 mcs 24
slot 16 index 0 rnti 5505 mcs 24
slot 4 index 0 rnti 5505 mcs 24
slot 5 index 0 rnti 5505 mcs 24
slot 6 index 0 rnti 5505 mcs 24
slot 14 index 0 rnti 5505 mcs 24
slot 15 index 0 rnti 5505 mcs 24
slot 16 index 0 rnti 5505 mcs 24
slot 4 index 0 rnti 5505 mcs 24
slot 5 index 0 rnti 5505 mcs 24
slot 6 index 0 rnti 5505 mcs 24
slot 14 index 0 rnti 5505 mcs 24
[EMURAN-DL-CSV] t=33.602 win_tbs=20 win_fail=0 win_bler=0.00000 mcs_last=24 mcs_min=24 mcs_max=24 r0=20 r1=0 r2=0 r3=0  f0=0 f1=0 f2=0 f3=0 tot_tbs=8720 tot_fail=733 tot_bler=0.08406 tot_init=8006 tot_retx=714
slot 15 index 0 rnti 5505 mcs 24
slot 16 index 0 rnti 5505 mcs 24
slot 4 index 0 rnti 5505 mcs 24
slot 5 index 0 rnti 5505 mcs 24
slot 6 index 0 rnti 5505 mcs 24
slot 14 index 0 rnti 5505 mcs 24
slot 15 index 0 rnti 5505 mcs 24
slot 16 index 0 rnti 5505 mcs 24
slot 4 index 0 rnti 5505 mcs 24
slot 5 index 0 rnti 5505 mcs 24
slot 6 index 0 rnti 5505 mcs 24
slot 14 index 0 rnti 5505 mcs 24
slot 15 index 0 rnti 5505 mcs 24
slot 16 index 0 rnti 5505 mcs 24
slot 4 index 0 rnti 5505 mcs 24
slot 5 index 0 rnti 5505 mcs 24
slot 6 index 0 rnti 5505 mcs 24
slot 14 index 0 rnti 5505 mcs 24
slot 15 index 0 rnti 5505 mcs 24
slot 16 index 0 rnti 5505 mcs 24
[EMURAN-DL-CSV] t=33.667 win_tbs=20 win_fail=2 win_bler=0.10000 mcs_last=24 mcs_min=24 mcs_max=24 r0=18 r1=2 r2=0 r3=0  f0=2 f1=0 f2=0 f3=0 tot_tbs=8740 tot_fail=735 tot_bler=0.08410 tot_init=8024 tot_retx=716
slot 4 index 0 rnti 5505 mcs 24
slot 5 index 0 rnti 5505 mcs 24
slot 6 index 0 rnti 5505 mcs 24
slot 14 index 0 rnti 5505 mcs 24
slot 15 index 0 rnti 5505 mcs 24
slot 16 index 0 rnti 5505 mcs 24
slot 4 index 0 rnti 5505 mcs 24
slot 5 index 0 rnti 5505 mcs 24
slot 6 index 0 rnti 5505 mcs 24
slot 14 index 0 rnti 5505 mcs 24
slot 15 index 0 rnti 5505 mcs 24
slot 16 index 0 rnti 5505 mcs 24
slot 4 index 0 rnti 5505 mcs 24
slot 5 index 0 rnti 5505 mcs 24
slot 6 index 0 rnti 5505 mcs 24
slot 14 index 0 rnti 5505 mcs 24
slot 15 index 0 rnti 5505 mcs 24
slot 16 index 0 rnti 5505 mcs 24
slot 4 index 0 rnti 5505 mcs 24
slot 5 index 0 rnti 5505 mcs 24
[EMURAN-DL-CSV] t=33.740 win_tbs=20 win_fail=0 win_bler=0.00000 mcs_last=24 mcs_min=24 mcs_max=24 r0=20 r1=0 r2=0 r3=0  f0=0 f1=0 f2=0 f3=0 tot_tbs=8760 tot_fail=735 tot_bler=0.08390 tot_init=8044 tot_retx=716
slot 6 index 0 rnti 5505 mcs 24
slot 14 index 0 rnti 5505 mcs 24
slot 15 index 0 rnti 5505 mcs 24
slot 16 index 0 rnti 5505 mcs 24
slot 4 index 0 rnti 5505 mcs 24
slot 5 index 0 rnti 5505 mcs 24
slot 6 index 0 rnti 5505 mcs 24
slot 14 index 0 rnti 5505 mcs 24
slot 15 index 0 rnti 5505 mcs 24
slot 16 index 0 rnti 5505 mcs 24
slot 4 index 0 rnti 5505 mcs 24
slot 5 index 0 rnti 5505 mcs 24
slot 6 index 0 rnti 5505 mcs 24
slot 14 index 0 rnti 5505 mcs 24
slot 15 index 0 rnti 5505 mcs 24
slot 16 index 0 rnti 5505 mcs 24
slot 4 index 0 rnti 5505 mcs 24
slot 5 index 0 rnti 5505 mcs 24
slot 6 index 0 rnti 5505 mcs 24
slot 14 index 0 rnti 5505 mcs 24
[EMURAN-DL-CSV] t=33.812 win_tbs=20 win_fail=2 win_bler=0.10000 mcs_last=24 mcs_min=24 mcs_max=24 r0=19 r1=1 r2=0 r3=0  f0=2 f1=0 f2=0 f3=0 tot_tbs=8780 tot_fail=737 tot_bler=0.08394 tot_init=8063 tot_retx=717
slot 15 index 0 rnti 5505 mcs 24
slot 16 index 0 rnti 5505 mcs 24
slot 4 index 0 rnti 5505 mcs 24
slot 5 index 0 rnti 5505 mcs 24
slot 6 index 0 rnti 5505 mcs 24
slot 14 index 0 rnti 5505 mcs 24
slot 15 index 0 rnti 5505 mcs 24
slot 16 index 0 rnti 5505 mcs 24
slot 4 index 0 rnti 5505 mcs 24
slot 5 index 0 rnti 5505 mcs 24
slot 6 index 0 rnti 5505 mcs 24
slot 14 index 0 rnti 5505 mcs 24
slot 15 index 0 rnti 5505 mcs 24
slot 16 index 0 rnti 5505 mcs 24
slot 4 index 0 rnti 5505 mcs 24
slot 5 index 0 rnti 5505 mcs 24
slot 6 index 0 rnti 5505 mcs 24
slot 14 index 0 rnti 5505 mcs 24
slot 15 index 0 rnti 5505 mcs 24
slot 16 index 0 rnti 5505 mcs 24
[EMURAN-DL-CSV] t=33.877 win_tbs=20 win_fail=1 win_bler=0.05000 mcs_last=24 mcs_min=24 mcs_max=24 r0=19 r1=1 r2=0 r3=0  f0=1 f1=0 f2=0 f3=0 tot_tbs=8800 tot_fail=738 tot_bler=0.08386 tot_init=8082 tot_retx=718
slot 4 index 0 rnti 5505 mcs 24
slot 5 index 0 rnti 5505 mcs 24
slot 6 index 0 rnti 5505 mcs 24
slot 14 index 0 rnti 5505 mcs 24
slot 15 index 0 rnti 5505 mcs 24
slot 16 index 0 rnti 5505 mcs 24
slot 4 index 0 rnti 5505 mcs 24
slot 5 index 0 rnti 5505 mcs 24
slot 6 index 0 rnti 5505 mcs 24
slot 14 index 0 rnti 5505 mcs 24
slot 15 index 0 rnti 5505 mcs 24
slot 16 index 0 rnti 5505 mcs 24
slot 4 index 0 rnti 5505 mcs 24
slot 5 index 0 rnti 5505 mcs 24
slot 6 index 0 rnti 5505 mcs 24
slot 14 index 0 rnti 5505 mcs 24
slot 15 index 0 rnti 5505 mcs 24
slot 16 index 0 rnti 5505 mcs 24
slot 4 index 0 rnti 5505 mcs 24
slot 5 index 0 rnti 5505 mcs 24
[EMURAN-DL-CSV] t=33.950 win_tbs=20 win_fail=1 win_bler=0.05000 mcs_last=24 mcs_min=24 mcs_max=24 r0=20 r1=0 r2=0 r3=0  f0=1 f1=0 f2=0 f3=0 tot_tbs=8820 tot_fail=739 tot_bler=0.08379 tot_init=8102 tot_retx=718
slot 6 index 0 rnti 5505 mcs 24
slot 14 index 0 rnti 5505 mcs 24
slot 15 index 0 rnti 5505 mcs 24
slot 16 index 0 rnti 5505 mcs 24
slot 4 index 0 rnti 5505 mcs 24
slot 5 index 0 rnti 5505 mcs 24
slot 6 index 0 rnti 5505 mcs 24
slot 14 index 0 rnti 5505 mcs 24
slot 15 index 0 rnti 5505 mcs 24
slot 16 index 0 rnti 5505 mcs 24
slot 4 index 0 rnti 5505 mcs 24
slot 5 index 0 rnti 5505 mcs 24
slot 6 index 0 rnti 5505 mcs 24
slot 14 index 0 rnti 5505 mcs 24
slot 15 index 0 rnti 5505 mcs 24
slot 16 index 0 rnti 5505 mcs 24
slot 4 index 0 rnti 5505 mcs 24
slot 5 index 0 rnti 5505 mcs 24
slot 6 index 0 rnti 5505 mcs 24
slot 14 index 0 rnti 5505 mcs 24
[EMURAN-DL-CSV] t=34.022 win_tbs=20 win_fail=0 win_bler=0.00000 mcs_last=24 mcs_min=24 mcs_max=24 r0=19 r1=1 r2=0 r3=0  f0=0 f1=0 f2=0 f3=0 tot_tbs=8840 tot_fail=739 tot_bler=0.08360 tot_init=8121 tot_retx=719
slot 15 index 0 rnti 5505 mcs 24
slot 16 index 0 rnti 5505 mcs 24
[UE-STAT] frame=100 dci_cnt=600 total_tbs=41803200 ack_real=501 nack_real=22 fb_missing=77 decode_cnt=600
slot 4 index 0 rnti 5505 mcs 24
slot 5 index 0 rnti 5505 mcs 24
slot 6 index 0 rnti 5505 mcs 24
slot 14 index 0 rnti 5505 mcs 24
slot 15 index 0 rnti 5505 mcs 24
slot 16 index 0 rnti 5505 mcs 24
slot 4 index 0 rnti 5505 mcs 24
slot 5 index 0 rnti 5505 mcs 24
slot 6 index 0 rnti 5505 mcs 24
slot 14 index 0 rnti 5505 mcs 24
slot 15 index 0 rnti 5505 mcs 24
slot 16 index 0 rnti 5505 mcs 24
slot 4 index 0 rnti 5505 mcs 24
slot 5 index 0 rnti 5505 mcs 24
slot 6 index 0 rnti 5505 mcs 24
slot 14 index 0 rnti 5505 mcs 24
slot 15 index 0 rnti 5505 mcs 24
slot 16 index 0 rnti 5505 mcs 24
[EMURAN-DL-CSV] t=34.087 win_tbs=20 win_fail=1 win_bler=0.05000 mcs_last=24 mcs_min=24 mcs_max=24 r0=19 r1=1 r2=0 r3=0  f0=1 f1=0 f2=0 f3=0 tot_tbs=8860 tot_fail=740 tot_bler=0.08352 tot_init=8140 tot_retx=720
slot 4 index 0 rnti 5505 mcs 24
slot 5 index 0 rnti 5505 mcs 24
slot 6 index 0 rnti 5505 mcs 24
slot 14 index 0 rnti 5505 mcs 24
slot 15 index 0 rnti 5505 mcs 24
slot 16 index 0 rnti 5505 mcs 24
slot 4 index 0 rnti 5505 mcs 24
slot 5 index 0 rnti 5505 mcs 24
slot 6 index 0 rnti 5505 mcs 24
slot 14 index 0 rnti 5505 mcs 24
slot 15 index 0 rnti 5505 mcs 24
slot 16 index 0 rnti 5505 mcs 24
slot 4 index 0 rnti 5505 mcs 24
slot 5 index 0 rnti 5505 mcs 24
slot 6 index 0 rnti 5505 mcs 24
slot 14 index 0 rnti 5505 mcs 24
slot 15 index 0 rnti 5505 mcs 24
slot 16 index 0 rnti 5505 mcs 24
slot 4 index 0 rnti 5505 mcs 24
slot 5 index 0 rnti 5505 mcs 24
[EMURAN-DL-CSV] t=34.160 win_tbs=20 win_fail=2 win_bler=0.10000 mcs_last=24 mcs_min=24 mcs_max=24 r0=18 r1=2 r2=0 r3=0  f0=2 f1=0 f2=0 f3=0 tot_tbs=8880 tot_fail=742 tot_bler=0.08356 tot_init=8158 tot_retx=722
slot 6 index 0 rnti 5505 mcs 24
slot 14 index 0 rnti 5505 mcs 24
slot 15 index 0 rnti 5505 mcs 24
slot 16 index 0 rnti 5505 mcs 24
slot 4 index 0 rnti 5505 mcs 24
slot 5 index 0 rnti 5505 mcs 24
slot 6 index 0 rnti 5505 mcs 24
slot 14 index 0 rnti 5505 mcs 24
slot 15 index 0 rnti 5505 mcs 24
slot 16 index 0 rnti 5505 mcs 24
slot 4 index 0 rnti 5505 mcs 24
slot 5 index 0 rnti 5505 mcs 24
slot 6 index 0 rnti 5505 mcs 24
slot 14 index 0 rnti 5505 mcs 24
slot 15 index 0 rnti 5505 mcs 24
slot 16 index 0 rnti 5505 mcs 24
slot 4 index 0 rnti 5505 mcs 24
slot 5 index 0 rnti 5505 mcs 24
slot 6 index 0 rnti 5505 mcs 24
slot 14 index 0 rnti 5505 mcs 24
[EMURAN-DL-CSV] t=34.232 win_tbs=20 win_fail=1 win_bler=0.05000 mcs_last=24 mcs_min=24 mcs_max=24 r0=19 r1=1 r2=0 r3=0  f0=1 f1=0 f2=0 f3=0 tot_tbs=8900 tot_fail=743 tot_bler=0.08348 tot_init=8177 tot_retx=723
slot 15 index 0 rnti 5505 mcs 24
slot 16 index 0 rnti 5505 mcs 24
slot 4 index 0 rnti 5505 mcs 24
slot 5 index 0 rnti 5505 mcs 24
slot 6 index 0 rnti 5505 mcs 24
slot 14 index 0 rnti 5505 mcs 24
slot 15 index 0 rnti 5505 mcs 24
slot 16 index 0 rnti 5505 mcs 24
slot 4 index 0 rnti 5505 mcs 24
slot 5 index 0 rnti 5505 mcs 24
slot 6 index 0 rnti 5505 mcs 24
slot 14 index 0 rnti 5505 mcs 24
slot 15 index 0 rnti 5505 mcs 24
slot 16 index 0 rnti 5505 mcs 24
slot 4 index 0 rnti 5505 mcs 24
slot 5 index 0 rnti 5505 mcs 24
slot 6 index 0 rnti 5505 mcs 24
slot 14 index 0 rnti 5505 mcs 24
slot 15 index 0 rnti 5505 mcs 24
slot 16 index 0 rnti 5505 mcs 24
[EMURAN-DL-CSV] t=34.297 win_tbs=20 win_fail=0 win_bler=0.00000 mcs_last=24 mcs_min=24 mcs_max=24 r0=19 r1=1 r2=0 r3=0  f0=0 f1=0 f2=0 f3=0 tot_tbs=8920 tot_fail=743 tot_bler=0.08330 tot_init=8196 tot_retx=724
slot 4 index 0 rnti 5505 mcs 24
slot 5 index 0 rnti 5505 mcs 24
slot 6 index 0 rnti 5505 mcs 24
slot 14 index 0 rnti 5505 mcs 24
slot 15 index 0 rnti 5505 mcs 24
slot 16 index 0 rnti 5505 mcs 24
slot 4 index 0 rnti 5505 mcs 24
slot 5 index 0 rnti 5505 mcs 24
slot 6 index 0 rnti 5505 mcs 24
slot 14 index 0 rnti 5505 mcs 24
slot 15 index 0 rnti 5505 mcs 24
slot 16 index 0 rnti 5505 mcs 24
slot 4 index 0 rnti 5505 mcs 24
slot 5 index 0 rnti 5505 mcs 24
slot 6 index 0 rnti 5505 mcs 24
slot 14 index 0 rnti 5505 mcs 24
slot 15 index 0 rnti 5505 mcs 24
slot 16 index 0 rnti 5505 mcs 24
slot 4 index 0 rnti 5505 mcs 24
slot 5 index 0 rnti 5505 mcs 24
[EMURAN-DL-CSV] t=34.370 win_tbs=20 win_fail=3 win_bler=0.15000 mcs_last=24 mcs_min=24 mcs_max=24 r0=17 r1=2 r2=1 r3=0  f0=3 f1=0 f2=0 f3=0 tot_tbs=8940 tot_fail=746 tot_bler=0.08345 tot_init=8213 tot_retx=727
slot 6 index 0 rnti 5505 mcs 24
slot 14 index 0 rnti 5505 mcs 24
slot 15 index 0 rnti 5505 mcs 24
slot 16 index 0 rnti 5505 mcs 24
slot 4 index 0 rnti 5505 mcs 24
slot 5 index 0 rnti 5505 mcs 24
slot 6 index 0 rnti 5505 mcs 24
slot 14 index 0 rnti 5505 mcs 24
slot 15 index 0 rnti 5505 mcs 24
slot 16 index 0 rnti 5505 mcs 24
slot 4 index 0 rnti 5505 mcs 24
slot 5 index 0 rnti 5505 mcs 24
slot 6 index 0 rnti 5505 mcs 24
slot 14 index 0 rnti 5505 mcs 24
slot 15 index 0 rnti 5505 mcs 24
slot 16 index 0 rnti 5505 mcs 24
slot 4 index 0 rnti 5505 mcs 24
slot 5 index 0 rnti 5505 mcs 24
slot 6 index 0 rnti 5505 mcs 24
slot 14 index 0 rnti 5505 mcs 24
[EMURAN-DL-CSV] t=34.442 win_tbs=20 win_fail=2 win_bler=0.10000 mcs_last=24 mcs_min=24 mcs_max=24 r0=19 r1=1 r2=0 r3=0  f0=2 f1=0 f2=0 f3=0 tot_tbs=8960 tot_fail=748 tot_bler=0.08348 tot_init=8232 tot_retx=728
slot 15 index 0 rnti 5505 mcs 24
slot 16 index 0 rnti 5505 mcs 24
slot 4 index 0 rnti 5505 mcs 24
slot 5 index 0 rnti 5505 mcs 24
slot 6 index 0 rnti 5505 mcs 24
slot 14 index 0 rnti 5505 mcs 24
slot 15 index 0 rnti 5505 mcs 24
slot 16 index 0 rnti 5505 mcs 24
slot 4 index 0 rnti 5505 mcs 24
slot 5 index 0 rnti 5505 mcs 24
slot 6 index 0 rnti 5505 mcs 24
slot 14 index 0 rnti 5505 mcs 24
slot 15 index 0 rnti 5505 mcs 24
slot 16 index 0 rnti 5505 mcs 24
slot 4 index 0 rnti 5505 mcs 24
slot 5 index 0 rnti 5505 mcs 24
slot 6 index 0 rnti 5505 mcs 24
slot 14 index 0 rnti 5505 mcs 24
slot 15 index 0 rnti 5505 mcs 24
slot 16 index 0 rnti 5505 mcs 24
[EMURAN-DL-CSV] t=34.507 win_tbs=20 win_fail=1 win_bler=0.05000 mcs_last=24 mcs_min=24 mcs_max=24 r0=18 r1=2 r2=0 r3=0  f0=1 f1=0 f2=0 f3=0 tot_tbs=8980 tot_fail=749 tot_bler=0.08341 tot_init=8250 tot_retx=730
slot 4 index 0 rnti 5505 mcs 24
slot 5 index 0 rnti 5505 mcs 24
slot 6 index 0 rnti 5505 mcs 24
slot 14 index 0 rnti 5505 mcs 24
slot 15 index 0 rnti 5505 mcs 24
slot 16 index 0 rnti 5505 mcs 24
slot 4 index 0 rnti 5505 mcs 24
slot 5 index 0 rnti 5505 mcs 24
slot 6 index 0 rnti 5505 mcs 24
slot 14 index 0 rnti 5505 mcs 24
slot 15 index 0 rnti 5505 mcs 24
slot 16 index 0 rnti 5505 mcs 24
slot 4 index 0 rnti 5505 mcs 24
slot 5 index 0 rnti 5505 mcs 24
slot 6 index 0 rnti 5505 mcs 24
slot 14 index 0 rnti 5505 mcs 24
slot 15 index 0 rnti 5505 mcs 24
slot 16 index 0 rnti 5505 mcs 24
slot 4 index 0 rnti 5505 mcs 24
slot 5 index 0 rnti 5505 mcs 24
[EMURAN-DL-CSV] t=34.580 win_tbs=20 win_fail=2 win_bler=0.10000 mcs_last=24 mcs_min=24 mcs_max=24 r0=18 r1=2 r2=0 r3=0  f0=2 f1=0 f2=0 f3=0 tot_tbs=9000 tot_fail=751 tot_bler=0.08344 tot_init=8268 tot_retx=732
slot 6 index 0 rnti 5505 mcs 24
slot 14 index 0 rnti 5505 mcs 24
slot 15 index 0 rnti 5505 mcs 24
slot 16 index 0 rnti 5505 mcs 24
slot 4 index 0 rnti 5505 mcs 24
slot 5 index 0 rnti 5505 mcs 24
slot 6 index 0 rnti 5505 mcs 24
slot 14 index 0 rnti 5505 mcs 24
slot 15 index 0 rnti 5505 mcs 24
slot 16 index 0 rnti 5505 mcs 24
slot 4 index 0 rnti 5505 mcs 24
slot 5 index 0 rnti 5505 mcs 24
slot 6 index 0 rnti 5505 mcs 24
slot 14 index 0 rnti 5505 mcs 24
slot 15 index 0 rnti 5505 mcs 24
slot 16 index 0 rnti 5505 mcs 24
slot 4 index 0 rnti 5505 mcs 24
slot 5 index 0 rnti 5505 mcs 24
slot 6 index 0 rnti 5505 mcs 24
slot 14 index 0 rnti 5505 mcs 24
[EMURAN-DL-CSV] t=34.652 win_tbs=20 win_fail=1 win_bler=0.05000 mcs_last=24 mcs_min=24 mcs_max=24 r0=18 r1=1 r2=1 r3=0  f0=1 f1=0 f2=0 f3=0 tot_tbs=9020 tot_fail=752 tot_bler=0.08337 tot_init=8286 tot_retx=734
slot 15 index 0 rnti 5505 mcs 24
slot 16 index 0 rnti 5505 mcs 24
slot 4 index 0 rnti 5505 mcs 24
slot 5 index 0 rnti 5505 mcs 24
slot 6 index 0 rnti 5505 mcs 24
slot 14 index 0 rnti 5505 mcs 24
slot 15 index 0 rnti 5505 mcs 24
slot 16 index 0 rnti 5505 mcs 24
slot 4 index 0 rnti 5505 mcs 24
slot 5 index 0 rnti 5505 mcs 24
slot 6 index 0 rnti 5505 mcs 24
slot 14 index 0 rnti 5505 mcs 24
slot 15 index 0 rnti 5505 mcs 24
slot 16 index 0 rnti 5505 mcs 24
slot 4 index 0 rnti 5505 mcs 24
slot 5 index 0 rnti 5505 mcs 24
slot 6 index 0 rnti 5505 mcs 24
slot 14 index 0 rnti 5505 mcs 24
slot 15 index 0 rnti 5505 mcs 24
slot 16 index 0 rnti 5505 mcs 24
[EMURAN-DL-CSV] t=34.717 win_tbs=20 win_fail=2 win_bler=0.10000 mcs_last=24 mcs_min=24 mcs_max=24 r0=18 r1=2 r2=0 r3=0  f0=2 f1=0 f2=0 f3=0 tot_tbs=9040 tot_fail=754 tot_bler=0.08341 tot_init=8304 tot_retx=736
slot 4 index 0 rnti 5505 mcs 24
slot 5 index 0 rnti 5505 mcs 24
slot 6 index 0 rnti 5505 mcs 24
slot 14 index 0 rnti 5505 mcs 24
slot 15 index 0 rnti 5505 mcs 24
slot 16 index 0 rnti 5505 mcs 24
slot 4 index 0 rnti 5505 mcs 24
slot 5 index 0 rnti 5505 mcs 24
slot 6 index 0 rnti 5505 mcs 24
slot 14 index 0 rnti 5505 mcs 24
slot 15 index 0 rnti 5505 mcs 24
slot 16 index 0 rnti 5505 mcs 24
slot 4 index 0 rnti 5505 mcs 24
slot 5 index 0 rnti 5505 mcs 24
slot 6 index 0 rnti 5505 mcs 24
slot 14 index 0 rnti 5505 mcs 24
slot 15 index 0 rnti 5505 mcs 24
slot 16 index 0 rnti 5505 mcs 24
slot 4 index 0 rnti 5505 mcs 24
slot 5 index 0 rnti 5505 mcs 24
[EMURAN-DL-CSV] t=34.790 win_tbs=20 win_fail=1 win_bler=0.05000 mcs_last=24 mcs_min=24 mcs_max=24 r0=19 r1=1 r2=0 r3=0  f0=1 f1=0 f2=0 f3=0 tot_tbs=9060 tot_fail=755 tot_bler=0.08333 tot_init=8323 tot_retx=737
slot 6 index 0 rnti 5505 mcs 24
slot 14 index 0 rnti 5505 mcs 24
slot 15 index 0 rnti 5505 mcs 24
slot 16 index 0 rnti 5505 mcs 24
slot 4 index 0 rnti 5505 mcs 24
slot 5 index 0 rnti 5505 mcs 24
slot 6 index 0 rnti 5505 mcs 24
slot 14 index 0 rnti 5505 mcs 24
slot 15 index 0 rnti 5505 mcs 24
slot 16 index 0 rnti 5505 mcs 24
slot 4 index 0 rnti 5505 mcs 24
slot 5 index 0 rnti 5505 mcs 24
slot 6 index 0 rnti 5505 mcs 24
slot 14 index 0 rnti 5505 mcs 24
slot 15 index 0 rnti 5505 mcs 24
slot 16 index 0 rnti 5505 mcs 24
slot 4 index 0 rnti 5505 mcs 24
slot 5 index 0 rnti 5505 mcs 24
slot 6 index 0 rnti 5505 mcs 24
slot 14 index 0 rnti 5505 mcs 24
[EMURAN-DL-CSV] t=34.862 win_tbs=20 win_fail=3 win_bler=0.15000 mcs_last=24 mcs_min=24 mcs_max=24 r0=18 r1=2 r2=0 r3=0  f0=3 f1=0 f2=0 f3=0 tot_tbs=9080 tot_fail=758 tot_bler=0.08348 tot_init=8341 tot_retx=739
slot 15 index 0 rnti 5505 mcs 24
slot 16 index 0 rnti 5505 mcs 24
slot 4 index 0 rnti 5505 mcs 24
slot 5 index 0 rnti 5505 mcs 24
slot 6 index 0 rnti 5505 mcs 24
slot 14 index 0 rnti 5505 mcs 24
slot 15 index 0 rnti 5505 mcs 24
slot 16 index 0 rnti 5505 mcs 24
slot 4 index 0 rnti 5505 mcs 24
slot 5 index 0 rnti 5505 mcs 24
slot 6 index 0 rnti 5505 mcs 24
slot 14 index 0 rnti 5505 mcs 24
slot 15 index 0 rnti 5505 mcs 24
slot 16 index 0 rnti 5505 mcs 24
slot 4 index 0 rnti 5505 mcs 24
slot 5 index 0 rnti 5505 mcs 24
slot 6 index 0 rnti 5505 mcs 24
slot 14 index 0 rnti 5505 mcs 24
slot 15 index 0 rnti 5505 mcs 24
slot 16 index 0 rnti 5505 mcs 24
[EMURAN-DL-CSV] t=34.928 win_tbs=20 win_fail=0 win_bler=0.00000 mcs_last=24 mcs_min=24 mcs_max=24 r0=20 r1=0 r2=0 r3=0  f0=0 f1=0 f2=0 f3=0 tot_tbs=9100 tot_fail=758 tot_bler=0.08330 tot_init=8361 tot_retx=739
slot 4 index 0 rnti 5505 mcs 24
slot 5 index 0 rnti 5505 mcs 24
slot 6 index 0 rnti 5505 mcs 24
slot 14 index 0 rnti 5505 mcs 24
slot 15 index 0 rnti 5505 mcs 24
slot 16 index 0 rnti 5505 mcs 24
slot 4 index 0 rnti 5505 mcs 24
slot 5 index 0 rnti 5505 mcs 24
slot 6 index 0 rnti 5505 mcs 24
slot 14 index 0 rnti 5505 mcs 24
slot 15 index 0 rnti 5505 mcs 24
slot 16 index 0 rnti 5505 mcs 24
slot 4 index 0 rnti 5505 mcs 24
slot 5 index 0 rnti 5505 mcs 24
slot 6 index 0 rnti 5505 mcs 24
slot 14 index 0 rnti 5505 mcs 24
slot 15 index 0 rnti 5505 mcs 24
slot 16 index 0 rnti 5505 mcs 24
slot 4 index 0 rnti 5505 mcs 24
slot 5 index 0 rnti 5505 mcs 24
[EMURAN-DL-CSV] t=35.000 win_tbs=20 win_fail=3 win_bler=0.15000 mcs_last=24 mcs_min=24 mcs_max=24 r0=17 r1=3 r2=0 r3=0  f0=2 f1=1 f2=0 f3=0 tot_tbs=9120 tot_fail=761 tot_bler=0.08344 tot_init=8378 tot_retx=742
slot 6 index 0 rnti 5505 mcs 24
slot 14 index 0 rnti 5505 mcs 24
slot 15 index 0 rnti 5505 mcs 24
slot 16 index 0 rnti 5505 mcs 24
slot 4 index 0 rnti 5505 mcs 24
slot 5 index 0 rnti 5505 mcs 24
slot 6 index 0 rnti 5505 mcs 24
slot 14 index 0 rnti 5505 mcs 24
slot 15 index 0 rnti 5505 mcs 24
slot 16 index 0 rnti 5505 mcs 24
slot 4 index 0 rnti 5505 mcs 24
slot 5 index 0 rnti 5505 mcs 24
slot 6 index 0 rnti 5505 mcs 24
slot 14 index 0 rnti 5505 mcs 24
slot 15 index 0 rnti 5505 mcs 24
slot 16 index 0 rnti 5505 mcs 24
slot 4 index 0 rnti 5505 mcs 24
slot 5 index 0 rnti 5505 mcs 24
slot 6 index 0 rnti 5505 mcs 24
slot 14 index 0 rnti 5505 mcs 24
[EMURAN-DL-CSV] t=35.073 win_tbs=20 win_fail=0 win_bler=0.00000 mcs_last=24 mcs_min=24 mcs_max=24 r0=19 r1=1 r2=0 r3=0  f0=0 f1=0 f2=0 f3=0 tot_tbs=9140 tot_fail=761 tot_bler=0.08326 tot_init=8397 tot_retx=743
slot 15 index 0 rnti 5505 mcs 24
slot 16 index 0 rnti 5505 mcs 24
slot 4 index 0 rnti 5505 mcs 24
slot 5 index 0 rnti 5505 mcs 24
slot 6 index 0 rnti 5505 mcs 24
slot 14 index 0 rnti 5505 mcs 24
slot 15 index 0 rnti 5505 mcs 24
slot 16 index 0 rnti 5505 mcs 24
slot 4 index 0 rnti 5505 mcs 24
slot 5 index 0 rnti 5505 mcs 24
slot 6 index 0 rnti 5505 mcs 24
slot 14 index 0 rnti 5505 mcs 24
slot 15 index 0 rnti 5505 mcs 24
slot 16 index 0 rnti 5505 mcs 24
slot 4 index 0 rnti 5505 mcs 24
slot 5 index 0 rnti 5505 mcs 24
slot 6 index 0 rnti 5505 mcs 24
slot 14 index 0 rnti 5505 mcs 24
slot 15 index 0 rnti 5505 mcs 24
slot 16 index 0 rnti 5505 mcs 24
[EMURAN-DL-CSV] t=35.138 win_tbs=20 win_fail=1 win_bler=0.05000 mcs_last=24 mcs_min=24 mcs_max=24 r0=20 r1=0 r2=0 r3=0  f0=1 f1=0 f2=0 f3=0 tot_tbs=9160 tot_fail=762 tot_bler=0.08319 tot_init=8417 tot_retx=743
slot 4 index 0 rnti 5505 mcs 24
slot 5 index 0 rnti 5505 mcs 24
slot 6 index 0 rnti 5505 mcs 24
slot 14 index 0 rnti 5505 mcs 24
slot 15 index 0 rnti 5505 mcs 24
slot 16 index 0 rnti 5505 mcs 24
slot 4 index 0 rnti 5505 mcs 24
slot 5 index 0 rnti 5505 mcs 24
slot 6 index 0 rnti 5505 mcs 24
slot 14 index 0 rnti 5505 mcs 24
slot 15 index 0 rnti 5505 mcs 24
slot 16 index 0 rnti 5505 mcs 24
slot 4 index 0 rnti 5505 mcs 24
slot 5 index 0 rnti 5505 mcs 24
slot 6 index 0 rnti 5505 mcs 24
slot 14 index 0 rnti 5505 mcs 24
slot 15 index 0 rnti 5505 mcs 24
slot 16 index 0 rnti 5505 mcs 24
slot 4 index 0 rnti 5505 mcs 24
slot 5 index 0 rnti 5505 mcs 24
[EMURAN-DL-CSV] t=35.210 win_tbs=20 win_fail=1 win_bler=0.05000 mcs_last=24 mcs_min=24 mcs_max=24 r0=19 r1=1 r2=0 r3=0  f0=1 f1=0 f2=0 f3=0 tot_tbs=9180 tot_fail=763 tot_bler=0.08312 tot_init=8436 tot_retx=744
slot 6 index 0 rnti 5505 mcs 24
slot 14 index 0 rnti 5505 mcs 24
slot 15 index 0 rnti 5505 mcs 24
slot 16 index 0 rnti 5505 mcs 24
slot 4 index 0 rnti 5505 mcs 24
slot 5 index 0 rnti 5505 mcs 24
slot 6 index 0 rnti 5505 mcs 24
slot 14 index 0 rnti 5505 mcs 24
slot 15 index 0 rnti 5505 mcs 24
slot 16 index 0 rnti 5505 mcs 24
slot 4 index 0 rnti 5505 mcs 24
slot 5 index 0 rnti 5505 mcs 24
slot 6 index 0 rnti 5505 mcs 24
slot 14 index 0 rnti 5505 mcs 24
slot 15 index 0 rnti 5505 mcs 24
slot 16 index 0 rnti 5505 mcs 24
slot 4 index 0 rnti 5505 mcs 24
slot 5 index 0 rnti 5505 mcs 24
slot 6 index 0 rnti 5505 mcs 24
slot 14 index 0 rnti 5505 mcs 24
[EMURAN-DL-CSV] t=35.283 win_tbs=20 win_fail=1 win_bler=0.05000 mcs_last=24 mcs_min=24 mcs_max=24 r0=19 r1=1 r2=0 r3=0  f0=1 f1=0 f2=0 f3=0 tot_tbs=9200 tot_fail=764 tot_bler=0.08304 tot_init=8455 tot_retx=745
slot 15 index 0 rnti 5505 mcs 24
slot 16 index 0 rnti 5505 mcs 24
slot 4 index 0 rnti 5505 mcs 24
slot 5 index 0 rnti 5505 mcs 24
slot 6 index 0 rnti 5505 mcs 24
slot 14 index 0 rnti 5505 mcs 24
slot 15 index 0 rnti 5505 mcs 24
slot 16 index 0 rnti 5505 mcs 24
slot 4 index 0 rnti 5505 mcs 24
slot 5 index 0 rnti 5505 mcs 24
slot 6 index 0 rnti 5505 mcs 24
slot 14 index 0 rnti 5505 mcs 24
slot 15 index 0 rnti 5505 mcs 24
slot 16 index 0 rnti 5505 mcs 24
slot 4 index 0 rnti 5505 mcs 24
slot 5 index 0 rnti 5505 mcs 24
slot 6 index 0 rnti 5505 mcs 24
slot 14 index 0 rnti 5505 mcs 24
slot 15 index 0 rnti 5505 mcs 24
slot 16 index 0 rnti 5505 mcs 24
[EMURAN-DL-CSV] t=35.348 win_tbs=20 win_fail=1 win_bler=0.05000 mcs_last=24 mcs_min=24 mcs_max=24 r0=18 r1=2 r2=0 r3=0  f0=0 f1=1 f2=0 f3=0 tot_tbs=9220 tot_fail=765 tot_bler=0.08297 tot_init=8473 tot_retx=747
slot 4 index 0 rnti 5505 mcs 24
slot 5 index 0 rnti 5505 mcs 24
slot 6 index 0 rnti 5505 mcs 24
slot 14 index 0 rnti 5505 mcs 24
slot 15 index 0 rnti 5505 mcs 24
slot 16 index 0 rnti 5505 mcs 24
slot 4 index 0 rnti 5505 mcs 24
slot 5 index 0 rnti 5505 mcs 24
slot 6 index 0 rnti 5505 mcs 24
slot 14 index 0 rnti 5505 mcs 24
slot 15 index 0 rnti 5505 mcs 24
slot 16 index 0 rnti 5505 mcs 24
slot 4 index 0 rnti 5505 mcs 24
slot 5 index 0 rnti 5505 mcs 24
slot 6 index 0 rnti 5505 mcs 24
slot 14 index 0 rnti 5505 mcs 24
slot 15 index 0 rnti 5505 mcs 24
slot 16 index 0 rnti 5505 mcs 24
slot 4 index 0 rnti 5505 mcs 24
slot 5 index 0 rnti 5505 mcs 24
[EMURAN-DL-CSV] t=35.420 win_tbs=20 win_fail=2 win_bler=0.10000 mcs_last=24 mcs_min=24 mcs_max=24 r0=19 r1=1 r2=0 r3=0  f0=2 f1=0 f2=0 f3=0 tot_tbs=9240 tot_fail=767 tot_bler=0.08301 tot_init=8492 tot_retx=748
slot 6 index 0 rnti 5505 mcs 24
slot 14 index 0 rnti 5505 mcs 24
slot 15 index 0 rnti 5505 mcs 24
slot 16 index 0 rnti 5505 mcs 24
slot 4 index 0 rnti 5505 mcs 24
slot 5 index 0 rnti 5505 mcs 24
slot 6 index 0 rnti 5505 mcs 24
slot 14 index 0 rnti 5505 mcs 24
slot 15 index 0 rnti 5505 mcs 24
slot 16 index 0 rnti 5505 mcs 24
slot 4 index 0 rnti 5505 mcs 24
slot 5 index 0 rnti 5505 mcs 24
slot 6 index 0 rnti 5505 mcs 24
slot 14 index 0 rnti 5505 mcs 24
slot 15 index 0 rnti 5505 mcs 24
slot 16 index 0 rnti 5505 mcs 24
slot 4 index 0 rnti 5505 mcs 24
slot 5 index 0 rnti 5505 mcs 24
slot 6 index 0 rnti 5505 mcs 24
slot 14 index 0 rnti 5505 mcs 24
[EMURAN-DL-CSV] t=35.493 win_tbs=20 win_fail=1 win_bler=0.05000 mcs_last=24 mcs_min=24 mcs_max=24 r0=19 r1=1 r2=0 r3=0  f0=1 f1=0 f2=0 f3=0 tot_tbs=9260 tot_fail=768 tot_bler=0.08294 tot_init=8511 tot_retx=749
slot 15 index 0 rnti 5505 mcs 24
slot 16 index 0 rnti 5505 mcs 24
slot 4 index 0 rnti 5505 mcs 24
slot 5 index 0 rnti 5505 mcs 24
slot 6 index 0 rnti 5505 mcs 24
slot 14 index 0 rnti 5505 mcs 24
slot 15 index 0 rnti 5505 mcs 24
slot 16 index 0 rnti 5505 mcs 24
slot 4 index 0 rnti 5505 mcs 24
slot 5 index 0 rnti 5505 mcs 24
slot 6 index 0 rnti 5505 mcs 24
slot 14 index 0 rnti 5505 mcs 24
slot 15 index 0 rnti 5505 mcs 24
slot 16 index 0 rnti 5505 mcs 24
slot 4 index 0 rnti 5505 mcs 24
slot 5 index 0 rnti 5505 mcs 24
slot 6 index 0 rnti 5505 mcs 24
slot 14 index 0 rnti 5505 mcs 24
slot 15 index 0 rnti 5505 mcs 24
slot 16 index 0 rnti 5505 mcs 24
[EMURAN-DL-CSV] t=35.558 win_tbs=20 win_fail=0 win_bler=0.00000 mcs_last=24 mcs_min=24 mcs_max=24 r0=20 r1=0 r2=0 r3=0  f0=0 f1=0 f2=0 f3=0 tot_tbs=9280 tot_fail=768 tot_bler=0.08276 tot_init=8531 tot_retx=749
slot 4 index 0 rnti 5505 mcs 24
slot 5 index 0 rnti 5505 mcs 24
slot 6 index 0 rnti 5505 mcs 24
slot 14 index 0 rnti 5505 mcs 24
slot 15 index 0 rnti 5505 mcs 24
slot 16 index 0 rnti 5505 mcs 24
slot 4 index 0 rnti 5505 mcs 24
slot 5 index 0 rnti 5505 mcs 24
slot 6 index 0 rnti 5505 mcs 24
slot 14 index 0 rnti 5505 mcs 24
slot 15 index 0 rnti 5505 mcs 24
slot 16 index 0 rnti 5505 mcs 24
slot 4 index 0 rnti 5505 mcs 24
slot 5 index 0 rnti 5505 mcs 24
slot 6 index 0 rnti 5505 mcs 24
slot 14 index 0 rnti 5505 mcs 24
slot 15 index 0 rnti 5505 mcs 24
slot 16 index 0 rnti 5505 mcs 24
slot 4 index 0 rnti 5505 mcs 24
slot 5 index 0 rnti 5505 mcs 24
[EMURAN-DL-CSV] t=35.630 win_tbs=20 win_fail=0 win_bler=0.00000 mcs_last=24 mcs_min=24 mcs_max=24 r0=20 r1=0 r2=0 r3=0  f0=0 f1=0 f2=0 f3=0 tot_tbs=9300 tot_fail=768 tot_bler=0.08258 tot_init=8551 tot_retx=749
slot 6 index 0 rnti 5505 mcs 24
slot 14 index 0 rnti 5505 mcs 24
slot 15 index 0 rnti 5505 mcs 24
slot 16 index 0 rnti 5505 mcs 24
slot 4 index 0 rnti 5505 mcs 24
slot 5 index 0 rnti 5505 mcs 24
slot 6 index 0 rnti 5505 mcs 24
slot 14 index 0 rnti 5505 mcs 24
slot 15 index 0 rnti 5505 mcs 24
slot 16 index 0 rnti 5505 mcs 24
slot 4 index 0 rnti 5505 mcs 24
slot 5 index 0 rnti 5505 mcs 24
slot 6 index 0 rnti 5505 mcs 24
slot 14 index 0 rnti 5505 mcs 24
slot 15 index 0 rnti 5505 mcs 24
slot 16 index 0 rnti 5505 mcs 24
slot 4 index 0 rnti 5505 mcs 24
slot 5 index 0 rnti 5505 mcs 24
slot 6 index 0 rnti 5505 mcs 24
slot 14 index 0 rnti 5505 mcs 24
[EMURAN-DL-CSV] t=35.703 win_tbs=20 win_fail=1 win_bler=0.05000 mcs_last=24 mcs_min=24 mcs_max=24 r0=18 r1=2 r2=0 r3=0  f0=1 f1=0 f2=0 f3=0 tot_tbs=9320 tot_fail=769 tot_bler=0.08251 tot_init=8569 tot_retx=751
slot 15 index 0 rnti 5505 mcs 24
slot 16 index 0 rnti 5505 mcs 24
slot 4 index 0 rnti 5505 mcs 24
slot 5 index 0 rnti 5505 mcs 24
slot 6 index 0 rnti 5505 mcs 24
slot 14 index 0 rnti 5505 mcs 24
slot 15 index 0 rnti 5505 mcs 24
slot 16 index 0 rnti 5505 mcs 24
slot 4 index 0 rnti 5505 mcs 24
slot 5 index 0 rnti 5505 mcs 24
slot 6 index 0 rnti 5505 mcs 24
slot 14 index 0 rnti 5505 mcs 24
slot 15 index 0 rnti 5505 mcs 24
slot 16 index 0 rnti 5505 mcs 24
slot 4 index 0 rnti 5505 mcs 24
slot 5 index 0 rnti 5505 mcs 24
slot 6 index 0 rnti 5505 mcs 24
slot 14 index 0 rnti 5505 mcs 24
slot 15 index 0 rnti 5505 mcs 24
slot 16 index 0 rnti 5505 mcs 24
[EMURAN-DL-CSV] t=35.768 win_tbs=20 win_fail=1 win_bler=0.05000 mcs_last=24 mcs_min=24 mcs_max=24 r0=19 r1=1 r2=0 r3=0  f0=1 f1=0 f2=0 f3=0 tot_tbs=9340 tot_fail=770 tot_bler=0.08244 tot_init=8588 tot_retx=752
slot 4 index 0 rnti 5505 mcs 24
slot 5 index 0 rnti 5505 mcs 24
slot 6 index 0 rnti 5505 mcs 24
slot 14 index 0 rnti 5505 mcs 24
slot 15 index 0 rnti 5505 mcs 24
slot 16 index 0 rnti 5505 mcs 24
slot 4 index 0 rnti 5505 mcs 24
slot 5 index 0 rnti 5505 mcs 24
slot 6 index 0 rnti 5505 mcs 24
slot 14 index 0 rnti 5505 mcs 24
slot 15 index 0 rnti 5505 mcs 24
slot 16 index 0 rnti 5505 mcs 24
slot 4 index 0 rnti 5505 mcs 24
slot 5 index 0 rnti 5505 mcs 24
slot 6 index 0 rnti 5505 mcs 24
slot 14 index 0 rnti 5505 mcs 24
slot 15 index 0 rnti 5505 mcs 24
slot 16 index 0 rnti 5505 mcs 24
slot 4 index 0 rnti 5505 mcs 24
slot 5 index 0 rnti 5505 mcs 24
[EMURAN-DL-CSV] t=35.840 win_tbs=20 win_fail=0 win_bler=0.00000 mcs_last=24 mcs_min=24 mcs_max=24 r0=20 r1=0 r2=0 r3=0  f0=0 f1=0 f2=0 f3=0 tot_tbs=9360 tot_fail=770 tot_bler=0.08226 tot_init=8608 tot_retx=752
slot 6 index 0 rnti 5505 mcs 24
slot 14 index 0 rnti 5505 mcs 24
slot 15 index 0 rnti 5505 mcs 24
slot 16 index 0 rnti 5505 mcs 24
slot 4 index 0 rnti 5505 mcs 24
slot 5 index 0 rnti 5505 mcs 24
slot 6 index 0 rnti 5505 mcs 24
slot 14 index 0 rnti 5505 mcs 24
slot 15 index 0 rnti 5505 mcs 24
slot 16 index 0 rnti 5505 mcs 24
slot 4 index 0 rnti 5505 mcs 24
slot 5 index 0 rnti 5505 mcs 24
slot 6 index 0 rnti 5505 mcs 24
slot 14 index 0 rnti 5505 mcs 24
slot 15 index 0 rnti 5505 mcs 24
slot 16 index 0 rnti 5505 mcs 24
slot 4 index 0 rnti 5505 mcs 24
slot 5 index 0 rnti 5505 mcs 24
slot 6 index 0 rnti 5505 mcs 24
slot 14 index 0 rnti 5505 mcs 24
[EMURAN-DL-CSV] t=35.913 win_tbs=20 win_fail=0 win_bler=0.00000 mcs_last=24 mcs_min=24 mcs_max=24 r0=20 r1=0 r2=0 r3=0  f0=0 f1=0 f2=0 f3=0 tot_tbs=9380 tot_fail=770 tot_bler=0.08209 tot_init=8628 tot_retx=752
slot 15 index 0 rnti 5505 mcs 24
slot 16 index 0 rnti 5505 mcs 24
slot 4 index 0 rnti 5505 mcs 24
slot 5 index 0 rnti 5505 mcs 24
slot 6 index 0 rnti 5505 mcs 24
slot 14 index 0 rnti 5505 mcs 24
slot 15 index 0 rnti 5505 mcs 24
slot 16 index 0 rnti 5505 mcs 24
slot 4 index 0 rnti 5505 mcs 24
slot 5 index 0 rnti 5505 mcs 24
slot 6 index 0 rnti 5505 mcs 24
slot 14 index 0 rnti 5505 mcs 24
slot 15 index 0 rnti 5505 mcs 24
slot 16 index 0 rnti 5505 mcs 24
slot 4 index 0 rnti 5505 mcs 24
slot 5 index 0 rnti 5505 mcs 24
slot 6 index 0 rnti 5505 mcs 24
slot 14 index 0 rnti 5505 mcs 24
slot 15 index 0 rnti 5505 mcs 24
slot 16 index 0 rnti 5505 mcs 24
[EMURAN-DL-CSV] t=35.978 win_tbs=20 win_fail=2 win_bler=0.10000 mcs_last=24 mcs_min=24 mcs_max=24 r0=17 r1=3 r2=0 r3=0  f0=2 f1=0 f2=0 f3=0 tot_tbs=9400 tot_fail=772 tot_bler=0.08213 tot_init=8645 tot_retx=755
slot 4 index 0 rnti 5505 mcs 24
slot 5 index 0 rnti 5505 mcs 24
slot 6 index 0 rnti 5505 mcs 24
slot 14 index 0 rnti 5505 mcs 24
slot 15 index 0 rnti 5505 mcs 24
slot 16 index 0 rnti 5505 mcs 24
slot 4 index 0 rnti 5505 mcs 24
slot 5 index 0 rnti 5505 mcs 24
slot 6 index 0 rnti 5505 mcs 24
slot 14 index 0 rnti 5505 mcs 24
slot 15 index 0 rnti 5505 mcs 24
slot 16 index 0 rnti 5505 mcs 24
slot 4 index 0 rnti 5505 mcs 24
slot 5 index 0 rnti 5505 mcs 24
slot 6 index 0 rnti 5505 mcs 24
slot 14 index 0 rnti 5505 mcs 24
slot 15 index 0 rnti 5505 mcs 24
slot 16 index 0 rnti 5505 mcs 24
slot 4 index 0 rnti 5505 mcs 24
slot 5 index 0 rnti 5505 mcs 24
[EMURAN-DL-CSV] t=36.050 win_tbs=20 win_fail=3 win_bler=0.15000 mcs_last=24 mcs_min=24 mcs_max=24 r0=18 r1=2 r2=0 r3=0  f0=2 f1=1 f2=0 f3=0 tot_tbs=9420 tot_fail=775 tot_bler=0.08227 tot_init=8663 tot_retx=757
slot 6 index 0 rnti 5505 mcs 24
slot 14 index 0 rnti 5505 mcs 24
slot 15 index 0 rnti 5505 mcs 24
slot 16 index 0 rnti 5505 mcs 24
slot 4 index 0 rnti 5505 mcs 24
slot 5 index 0 rnti 5505 mcs 24
slot 6 index 0 rnti 5505 mcs 24
slot 14 index 0 rnti 5505 mcs 24
slot 15 index 0 rnti 5505 mcs 24
slot 16 index 0 rnti 5505 mcs 24
slot 4 index 0 rnti 5505 mcs 24
slot 5 index 0 rnti 5505 mcs 24
slot 6 index 0 rnti 5505 mcs 24
slot 14 index 0 rnti 5505 mcs 24
slot 15 index 0 rnti 5505 mcs 24
slot 16 index 0 rnti 5505 mcs 24
slot 4 index 0 rnti 5505 mcs 24
slot 5 index 0 rnti 5505 mcs 24
slot 6 index 0 rnti 5505 mcs 24
slot 14 index 0 rnti 5505 mcs 24
[EMURAN-DL-CSV] t=36.123 win_tbs=20 win_fail=0 win_bler=0.00000 mcs_last=24 mcs_min=24 mcs_max=24 r0=20 r1=0 r2=0 r3=0  f0=0 f1=0 f2=0 f3=0 tot_tbs=9440 tot_fail=775 tot_bler=0.08210 tot_init=8683 tot_retx=757
slot 15 index 0 rnti 5505 mcs 24
slot 16 index 0 rnti 5505 mcs 24
[UE-STAT] frame=200 dci_cnt=600 total_tbs=41803200 ack_real=493 nack_real=32 fb_missing=75 decode_cnt=600
slot 4 index 0 rnti 5505 mcs 24
slot 5 index 0 rnti 5505 mcs 24
slot 6 index 0 rnti 5505 mcs 24
slot 14 index 0 rnti 5505 mcs 24
slot 15 index 0 rnti 5505 mcs 24
slot 16 index 0 rnti 5505 mcs 24
slot 4 index 0 rnti 5505 mcs 24
slot 5 index 0 rnti 5505 mcs 24
slot 6 index 0 rnti 5505 mcs 24
slot 14 index 0 rnti 5505 mcs 24
slot 15 index 0 rnti 5505 mcs 24
slot 16 index 0 rnti 5505 mcs 24
slot 4 index 0 rnti 5505 mcs 24
slot 5 index 0 rnti 5505 mcs 24
slot 6 index 0 rnti 5505 mcs 24
slot 14 index 0 rnti 5505 mcs 24
slot 15 index 0 rnti 5505 mcs 24
slot 16 index 0 rnti 5505 mcs 24
[EMURAN-DL-CSV] t=36.188 win_tbs=20 win_fail=1 win_bler=0.05000 mcs_last=24 mcs_min=24 mcs_max=24 r0=19 r1=1 r2=0 r3=0  f0=1 f1=0 f2=0 f3=0 tot_tbs=9460 tot_fail=776 tot_bler=0.08203 tot_init=8702 tot_retx=758
slot 4 index 0 rnti 5505 mcs 24
slot 5 index 0 rnti 5505 mcs 24
slot 6 index 0 rnti 5505 mcs 24
slot 14 index 0 rnti 5505 mcs 24
slot 15 index 0 rnti 5505 mcs 24
slot 16 index 0 rnti 5505 mcs 24
slot 4 index 0 rnti 5505 mcs 24
slot 5 index 0 rnti 5505 mcs 24
slot 6 index 0 rnti 5505 mcs 24
slot 14 index 0 rnti 5505 mcs 24
slot 15 index 0 rnti 5505 mcs 24
slot 16 index 0 rnti 5505 mcs 24
slot 4 index 0 rnti 5505 mcs 24
slot 5 index 0 rnti 5505 mcs 24
slot 6 index 0 rnti 5505 mcs 24
slot 14 index 0 rnti 5505 mcs 24
slot 15 index 0 rnti 5505 mcs 24
slot 16 index 0 rnti 5505 mcs 24
slot 4 index 0 rnti 5505 mcs 24
slot 5 index 0 rnti 5505 mcs 24
[EMURAN-DL-CSV] t=36.261 win_tbs=20 win_fail=1 win_bler=0.05000 mcs_last=24 mcs_min=24 mcs_max=24 r0=19 r1=1 r2=0 r3=0  f0=1 f1=0 f2=0 f3=0 tot_tbs=9480 tot_fail=777 tot_bler=0.08196 tot_init=8721 tot_retx=759
slot 6 index 0 rnti 5505 mcs 24
slot 14 index 0 rnti 5505 mcs 24
slot 15 index 0 rnti 5505 mcs 24
slot 16 index 0 rnti 5505 mcs 24
slot 4 index 0 rnti 5505 mcs 24
slot 5 index 0 rnti 5505 mcs 24
slot 6 index 0 rnti 5505 mcs 24
slot 14 index 0 rnti 5505 mcs 24
slot 15 index 0 rnti 5505 mcs 24
slot 16 index 0 rnti 5505 mcs 24
slot 4 index 0 rnti 5505 mcs 24
slot 5 index 0 rnti 5505 mcs 24
slot 6 index 0 rnti 5505 mcs 24
slot 14 index 0 rnti 5505 mcs 24
slot 15 index 0 rnti 5505 mcs 24
slot 16 index 0 rnti 5505 mcs 24
slot 4 index 0 rnti 5505 mcs 24
slot 5 index 0 rnti 5505 mcs 24
slot 6 index 0 rnti 5505 mcs 24
slot 14 index 0 rnti 5505 mcs 24
[EMURAN-DL-CSV] t=36.333 win_tbs=20 win_fail=0 win_bler=0.00000 mcs_last=24 mcs_min=24 mcs_max=24 r0=19 r1=1 r2=0 r3=0  f0=0 f1=0 f2=0 f3=0 tot_tbs=9500 tot_fail=777 tot_bler=0.08179 tot_init=8740 tot_retx=760
slot 15 index 0 rnti 5505 mcs 24
slot 16 index 0 rnti 5505 mcs 24
slot 4 index 0 rnti 5505 mcs 24
slot 5 index 0 rnti 5505 mcs 24
slot 6 index 0 rnti 5505 mcs 24
slot 14 index 0 rnti 5505 mcs 24
slot 15 index 0 rnti 5505 mcs 24
slot 16 index 0 rnti 5505 mcs 24
slot 4 index 0 rnti 5505 mcs 24
slot 5 index 0 rnti 5505 mcs 24
slot 6 index 0 rnti 5505 mcs 24
slot 14 index 0 rnti 5505 mcs 24
slot 15 index 0 rnti 5505 mcs 24
slot 16 index 0 rnti 5505 mcs 24
slot 4 index 0 rnti 5505 mcs 24
slot 5 index 0 rnti 5505 mcs 24
slot 6 index 0 rnti 5505 mcs 24
slot 14 index 0 rnti 5505 mcs 24
slot 15 index 0 rnti 5505 mcs 24
slot 16 index 0 rnti 5505 mcs 24
[EMURAN-DL-CSV] t=36.398 win_tbs=20 win_fail=2 win_bler=0.10000 mcs_last=24 mcs_min=24 mcs_max=24 r0=18 r1=2 r2=0 r3=0  f0=2 f1=0 f2=0 f3=0 tot_tbs=9520 tot_fail=779 tot_bler=0.08183 tot_init=8758 tot_retx=762
slot 4 index 0 rnti 5505 mcs 24
slot 5 index 0 rnti 5505 mcs 24
slot 6 index 0 rnti 5505 mcs 24
slot 14 index 0 rnti 5505 mcs 24
slot 15 index 0 rnti 5505 mcs 24
slot 16 index 0 rnti 5505 mcs 24
slot 4 index 0 rnti 5505 mcs 24
slot 5 index 0 rnti 5505 mcs 24
slot 6 index 0 rnti 5505 mcs 24
slot 14 index 0 rnti 5505 mcs 24
slot 15 index 0 rnti 5505 mcs 24
slot 16 index 0 rnti 5505 mcs 24
slot 4 index 0 rnti 5505 mcs 24
slot 5 index 0 rnti 5505 mcs 24
slot 6 index 0 rnti 5505 mcs 24
slot 14 index 0 rnti 5505 mcs 24
slot 15 index 0 rnti 5505 mcs 24
slot 16 index 0 rnti 5505 mcs 24
slot 4 index 0 rnti 5505 mcs 24
slot 5 index 0 rnti 5505 mcs 24
[EMURAN-DL-CSV] t=36.471 win_tbs=20 win_fail=4 win_bler=0.20000 mcs_last=24 mcs_min=24 mcs_max=24 r0=18 r1=2 r2=0 r3=0  f0=4 f1=0 f2=0 f3=0 tot_tbs=9540 tot_fail=783 tot_bler=0.08208 tot_init=8776 tot_retx=764
slot 6 index 0 rnti 5505 mcs 24
slot 14 index 0 rnti 5505 mcs 24
slot 15 index 0 rnti 5505 mcs 24
slot 16 index 0 rnti 5505 mcs 24
slot 4 index 0 rnti 5505 mcs 24
slot 5 index 0 rnti 5505 mcs 24
slot 6 index 0 rnti 5505 mcs 24
slot 14 index 0 rnti 5505 mcs 24
slot 15 index 0 rnti 5505 mcs 24
slot 16 index 0 rnti 5505 mcs 24
slot 4 index 0 rnti 5505 mcs 24
slot 5 index 0 rnti 5505 mcs 24
slot 6 index 0 rnti 5505 mcs 24
slot 14 index 0 rnti 5505 mcs 24
slot 15 index 0 rnti 5505 mcs 24
slot 16 index 0 rnti 5505 mcs 24
slot 4 index 0 rnti 5505 mcs 24
slot 5 index 0 rnti 5505 mcs 24
slot 6 index 0 rnti 5505 mcs 24
slot 14 index 0 rnti 5505 mcs 24
[EMURAN-DL-CSV] t=36.543 win_tbs=20 win_fail=1 win_bler=0.05000 mcs_last=24 mcs_min=24 mcs_max=24 r0=19 r1=1 r2=0 r3=0  f0=1 f1=0 f2=0 f3=0 tot_tbs=9560 tot_fail=784 tot_bler=0.08201 tot_init=8795 tot_retx=765
slot 15 index 0 rnti 5505 mcs 24
slot 16 index 0 rnti 5505 mcs 24
slot 4 index 0 rnti 5505 mcs 24
slot 5 index 0 rnti 5505 mcs 24
slot 6 index 0 rnti 5505 mcs 24
slot 14 index 0 rnti 5505 mcs 24
slot 15 index 0 rnti 5505 mcs 24
slot 16 index 0 rnti 5505 mcs 24
slot 4 index 0 rnti 5505 mcs 24
slot 5 index 0 rnti 5505 mcs 24
slot 6 index 0 rnti 5505 mcs 24
slot 14 index 0 rnti 5505 mcs 24
slot 15 index 0 rnti 5505 mcs 24
slot 16 index 0 rnti 5505 mcs 24
slot 4 index 0 rnti 5505 mcs 24
slot 5 index 0 rnti 5505 mcs 24
slot 6 index 0 rnti 5505 mcs 24
slot 14 index 0 rnti 5505 mcs 24
slot 15 index 0 rnti 5505 mcs 24
slot 16 index 0 rnti 5505 mcs 24
[EMURAN-DL-CSV] t=36.608 win_tbs=20 win_fail=1 win_bler=0.05000 mcs_last=24 mcs_min=24 mcs_max=24 r0=19 r1=1 r2=0 r3=0  f0=1 f1=0 f2=0 f3=0 tot_tbs=9580 tot_fail=785 tot_bler=0.08194 tot_init=8814 tot_retx=766
slot 4 index 0 rnti 5505 mcs 24
slot 5 index 0 rnti 5505 mcs 24
slot 6 index 0 rnti 5505 mcs 24
slot 14 index 0 rnti 5505 mcs 24
slot 15 index 0 rnti 5505 mcs 24
slot 16 index 0 rnti 5505 mcs 24
slot 4 index 0 rnti 5505 mcs 24
slot 5 index 0 rnti 5505 mcs 24
slot 6 index 0 rnti 5505 mcs 24
slot 14 index 0 rnti 5505 mcs 24
slot 15 index 0 rnti 5505 mcs 24
slot 16 index 0 rnti 5505 mcs 24
slot 4 index 0 rnti 5505 mcs 24
slot 5 index 0 rnti 5505 mcs 24
slot 6 index 0 rnti 5505 mcs 24
slot 14 index 0 rnti 5505 mcs 24
slot 15 index 0 rnti 5505 mcs 24
slot 16 index 0 rnti 5505 mcs 24
slot 4 index 0 rnti 5505 mcs 24
slot 5 index 0 rnti 5505 mcs 24
[EMURAN-DL-CSV] t=36.681 win_tbs=20 win_fail=0 win_bler=0.00000 mcs_last=24 mcs_min=24 mcs_max=24 r0=19 r1=1 r2=0 r3=0  f0=0 f1=0 f2=0 f3=0 tot_tbs=9600 tot_fail=785 tot_bler=0.08177 tot_init=8833 tot_retx=767
slot 6 index 0 rnti 5505 mcs 24
slot 14 index 0 rnti 5505 mcs 24
slot 15 index 0 rnti 5505 mcs 24
slot 16 index 0 rnti 5505 mcs 24
slot 4 index 0 rnti 5505 mcs 24
slot 5 index 0 rnti 5505 mcs 24
slot 6 index 0 rnti 5505 mcs 24
slot 14 index 0 rnti 5505 mcs 24
slot 15 index 0 rnti 5505 mcs 24
slot 16 index 0 rnti 5505 mcs 24
slot 4 index 0 rnti 5505 mcs 24
slot 5 index 0 rnti 5505 mcs 24
slot 6 index 0 rnti 5505 mcs 24
slot 14 index 0 rnti 5505 mcs 24
slot 15 index 0 rnti 5505 mcs 24
slot 16 index 0 rnti 5505 mcs 24
slot 4 index 0 rnti 5505 mcs 24
slot 5 index 0 rnti 5505 mcs 24
slot 6 index 0 rnti 5505 mcs 24
slot 14 index 0 rnti 5505 mcs 24
[EMURAN-DL-CSV] t=36.753 win_tbs=20 win_fail=1 win_bler=0.05000 mcs_last=24 mcs_min=24 mcs_max=24 r0=19 r1=1 r2=0 r3=0  f0=1 f1=0 f2=0 f3=0 tot_tbs=9620 tot_fail=786 tot_bler=0.08170 tot_init=8852 tot_retx=768
slot 15 index 0 rnti 5505 mcs 24
slot 16 index 0 rnti 5505 mcs 24
slot 4 index 0 rnti 5505 mcs 24
slot 5 index 0 rnti 5505 mcs 24
slot 6 index 0 rnti 5505 mcs 24
slot 14 index 0 rnti 5505 mcs 24
slot 15 index 0 rnti 5505 mcs 24
slot 16 index 0 rnti 5505 mcs 24
slot 4 index 0 rnti 5505 mcs 24
slot 5 index 0 rnti 5505 mcs 24
slot 6 index 0 rnti 5505 mcs 24
slot 14 index 0 rnti 5505 mcs 24
slot 15 index 0 rnti 5505 mcs 24
slot 16 index 0 rnti 5505 mcs 24
slot 4 index 0 rnti 5505 mcs 24
slot 5 index 0 rnti 5505 mcs 24
slot 6 index 0 rnti 5505 mcs 24
slot 14 index 0 rnti 5505 mcs 24
slot 15 index 0 rnti 5505 mcs 24
slot 16 index 0 rnti 5505 mcs 24
[EMURAN-DL-CSV] t=36.818 win_tbs=20 win_fail=1 win_bler=0.05000 mcs_last=24 mcs_min=24 mcs_max=24 r0=19 r1=1 r2=0 r3=0  f0=1 f1=0 f2=0 f3=0 tot_tbs=9640 tot_fail=787 tot_bler=0.08164 tot_init=8871 tot_retx=769
slot 4 index 0 rnti 5505 mcs 24
slot 5 index 0 rnti 5505 mcs 24
slot 6 index 0 rnti 5505 mcs 24
slot 14 index 0 rnti 5505 mcs 24
slot 15 index 0 rnti 5505 mcs 24
slot 16 index 0 rnti 5505 mcs 24
slot 4 index 0 rnti 5505 mcs 24
slot 5 index 0 rnti 5505 mcs 24
slot 6 index 0 rnti 5505 mcs 24
slot 14 index 0 rnti 5505 mcs 24
slot 15 index 0 rnti 5505 mcs 24
slot 16 index 0 rnti 5505 mcs 24
slot 4 index 0 rnti 5505 mcs 24
slot 5 index 0 rnti 5505 mcs 24
slot 6 index 0 rnti 5505 mcs 24
slot 14 index 0 rnti 5505 mcs 24
slot 15 index 0 rnti 5505 mcs 24
slot 16 index 0 rnti 5505 mcs 24
slot 4 index 0 rnti 5505 mcs 24
slot 5 index 0 rnti 5505 mcs 24
[EMURAN-DL-CSV] t=36.891 win_tbs=20 win_fail=3 win_bler=0.15000 mcs_last=24 mcs_min=24 mcs_max=24 r0=18 r1=2 r2=0 r3=0  f0=2 f1=1 f2=0 f3=0 tot_tbs=9660 tot_fail=790 tot_bler=0.08178 tot_init=8889 tot_retx=771
slot 6 index 0 rnti 5505 mcs 24
slot 14 index 0 rnti 5505 mcs 24
slot 15 index 0 rnti 5505 mcs 24
slot 16 index 0 rnti 5505 mcs 24
slot 4 index 0 rnti 5505 mcs 24
slot 5 index 0 rnti 5505 mcs 24
slot 6 index 0 rnti 5505 mcs 24
slot 14 index 0 rnti 5505 mcs 24
slot 15 index 0 rnti 5505 mcs 24
slot 16 index 0 rnti 5505 mcs 24
slot 4 index 0 rnti 5505 mcs 24
slot 5 index 0 rnti 5505 mcs 24
slot 6 index 0 rnti 5505 mcs 24
slot 14 index 0 rnti 5505 mcs 24
slot 15 index 0 rnti 5505 mcs 24
slot 16 index 0 rnti 5505 mcs 24
slot 4 index 0 rnti 5505 mcs 24
slot 5 index 0 rnti 5505 mcs 24
slot 6 index 0 rnti 5505 mcs 24
slot 14 index 0 rnti 5505 mcs 24
[EMURAN-DL-CSV] t=36.963 win_tbs=20 win_fail=1 win_bler=0.05000 mcs_last=24 mcs_min=24 mcs_max=24 r0=18 r1=2 r2=0 r3=0  f0=1 f1=0 f2=0 f3=0 tot_tbs=9680 tot_fail=791 tot_bler=0.08171 tot_init=8907 tot_retx=773
slot 15 index 0 rnti 5505 mcs 24
slot 16 index 0 rnti 5505 mcs 24
slot 4 index 0 rnti 5505 mcs 24
slot 5 index 0 rnti 5505 mcs 24
slot 6 index 0 rnti 5505 mcs 24
slot 14 index 0 rnti 5505 mcs 24
slot 15 index 0 rnti 5505 mcs 24
slot 16 index 0 rnti 5505 mcs 24
slot 4 index 0 rnti 5505 mcs 24
slot 5 index 0 rnti 5505 mcs 24
slot 6 index 0 rnti 5505 mcs 24
slot 14 index 0 rnti 5505 mcs 24
slot 15 index 0 rnti 5505 mcs 24
slot 16 index 0 rnti 5505 mcs 24
slot 4 index 0 rnti 5505 mcs 24
slot 5 index 0 rnti 5505 mcs 24
slot 6 index 0 rnti 5505 mcs 24
slot 14 index 0 rnti 5505 mcs 24
slot 15 index 0 rnti 5505 mcs 24
slot 16 index 0 rnti 5505 mcs 24
[EMURAN-DL-CSV] t=37.028 win_tbs=20 win_fail=3 win_bler=0.15000 mcs_last=24 mcs_min=24 mcs_max=24 r0=18 r1=2 r2=0 r3=0  f0=2 f1=1 f2=0 f3=0 tot_tbs=9700 tot_fail=794 tot_bler=0.08186 tot_init=8925 tot_retx=775
slot 4 index 0 rnti 5505 mcs 24
slot 5 index 0 rnti 5505 mcs 24
slot 6 index 0 rnti 5505 mcs 24
slot 14 index 0 rnti 5505 mcs 24
slot 15 index 0 rnti 5505 mcs 24
slot 16 index 0 rnti 5505 mcs 24
slot 4 index 0 rnti 5505 mcs 24
slot 5 index 0 rnti 5505 mcs 24
slot 6 index 0 rnti 5505 mcs 24
slot 14 index 0 rnti 5505 mcs 24
slot 15 index 0 rnti 5505 mcs 24
slot 16 index 0 rnti 5505 mcs 24
slot 4 index 0 rnti 5505 mcs 24
slot 5 index 0 rnti 5505 mcs 24
slot 6 index 0 rnti 5505 mcs 24
slot 14 index 0 rnti 5505 mcs 24
slot 15 index 0 rnti 5505 mcs 24
slot 16 index 0 rnti 5505 mcs 24
slot 4 index 0 rnti 5505 mcs 24
slot 5 index 0 rnti 5505 mcs 24
[EMURAN-DL-CSV] t=37.101 win_tbs=20 win_fail=1 win_bler=0.05000 mcs_last=24 mcs_min=24 mcs_max=24 r0=18 r1=2 r2=0 r3=0  f0=1 f1=0 f2=0 f3=0 tot_tbs=9720 tot_fail=795 tot_bler=0.08179 tot_init=8943 tot_retx=777
slot 6 index 0 rnti 5505 mcs 24
slot 14 index 0 rnti 5505 mcs 24
slot 15 index 0 rnti 5505 mcs 24
slot 16 index 0 rnti 5505 mcs 24
slot 4 index 0 rnti 5505 mcs 24
slot 5 index 0 rnti 5505 mcs 24
slot 6 index 0 rnti 5505 mcs 24
slot 14 index 0 rnti 5505 mcs 24
slot 15 index 0 rnti 5505 mcs 24
slot 16 index 0 rnti 5505 mcs 24
slot 4 index 0 rnti 5505 mcs 24
slot 5 index 0 rnti 5505 mcs 24
slot 6 index 0 rnti 5505 mcs 24
slot 14 index 0 rnti 5505 mcs 24
slot 15 index 0 rnti 5505 mcs 24
slot 16 index 0 rnti 5505 mcs 24
slot 4 index 0 rnti 5505 mcs 24
slot 5 index 0 rnti 5505 mcs 24
slot 6 index 0 rnti 5505 mcs 24
slot 14 index 0 rnti 5505 mcs 24
[EMURAN-DL-CSV] t=37.173 win_tbs=20 win_fail=0 win_bler=0.00000 mcs_last=24 mcs_min=24 mcs_max=24 r0=20 r1=0 r2=0 r3=0  f0=0 f1=0 f2=0 f3=0 tot_tbs=9740 tot_fail=795 tot_bler=0.08162 tot_init=8963 tot_retx=777
slot 15 index 0 rnti 5505 mcs 24
slot 16 index 0 rnti 5505 mcs 24
slot 4 index 0 rnti 5505 mcs 24
slot 5 index 0 rnti 5505 mcs 24
slot 6 index 0 rnti 5505 mcs 24
slot 14 index 0 rnti 5505 mcs 24
slot 15 index 0 rnti 5505 mcs 24
slot 16 index 0 rnti 5505 mcs 24
slot 4 index 0 rnti 5505 mcs 24
slot 5 index 0 rnti 5505 mcs 24
slot 6 index 0 rnti 5505 mcs 24
slot 14 index 0 rnti 5505 mcs 24
slot 15 index 0 rnti 5505 mcs 24
slot 16 index 0 rnti 5505 mcs 24
slot 4 index 0 rnti 5505 mcs 24
slot 5 index 0 rnti 5505 mcs 24
slot 6 index 0 rnti 5505 mcs 24
slot 14 index 0 rnti 5505 mcs 24
slot 15 index 0 rnti 5505 mcs 24
slot 16 index 0 rnti 5505 mcs 24
[EMURAN-DL-CSV] t=37.239 win_tbs=20 win_fail=1 win_bler=0.05000 mcs_last=24 mcs_min=24 mcs_max=24 r0=19 r1=1 r2=0 r3=0  f0=1 f1=0 f2=0 f3=0 tot_tbs=9760 tot_fail=796 tot_bler=0.08156 tot_init=8982 tot_retx=778
slot 4 index 0 rnti 5505 mcs 24
slot 5 index 0 rnti 5505 mcs 24
slot 6 index 0 rnti 5505 mcs 24
slot 14 index 0 rnti 5505 mcs 24
slot 15 index 0 rnti 5505 mcs 24
slot 16 index 0 rnti 5505 mcs 24
slot 4 index 0 rnti 5505 mcs 24
slot 5 index 0 rnti 5505 mcs 24
slot 6 index 0 rnti 5505 mcs 24
slot 14 index 0 rnti 5505 mcs 24
slot 15 index 0 rnti 5505 mcs 24
slot 16 index 0 rnti 5505 mcs 24
slot 4 index 0 rnti 5505 mcs 24
slot 5 index 0 rnti 5505 mcs 24
slot 6 index 0 rnti 5505 mcs 24
slot 14 index 0 rnti 5505 mcs 24
slot 15 index 0 rnti 5505 mcs 24
slot 16 index 0 rnti 5505 mcs 24
slot 4 index 0 rnti 5505 mcs 24
slot 5 index 0 rnti 5505 mcs 24
[EMURAN-DL-CSV] t=37.311 win_tbs=20 win_fail=2 win_bler=0.10000 mcs_last=24 mcs_min=24 mcs_max=24 r0=18 r1=2 r2=0 r3=0  f0=2 f1=0 f2=0 f3=0 tot_tbs=9780 tot_fail=798 tot_bler=0.08160 tot_init=9000 tot_retx=780
slot 6 index 0 rnti 5505 mcs 24
slot 14 index 0 rnti 5505 mcs 24
slot 15 index 0 rnti 5505 mcs 24
slot 16 index 0 rnti 5505 mcs 24
slot 4 index 0 rnti 5505 mcs 24
slot 5 index 0 rnti 5505 mcs 24
slot 6 index 0 rnti 5505 mcs 24
slot 14 index 0 rnti 5505 mcs 24
slot 15 index 0 rnti 5505 mcs 24
slot 16 index 0 rnti 5505 mcs 24
slot 4 index 0 rnti 5505 mcs 24
slot 5 index 0 rnti 5505 mcs 24
slot 6 index 0 rnti 5505 mcs 24
slot 14 index 0 rnti 5505 mcs 24
slot 15 index 0 rnti 5505 mcs 24
slot 16 index 0 rnti 5505 mcs 24
slot 4 index 0 rnti 5505 mcs 24
slot 5 index 0 rnti 5505 mcs 24
slot 6 index 0 rnti 5505 mcs 24
slot 14 index 0 rnti 5505 mcs 24
[EMURAN-DL-CSV] t=37.383 win_tbs=20 win_fail=1 win_bler=0.05000 mcs_last=24 mcs_min=24 mcs_max=24 r0=19 r1=1 r2=0 r3=0  f0=1 f1=0 f2=0 f3=0 tot_tbs=9800 tot_fail=799 tot_bler=0.08153 tot_init=9019 tot_retx=781
slot 15 index 0 rnti 5505 mcs 24
slot 16 index 0 rnti 5505 mcs 24
slot 4 index 0 rnti 5505 mcs 24
slot 5 index 0 rnti 5505 mcs 24
slot 6 index 0 rnti 5505 mcs 24
slot 14 index 0 rnti 5505 mcs 24
slot 15 index 0 rnti 5505 mcs 24
slot 16 index 0 rnti 5505 mcs 24
slot 4 index 0 rnti 5505 mcs 24
slot 5 index 0 rnti 5505 mcs 24
slot 6 index 0 rnti 5505 mcs 24
slot 14 index 0 rnti 5505 mcs 24
slot 15 index 0 rnti 5505 mcs 24
slot 16 index 0 rnti 5505 mcs 24
slot 4 index 0 rnti 5505 mcs 24
slot 5 index 0 rnti 5505 mcs 24
slot 6 index 0 rnti 5505 mcs 24
slot 14 index 0 rnti 5505 mcs 24
slot 15 index 0 rnti 5505 mcs 24
slot 16 index 0 rnti 5505 mcs 24
[EMURAN-DL-CSV] t=37.449 win_tbs=20 win_fail=0 win_bler=0.00000 mcs_last=24 mcs_min=24 mcs_max=24 r0=20 r1=0 r2=0 r3=0  f0=0 f1=0 f2=0 f3=0 tot_tbs=9820 tot_fail=799 tot_bler=0.08136 tot_init=9039 tot_retx=781
slot 4 index 0 rnti 5505 mcs 24
slot 5 index 0 rnti 5505 mcs 24
slot 6 index 0 rnti 5505 mcs 24
slot 14 index 0 rnti 5505 mcs 24
slot 15 index 0 rnti 5505 mcs 24
slot 16 index 0 rnti 5505 mcs 24
slot 4 index 0 rnti 5505 mcs 24
slot 5 index 0 rnti 5505 mcs 24
slot 6 index 0 rnti 5505 mcs 24
slot 14 index 0 rnti 5505 mcs 24
slot 15 index 0 rnti 5505 mcs 24
slot 16 index 0 rnti 5505 mcs 24
slot 4 index 0 rnti 5505 mcs 24
slot 5 index 0 rnti 5505 mcs 24
slot 6 index 0 rnti 5505 mcs 24
slot 14 index 0 rnti 5505 mcs 24
slot 15 index 0 rnti 5505 mcs 24
slot 16 index 0 rnti 5505 mcs 24
slot 4 index 0 rnti 5505 mcs 24
slot 5 index 0 rnti 5505 mcs 24
[EMURAN-DL-CSV] t=37.521 win_tbs=20 win_fail=2 win_bler=0.10000 mcs_last=24 mcs_min=24 mcs_max=24 r0=18 r1=2 r2=0 r3=0  f0=2 f1=0 f2=0 f3=0 tot_tbs=9840 tot_fail=801 tot_bler=0.08140 tot_init=9057 tot_retx=783
slot 6 index 0 rnti 5505 mcs 24
slot 14 index 0 rnti 5505 mcs 24
slot 15 index 0 rnti 5505 mcs 24
slot 16 index 0 rnti 5505 mcs 24
slot 4 index 0 rnti 5505 mcs 24
slot 5 index 0 rnti 5505 mcs 24
slot 6 index 0 rnti 5505 mcs 24
slot 14 index 0 rnti 5505 mcs 24
slot 15 index 0 rnti 5505 mcs 24
slot 16 index 0 rnti 5505 mcs 24
slot 4 index 0 rnti 5505 mcs 24
slot 5 index 0 rnti 5505 mcs 24
slot 6 index 0 rnti 5505 mcs 24
slot 14 index 0 rnti 5505 mcs 24
slot 15 index 0 rnti 5505 mcs 24
slot 16 index 0 rnti 5505 mcs 24
slot 4 index 0 rnti 5505 mcs 24
slot 5 index 0 rnti 5505 mcs 24
slot 6 index 0 rnti 5505 mcs 24
slot 14 index 0 rnti 5505 mcs 24
[EMURAN-DL-CSV] t=37.594 win_tbs=20 win_fail=1 win_bler=0.05000 mcs_last=24 mcs_min=24 mcs_max=24 r0=19 r1=1 r2=0 r3=0  f0=1 f1=0 f2=0 f3=0 tot_tbs=9860 tot_fail=802 tot_bler=0.08134 tot_init=9076 tot_retx=784
slot 15 index 0 rnti 5505 mcs 24
slot 16 index 0 rnti 5505 mcs 24
slot 4 index 0 rnti 5505 mcs 24
slot 5 index 0 rnti 5505 mcs 24
slot 6 index 0 rnti 5505 mcs 24
slot 14 index 0 rnti 5505 mcs 24
slot 15 index 0 rnti 5505 mcs 24
slot 16 index 0 rnti 5505 mcs 24
slot 4 index 0 rnti 5505 mcs 24
slot 5 index 0 rnti 5505 mcs 24
slot 6 index 0 rnti 5505 mcs 24
slot 14 index 0 rnti 5505 mcs 24
slot 15 index 0 rnti 5505 mcs 24
slot 16 index 0 rnti 5505 mcs 24
slot 4 index 0 rnti 5505 mcs 24
slot 5 index 0 rnti 5505 mcs 24
slot 6 index 0 rnti 5505 mcs 24
slot 14 index 0 rnti 5505 mcs 24
slot 15 index 0 rnti 5505 mcs 24
slot 16 index 0 rnti 5505 mcs 24
[EMURAN-DL-CSV] t=37.659 win_tbs=20 win_fail=0 win_bler=0.00000 mcs_last=24 mcs_min=24 mcs_max=24 r0=19 r1=1 r2=0 r3=0  f0=0 f1=0 f2=0 f3=0 tot_tbs=9880 tot_fail=802 tot_bler=0.08117 tot_init=9095 tot_retx=785
slot 4 index 0 rnti 5505 mcs 24
slot 5 index 0 rnti 5505 mcs 24
slot 6 index 0 rnti 5505 mcs 24
slot 14 index 0 rnti 5505 mcs 24
slot 15 index 0 rnti 5505 mcs 24
slot 16 index 0 rnti 5505 mcs 24
slot 4 index 0 rnti 5505 mcs 24
slot 5 index 0 rnti 5505 mcs 24
slot 6 index 0 rnti 5505 mcs 24
slot 14 index 0 rnti 5505 mcs 24
slot 15 index 0 rnti 5505 mcs 24
slot 16 index 0 rnti 5505 mcs 24
slot 4 index 0 rnti 5505 mcs 24
slot 5 index 0 rnti 5505 mcs 24
slot 6 index 0 rnti 5505 mcs 24
slot 14 index 0 rnti 5505 mcs 24
slot 15 index 0 rnti 5505 mcs 24
slot 16 index 0 rnti 5505 mcs 24
slot 4 index 0 rnti 5505 mcs 24
slot 5 index 0 rnti 5505 mcs 24
[EMURAN-DL-CSV] t=37.731 win_tbs=20 win_fail=2 win_bler=0.10000 mcs_last=24 mcs_min=24 mcs_max=24 r0=18 r1=2 r2=0 r3=0  f0=2 f1=0 f2=0 f3=0 tot_tbs=9900 tot_fail=804 tot_bler=0.08121 tot_init=9113 tot_retx=787
slot 6 index 0 rnti 5505 mcs 24
slot 14 index 0 rnti 5505 mcs 24
slot 15 index 0 rnti 5505 mcs 24
slot 16 index 0 rnti 5505 mcs 24
slot 4 index 0 rnti 5505 mcs 24
slot 5 index 0 rnti 5505 mcs 24
slot 6 index 0 rnti 5505 mcs 24
slot 14 index 0 rnti 5505 mcs 24
slot 15 index 0 rnti 5505 mcs 24
slot 16 index 0 rnti 5505 mcs 24
slot 4 index 0 rnti 5505 mcs 24
slot 5 index 0 rnti 5505 mcs 24
slot 6 index 0 rnti 5505 mcs 24
slot 14 index 0 rnti 5505 mcs 24
slot 15 index 0 rnti 5505 mcs 24
slot 16 index 0 rnti 5505 mcs 24
slot 4 index 0 rnti 5505 mcs 24
slot 5 index 0 rnti 5505 mcs 24
slot 6 index 0 rnti 5505 mcs 24
slot 14 index 0 rnti 5505 mcs 24
[EMURAN-DL-CSV] t=37.804 win_tbs=20 win_fail=0 win_bler=0.00000 mcs_last=24 mcs_min=24 mcs_max=24 r0=20 r1=0 r2=0 r3=0  f0=0 f1=0 f2=0 f3=0 tot_tbs=9920 tot_fail=804 tot_bler=0.08105 tot_init=9133 tot_retx=787
slot 15 index 0 rnti 5505 mcs 24
slot 16 index 0 rnti 5505 mcs 24
slot 4 index 0 rnti 5505 mcs 24
slot 5 index 0 rnti 5505 mcs 24
slot 6 index 0 rnti 5505 mcs 24
slot 14 index 0 rnti 5505 mcs 24
slot 15 index 0 rnti 5505 mcs 24
slot 16 index 0 rnti 5505 mcs 24
slot 4 index 0 rnti 5505 mcs 24
slot 5 index 0 rnti 5505 mcs 24
slot 6 index 0 rnti 5505 mcs 24
slot 14 index 0 rnti 5505 mcs 24
slot 15 index 0 rnti 5505 mcs 24
slot 16 index 0 rnti 5505 mcs 24
slot 4 index 0 rnti 5505 mcs 24
slot 5 index 0 rnti 5505 mcs 24
slot 6 index 0 rnti 5505 mcs 24
slot 14 index 0 rnti 5505 mcs 24
slot 15 index 0 rnti 5505 mcs 24
slot 16 index 0 rnti 5505 mcs 24
[EMURAN-DL-CSV] t=37.869 win_tbs=20 win_fail=1 win_bler=0.05000 mcs_last=24 mcs_min=24 mcs_max=24 r0=19 r1=1 r2=0 r3=0  f0=1 f1=0 f2=0 f3=0 tot_tbs=9940 tot_fail=805 tot_bler=0.08099 tot_init=9152 tot_retx=788
slot 4 index 0 rnti 5505 mcs 24
slot 5 index 0 rnti 5505 mcs 24
slot 6 index 0 rnti 5505 mcs 24
slot 14 index 0 rnti 5505 mcs 24
slot 15 index 0 rnti 5505 mcs 24
slot 16 index 0 rnti 5505 mcs 24
slot 4 index 0 rnti 5505 mcs 24
slot 5 index 0 rnti 5505 mcs 24
slot 6 index 0 rnti 5505 mcs 24
slot 14 index 0 rnti 5505 mcs 24
slot 15 index 0 rnti 5505 mcs 24
slot 16 index 0 rnti 5505 mcs 24
slot 4 index 0 rnti 5505 mcs 24
slot 5 index 0 rnti 5505 mcs 24
slot 6 index 0 rnti 5505 mcs 24
slot 14 index 0 rnti 5505 mcs 24
slot 15 index 0 rnti 5505 mcs 24
slot 16 index 0 rnti 5505 mcs 24
slot 4 index 0 rnti 5505 mcs 24
slot 5 index 0 rnti 5505 mcs 24
[EMURAN-DL-CSV] t=37.941 win_tbs=20 win_fail=2 win_bler=0.10000 mcs_last=24 mcs_min=24 mcs_max=24 r0=20 r1=0 r2=0 r3=0  f0=2 f1=0 f2=0 f3=0 tot_tbs=9960 tot_fail=807 tot_bler=0.08102 tot_init=9172 tot_retx=788
slot 6 index 0 rnti 5505 mcs 24
slot 14 index 0 rnti 5505 mcs 24
slot 15 index 0 rnti 5505 mcs 24
slot 16 index 0 rnti 5505 mcs 24
slot 4 index 0 rnti 5505 mcs 24
slot 5 index 0 rnti 5505 mcs 24
slot 6 index 0 rnti 5505 mcs 24
slot 14 index 0 rnti 5505 mcs 24
slot 15 index 0 rnti 5505 mcs 24
slot 16 index 0 rnti 5505 mcs 24
slot 4 index 0 rnti 5505 mcs 24
slot 5 index 0 rnti 5505 mcs 24
slot 6 index 0 rnti 5505 mcs 24
slot 14 index 0 rnti 5505 mcs 24
slot 15 index 0 rnti 5505 mcs 24
slot 16 index 0 rnti 5505 mcs 24
slot 4 index 0 rnti 5505 mcs 24
slot 5 index 0 rnti 5505 mcs 24
slot 6 index 0 rnti 5505 mcs 24
slot 14 index 0 rnti 5505 mcs 24
[EMURAN-DL-CSV] t=38.014 win_tbs=20 win_fail=1 win_bler=0.05000 mcs_last=24 mcs_min=24 mcs_max=24 r0=17 r1=3 r2=0 r3=0  f0=1 f1=0 f2=0 f3=0 tot_tbs=9980 tot_fail=808 tot_bler=0.08096 tot_init=9189 tot_retx=791
slot 15 index 0 rnti 5505 mcs 24
slot 16 index 0 rnti 5505 mcs 24
slot 4 index 0 rnti 5505 mcs 24
slot 5 index 0 rnti 5505 mcs 24
slot 6 index 0 rnti 5505 mcs 24
slot 14 index 0 rnti 5505 mcs 24
slot 15 index 0 rnti 5505 mcs 24
slot 16 index 0 rnti 5505 mcs 24
slot 4 index 0 rnti 5505 mcs 24
slot 5 index 0 rnti 5505 mcs 24
slot 6 index 0 rnti 5505 mcs 24
slot 14 index 0 rnti 5505 mcs 24
slot 15 index 0 rnti 5505 mcs 24
slot 16 index 0 rnti 5505 mcs 24
slot 4 index 0 rnti 5505 mcs 24
slot 5 index 0 rnti 5505 mcs 24
slot 6 index 0 rnti 5505 mcs 24
slot 14 index 0 rnti 5505 mcs 24
slot 15 index 0 rnti 5505 mcs 24
slot 16 index 0 rnti 5505 mcs 24
[EMURAN-DL-CSV] t=38.079 win_tbs=20 win_fail=2 win_bler=0.10000 mcs_last=24 mcs_min=24 mcs_max=24 r0=18 r1=2 r2=0 r3=0  f0=2 f1=0 f2=0 f3=0 tot_tbs=10000 tot_fail=810 tot_bler=0.08100 tot_init=9207 tot_retx=793
slot 4 index 0 rnti 5505 mcs 24
slot 5 index 0 rnti 5505 mcs 24
slot 6 index 0 rnti 5505 mcs 24
slot 14 index 0 rnti 5505 mcs 24
slot 15 index 0 rnti 5505 mcs 24
slot 16 index 0 rnti 5505 mcs 24
slot 4 index 0 rnti 5505 mcs 24
slot 5 index 0 rnti 5505 mcs 24
slot 6 index 0 rnti 5505 mcs 24
slot 14 index 0 rnti 5505 mcs 24
slot 15 index 0 rnti 5505 mcs 24
slot 16 index 0 rnti 5505 mcs 24
slot 4 index 0 rnti 5505 mcs 24
slot 5 index 0 rnti 5505 mcs 24
slot 6 index 0 rnti 5505 mcs 24
slot 14 index 0 rnti 5505 mcs 24
slot 15 index 0 rnti 5505 mcs 24
slot 16 index 0 rnti 5505 mcs 24
slot 4 index 0 rnti 5505 mcs 24
slot 5 index 0 rnti 5505 mcs 24
[EMURAN-DL-CSV] t=38.151 win_tbs=20 win_fail=1 win_bler=0.05000 mcs_last=24 mcs_min=24 mcs_max=24 r0=19 r1=0 r2=1 r3=0  f0=1 f1=0 f2=0 f3=0 tot_tbs=10020 tot_fail=811 tot_bler=0.08094 tot_init=9226 tot_retx=794
slot 6 index 0 rnti 5505 mcs 24
slot 14 index 0 rnti 5505 mcs 24
slot 15 index 0 rnti 5505 mcs 24
slot 16 index 0 rnti 5505 mcs 24
slot 4 index 0 rnti 5505 mcs 24
slot 5 index 0 rnti 5505 mcs 24
slot 6 index 0 rnti 5505 mcs 24
slot 14 index 0 rnti 5505 mcs 24
slot 15 index 0 rnti 5505 mcs 24
slot 16 index 0 rnti 5505 mcs 24
slot 4 index 0 rnti 5505 mcs 24
slot 5 index 0 rnti 5505 mcs 24
slot 6 index 0 rnti 5505 mcs 24
slot 14 index 0 rnti 5505 mcs 24
slot 15 index 0 rnti 5505 mcs 24
slot 16 index 0 rnti 5505 mcs 24
slot 4 index 0 rnti 5505 mcs 24
slot 5 index 0 rnti 5505 mcs 24
slot 6 index 0 rnti 5505 mcs 24
slot 14 index 0 rnti 5505 mcs 24
[EMURAN-DL-CSV] t=38.224 win_tbs=20 win_fail=2 win_bler=0.10000 mcs_last=24 mcs_min=24 mcs_max=24 r0=18 r1=2 r2=0 r3=0  f0=2 f1=0 f2=0 f3=0 tot_tbs=10040 tot_fail=813 tot_bler=0.08098 tot_init=9244 tot_retx=796
slot 15 index 0 rnti 5505 mcs 24
slot 16 index 0 rnti 5505 mcs 24
[UE-STAT] frame=300 dci_cnt=600 total_tbs=41803200 ack_real=493 nack_real=35 fb_missing=72 decode_cnt=600
slot 4 index 0 rnti 5505 mcs 24
slot 5 index 0 rnti 5505 mcs 24
slot 6 index 0 rnti 5505 mcs 24
slot 14 index 0 rnti 5505 mcs 24
slot 15 index 0 rnti 5505 mcs 24
slot 16 index 0 rnti 5505 mcs 24
slot 4 index 0 rnti 5505 mcs 24
slot 5 index 0 rnti 5505 mcs 24
slot 6 index 0 rnti 5505 mcs 24
slot 14 index 0 rnti 5505 mcs 24
slot 15 index 0 rnti 5505 mcs 24
slot 16 index 0 rnti 5505 mcs 24
slot 4 index 0 rnti 5505 mcs 24
slot 5 index 0 rnti 5505 mcs 24
slot 6 index 0 rnti 5505 mcs 24
slot 14 index 0 rnti 5505 mcs 24
slot 15 index 0 rnti 5505 mcs 24
slot 16 index 0 rnti 5505 mcs 24
[EMURAN-DL-CSV] t=38.289 win_tbs=20 win_fail=1 win_bler=0.05000 mcs_last=24 mcs_min=24 mcs_max=24 r0=19 r1=0 r2=1 r3=0  f0=1 f1=0 f2=0 f3=0 tot_tbs=10060 tot_fail=814 tot_bler=0.08091 tot_init=9263 tot_retx=797
slot 4 index 0 rnti 5505 mcs 24
slot 5 index 0 rnti 5505 mcs 24
slot 6 index 0 rnti 5505 mcs 24
slot 14 index 0 rnti 5505 mcs 24
slot 15 index 0 rnti 5505 mcs 24
slot 16 index 0 rnti 5505 mcs 24
slot 4 index 0 rnti 5505 mcs 24
slot 5 index 0 rnti 5505 mcs 24
slot 6 index 0 rnti 5505 mcs 24
slot 14 index 0 rnti 5505 mcs 24
slot 15 index 0 rnti 5505 mcs 24
slot 16 index 0 rnti 5505 mcs 24
slot 4 index 0 rnti 5505 mcs 24
slot 5 index 0 rnti 5505 mcs 24
slot 6 index 0 rnti 5505 mcs 24
slot 14 index 0 rnti 5505 mcs 24
slot 15 index 0 rnti 5505 mcs 24
slot 16 index 0 rnti 5505 mcs 24
slot 4 index 0 rnti 5505 mcs 24
slot 5 index 0 rnti 5505 mcs 24
[EMURAN-DL-CSV] t=38.361 win_tbs=20 win_fail=0 win_bler=0.00000 mcs_last=24 mcs_min=24 mcs_max=24 r0=19 r1=1 r2=0 r3=0  f0=0 f1=0 f2=0 f3=0 tot_tbs=10080 tot_fail=814 tot_bler=0.08075 tot_init=9282 tot_retx=798
slot 6 index 0 rnti 5505 mcs 24
slot 14 index 0 rnti 5505 mcs 24
slot 15 index 0 rnti 5505 mcs 24
slot 16 index 0 rnti 5505 mcs 24
slot 4 index 0 rnti 5505 mcs 24
slot 5 index 0 rnti 5505 mcs 24
slot 6 index 0 rnti 5505 mcs 24
slot 14 index 0 rnti 5505 mcs 24
slot 15 index 0 rnti 5505 mcs 24
slot 16 index 0 rnti 5505 mcs 24
slot 4 index 0 rnti 5505 mcs 24
slot 5 index 0 rnti 5505 mcs 24
slot 6 index 0 rnti 5505 mcs 24
slot 14 index 0 rnti 5505 mcs 24
slot 15 index 0 rnti 5505 mcs 24
slot 16 index 0 rnti 5505 mcs 24
slot 4 index 0 rnti 5505 mcs 24
slot 5 index 0 rnti 5505 mcs 24
slot 6 index 0 rnti 5505 mcs 24
slot 14 index 0 rnti 5505 mcs 24
[EMURAN-DL-CSV] t=38.434 win_tbs=20 win_fail=0 win_bler=0.00000 mcs_last=24 mcs_min=24 mcs_max=24 r0=20 r1=0 r2=0 r3=0  f0=0 f1=0 f2=0 f3=0 tot_tbs=10100 tot_fail=814 tot_bler=0.08059 tot_init=9302 tot_retx=798
slot 15 index 0 rnti 5505 mcs 24
slot 16 index 0 rnti 5505 mcs 24
slot 4 index 0 rnti 5505 mcs 24
slot 5 index 0 rnti 5505 mcs 24
slot 6 index 0 rnti 5505 mcs 24
slot 14 index 0 rnti 5505 mcs 24
slot 15 index 0 rnti 5505 mcs 24
slot 16 index 0 rnti 5505 mcs 24
slot 4 index 0 rnti 5505 mcs 24
slot 5 index 0 rnti 5505 mcs 24
slot 6 index 0 rnti 5505 mcs 24
slot 14 index 0 rnti 5505 mcs 24
slot 15 index 0 rnti 5505 mcs 24
slot 16 index 0 rnti 5505 mcs 24
slot 4 index 0 rnti 5505 mcs 24
slot 5 index 0 rnti 5505 mcs 24
slot 6 index 0 rnti 5505 mcs 24
slot 14 index 0 rnti 5505 mcs 24
slot 15 index 0 rnti 5505 mcs 24
slot 16 index 0 rnti 5505 mcs 24
[EMURAN-DL-CSV] t=38.499 win_tbs=20 win_fail=0 win_bler=0.00000 mcs_last=24 mcs_min=24 mcs_max=24 r0=20 r1=0 r2=0 r3=0  f0=0 f1=0 f2=0 f3=0 tot_tbs=10120 tot_fail=814 tot_bler=0.08043 tot_init=9322 tot_retx=798
slot 4 index 0 rnti 5505 mcs 24
slot 5 index 0 rnti 5505 mcs 24
slot 6 index 0 rnti 5505 mcs 24
slot 14 index 0 rnti 5505 mcs 24
slot 15 index 0 rnti 5505 mcs 24
slot 16 index 0 rnti 5505 mcs 24
slot 4 index 0 rnti 5505 mcs 24
slot 5 index 0 rnti 5505 mcs 24
slot 6 index 0 rnti 5505 mcs 24
slot 14 index 0 rnti 5505 mcs 24
slot 15 index 0 rnti 5505 mcs 24
slot 16 index 0 rnti 5505 mcs 24
slot 4 index 0 rnti 5505 mcs 24
slot 5 index 0 rnti 5505 mcs 24
slot 6 index 0 rnti 5505 mcs 24
slot 14 index 0 rnti 5505 mcs 24
slot 15 index 0 rnti 5505 mcs 24
slot 16 index 0 rnti 5505 mcs 24
slot 4 index 0 rnti 5505 mcs 24
slot 5 index 0 rnti 5505 mcs 24
[EMURAN-DL-CSV] t=38.571 win_tbs=20 win_fail=1 win_bler=0.05000 mcs_last=24 mcs_min=24 mcs_max=24 r0=19 r1=1 r2=0 r3=0  f0=1 f1=0 f2=0 f3=0 tot_tbs=10140 tot_fail=815 tot_bler=0.08037 tot_init=9341 tot_retx=799
slot 6 index 0 rnti 5505 mcs 24
slot 14 index 0 rnti 5505 mcs 24
slot 15 index 0 rnti 5505 mcs 24
slot 16 index 0 rnti 5505 mcs 24
slot 4 index 0 rnti 5505 mcs 24
slot 5 index 0 rnti 5505 mcs 24
slot 6 index 0 rnti 5505 mcs 24
slot 14 index 0 rnti 5505 mcs 24
slot 15 index 0 rnti 5505 mcs 24
slot 16 index 0 rnti 5505 mcs 24
slot 4 index 0 rnti 5505 mcs 24
slot 5 index 0 rnti 5505 mcs 24
slot 6 index 0 rnti 5505 mcs 24
slot 14 index 0 rnti 5505 mcs 24
slot 15 index 0 rnti 5505 mcs 24
slot 16 index 0 rnti 5505 mcs 24
slot 4 index 0 rnti 5505 mcs 24
slot 5 index 0 rnti 5505 mcs 24
slot 6 index 0 rnti 5505 mcs 24
slot 14 index 0 rnti 5505 mcs 24
[EMURAN-DL-CSV] t=38.644 win_tbs=20 win_fail=0 win_bler=0.00000 mcs_last=24 mcs_min=24 mcs_max=24 r0=20 r1=0 r2=0 r3=0  f0=0 f1=0 f2=0 f3=0 tot_tbs=10160 tot_fail=815 tot_bler=0.08022 tot_init=9361 tot_retx=799
slot 15 index 0 rnti 5505 mcs 24
slot 16 index 0 rnti 5505 mcs 24
slot 4 index 0 rnti 5505 mcs 24
slot 5 index 0 rnti 5505 mcs 24
slot 6 index 0 rnti 5505 mcs 24
slot 14 index 0 rnti 5505 mcs 24
slot 15 index 0 rnti 5505 mcs 24
slot 16 index 0 rnti 5505 mcs 24
slot 4 index 0 rnti 5505 mcs 24
slot 5 index 0 rnti 5505 mcs 24
slot 6 index 0 rnti 5505 mcs 24
slot 14 index 0 rnti 5505 mcs 24
slot 15 index 0 rnti 5505 mcs 24
slot 16 index 0 rnti 5505 mcs 24
slot 4 index 0 rnti 5505 mcs 24
slot 5 index 0 rnti 5505 mcs 24
slot 6 index 0 rnti 5505 mcs 24
slot 14 index 0 rnti 5505 mcs 24
slot 15 index 0 rnti 5505 mcs 24
slot 16 index 0 rnti 5505 mcs 24
[EMURAN-DL-CSV] t=38.709 win_tbs=20 win_fail=1 win_bler=0.05000 mcs_last=24 mcs_min=24 mcs_max=24 r0=18 r1=2 r2=0 r3=0  f0=1 f1=0 f2=0 f3=0 tot_tbs=10180 tot_fail=816 tot_bler=0.08016 tot_init=9379 tot_retx=801
slot 4 index 0 rnti 5505 mcs 24
slot 5 index 0 rnti 5505 mcs 24
slot 6 index 0 rnti 5505 mcs 24
slot 14 index 0 rnti 5505 mcs 24
slot 15 index 0 rnti 5505 mcs 24
slot 16 index 0 rnti 5505 mcs 24
slot 4 index 0 rnti 5505 mcs 24
slot 5 index 0 rnti 5505 mcs 24
slot 6 index 0 rnti 5505 mcs 24
slot 14 index 0 rnti 5505 mcs 24
slot 15 index 0 rnti 5505 mcs 24
slot 16 index 0 rnti 5505 mcs 24
slot 4 index 0 rnti 5505 mcs 24
slot 5 index 0 rnti 5505 mcs 24
slot 6 index 0 rnti 5505 mcs 24
slot 14 index 0 rnti 5505 mcs 24
slot 15 index 0 rnti 5505 mcs 24
slot 16 index 0 rnti 5505 mcs 24
slot 4 index 0 rnti 5505 mcs 24
slot 5 index 0 rnti 5505 mcs 24
[EMURAN-DL-CSV] t=38.781 win_tbs=20 win_fail=1 win_bler=0.05000 mcs_last=24 mcs_min=24 mcs_max=24 r0=19 r1=1 r2=0 r3=0  f0=1 f1=0 f2=0 f3=0 tot_tbs=10200 tot_fail=817 tot_bler=0.08010 tot_init=9398 tot_retx=802
slot 6 index 0 rnti 5505 mcs 24
slot 14 index 0 rnti 5505 mcs 24
slot 15 index 0 rnti 5505 mcs 24
slot 16 index 0 rnti 5505 mcs 24
slot 4 index 0 rnti 5505 mcs 24
slot 5 index 0 rnti 5505 mcs 24
slot 6 index 0 rnti 5505 mcs 24
slot 14 index 0 rnti 5505 mcs 24
slot 15 index 0 rnti 5505 mcs 24
slot 16 index 0 rnti 5505 mcs 24
slot 4 index 0 rnti 5505 mcs 24
slot 5 index 0 rnti 5505 mcs 24
slot 6 index 0 rnti 5505 mcs 24
slot 14 index 0 rnti 5505 mcs 24
slot 15 index 0 rnti 5505 mcs 24
slot 16 index 0 rnti 5505 mcs 24
slot 4 index 0 rnti 5505 mcs 24
slot 5 index 0 rnti 5505 mcs 24
slot 6 index 0 rnti 5505 mcs 24
slot 14 index 0 rnti 5505 mcs 24
[EMURAN-DL-CSV] t=38.854 win_tbs=20 win_fail=1 win_bler=0.05000 mcs_last=24 mcs_min=24 mcs_max=24 r0=19 r1=1 r2=0 r3=0  f0=1 f1=0 f2=0 f3=0 tot_tbs=10220 tot_fail=818 tot_bler=0.08004 tot_init=9417 tot_retx=803
slot 15 index 0 rnti 5505 mcs 24
slot 16 index 0 rnti 5505 mcs 24
slot 4 index 0 rnti 5505 mcs 24
slot 5 index 0 rnti 5505 mcs 24
slot 6 index 0 rnti 5505 mcs 24
slot 14 index 0 rnti 5505 mcs 24
slot 15 index 0 rnti 5505 mcs 24
slot 16 index 0 rnti 5505 mcs 24
slot 4 index 0 rnti 5505 mcs 24
slot 5 index 0 rnti 5505 mcs 24
slot 6 index 0 rnti 5505 mcs 24
slot 14 index 0 rnti 5505 mcs 24
slot 15 index 0 rnti 5505 mcs 24
slot 16 index 0 rnti 5505 mcs 24
slot 4 index 0 rnti 5505 mcs 24
slot 5 index 0 rnti 5505 mcs 24
slot 6 index 0 rnti 5505 mcs 24
slot 14 index 0 rnti 5505 mcs 24
slot 15 index 0 rnti 5505 mcs 24
slot 16 index 0 rnti 5505 mcs 24
[EMURAN-DL-CSV] t=38.919 win_tbs=20 win_fail=0 win_bler=0.00000 mcs_last=24 mcs_min=24 mcs_max=24 r0=20 r1=0 r2=0 r3=0  f0=0 f1=0 f2=0 f3=0 tot_tbs=10240 tot_fail=818 tot_bler=0.07988 tot_init=9437 tot_retx=803
slot 4 index 0 rnti 5505 mcs 24
slot 5 index 0 rnti 5505 mcs 24
slot 6 index 0 rnti 5505 mcs 24
slot 14 index 0 rnti 5505 mcs 24
slot 15 index 0 rnti 5505 mcs 24
slot 16 index 0 rnti 5505 mcs 24
slot 4 index 0 rnti 5505 mcs 24
slot 5 index 0 rnti 5505 mcs 24
slot 6 index 0 rnti 5505 mcs 24
slot 14 index 0 rnti 5505 mcs 24
slot 15 index 0 rnti 5505 mcs 24
slot 16 index 0 rnti 5505 mcs 24
slot 4 index 0 rnti 5505 mcs 24
slot 5 index 0 rnti 5505 mcs 24
slot 6 index 0 rnti 5505 mcs 24
slot 14 index 0 rnti 5505 mcs 24
slot 15 index 0 rnti 5505 mcs 24
slot 16 index 0 rnti 5505 mcs 24
slot 4 index 0 rnti 5505 mcs 24
slot 5 index 0 rnti 5505 mcs 24
[EMURAN-DL-CSV] t=38.992 win_tbs=20 win_fail=0 win_bler=0.00000 mcs_last=24 mcs_min=24 mcs_max=24 r0=20 r1=0 r2=0 r3=0  f0=0 f1=0 f2=0 f3=0 tot_tbs=10260 tot_fail=818 tot_bler=0.07973 tot_init=9457 tot_retx=803
slot 6 index 0 rnti 5505 mcs 24
slot 14 index 0 rnti 5505 mcs 24
slot 15 index 0 rnti 5505 mcs 24
slot 16 index 0 rnti 5505 mcs 24
slot 4 index 0 rnti 5505 mcs 24
slot 5 index 0 rnti 5505 mcs 24
slot 6 index 0 rnti 5505 mcs 24
slot 14 index 0 rnti 5505 mcs 24
slot 15 index 0 rnti 5505 mcs 24
slot 16 index 0 rnti 5505 mcs 24
slot 4 index 0 rnti 5505 mcs 24
slot 5 index 0 rnti 5505 mcs 24
slot 6 index 0 rnti 5505 mcs 24
slot 14 index 0 rnti 5505 mcs 24
slot 15 index 0 rnti 5505 mcs 24
slot 16 index 0 rnti 5505 mcs 24
slot 4 index 0 rnti 5505 mcs 24
slot 5 index 0 rnti 5505 mcs 24
slot 6 index 0 rnti 5505 mcs 24
slot 14 index 0 rnti 5505 mcs 24
[EMURAN-DL-CSV] t=39.064 win_tbs=20 win_fail=0 win_bler=0.00000 mcs_last=24 mcs_min=24 mcs_max=24 r0=19 r1=1 r2=0 r3=0  f0=0 f1=0 f2=0 f3=0 tot_tbs=10280 tot_fail=818 tot_bler=0.07957 tot_init=9476 tot_retx=804
slot 15 index 0 rnti 5505 mcs 24
slot 16 index 0 rnti 5505 mcs 24
slot 4 index 0 rnti 5505 mcs 24
slot 5 index 0 rnti 5505 mcs 24
slot 6 index 0 rnti 5505 mcs 24
slot 14 index 0 rnti 5505 mcs 24
slot 15 index 0 rnti 5505 mcs 24
slot 16 index 0 rnti 5505 mcs 24
slot 4 index 0 rnti 5505 mcs 24
slot 5 index 0 rnti 5505 mcs 24
slot 6 index 0 rnti 5505 mcs 24
slot 14 index 0 rnti 5505 mcs 24
slot 15 index 0 rnti 5505 mcs 24
slot 16 index 0 rnti 5505 mcs 24
slot 4 index 0 rnti 5505 mcs 24
slot 5 index 0 rnti 5505 mcs 24
slot 6 index 0 rnti 5505 mcs 24
slot 14 index 0 rnti 5505 mcs 24
slot 15 index 0 rnti 5505 mcs 24
slot 16 index 0 rnti 5505 mcs 24
[EMURAN-DL-CSV] t=39.129 win_tbs=20 win_fail=0 win_bler=0.00000 mcs_last=24 mcs_min=24 mcs_max=24 r0=20 r1=0 r2=0 r3=0  f0=0 f1=0 f2=0 f3=0 tot_tbs=10300 tot_fail=818 tot_bler=0.07942 tot_init=9496 tot_retx=804
slot 4 index 0 rnti 5505 mcs 24
slot 5 index 0 rnti 5505 mcs 24
slot 6 index 0 rnti 5505 mcs 24
slot 14 index 0 rnti 5505 mcs 24
slot 15 index 0 rnti 5505 mcs 24
slot 16 index 0 rnti 5505 mcs 24
slot 4 index 0 rnti 5505 mcs 24
slot 5 index 0 rnti 5505 mcs 24
slot 6 index 0 rnti 5505 mcs 24
slot 14 index 0 rnti 5505 mcs 24
slot 15 index 0 rnti 5505 mcs 24
slot 16 index 0 rnti 5505 mcs 24
slot 4 index 0 rnti 5505 mcs 24
slot 5 index 0 rnti 5505 mcs 24
slot 6 index 0 rnti 5505 mcs 24
slot 14 index 0 rnti 5505 mcs 24
slot 15 index 0 rnti 5505 mcs 24
slot 16 index 0 rnti 5505 mcs 24
slot 4 index 0 rnti 5505 mcs 24
slot 5 index 0 rnti 5505 mcs 24
[EMURAN-DL-CSV] t=39.202 win_tbs=20 win_fail=2 win_bler=0.10000 mcs_last=24 mcs_min=24 mcs_max=24 r0=19 r1=1 r2=0 r3=0  f0=2 f1=0 f2=0 f3=0 tot_tbs=10320 tot_fail=820 tot_bler=0.07946 tot_init=9515 tot_retx=805
slot 6 index 0 rnti 5505 mcs 24
slot 14 index 0 rnti 5505 mcs 24
slot 15 index 0 rnti 5505 mcs 24
slot 16 index 0 rnti 5505 mcs 24
slot 4 index 0 rnti 5505 mcs 24
slot 5 index 0 rnti 5505 mcs 24
slot 6 index 0 rnti 5505 mcs 24
slot 14 index 0 rnti 5505 mcs 24
slot 15 index 0 rnti 5505 mcs 24
slot 16 index 0 rnti 5505 mcs 24
slot 4 index 0 rnti 5505 mcs 24
slot 5 index 0 rnti 5505 mcs 24
slot 6 index 0 rnti 5505 mcs 24
slot 14 index 0 rnti 5505 mcs 24
slot 15 index 0 rnti 5505 mcs 24
slot 16 index 0 rnti 5505 mcs 24
slot 4 index 0 rnti 5505 mcs 24
slot 5 index 0 rnti 5505 mcs 24
slot 6 index 0 rnti 5505 mcs 24
slot 14 index 0 rnti 5505 mcs 24
[EMURAN-DL-CSV] t=39.274 win_tbs=20 win_fail=2 win_bler=0.10000 mcs_last=24 mcs_min=24 mcs_max=24 r0=17 r1=3 r2=0 r3=0  f0=2 f1=0 f2=0 f3=0 tot_tbs=10340 tot_fail=822 tot_bler=0.07950 tot_init=9532 tot_retx=808
slot 15 index 0 rnti 5505 mcs 24
slot 16 index 0 rnti 5505 mcs 24
slot 4 index 0 rnti 5505 mcs 24
slot 5 index 0 rnti 5505 mcs 24
slot 6 index 0 rnti 5505 mcs 24
slot 14 index 0 rnti 5505 mcs 24
slot 15 index 0 rnti 5505 mcs 24
slot 16 index 0 rnti 5505 mcs 24
slot 4 index 0 rnti 5505 mcs 24
slot 5 index 0 rnti 5505 mcs 24
slot 6 index 0 rnti 5505 mcs 24
slot 14 index 0 rnti 5505 mcs 24
slot 15 index 0 rnti 5505 mcs 24
slot 16 index 0 rnti 5505 mcs 24
slot 4 index 0 rnti 5505 mcs 24
slot 5 index 0 rnti 5505 mcs 24
slot 6 index 0 rnti 5505 mcs 24
slot 14 index 0 rnti 5505 mcs 24
slot 15 index 0 rnti 5505 mcs 24
slot 16 index 0 rnti 5505 mcs 24
[EMURAN-DL-CSV] t=39.339 win_tbs=20 win_fail=0 win_bler=0.00000 mcs_last=24 mcs_min=24 mcs_max=24 r0=19 r1=1 r2=0 r3=0  f0=0 f1=0 f2=0 f3=0 tot_tbs=10360 tot_fail=822 tot_bler=0.07934 tot_init=9551 tot_retx=809
slot 4 index 0 rnti 5505 mcs 24
slot 5 index 0 rnti 5505 mcs 24
slot 6 index 0 rnti 5505 mcs 24
slot 14 index 0 rnti 5505 mcs 24
slot 15 index 0 rnti 5505 mcs 24
slot 16 index 0 rnti 5505 mcs 24
slot 4 index 0 rnti 5505 mcs 24
slot 5 index 0 rnti 5505 mcs 24
slot 6 index 0 rnti 5505 mcs 24
slot 14 index 0 rnti 5505 mcs 24
slot 15 index 0 rnti 5505 mcs 24
slot 16 index 0 rnti 5505 mcs 24
slot 4 index 0 rnti 5505 mcs 24
slot 5 index 0 rnti 5505 mcs 24
slot 6 index 0 rnti 5505 mcs 24
slot 14 index 0 rnti 5505 mcs 24
slot 15 index 0 rnti 5505 mcs 24
slot 16 index 0 rnti 5505 mcs 24
slot 4 index 0 rnti 5505 mcs 24
slot 5 index 0 rnti 5505 mcs 24
[EMURAN-DL-CSV] t=39.412 win_tbs=20 win_fail=3 win_bler=0.15000 mcs_last=24 mcs_min=24 mcs_max=24 r0=18 r1=2 r2=0 r3=0  f0=3 f1=0 f2=0 f3=0 tot_tbs=10380 tot_fail=825 tot_bler=0.07948 tot_init=9569 tot_retx=811
slot 6 index 0 rnti 5505 mcs 24
slot 14 index 0 rnti 5505 mcs 24
slot 15 index 0 rnti 5505 mcs 24
slot 16 index 0 rnti 5505 mcs 24
slot 4 index 0 rnti 5505 mcs 24
slot 5 index 0 rnti 5505 mcs 24
slot 6 index 0 rnti 5505 mcs 24
slot 14 index 0 rnti 5505 mcs 24
slot 15 index 0 rnti 5505 mcs 24
slot 16 index 0 rnti 5505 mcs 24
slot 4 index 0 rnti 5505 mcs 24
slot 5 index 0 rnti 5505 mcs 24
slot 6 index 0 rnti 5505 mcs 24
slot 14 index 0 rnti 5505 mcs 24
slot 15 index 0 rnti 5505 mcs 24
slot 16 index 0 rnti 5505 mcs 24
slot 4 index 0 rnti 5505 mcs 24
slot 5 index 0 rnti 5505 mcs 24
slot 6 index 0 rnti 5505 mcs 24
slot 14 index 0 rnti 5505 mcs 24
[EMURAN-DL-CSV] t=39.484 win_tbs=20 win_fail=2 win_bler=0.10000 mcs_last=24 mcs_min=24 mcs_max=24 r0=17 r1=3 r2=0 r3=0  f0=2 f1=0 f2=0 f3=0 tot_tbs=10400 tot_fail=827 tot_bler=0.07952 tot_init=9586 tot_retx=814
slot 15 index 0 rnti 5505 mcs 24
slot 16 index 0 rnti 5505 mcs 24
slot 4 index 0 rnti 5505 mcs 24
slot 5 index 0 rnti 5505 mcs 24
slot 6 index 0 rnti 5505 mcs 24
slot 14 index 0 rnti 5505 mcs 24
slot 15 index 0 rnti 5505 mcs 24
slot 16 index 0 rnti 5505 mcs 24
slot 4 index 0 rnti 5505 mcs 24
slot 5 index 0 rnti 5505 mcs 24
slot 6 index 0 rnti 5505 mcs 24
slot 14 index 0 rnti 5505 mcs 24
slot 15 index 0 rnti 5505 mcs 24
slot 16 index 0 rnti 5505 mcs 24
slot 4 index 0 rnti 5505 mcs 24
slot 5 index 0 rnti 5505 mcs 24
slot 6 index 0 rnti 5505 mcs 24
slot 14 index 0 rnti 5505 mcs 24
slot 15 index 0 rnti 5505 mcs 24
slot 16 index 0 rnti 5505 mcs 24
[EMURAN-DL-CSV] t=39.549 win_tbs=20 win_fail=1 win_bler=0.05000 mcs_last=24 mcs_min=24 mcs_max=24 r0=20 r1=0 r2=0 r3=0  f0=1 f1=0 f2=0 f3=0 tot_tbs=10420 tot_fail=828 tot_bler=0.07946 tot_init=9606 tot_retx=814
slot 4 index 0 rnti 5505 mcs 24
slot 5 index 0 rnti 5505 mcs 24
slot 6 index 0 rnti 5505 mcs 24
slot 14 index 0 rnti 5505 mcs 24
slot 15 index 0 rnti 5505 mcs 24
slot 16 index 0 rnti 5505 mcs 24
slot 4 index 0 rnti 5505 mcs 24
slot 5 index 0 rnti 5505 mcs 24
slot 6 index 0 rnti 5505 mcs 24
slot 14 index 0 rnti 5505 mcs 24
slot 15 index 0 rnti 5505 mcs 24
slot 16 index 0 rnti 5505 mcs 24
slot 4 index 0 rnti 5505 mcs 24
slot 5 index 0 rnti 5505 mcs 24
slot 6 index 0 rnti 5505 mcs 24
slot 14 index 0 rnti 5505 mcs 24
slot 15 index 0 rnti 5505 mcs 24
slot 16 index 0 rnti 5505 mcs 24
slot 4 index 0 rnti 5505 mcs 24
slot 5 index 0 rnti 5505 mcs 24
[EMURAN-DL-CSV] t=39.622 win_tbs=20 win_fail=3 win_bler=0.15000 mcs_last=24 mcs_min=24 mcs_max=24 r0=17 r1=2 r2=1 r3=0  f0=3 f1=0 f2=0 f3=0 tot_tbs=10440 tot_fail=831 tot_bler=0.07960 tot_init=9623 tot_retx=817
slot 6 index 0 rnti 5505 mcs 24
slot 14 index 0 rnti 5505 mcs 24
slot 15 index 0 rnti 5505 mcs 24
slot 16 index 0 rnti 5505 mcs 24
slot 4 index 0 rnti 5505 mcs 24
slot 5 index 0 rnti 5505 mcs 24
slot 6 index 0 rnti 5505 mcs 24
slot 14 index 0 rnti 5505 mcs 24
slot 15 index 0 rnti 5505 mcs 24
slot 16 index 0 rnti 5505 mcs 24
slot 4 index 0 rnti 5505 mcs 24
slot 5 index 0 rnti 5505 mcs 24
slot 6 index 0 rnti 5505 mcs 24
slot 14 index 0 rnti 5505 mcs 24
slot 15 index 0 rnti 5505 mcs 24
slot 16 index 0 rnti 5505 mcs 24
slot 4 index 0 rnti 5505 mcs 24
slot 5 index 0 rnti 5505 mcs 24
slot 6 index 0 rnti 5505 mcs 24
slot 14 index 0 rnti 5505 mcs 24
[EMURAN-DL-CSV] t=39.694 win_tbs=20 win_fail=2 win_bler=0.10000 mcs_last=24 mcs_min=24 mcs_max=24 r0=18 r1=2 r2=0 r3=0  f0=2 f1=0 f2=0 f3=0 tot_tbs=10460 tot_fail=833 tot_bler=0.07964 tot_init=9641 tot_retx=819
slot 15 index 0 rnti 5505 mcs 24
slot 16 index 0 rnti 5505 mcs 24
slot 4 index 0 rnti 5505 mcs 24
slot 5 index 0 rnti 5505 mcs 24
slot 6 index 0 rnti 5505 mcs 24
slot 14 index 0 rnti 5505 mcs 24
slot 15 index 0 rnti 5505 mcs 24
slot 16 index 0 rnti 5505 mcs 24
slot 4 index 0 rnti 5505 mcs 24
slot 5 index 0 rnti 5505 mcs 24
slot 6 index 0 rnti 5505 mcs 24
slot 14 index 0 rnti 5505 mcs 24
slot 15 index 0 rnti 5505 mcs 24
slot 16 index 0 rnti 5505 mcs 24
slot 4 index 0 rnti 5505 mcs 24
slot 5 index 0 rnti 5505 mcs 24
slot 6 index 0 rnti 5505 mcs 24
slot 14 index 0 rnti 5505 mcs 24
slot 15 index 0 rnti 5505 mcs 24
slot 16 index 0 rnti 5505 mcs 24
[EMURAN-DL-CSV] t=39.759 win_tbs=20 win_fail=1 win_bler=0.05000 mcs_last=24 mcs_min=24 mcs_max=24 r0=19 r1=1 r2=0 r3=0  f0=1 f1=0 f2=0 f3=0 tot_tbs=10480 tot_fail=834 tot_bler=0.07958 tot_init=9660 tot_retx=820
slot 4 index 0 rnti 5505 mcs 24
slot 5 index 0 rnti 5505 mcs 24
slot 6 index 0 rnti 5505 mcs 24
slot 14 index 0 rnti 5505 mcs 24
slot 15 index 0 rnti 5505 mcs 24
slot 16 index 0 rnti 5505 mcs 24
slot 4 index 0 rnti 5505 mcs 24
slot 5 index 0 rnti 5505 mcs 24
slot 6 index 0 rnti 5505 mcs 24
slot 14 index 0 rnti 5505 mcs 24
slot 15 index 0 rnti 5505 mcs 24
slot 16 index 0 rnti 5505 mcs 24
slot 4 index 0 rnti 5505 mcs 24
slot 5 index 0 rnti 5505 mcs 24
slot 6 index 0 rnti 5505 mcs 24
slot 14 index 0 rnti 5505 mcs 24
slot 15 index 0 rnti 5505 mcs 24
slot 16 index 0 rnti 5505 mcs 24
slot 4 index 0 rnti 5505 mcs 24
slot 5 index 0 rnti 5505 mcs 24
[EMURAN-DL-CSV] t=39.832 win_tbs=20 win_fail=1 win_bler=0.05000 mcs_last=24 mcs_min=24 mcs_max=24 r0=19 r1=1 r2=0 r3=0  f0=1 f1=0 f2=0 f3=0 tot_tbs=10500 tot_fail=835 tot_bler=0.07952 tot_init=9679 tot_retx=821
slot 6 index 0 rnti 5505 mcs 24
slot 14 index 0 rnti 5505 mcs 24
slot 15 index 0 rnti 5505 mcs 24
slot 16 index 0 rnti 5505 mcs 24
slot 4 index 0 rnti 5505 mcs 24
slot 5 index 0 rnti 5505 mcs 24
slot 6 index 0 rnti 5505 mcs 24
slot 14 index 0 rnti 5505 mcs 24
slot 15 index 0 rnti 5505 mcs 24
slot 16 index 0 rnti 5505 mcs 24
slot 4 index 0 rnti 5505 mcs 24
slot 5 index 0 rnti 5505 mcs 24
slot 6 index 0 rnti 5505 mcs 24
slot 14 index 0 rnti 5505 mcs 24
slot 15 index 0 rnti 5505 mcs 24
slot 16 index 0 rnti 5505 mcs 24
slot 4 index 0 rnti 5505 mcs 24
slot 5 index 0 rnti 5505 mcs 24
slot 6 index 0 rnti 5505 mcs 24
slot 14 index 0 rnti 5505 mcs 24
[EMURAN-DL-CSV] t=39.905 win_tbs=20 win_fail=1 win_bler=0.05000 mcs_last=24 mcs_min=24 mcs_max=24 r0=19 r1=1 r2=0 r3=0  f0=1 f1=0 f2=0 f3=0 tot_tbs=10520 tot_fail=836 tot_bler=0.07947 tot_init=9698 tot_retx=822
slot 15 index 0 rnti 5505 mcs 24
slot 16 index 0 rnti 5505 mcs 24
slot 4 index 0 rnti 5505 mcs 24
slot 5 index 0 rnti 5505 mcs 24
slot 6 index 0 rnti 5505 mcs 24
slot 14 index 0 rnti 5505 mcs 24
slot 15 index 0 rnti 5505 mcs 24
slot 16 index 0 rnti 5505 mcs 24
slot 4 index 0 rnti 5505 mcs 24
slot 5 index 0 rnti 5505 mcs 24
slot 6 index 0 rnti 5505 mcs 24
slot 14 index 0 rnti 5505 mcs 24
slot 15 index 0 rnti 5505 mcs 24
slot 16 index 0 rnti 5505 mcs 24
slot 4 index 0 rnti 5505 mcs 24
slot 5 index 0 rnti 5505 mcs 24
slot 6 index 0 rnti 5505 mcs 24
slot 14 index 0 rnti 5505 mcs 24
slot 15 index 0 rnti 5505 mcs 24
slot 16 index 0 rnti 5505 mcs 24
[EMURAN-DL-CSV] t=39.970 win_tbs=20 win_fail=0 win_bler=0.00000 mcs_last=24 mcs_min=24 mcs_max=24 r0=20 r1=0 r2=0 r3=0  f0=0 f1=0 f2=0 f3=0 tot_tbs=10540 tot_fail=836 tot_bler=0.07932 tot_init=9718 tot_retx=822
slot 4 index 0 rnti 5505 mcs 24
slot 5 index 0 rnti 5505 mcs 24
slot 6 index 0 rnti 5505 mcs 24
slot 14 index 0 rnti 5505 mcs 24
slot 15 index 0 rnti 5505 mcs 24
slot 16 index 0 rnti 5505 mcs 24
slot 4 index 0 rnti 5505 mcs 24
slot 5 index 0 rnti 5505 mcs 24
slot 6 index 0 rnti 5505 mcs 24
slot 14 index 0 rnti 5505 mcs 24
slot 15 index 0 rnti 5505 mcs 24
slot 16 index 0 rnti 5505 mcs 24
slot 4 index 0 rnti 5505 mcs 24
slot 5 index 0 rnti 5505 mcs 24
slot 6 index 0 rnti 5505 mcs 24
slot 14 index 0 rnti 5505 mcs 24
slot 15 index 0 rnti 5505 mcs 24
slot 16 index 0 rnti 5505 mcs 24
slot 4 index 0 rnti 5505 mcs 24
slot 5 index 0 rnti 5505 mcs 24
[EMURAN-DL-CSV] t=40.042 win_tbs=20 win_fail=1 win_bler=0.05000 mcs_last=24 mcs_min=24 mcs_max=24 r0=19 r1=1 r2=0 r3=0  f0=1 f1=0 f2=0 f3=0 tot_tbs=10560 tot_fail=837 tot_bler=0.07926 tot_init=9737 tot_retx=823
slot 6 index 0 rnti 5505 mcs 24
slot 14 index 0 rnti 5505 mcs 24
slot 15 index 0 rnti 5505 mcs 24
slot 16 index 0 rnti 5505 mcs 24
slot 4 index 0 rnti 5505 mcs 24
slot 5 index 0 rnti 5505 mcs 24
slot 6 index 0 rnti 5505 mcs 24
slot 14 index 0 rnti 5505 mcs 24
slot 15 index 0 rnti 5505 mcs 24
slot 16 index 0 rnti 5505 mcs 24
slot 4 index 0 rnti 5505 mcs 24
slot 5 index 0 rnti 5505 mcs 24
slot 6 index 0 rnti 5505 mcs 24
slot 14 index 0 rnti 5505 mcs 24
slot 15 index 0 rnti 5505 mcs 24
slot 16 index 0 rnti 5505 mcs 24
slot 4 index 0 rnti 5505 mcs 24
slot 5 index 0 rnti 5505 mcs 24
slot 6 index 0 rnti 5505 mcs 24
slot 14 index 0 rnti 5505 mcs 24
[EMURAN-DL-CSV] t=40.115 win_tbs=20 win_fail=0 win_bler=0.00000 mcs_last=24 mcs_min=24 mcs_max=24 r0=20 r1=0 r2=0 r3=0  f0=0 f1=0 f2=0 f3=0 tot_tbs=10580 tot_fail=837 tot_bler=0.07911 tot_init=9757 tot_retx=823
slot 15 index 0 rnti 5505 mcs 24
slot 16 index 0 rnti 5505 mcs 24
slot 4 index 0 rnti 5505 mcs 24
slot 5 index 0 rnti 5505 mcs 24
slot 6 index 0 rnti 5505 mcs 24
slot 14 index 0 rnti 5505 mcs 24
slot 15 index 0 rnti 5505 mcs 24
slot 16 index 0 rnti 5505 mcs 24
slot 4 index 0 rnti 5505 mcs 24
slot 5 index 0 rnti 5505 mcs 24
slot 6 index 0 rnti 5505 mcs 24
slot 14 index 0 rnti 5505 mcs 24
slot 15 index 0 rnti 5505 mcs 24
slot 16 index 0 rnti 5505 mcs 24
slot 4 index 0 rnti 5505 mcs 24
slot 5 index 0 rnti 5505 mcs 24
slot 6 index 0 rnti 5505 mcs 24
slot 14 index 0 rnti 5505 mcs 24
slot 15 index 0 rnti 5505 mcs 24
slot 16 index 0 rnti 5505 mcs 24
[EMURAN-DL-CSV] t=40.180 win_tbs=20 win_fail=0 win_bler=0.00000 mcs_last=24 mcs_min=24 mcs_max=24 r0=20 r1=0 r2=0 r3=0  f0=0 f1=0 f2=0 f3=0 tot_tbs=10600 tot_fail=837 tot_bler=0.07896 tot_init=9777 tot_retx=823
slot 4 index 0 rnti 5505 mcs 24
slot 5 index 0 rnti 5505 mcs 24
slot 6 index 0 rnti 5505 mcs 24
slot 14 index 0 rnti 5505 mcs 24
slot 15 index 0 rnti 5505 mcs 24
slot 16 index 0 rnti 5505 mcs 24
slot 4 index 0 rnti 5505 mcs 24
slot 5 index 0 rnti 5505 mcs 24
slot 6 index 0 rnti 5505 mcs 24
slot 14 index 0 rnti 5505 mcs 24
slot 15 index 0 rnti 5505 mcs 24
slot 16 index 0 rnti 5505 mcs 24
slot 4 index 0 rnti 5505 mcs 24
slot 5 index 0 rnti 5505 mcs 24
slot 6 index 0 rnti 5505 mcs 24
slot 14 index 0 rnti 5505 mcs 24
slot 15 index 0 rnti 5505 mcs 24
slot 16 index 0 rnti 5505 mcs 24
slot 4 index 0 rnti 5505 mcs 24
slot 5 index 0 rnti 5505 mcs 24
[EMURAN-DL-CSV] t=40.252 win_tbs=20 win_fail=2 win_bler=0.10000 mcs_last=24 mcs_min=24 mcs_max=24 r0=18 r1=2 r2=0 r3=0  f0=1 f1=1 f2=0 f3=0 tot_tbs=10620 tot_fail=839 tot_bler=0.07900 tot_init=9795 tot_retx=825
slot 6 index 0 rnti 5505 mcs 24
slot 14 index 0 rnti 5505 mcs 24
slot 15 index 0 rnti 5505 mcs 24
slot 16 index 0 rnti 5505 mcs 24
slot 4 index 0 rnti 5505 mcs 24
slot 5 index 0 rnti 5505 mcs 24
slot 6 index 0 rnti 5505 mcs 24
slot 14 index 0 rnti 5505 mcs 24
slot 15 index 0 rnti 5505 mcs 24
slot 16 index 0 rnti 5505 mcs 24
slot 4 index 0 rnti 5505 mcs 24
slot 5 index 0 rnti 5505 mcs 24
slot 6 index 0 rnti 5505 mcs 24
slot 14 index 0 rnti 5505 mcs 24
slot 15 index 0 rnti 5505 mcs 24
slot 16 index 0 rnti 5505 mcs 24
slot 4 index 0 rnti 5505 mcs 24
slot 5 index 0 rnti 5505 mcs 24
slot 6 index 0 rnti 5505 mcs 24
slot 14 index 0 rnti 5505 mcs 24
[EMURAN-DL-CSV] t=40.325 win_tbs=20 win_fail=2 win_bler=0.10000 mcs_last=24 mcs_min=24 mcs_max=24 r0=19 r1=1 r2=0 r3=0  f0=2 f1=0 f2=0 f3=0 tot_tbs=10640 tot_fail=841 tot_bler=0.07904 tot_init=9814 tot_retx=826
slot 15 index 0 rnti 5505 mcs 24
slot 16 index 0 rnti 5505 mcs 24
[UE-STAT] frame=400 dci_cnt=600 total_tbs=41803200 ack_real=501 nack_real=23 fb_missing=76 decode_cnt=600
slot 4 index 0 rnti 5505 mcs 24
slot 5 index 0 rnti 5505 mcs 24
slot 6 index 0 rnti 5505 mcs 24
slot 14 index 0 rnti 5505 mcs 24
slot 15 index 0 rnti 5505 mcs 24
slot 16 index 0 rnti 5505 mcs 24
slot 4 index 0 rnti 5505 mcs 24
slot 5 index 0 rnti 5505 mcs 24
slot 6 index 0 rnti 5505 mcs 24
slot 14 index 0 rnti 5505 mcs 24
slot 15 index 0 rnti 5505 mcs 24
slot 16 index 0 rnti 5505 mcs 24
slot 4 index 0 rnti 5505 mcs 24
slot 5 index 0 rnti 5505 mcs 24
slot 6 index 0 rnti 5505 mcs 24
slot 14 index 0 rnti 5505 mcs 24
slot 15 index 0 rnti 5505 mcs 24
slot 16 index 0 rnti 5505 mcs 24
[EMURAN-DL-CSV] t=40.390 win_tbs=20 win_fail=0 win_bler=0.00000 mcs_last=24 mcs_min=24 mcs_max=24 r0=19 r1=1 r2=0 r3=0  f0=0 f1=0 f2=0 f3=0 tot_tbs=10660 tot_fail=841 tot_bler=0.07889 tot_init=9833 tot_retx=827
slot 4 index 0 rnti 5505 mcs 24
slot 5 index 0 rnti 5505 mcs 24
slot 6 index 0 rnti 5505 mcs 24
slot 14 index 0 rnti 5505 mcs 24
slot 15 index 0 rnti 5505 mcs 24
slot 16 index 0 rnti 5505 mcs 24
slot 4 index 0 rnti 5505 mcs 24
slot 5 index 0 rnti 5505 mcs 24
slot 6 index 0 rnti 5505 mcs 24
slot 14 index 0 rnti 5505 mcs 24
slot 15 index 0 rnti 5505 mcs 24
slot 16 index 0 rnti 5505 mcs 24
slot 4 index 0 rnti 5505 mcs 24
slot 5 index 0 rnti 5505 mcs 24
slot 6 index 0 rnti 5505 mcs 24
slot 14 index 0 rnti 5505 mcs 24
slot 15 index 0 rnti 5505 mcs 24
slot 16 index 0 rnti 5505 mcs 24
slot 4 index 0 rnti 5505 mcs 24
slot 5 index 0 rnti 5505 mcs 24
[EMURAN-DL-CSV] t=40.462 win_tbs=20 win_fail=3 win_bler=0.15000 mcs_last=24 mcs_min=24 mcs_max=24 r0=18 r1=2 r2=0 r3=0  f0=3 f1=0 f2=0 f3=0 tot_tbs=10680 tot_fail=844 tot_bler=0.07903 tot_init=9851 tot_retx=829
slot 6 index 0 rnti 5505 mcs 24
slot 14 index 0 rnti 5505 mcs 24
slot 15 index 0 rnti 5505 mcs 24
slot 16 index 0 rnti 5505 mcs 24
slot 4 index 0 rnti 5505 mcs 24
slot 5 index 0 rnti 5505 mcs 24
slot 6 index 0 rnti 5505 mcs 24
slot 14 index 0 rnti 5505 mcs 24
slot 15 index 0 rnti 5505 mcs 24
slot 16 index 0 rnti 5505 mcs 24
slot 4 index 0 rnti 5505 mcs 24
slot 5 index 0 rnti 5505 mcs 24
slot 6 index 0 rnti 5505 mcs 24
slot 14 index 0 rnti 5505 mcs 24
slot 15 index 0 rnti 5505 mcs 24
slot 16 index 0 rnti 5505 mcs 24
slot 4 index 0 rnti 5505 mcs 24
slot 5 index 0 rnti 5505 mcs 24
slot 6 index 0 rnti 5505 mcs 24
slot 14 index 0 rnti 5505 mcs 24
[EMURAN-DL-CSV] t=40.535 win_tbs=20 win_fail=3 win_bler=0.15000 mcs_last=24 mcs_min=24 mcs_max=24 r0=18 r1=2 r2=0 r3=0  f0=2 f1=1 f2=0 f3=0 tot_tbs=10700 tot_fail=847 tot_bler=0.07916 tot_init=9869 tot_retx=831
slot 15 index 0 rnti 5505 mcs 24
slot 16 index 0 rnti 5505 mcs 24
slot 4 index 0 rnti 5505 mcs 24
slot 5 index 0 rnti 5505 mcs 24
slot 6 index 0 rnti 5505 mcs 24
slot 14 index 0 rnti 5505 mcs 24
slot 15 index 0 rnti 5505 mcs 24
slot 16 index 0 rnti 5505 mcs 24
slot 4 index 0 rnti 5505 mcs 24
slot 5 index 0 rnti 5505 mcs 24
slot 6 index 0 rnti 5505 mcs 24
slot 14 index 0 rnti 5505 mcs 24
slot 15 index 0 rnti 5505 mcs 24
slot 16 index 0 rnti 5505 mcs 24
slot 4 index 0 rnti 5505 mcs 24
slot 5 index 0 rnti 5505 mcs 24
slot 6 index 0 rnti 5505 mcs 24
slot 14 index 0 rnti 5505 mcs 24
slot 15 index 0 rnti 5505 mcs 24
slot 16 index 0 rnti 5505 mcs 24
[EMURAN-DL-CSV] t=40.600 win_tbs=20 win_fail=1 win_bler=0.05000 mcs_last=24 mcs_min=24 mcs_max=24 r0=18 r1=2 r2=0 r3=0  f0=1 f1=0 f2=0 f3=0 tot_tbs=10720 tot_fail=848 tot_bler=0.07910 tot_init=9887 tot_retx=833
slot 4 index 0 rnti 5505 mcs 24
slot 5 index 0 rnti 5505 mcs 24
slot 6 index 0 rnti 5505 mcs 24
slot 14 index 0 rnti 5505 mcs 24
slot 15 index 0 rnti 5505 mcs 24
slot 16 index 0 rnti 5505 mcs 24
slot 4 index 0 rnti 5505 mcs 24
slot 5 index 0 rnti 5505 mcs 24
slot 6 index 0 rnti 5505 mcs 24
slot 14 index 0 rnti 5505 mcs 24
slot 15 index 0 rnti 5505 mcs 24
slot 16 index 0 rnti 5505 mcs 24
slot 4 index 0 rnti 5505 mcs 24
slot 5 index 0 rnti 5505 mcs 24
slot 6 index 0 rnti 5505 mcs 24
slot 14 index 0 rnti 5505 mcs 24
slot 15 index 0 rnti 5505 mcs 24
slot 16 index 0 rnti 5505 mcs 24
slot 4 index 0 rnti 5505 mcs 24
slot 5 index 0 rnti 5505 mcs 24
[EMURAN-DL-CSV] t=40.673 win_tbs=20 win_fail=1 win_bler=0.05000 mcs_last=24 mcs_min=24 mcs_max=24 r0=20 r1=0 r2=0 r3=0  f0=1 f1=0 f2=0 f3=0 tot_tbs=10740 tot_fail=849 tot_bler=0.07905 tot_init=9907 tot_retx=833
slot 6 index 0 rnti 5505 mcs 24
slot 14 index 0 rnti 5505 mcs 24
slot 15 index 0 rnti 5505 mcs 24
slot 16 index 0 rnti 5505 mcs 24
slot 4 index 0 rnti 5505 mcs 24
slot 5 index 0 rnti 5505 mcs 24
slot 6 index 0 rnti 5505 mcs 24
slot 14 index 0 rnti 5505 mcs 24
slot 15 index 0 rnti 5505 mcs 24
slot 16 index 0 rnti 5505 mcs 24
slot 4 index 0 rnti 5505 mcs 24
slot 5 index 0 rnti 5505 mcs 24
slot 6 index 0 rnti 5505 mcs 24
slot 14 index 0 rnti 5505 mcs 24
slot 15 index 0 rnti 5505 mcs 24
slot 16 index 0 rnti 5505 mcs 24
slot 4 index 0 rnti 5505 mcs 24
slot 5 index 0 rnti 5505 mcs 24
slot 6 index 0 rnti 5505 mcs 24
slot 14 index 0 rnti 5505 mcs 24
[EMURAN-DL-CSV] t=40.745 win_tbs=20 win_fail=1 win_bler=0.05000 mcs_last=24 mcs_min=24 mcs_max=24 r0=17 r1=3 r2=0 r3=0  f0=1 f1=0 f2=0 f3=0 tot_tbs=10760 tot_fail=850 tot_bler=0.07900 tot_init=9924 tot_retx=836
slot 15 index 0 rnti 5505 mcs 24
slot 16 index 0 rnti 5505 mcs 24
slot 4 index 0 rnti 5505 mcs 24
slot 5 index 0 rnti 5505 mcs 24
slot 6 index 0 rnti 5505 mcs 24
slot 14 index 0 rnti 5505 mcs 24
slot 15 index 0 rnti 5505 mcs 24
slot 16 index 0 rnti 5505 mcs 24
slot 4 index 0 rnti 5505 mcs 24
slot 5 index 0 rnti 5505 mcs 24
slot 6 index 0 rnti 5505 mcs 24
slot 14 index 0 rnti 5505 mcs 24
slot 15 index 0 rnti 5505 mcs 24
slot 16 index 0 rnti 5505 mcs 24
slot 4 index 0 rnti 5505 mcs 24
slot 5 index 0 rnti 5505 mcs 24
slot 6 index 0 rnti 5505 mcs 24
slot 14 index 0 rnti 5505 mcs 24
slot 15 index 0 rnti 5505 mcs 24
slot 16 index 0 rnti 5505 mcs 24
[EMURAN-DL-CSV] t=40.810 win_tbs=20 win_fail=1 win_bler=0.05000 mcs_last=24 mcs_min=24 mcs_max=24 r0=20 r1=0 r2=0 r3=0  f0=1 f1=0 f2=0 f3=0 tot_tbs=10780 tot_fail=851 tot_bler=0.07894 tot_init=9944 tot_retx=836
slot 4 index 0 rnti 5505 mcs 24
slot 5 index 0 rnti 5505 mcs 24
slot 6 index 0 rnti 5505 mcs 24
slot 14 index 0 rnti 5505 mcs 24
slot 15 index 0 rnti 5505 mcs 24
slot 16 index 0 rnti 5505 mcs 24
slot 4 index 0 rnti 5505 mcs 24
slot 5 index 0 rnti 5505 mcs 24
slot 6 index 0 rnti 5505 mcs 24
slot 14 index 0 rnti 5505 mcs 24
slot 15 index 0 rnti 5505 mcs 24
slot 16 index 0 rnti 5505 mcs 24
slot 4 index 0 rnti 5505 mcs 24
slot 5 index 0 rnti 5505 mcs 24
slot 6 index 0 rnti 5505 mcs 24
slot 14 index 0 rnti 5505 mcs 24
slot 15 index 0 rnti 5505 mcs 24
slot 16 index 0 rnti 5505 mcs 24
slot 4 index 0 rnti 5505 mcs 24
slot 5 index 0 rnti 5505 mcs 24
[EMURAN-DL-CSV] t=40.882 win_tbs=20 win_fail=2 win_bler=0.10000 mcs_last=24 mcs_min=24 mcs_max=24 r0=19 r1=1 r2=0 r3=0  f0=2 f1=0 f2=0 f3=0 tot_tbs=10800 tot_fail=853 tot_bler=0.07898 tot_init=9963 tot_retx=837
slot 6 index 0 rnti 5505 mcs 24
slot 14 index 0 rnti 5505 mcs 24
slot 15 index 0 rnti 5505 mcs 24
slot 16 index 0 rnti 5505 mcs 24
slot 4 index 0 rnti 5505 mcs 24
slot 5 index 0 rnti 5505 mcs 24
slot 6 index 0 rnti 5505 mcs 24
slot 14 index 0 rnti 5505 mcs 24
slot 15 index 0 rnti 5505 mcs 24
slot 16 index 0 rnti 5505 mcs 24
slot 4 index 0 rnti 5505 mcs 24
slot 5 index 0 rnti 5505 mcs 24
slot 6 index 0 rnti 5505 mcs 24
slot 14 index 0 rnti 5505 mcs 24
slot 15 index 0 rnti 5505 mcs 24
slot 16 index 0 rnti 5505 mcs 24
slot 4 index 0 rnti 5505 mcs 24
slot 5 index 0 rnti 5505 mcs 24
slot 6 index 0 rnti 5505 mcs 24
slot 14 index 0 rnti 5505 mcs 24
[EMURAN-DL-CSV] t=40.955 win_tbs=20 win_fail=2 win_bler=0.10000 mcs_last=24 mcs_min=24 mcs_max=24 r0=18 r1=1 r2=1 r3=0  f0=2 f1=0 f2=0 f3=0 tot_tbs=10820 tot_fail=855 tot_bler=0.07902 tot_init=9981 tot_retx=839
slot 15 index 0 rnti 5505 mcs 24
slot 16 index 0 rnti 5505 mcs 24
slot 4 index 0 rnti 5505 mcs 24
slot 5 index 0 rnti 5505 mcs 24
slot 6 index 0 rnti 5505 mcs 24
slot 14 index 0 rnti 5505 mcs 24
slot 15 index 0 rnti 5505 mcs 24
slot 16 index 0 rnti 5505 mcs 24
slot 4 index 0 rnti 5505 mcs 24
slot 5 index 0 rnti 5505 mcs 24
slot 6 index 0 rnti 5505 mcs 24
slot 14 index 0 rnti 5505 mcs 24
slot 15 index 0 rnti 5505 mcs 24
slot 16 index 0 rnti 5505 mcs 24
slot 4 index 0 rnti 5505 mcs 24
slot 5 index 0 rnti 5505 mcs 24
slot 6 index 0 rnti 5505 mcs 24
slot 14 index 0 rnti 5505 mcs 24
slot 15 index 0 rnti 5505 mcs 24
slot 16 index 0 rnti 5505 mcs 24
[EMURAN-DL-CSV] t=41.020 win_tbs=20 win_fail=2 win_bler=0.10000 mcs_last=24 mcs_min=24 mcs_max=24 r0=17 r1=3 r2=0 r3=0  f0=1 f1=1 f2=0 f3=0 tot_tbs=10840 tot_fail=857 tot_bler=0.07906 tot_init=9998 tot_retx=842
slot 4 index 0 rnti 5505 mcs 24
slot 5 index 0 rnti 5505 mcs 24
slot 6 index 0 rnti 5505 mcs 24
slot 14 index 0 rnti 5505 mcs 24
slot 15 index 0 rnti 5505 mcs 24
slot 16 index 0 rnti 5505 mcs 24
slot 4 index 0 rnti 5505 mcs 24
slot 5 index 0 rnti 5505 mcs 24
slot 6 index 0 rnti 5505 mcs 24
slot 14 index 0 rnti 5505 mcs 24
slot 15 index 0 rnti 5505 mcs 24
slot 16 index 0 rnti 5505 mcs 24
slot 4 index 0 rnti 5505 mcs 24
slot 5 index 0 rnti 5505 mcs 24
slot 6 index 0 rnti 5505 mcs 24
slot 14 index 0 rnti 5505 mcs 24
slot 15 index 0 rnti 5505 mcs 24
slot 16 index 0 rnti 5505 mcs 24
slot 4 index 0 rnti 5505 mcs 24
slot 5 index 0 rnti 5505 mcs 24
[EMURAN-DL-CSV] t=41.092 win_tbs=20 win_fail=2 win_bler=0.10000 mcs_last=24 mcs_min=24 mcs_max=24 r0=18 r1=1 r2=1 r3=0  f0=2 f1=0 f2=0 f3=0 tot_tbs=10860 tot_fail=859 tot_bler=0.07910 tot_init=10016 tot_retx=844
slot 6 index 0 rnti 5505 mcs 24
slot 14 index 0 rnti 5505 mcs 24
slot 15 index 0 rnti 5505 mcs 24
slot 16 index 0 rnti 5505 mcs 24
slot 4 index 0 rnti 5505 mcs 24
slot 5 index 0 rnti 5505 mcs 24
slot 6 index 0 rnti 5505 mcs 24
slot 14 index 0 rnti 5505 mcs 24
slot 15 index 0 rnti 5505 mcs 24
slot 16 index 0 rnti 5505 mcs 24
slot 4 index 0 rnti 5505 mcs 24
slot 5 index 0 rnti 5505 mcs 24
slot 6 index 0 rnti 5505 mcs 24
slot 14 index 0 rnti 5505 mcs 24
slot 15 index 0 rnti 5505 mcs 24
slot 16 index 0 rnti 5505 mcs 24
slot 4 index 0 rnti 5505 mcs 24
slot 5 index 0 rnti 5505 mcs 24
slot 6 index 0 rnti 5505 mcs 24
slot 14 index 0 rnti 5505 mcs 24
[EMURAN-DL-CSV] t=41.165 win_tbs=20 win_fail=2 win_bler=0.10000 mcs_last=24 mcs_min=24 mcs_max=24 r0=18 r1=1 r2=1 r3=0  f0=2 f1=0 f2=0 f3=0 tot_tbs=10880 tot_fail=861 tot_bler=0.07914 tot_init=10034 tot_retx=846
slot 15 index 0 rnti 5505 mcs 24
slot 16 index 0 rnti 5505 mcs 24
slot 4 index 0 rnti 5505 mcs 24
slot 5 index 0 rnti 5505 mcs 24
slot 6 index 0 rnti 5505 mcs 24
slot 14 index 0 rnti 5505 mcs 24
slot 15 index 0 rnti 5505 mcs 24
slot 16 index 0 rnti 5505 mcs 24
slot 4 index 0 rnti 5505 mcs 24
slot 5 index 0 rnti 5505 mcs 24
slot 6 index 0 rnti 5505 mcs 24
slot 14 index 0 rnti 5505 mcs 24
slot 15 index 0 rnti 5505 mcs 24
slot 16 index 0 rnti 5505 mcs 24
slot 4 index 0 rnti 5505 mcs 24
slot 5 index 0 rnti 5505 mcs 24
slot 6 index 0 rnti 5505 mcs 24
slot 14 index 0 rnti 5505 mcs 24
slot 15 index 0 rnti 5505 mcs 24
slot 16 index 0 rnti 5505 mcs 24
[EMURAN-DL-CSV] t=41.230 win_tbs=20 win_fail=0 win_bler=0.00000 mcs_last=24 mcs_min=24 mcs_max=24 r0=20 r1=0 r2=0 r3=0  f0=0 f1=0 f2=0 f3=0 tot_tbs=10900 tot_fail=861 tot_bler=0.07899 tot_init=10054 tot_retx=846
slot 4 index 0 rnti 5505 mcs 24
slot 5 index 0 rnti 5505 mcs 24
slot 6 index 0 rnti 5505 mcs 24
slot 14 index 0 rnti 5505 mcs 24
slot 15 index 0 rnti 5505 mcs 24
slot 16 index 0 rnti 5505 mcs 24
slot 4 index 0 rnti 5505 mcs 24
slot 5 index 0 rnti 5505 mcs 24
slot 6 index 0 rnti 5505 mcs 24
slot 14 index 0 rnti 5505 mcs 24
slot 15 index 0 rnti 5505 mcs 24
slot 16 index 0 rnti 5505 mcs 24
slot 4 index 0 rnti 5505 mcs 24
slot 5 index 0 rnti 5505 mcs 24
slot 6 index 0 rnti 5505 mcs 24
slot 14 index 0 rnti 5505 mcs 24
slot 15 index 0 rnti 5505 mcs 24
slot 16 index 0 rnti 5505 mcs 24
slot 4 index 0 rnti 5505 mcs 24
slot 5 index 0 rnti 5505 mcs 24
[EMURAN-DL-CSV] t=41.303 win_tbs=20 win_fail=1 win_bler=0.05000 mcs_last=24 mcs_min=24 mcs_max=24 r0=19 r1=1 r2=0 r3=0  f0=1 f1=0 f2=0 f3=0 tot_tbs=10920 tot_fail=862 tot_bler=0.07894 tot_init=10073 tot_retx=847
slot 6 index 0 rnti 5505 mcs 24
slot 14 index 0 rnti 5505 mcs 24
slot 15 index 0 rnti 5505 mcs 24
slot 16 index 0 rnti 5505 mcs 24
slot 4 index 0 rnti 5505 mcs 24
slot 5 index 0 rnti 5505 mcs 24
slot 6 index 0 rnti 5505 mcs 24
slot 14 index 0 rnti 5505 mcs 24
slot 15 index 0 rnti 5505 mcs 24
slot 16 index 0 rnti 5505 mcs 24
slot 4 index 0 rnti 5505 mcs 24
slot 5 index 0 rnti 5505 mcs 24
slot 6 index 0 rnti 5505 mcs 24
slot 14 index 0 rnti 5505 mcs 24
slot 15 index 0 rnti 5505 mcs 24
slot 16 index 0 rnti 5505 mcs 24
slot 4 index 0 rnti 5505 mcs 24
slot 5 index 0 rnti 5505 mcs 24
slot 6 index 0 rnti 5505 mcs 24
slot 14 index 0 rnti 5505 mcs 24
[EMURAN-DL-CSV] t=41.375 win_tbs=20 win_fail=1 win_bler=0.05000 mcs_last=24 mcs_min=24 mcs_max=24 r0=19 r1=1 r2=0 r3=0  f0=0 f1=1 f2=0 f3=0 tot_tbs=10940 tot_fail=863 tot_bler=0.07888 tot_init=10092 tot_retx=848
slot 15 index 0 rnti 5505 mcs 24
slot 16 index 0 rnti 5505 mcs 24
slot 4 index 0 rnti 5505 mcs 24
slot 5 index 0 rnti 5505 mcs 24
slot 6 index 0 rnti 5505 mcs 24
slot 14 index 0 rnti 5505 mcs 24
slot 15 index 0 rnti 5505 mcs 24
slot 16 index 0 rnti 5505 mcs 24
slot 4 index 0 rnti 5505 mcs 24
slot 5 index 0 rnti 5505 mcs 24
slot 6 index 0 rnti 5505 mcs 24
slot 14 index 0 rnti 5505 mcs 24
slot 15 index 0 rnti 5505 mcs 24
slot 16 index 0 rnti 5505 mcs 24
slot 4 index 0 rnti 5505 mcs 24
slot 5 index 0 rnti 5505 mcs 24
slot 6 index 0 rnti 5505 mcs 24
slot 14 index 0 rnti 5505 mcs 24
slot 15 index 0 rnti 5505 mcs 24
slot 16 index 0 rnti 5505 mcs 24
[EMURAN-DL-CSV] t=41.440 win_tbs=20 win_fail=0 win_bler=0.00000 mcs_last=24 mcs_min=24 mcs_max=24 r0=20 r1=0 r2=0 r3=0  f0=0 f1=0 f2=0 f3=0 tot_tbs=10960 tot_fail=863 tot_bler=0.07874 tot_init=10112 tot_retx=848
slot 4 index 0 rnti 5505 mcs 24
slot 5 index 0 rnti 5505 mcs 24
slot 6 index 0 rnti 5505 mcs 24
slot 14 index 0 rnti 5505 mcs 24
slot 15 index 0 rnti 5505 mcs 24
slot 16 index 0 rnti 5505 mcs 24
slot 4 index 0 rnti 5505 mcs 24
slot 5 index 0 rnti 5505 mcs 24
slot 6 index 0 rnti 5505 mcs 24
slot 14 index 0 rnti 5505 mcs 24
slot 15 index 0 rnti 5505 mcs 24
slot 16 index 0 rnti 5505 mcs 24
slot 4 index 0 rnti 5505 mcs 24
slot 5 index 0 rnti 5505 mcs 24
slot 6 index 0 rnti 5505 mcs 24
slot 14 index 0 rnti 5505 mcs 24
slot 15 index 0 rnti 5505 mcs 24
slot 16 index 0 rnti 5505 mcs 24
slot 4 index 0 rnti 5505 mcs 24
slot 5 index 0 rnti 5505 mcs 24
[EMURAN-DL-CSV] t=41.513 win_tbs=20 win_fail=0 win_bler=0.00000 mcs_last=24 mcs_min=24 mcs_max=24 r0=20 r1=0 r2=0 r3=0  f0=0 f1=0 f2=0 f3=0 tot_tbs=10980 tot_fail=863 tot_bler=0.07860 tot_init=10132 tot_retx=848
slot 6 index 0 rnti 5505 mcs 24
slot 14 index 0 rnti 5505 mcs 24
slot 15 index 0 rnti 5505 mcs 24
slot 16 index 0 rnti 5505 mcs 24
slot 4 index 0 rnti 5505 mcs 24
slot 5 index 0 rnti 5505 mcs 24
slot 6 index 0 rnti 5505 mcs 24
slot 14 index 0 rnti 5505 mcs 24
slot 15 index 0 rnti 5505 mcs 24
slot 16 index 0 rnti 5505 mcs 24
slot 4 index 0 rnti 5505 mcs 24
slot 5 index 0 rnti 5505 mcs 24
slot 6 index 0 rnti 5505 mcs 24
slot 14 index 0 rnti 5505 mcs 24
slot 15 index 0 rnti 5505 mcs 24
slot 16 index 0 rnti 5505 mcs 24
slot 4 index 0 rnti 5505 mcs 24
slot 5 index 0 rnti 5505 mcs 24
slot 6 index 0 rnti 5505 mcs 24
slot 14 index 0 rnti 5505 mcs 24
[EMURAN-DL-CSV] t=41.585 win_tbs=20 win_fail=1 win_bler=0.05000 mcs_last=24 mcs_min=24 mcs_max=24 r0=19 r1=1 r2=0 r3=0  f0=1 f1=0 f2=0 f3=0 tot_tbs=11000 tot_fail=864 tot_bler=0.07855 tot_init=10151 tot_retx=849
slot 15 index 0 rnti 5505 mcs 24
slot 16 index 0 rnti 5505 mcs 24
slot 4 index 0 rnti 5505 mcs 24
slot 5 index 0 rnti 5505 mcs 24
slot 6 index 0 rnti 5505 mcs 24
slot 14 index 0 rnti 5505 mcs 24
slot 15 index 0 rnti 5505 mcs 24
slot 16 index 0 rnti 5505 mcs 24
slot 4 index 0 rnti 5505 mcs 24
slot 5 index 0 rnti 5505 mcs 24
slot 6 index 0 rnti 5505 mcs 24
slot 14 index 0 rnti 5505 mcs 24
slot 15 index 0 rnti 5505 mcs 24
slot 16 index 0 rnti 5505 mcs 24
slot 4 index 0 rnti 5505 mcs 24
slot 5 index 0 rnti 5505 mcs 24
slot 6 index 0 rnti 5505 mcs 24
slot 14 index 0 rnti 5505 mcs 24
slot 15 index 0 rnti 5505 mcs 24
slot 16 index 0 rnti 5505 mcs 24
[EMURAN-DL-CSV] t=41.650 win_tbs=20 win_fail=1 win_bler=0.05000 mcs_last=24 mcs_min=24 mcs_max=24 r0=19 r1=1 r2=0 r3=0  f0=1 f1=0 f2=0 f3=0 tot_tbs=11020 tot_fail=865 tot_bler=0.07849 tot_init=10170 tot_retx=850
slot 4 index 0 rnti 5505 mcs 24
slot 5 index 0 rnti 5505 mcs 24
slot 6 index 0 rnti 5505 mcs 24
slot 14 index 0 rnti 5505 mcs 24
slot 15 index 0 rnti 5505 mcs 24
slot 16 index 0 rnti 5505 mcs 24
slot 4 index 0 rnti 5505 mcs 24
slot 5 index 0 rnti 5505 mcs 24
slot 6 index 0 rnti 5505 mcs 24
slot 14 index 0 rnti 5505 mcs 24
slot 15 index 0 rnti 5505 mcs 24
slot 16 index 0 rnti 5505 mcs 24
slot 4 index 0 rnti 5505 mcs 24
slot 5 index 0 rnti 5505 mcs 24
slot 6 index 0 rnti 5505 mcs 24
slot 14 index 0 rnti 5505 mcs 24
slot 15 index 0 rnti 5505 mcs 24
slot 16 index 0 rnti 5505 mcs 24
slot 4 index 0 rnti 5505 mcs 24
slot 5 index 0 rnti 5505 mcs 24
[EMURAN-DL-CSV] t=41.723 win_tbs=20 win_fail=0 win_bler=0.00000 mcs_last=24 mcs_min=24 mcs_max=24 r0=19 r1=1 r2=0 r3=0  f0=0 f1=0 f2=0 f3=0 tot_tbs=11040 tot_fail=865 tot_bler=0.07835 tot_init=10189 tot_retx=851
slot 6 index 0 rnti 5505 mcs 24
slot 14 index 0 rnti 5505 mcs 24
slot 15 index 0 rnti 5505 mcs 24
slot 16 index 0 rnti 5505 mcs 24
slot 4 index 0 rnti 5505 mcs 24
slot 5 index 0 rnti 5505 mcs 24
slot 6 index 0 rnti 5505 mcs 24
slot 14 index 0 rnti 5505 mcs 24
slot 15 index 0 rnti 5505 mcs 24
slot 16 index 0 rnti 5505 mcs 24
slot 4 index 0 rnti 5505 mcs 24
slot 5 index 0 rnti 5505 mcs 24
slot 6 index 0 rnti 5505 mcs 24
slot 14 index 0 rnti 5505 mcs 24
slot 15 index 0 rnti 5505 mcs 24
slot 16 index 0 rnti 5505 mcs 24
slot 4 index 0 rnti 5505 mcs 24
slot 5 index 0 rnti 5505 mcs 24
slot 6 index 0 rnti 5505 mcs 24
slot 14 index 0 rnti 5505 mcs 24
[EMURAN-DL-CSV] t=41.795 win_tbs=20 win_fail=1 win_bler=0.05000 mcs_last=24 mcs_min=24 mcs_max=24 r0=19 r1=1 r2=0 r3=0  f0=1 f1=0 f2=0 f3=0 tot_tbs=11060 tot_fail=866 tot_bler=0.07830 tot_init=10208 tot_retx=852
slot 15 index 0 rnti 5505 mcs 24
slot 16 index 0 rnti 5505 mcs 24
slot 4 index 0 rnti 5505 mcs 24
slot 5 index 0 rnti 5505 mcs 24
slot 6 index 0 rnti 5505 mcs 24
slot 14 index 0 rnti 5505 mcs 24
slot 15 index 0 rnti 5505 mcs 24
slot 16 index 0 rnti 5505 mcs 24
slot 4 index 0 rnti 5505 mcs 24
slot 5 index 0 rnti 5505 mcs 24
slot 6 index 0 rnti 5505 mcs 24
slot 14 index 0 rnti 5505 mcs 24
slot 15 index 0 rnti 5505 mcs 24
slot 16 index 0 rnti 5505 mcs 24
slot 4 index 0 rnti 5505 mcs 24
slot 5 index 0 rnti 5505 mcs 24
slot 6 index 0 rnti 5505 mcs 24
slot 14 index 0 rnti 5505 mcs 24
slot 15 index 0 rnti 5505 mcs 24
slot 16 index 0 rnti 5505 mcs 24
[EMURAN-DL-CSV] t=41.860 win_tbs=20 win_fail=1 win_bler=0.05000 mcs_last=24 mcs_min=24 mcs_max=24 r0=19 r1=1 r2=0 r3=0  f0=1 f1=0 f2=0 f3=0 tot_tbs=11080 tot_fail=867 tot_bler=0.07825 tot_init=10227 tot_retx=853
slot 4 index 0 rnti 5505 mcs 24
slot 5 index 0 rnti 5505 mcs 24
slot 6 index 0 rnti 5505 mcs 24
slot 14 index 0 rnti 5505 mcs 24
slot 15 index 0 rnti 5505 mcs 24
slot 16 index 0 rnti 5505 mcs 24
slot 4 index 0 rnti 5505 mcs 24
slot 5 index 0 rnti 5505 mcs 24
slot 6 index 0 rnti 5505 mcs 24
slot 14 index 0 rnti 5505 mcs 24
slot 15 index 0 rnti 5505 mcs 24
slot 16 index 0 rnti 5505 mcs 24
slot 4 index 0 rnti 5505 mcs 24
slot 5 index 0 rnti 5505 mcs 24
slot 6 index 0 rnti 5505 mcs 24
slot 14 index 0 rnti 5505 mcs 24
slot 15 index 0 rnti 5505 mcs 24
slot 16 index 0 rnti 5505 mcs 24
slot 4 index 0 rnti 5505 mcs 24
slot 5 index 0 rnti 5505 mcs 24
[EMURAN-DL-CSV] t=41.933 win_tbs=20 win_fail=1 win_bler=0.05000 mcs_last=24 mcs_min=24 mcs_max=24 r0=19 r1=1 r2=0 r3=0  f0=1 f1=0 f2=0 f3=0 tot_tbs=11100 tot_fail=868 tot_bler=0.07820 tot_init=10246 tot_retx=854
slot 6 index 0 rnti 5505 mcs 24
slot 14 index 0 rnti 5505 mcs 24
slot 15 index 0 rnti 5505 mcs 24
slot 16 index 0 rnti 5505 mcs 24
slot 4 index 0 rnti 5505 mcs 24
slot 5 index 0 rnti 5505 mcs 24
slot 6 index 0 rnti 5505 mcs 24
slot 14 index 0 rnti 5505 mcs 24
slot 15 index 0 rnti 5505 mcs 24
slot 16 index 0 rnti 5505 mcs 24
slot 4 index 0 rnti 5505 mcs 24
slot 5 index 0 rnti 5505 mcs 24
slot 6 index 0 rnti 5505 mcs 24
slot 14 index 0 rnti 5505 mcs 24
slot 15 index 0 rnti 5505 mcs 24
slot 16 index 0 rnti 5505 mcs 24
slot 4 index 0 rnti 5505 mcs 24
slot 5 index 0 rnti 5505 mcs 24
slot 6 index 0 rnti 5505 mcs 24
slot 14 index 0 rnti 5505 mcs 24
[EMURAN-DL-CSV] t=42.005 win_tbs=20 win_fail=2 win_bler=0.10000 mcs_last=24 mcs_min=24 mcs_max=24 r0=18 r1=2 r2=0 r3=0  f0=2 f1=0 f2=0 f3=0 tot_tbs=11120 tot_fail=870 tot_bler=0.07824 tot_init=10264 tot_retx=856
slot 15 index 0 rnti 5505 mcs 24
slot 16 index 0 rnti 5505 mcs 24
slot 4 index 0 rnti 5505 mcs 24
slot 5 index 0 rnti 5505 mcs 24
slot 6 index 0 rnti 5505 mcs 24
slot 14 index 0 rnti 5505 mcs 24
slot 15 index 0 rnti 5505 mcs 24
slot 16 index 0 rnti 5505 mcs 24
slot 4 index 0 rnti 5505 mcs 24
slot 5 index 0 rnti 5505 mcs 24
slot 6 index 0 rnti 5505 mcs 24
slot 14 index 0 rnti 5505 mcs 24
slot 15 index 0 rnti 5505 mcs 24
slot 16 index 0 rnti 5505 mcs 24
slot 4 index 0 rnti 5505 mcs 24
slot 5 index 0 rnti 5505 mcs 24
slot 6 index 0 rnti 5505 mcs 24
slot 14 index 0 rnti 5505 mcs 24
slot 15 index 0 rnti 5505 mcs 24
slot 16 index 0 rnti 5505 mcs 24
[EMURAN-DL-CSV] t=42.070 win_tbs=20 win_fail=0 win_bler=0.00000 mcs_last=24 mcs_min=24 mcs_max=24 r0=19 r1=1 r2=0 r3=0  f0=0 f1=0 f2=0 f3=0 tot_tbs=11140 tot_fail=870 tot_bler=0.07810 tot_init=10283 tot_retx=857
slot 4 index 0 rnti 5505 mcs 24
slot 5 index 0 rnti 5505 mcs 24
slot 6 index 0 rnti 5505 mcs 24
slot 14 index 0 rnti 5505 mcs 24
slot 15 index 0 rnti 5505 mcs 24
slot 16 index 0 rnti 5505 mcs 24
slot 4 index 0 rnti 5505 mcs 24
slot 5 index 0 rnti 5505 mcs 24
slot 6 index 0 rnti 5505 mcs 24
slot 14 index 0 rnti 5505 mcs 24
slot 15 index 0 rnti 5505 mcs 24
slot 16 index 0 rnti 5505 mcs 24
slot 4 index 0 rnti 5505 mcs 24
slot 5 index 0 rnti 5505 mcs 24
slot 6 index 0 rnti 5505 mcs 24
slot 14 index 0 rnti 5505 mcs 24
slot 15 index 0 rnti 5505 mcs 24
slot 16 index 0 rnti 5505 mcs 24
slot 4 index 0 rnti 5505 mcs 24
slot 5 index 0 rnti 5505 mcs 24
[EMURAN-DL-CSV] t=42.143 win_tbs=20 win_fail=0 win_bler=0.00000 mcs_last=24 mcs_min=24 mcs_max=24 r0=20 r1=0 r2=0 r3=0  f0=0 f1=0 f2=0 f3=0 tot_tbs=11160 tot_fail=870 tot_bler=0.07796 tot_init=10303 tot_retx=857
slot 6 index 0 rnti 5505 mcs 24
slot 14 index 0 rnti 5505 mcs 24
slot 15 index 0 rnti 5505 mcs 24
slot 16 index 0 rnti 5505 mcs 24
slot 4 index 0 rnti 5505 mcs 24
slot 5 index 0 rnti 5505 mcs 24
slot 6 index 0 rnti 5505 mcs 24
slot 14 index 0 rnti 5505 mcs 24
slot 15 index 0 rnti 5505 mcs 24
slot 16 index 0 rnti 5505 mcs 24
slot 4 index 0 rnti 5505 mcs 24
slot 5 index 0 rnti 5505 mcs 24
slot 6 index 0 rnti 5505 mcs 24
slot 14 index 0 rnti 5505 mcs 24
slot 15 index 0 rnti 5505 mcs 24
slot 16 index 0 rnti 5505 mcs 24
slot 4 index 0 rnti 5505 mcs 24
slot 5 index 0 rnti 5505 mcs 24
slot 6 index 0 rnti 5505 mcs 24
slot 14 index 0 rnti 5505 mcs 24
[EMURAN-DL-CSV] t=42.215 win_tbs=20 win_fail=0 win_bler=0.00000 mcs_last=24 mcs_min=24 mcs_max=24 r0=20 r1=0 r2=0 r3=0  f0=0 f1=0 f2=0 f3=0 tot_tbs=11180 tot_fail=870 tot_bler=0.07782 tot_init=10323 tot_retx=857
slot 15 index 0 rnti 5505 mcs 24
slot 16 index 0 rnti 5505 mcs 24
slot 4 index 0 rnti 5505 mcs 24
slot 5 index 0 rnti 5505 mcs 24
slot 6 index 0 rnti 5505 mcs 24
slot 14 index 0 rnti 5505 mcs 24
slot 15 index 0 rnti 5505 mcs 24
slot 16 index 0 rnti 5505 mcs 24
slot 4 index 0 rnti 5505 mcs 24
slot 5 index 0 rnti 5505 mcs 24
slot 6 index 0 rnti 5505 mcs 24
slot 14 index 0 rnti 5505 mcs 24
slot 15 index 0 rnti 5505 mcs 24
slot 16 index 0 rnti 5505 mcs 24
slot 4 index 0 rnti 5505 mcs 24
slot 5 index 0 rnti 5505 mcs 24
slot 6 index 0 rnti 5505 mcs 24
slot 14 index 0 rnti 5505 mcs 24
slot 15 index 0 rnti 5505 mcs 24
slot 16 index 0 rnti 5505 mcs 24
[EMURAN-DL-CSV] t=42.280 win_tbs=20 win_fail=0 win_bler=0.00000 mcs_last=24 mcs_min=24 mcs_max=24 r0=20 r1=0 r2=0 r3=0  f0=0 f1=0 f2=0 f3=0 tot_tbs=11200 tot_fail=870 tot_bler=0.07768 tot_init=10343 tot_retx=857
slot 4 index 0 rnti 5505 mcs 24
slot 5 index 0 rnti 5505 mcs 24
slot 6 index 0 rnti 5505 mcs 24
slot 14 index 0 rnti 5505 mcs 24
slot 15 index 0 rnti 5505 mcs 24
slot 16 index 0 rnti 5505 mcs 24
slot 4 index 0 rnti 5505 mcs 24
slot 5 index 0 rnti 5505 mcs 24
slot 6 index 0 rnti 5505 mcs 24
slot 14 index 0 rnti 5505 mcs 24
slot 15 index 0 rnti 5505 mcs 24
slot 16 index 0 rnti 5505 mcs 24
slot 4 index 0 rnti 5505 mcs 24
slot 5 index 0 rnti 5505 mcs 24
slot 6 index 0 rnti 5505 mcs 24
slot 14 index 0 rnti 5505 mcs 24
slot 15 index 0 rnti 5505 mcs 24
slot 16 index 0 rnti 5505 mcs 24
slot 4 index 0 rnti 5505 mcs 24
slot 5 index 0 rnti 5505 mcs 24
[EMURAN-DL-CSV] t=42.353 win_tbs=20 win_fail=3 win_bler=0.15000 mcs_last=24 mcs_min=24 mcs_max=24 r0=17 r1=2 r2=1 r3=0  f0=1 f1=2 f2=0 f3=0 tot_tbs=11220 tot_fail=873 tot_bler=0.07781 tot_init=10360 tot_retx=860
slot 6 index 0 rnti 5505 mcs 24
slot 14 index 0 rnti 5505 mcs 24
slot 15 index 0 rnti 5505 mcs 24
slot 16 index 0 rnti 5505 mcs 24
slot 4 index 0 rnti 5505 mcs 24
slot 5 index 0 rnti 5505 mcs 24
slot 6 index 0 rnti 5505 mcs 24
slot 14 index 0 rnti 5505 mcs 24
slot 15 index 0 rnti 5505 mcs 24
slot 16 index 0 rnti 5505 mcs 24
slot 4 index 0 rnti 5505 mcs 24
slot 5 index 0 rnti 5505 mcs 24
slot 6 index 0 rnti 5505 mcs 24
slot 14 index 0 rnti 5505 mcs 24
slot 15 index 0 rnti 5505 mcs 24
slot 16 index 0 rnti 5505 mcs 24
slot 4 index 0 rnti 5505 mcs 24
slot 5 index 0 rnti 5505 mcs 24
slot 6 index 0 rnti 5505 mcs 24
slot 14 index 0 rnti 5505 mcs 24
[EMURAN-DL-CSV] t=42.425 win_tbs=20 win_fail=1 win_bler=0.05000 mcs_last=24 mcs_min=24 mcs_max=24 r0=18 r1=2 r2=0 r3=0  f0=1 f1=0 f2=0 f3=0 tot_tbs=11240 tot_fail=874 tot_bler=0.07776 tot_init=10378 tot_retx=862
slot 15 index 0 rnti 5505 mcs 24
slot 16 index 0 rnti 5505 mcs 24
[UE-STAT] frame=500 dci_cnt=600 total_tbs=41803200 ack_real=500 nack_real=29 fb_missing=71 decode_cnt=600
slot 4 index 0 rnti 5505 mcs 24
slot 5 index 0 rnti 5505 mcs 24
slot 6 index 0 rnti 5505 mcs 24
slot 14 index 0 rnti 5505 mcs 24
slot 15 index 0 rnti 5505 mcs 24
slot 16 index 0 rnti 5505 mcs 24
slot 4 index 0 rnti 5505 mcs 24
slot 5 index 0 rnti 5505 mcs 24
slot 6 index 0 rnti 5505 mcs 24
slot 14 index 0 rnti 5505 mcs 24
slot 15 index 0 rnti 5505 mcs 24
slot 16 index 0 rnti 5505 mcs 24
slot 4 index 0 rnti 5505 mcs 24
slot 5 index 0 rnti 5505 mcs 24
slot 6 index 0 rnti 5505 mcs 24
slot 14 index 0 rnti 5505 mcs 24
slot 15 index 0 rnti 5505 mcs 24
slot 16 index 0 rnti 5505 mcs 24
[EMURAN-DL-CSV] t=42.491 win_tbs=20 win_fail=2 win_bler=0.10000 mcs_last=24 mcs_min=24 mcs_max=24 r0=19 r1=1 r2=0 r3=0  f0=2 f1=0 f2=0 f3=0 tot_tbs=11260 tot_fail=876 tot_bler=0.07780 tot_init=10397 tot_retx=863
slot 4 index 0 rnti 5505 mcs 24
slot 5 index 0 rnti 5505 mcs 24
slot 6 index 0 rnti 5505 mcs 24
slot 14 index 0 rnti 5505 mcs 24
slot 15 index 0 rnti 5505 mcs 24
slot 16 index 0 rnti 5505 mcs 24
slot 4 index 0 rnti 5505 mcs 24
slot 5 index 0 rnti 5505 mcs 24
slot 6 index 0 rnti 5505 mcs 24
slot 14 index 0 rnti 5505 mcs 24
slot 15 index 0 rnti 5505 mcs 24
slot 16 index 0 rnti 5505 mcs 24
slot 4 index 0 rnti 5505 mcs 24
slot 5 index 0 rnti 5505 mcs 24
slot 6 index 0 rnti 5505 mcs 24
slot 14 index 0 rnti 5505 mcs 24
slot 15 index 0 rnti 5505 mcs 24
slot 16 index 0 rnti 5505 mcs 24
slot 4 index 0 rnti 5505 mcs 24
slot 5 index 0 rnti 5505 mcs 24
[EMURAN-DL-CSV] t=42.563 win_tbs=20 win_fail=2 win_bler=0.10000 mcs_last=24 mcs_min=24 mcs_max=24 r0=17 r1=3 r2=0 r3=0  f0=2 f1=0 f2=0 f3=0 tot_tbs=11280 tot_fail=878 tot_bler=0.07784 tot_init=10414 tot_retx=866
slot 6 index 0 rnti 5505 mcs 24
slot 14 index 0 rnti 5505 mcs 24
slot 15 index 0 rnti 5505 mcs 24
slot 16 index 0 rnti 5505 mcs 24
slot 4 index 0 rnti 5505 mcs 24
slot 5 index 0 rnti 5505 mcs 24
slot 6 index 0 rnti 5505 mcs 24
slot 14 index 0 rnti 5505 mcs 24
slot 15 index 0 rnti 5505 mcs 24
slot 16 index 0 rnti 5505 mcs 24
slot 4 index 0 rnti 5505 mcs 24
slot 5 index 0 rnti 5505 mcs 24
slot 6 index 0 rnti 5505 mcs 24
slot 14 index 0 rnti 5505 mcs 24
slot 15 index 0 rnti 5505 mcs 24
slot 16 index 0 rnti 5505 mcs 24
slot 4 index 0 rnti 5505 mcs 24
slot 5 index 0 rnti 5505 mcs 24
slot 6 index 0 rnti 5505 mcs 24
slot 14 index 0 rnti 5505 mcs 24
[EMURAN-DL-CSV] t=42.635 win_tbs=20 win_fail=2 win_bler=0.10000 mcs_last=24 mcs_min=24 mcs_max=24 r0=18 r1=2 r2=0 r3=0  f0=2 f1=0 f2=0 f3=0 tot_tbs=11300 tot_fail=880 tot_bler=0.07788 tot_init=10432 tot_retx=868
slot 15 index 0 rnti 5505 mcs 24
slot 16 index 0 rnti 5505 mcs 24
slot 4 index 0 rnti 5505 mcs 24
slot 5 index 0 rnti 5505 mcs 24
slot 6 index 0 rnti 5505 mcs 24
slot 14 index 0 rnti 5505 mcs 24
slot 15 index 0 rnti 5505 mcs 24
slot 16 index 0 rnti 5505 mcs 24
slot 4 index 0 rnti 5505 mcs 24
slot 5 index 0 rnti 5505 mcs 24
slot 6 index 0 rnti 5505 mcs 24
slot 14 index 0 rnti 5505 mcs 24
slot 15 index 0 rnti 5505 mcs 24
slot 16 index 0 rnti 5505 mcs 24
slot 4 index 0 rnti 5505 mcs 24
slot 5 index 0 rnti 5505 mcs 24
slot 6 index 0 rnti 5505 mcs 24
slot 14 index 0 rnti 5505 mcs 24
slot 15 index 0 rnti 5505 mcs 24
slot 16 index 0 rnti 5505 mcs 24
[EMURAN-DL-CSV] t=42.701 win_tbs=20 win_fail=1 win_bler=0.05000 mcs_last=24 mcs_min=24 mcs_max=24 r0=19 r1=1 r2=0 r3=0  f0=1 f1=0 f2=0 f3=0 tot_tbs=11320 tot_fail=881 tot_bler=0.07783 tot_init=10451 tot_retx=869
slot 4 index 0 rnti 5505 mcs 24
slot 5 index 0 rnti 5505 mcs 24
slot 6 index 0 rnti 5505 mcs 24
slot 14 index 0 rnti 5505 mcs 24
slot 15 index 0 rnti 5505 mcs 24
slot 16 index 0 rnti 5505 mcs 24
slot 4 index 0 rnti 5505 mcs 24
slot 5 index 0 rnti 5505 mcs 24
slot 6 index 0 rnti 5505 mcs 24
slot 14 index 0 rnti 5505 mcs 24
slot 15 index 0 rnti 5505 mcs 24
slot 16 index 0 rnti 5505 mcs 24
slot 4 index 0 rnti 5505 mcs 24
slot 5 index 0 rnti 5505 mcs 24
slot 6 index 0 rnti 5505 mcs 24
slot 14 index 0 rnti 5505 mcs 24
slot 15 index 0 rnti 5505 mcs 24
slot 16 index 0 rnti 5505 mcs 24
slot 4 index 0 rnti 5505 mcs 24
slot 5 index 0 rnti 5505 mcs 24
[EMURAN-DL-CSV] t=42.773 win_tbs=20 win_fail=1 win_bler=0.05000 mcs_last=24 mcs_min=24 mcs_max=24 r0=19 r1=1 r2=0 r3=0  f0=1 f1=0 f2=0 f3=0 tot_tbs=11340 tot_fail=882 tot_bler=0.07778 tot_init=10470 tot_retx=870
slot 6 index 0 rnti 5505 mcs 24
slot 14 index 0 rnti 5505 mcs 24
slot 15 index 0 rnti 5505 mcs 24
slot 16 index 0 rnti 5505 mcs 24
slot 4 index 0 rnti 5505 mcs 24
slot 5 index 0 rnti 5505 mcs 24
slot 6 index 0 rnti 5505 mcs 24
slot 14 index 0 rnti 5505 mcs 24
slot 15 index 0 rnti 5505 mcs 24
slot 16 index 0 rnti 5505 mcs 24
slot 4 index 0 rnti 5505 mcs 24
slot 5 index 0 rnti 5505 mcs 24
slot 6 index 0 rnti 5505 mcs 24
slot 14 index 0 rnti 5505 mcs 24
slot 15 index 0 rnti 5505 mcs 24
slot 16 index 0 rnti 5505 mcs 24
slot 4 index 0 rnti 5505 mcs 24
slot 5 index 0 rnti 5505 mcs 24
slot 6 index 0 rnti 5505 mcs 24
slot 14 index 0 rnti 5505 mcs 24
[EMURAN-DL-CSV] t=42.846 win_tbs=20 win_fail=2 win_bler=0.10000 mcs_last=24 mcs_min=24 mcs_max=24 r0=18 r1=2 r2=0 r3=0  f0=2 f1=0 f2=0 f3=0 tot_tbs=11360 tot_fail=884 tot_bler=0.07782 tot_init=10488 tot_retx=872
slot 15 index 0 rnti 5505 mcs 24
slot 16 index 0 rnti 5505 mcs 24
slot 4 index 0 rnti 5505 mcs 24
slot 5 index 0 rnti 5505 mcs 24
slot 6 index 0 rnti 5505 mcs 24
slot 14 index 0 rnti 5505 mcs 24
slot 15 index 0 rnti 5505 mcs 24
slot 16 index 0 rnti 5505 mcs 24
slot 4 index 0 rnti 5505 mcs 24
slot 5 index 0 rnti 5505 mcs 24
slot 6 index 0 rnti 5505 mcs 24
slot 14 index 0 rnti 5505 mcs 24
slot 15 index 0 rnti 5505 mcs 24
slot 16 index 0 rnti 5505 mcs 24
slot 4 index 0 rnti 5505 mcs 24
slot 5 index 0 rnti 5505 mcs 24
slot 6 index 0 rnti 5505 mcs 24
slot 14 index 0 rnti 5505 mcs 24
slot 15 index 0 rnti 5505 mcs 24
slot 16 index 0 rnti 5505 mcs 24
[EMURAN-DL-CSV] t=42.911 win_tbs=20 win_fail=0 win_bler=0.00000 mcs_last=24 mcs_min=24 mcs_max=24 r0=20 r1=0 r2=0 r3=0  f0=0 f1=0 f2=0 f3=0 tot_tbs=11380 tot_fail=884 tot_bler=0.07768 tot_init=10508 tot_retx=872
slot 4 index 0 rnti 5505 mcs 24
slot 5 index 0 rnti 5505 mcs 24
slot 6 index 0 rnti 5505 mcs 24
slot 14 index 0 rnti 5505 mcs 24
slot 15 index 0 rnti 5505 mcs 24
slot 16 index 0 rnti 5505 mcs 24
slot 4 index 0 rnti 5505 mcs 24
slot 5 index 0 rnti 5505 mcs 24
slot 6 index 0 rnti 5505 mcs 24
slot 14 index 0 rnti 5505 mcs 24
slot 15 index 0 rnti 5505 mcs 24
slot 16 index 0 rnti 5505 mcs 24
slot 4 index 0 rnti 5505 mcs 24
slot 5 index 0 rnti 5505 mcs 24
slot 6 index 0 rnti 5505 mcs 24
slot 14 index 0 rnti 5505 mcs 24
slot 15 index 0 rnti 5505 mcs 24
slot 16 index 0 rnti 5505 mcs 24
slot 4 index 0 rnti 5505 mcs 24
slot 5 index 0 rnti 5505 mcs 24
[EMURAN-DL-CSV] t=42.983 win_tbs=20 win_fail=0 win_bler=0.00000 mcs_last=24 mcs_min=24 mcs_max=24 r0=20 r1=0 r2=0 r3=0  f0=0 f1=0 f2=0 f3=0 tot_tbs=11400 tot_fail=884 tot_bler=0.07754 tot_init=10528 tot_retx=872
slot 6 index 0 rnti 5505 mcs 24
slot 14 index 0 rnti 5505 mcs 24
slot 15 index 0 rnti 5505 mcs 24
slot 16 index 0 rnti 5505 mcs 24
slot 4 index 0 rnti 5505 mcs 24
slot 5 index 0 rnti 5505 mcs 24
slot 6 index 0 rnti 5505 mcs 24
slot 14 index 0 rnti 5505 mcs 24
slot 15 index 0 rnti 5505 mcs 24
slot 16 index 0 rnti 5505 mcs 24
slot 4 index 0 rnti 5505 mcs 24
slot 5 index 0 rnti 5505 mcs 24
slot 6 index 0 rnti 5505 mcs 24
slot 14 index 0 rnti 5505 mcs 24
slot 15 index 0 rnti 5505 mcs 24
slot 16 index 0 rnti 5505 mcs 24
slot 4 index 0 rnti 5505 mcs 24
slot 5 index 0 rnti 5505 mcs 24
slot 6 index 0 rnti 5505 mcs 24
slot 14 index 0 rnti 5505 mcs 24
[EMURAN-DL-CSV] t=43.056 win_tbs=20 win_fail=0 win_bler=0.00000 mcs_last=24 mcs_min=24 mcs_max=24 r0=19 r1=1 r2=0 r3=0  f0=0 f1=0 f2=0 f3=0 tot_tbs=11420 tot_fail=884 tot_bler=0.07741 tot_init=10547 tot_retx=873
slot 15 index 0 rnti 5505 mcs 24
slot 16 index 0 rnti 5505 mcs 24
slot 4 index 0 rnti 5505 mcs 24
slot 5 index 0 rnti 5505 mcs 24
slot 6 index 0 rnti 5505 mcs 24
slot 14 index 0 rnti 5505 mcs 24
slot 15 index 0 rnti 5505 mcs 24
slot 16 index 0 rnti 5505 mcs 24
slot 4 index 0 rnti 5505 mcs 24
slot 5 index 0 rnti 5505 mcs 24
slot 6 index 0 rnti 5505 mcs 24
slot 14 index 0 rnti 5505 mcs 24
slot 15 index 0 rnti 5505 mcs 24
slot 16 index 0 rnti 5505 mcs 24
slot 4 index 0 rnti 5505 mcs 24
slot 5 index 0 rnti 5505 mcs 24
slot 6 index 0 rnti 5505 mcs 24
slot 14 index 0 rnti 5505 mcs 24
slot 15 index 0 rnti 5505 mcs 24
slot 16 index 0 rnti 5505 mcs 24
[EMURAN-DL-CSV] t=43.121 win_tbs=20 win_fail=2 win_bler=0.10000 mcs_last=24 mcs_min=24 mcs_max=24 r0=18 r1=2 r2=0 r3=0  f0=2 f1=0 f2=0 f3=0 tot_tbs=11440 tot_fail=886 tot_bler=0.07745 tot_init=10565 tot_retx=875
slot 4 index 0 rnti 5505 mcs 24
slot 5 index 0 rnti 5505 mcs 24
slot 6 index 0 rnti 5505 mcs 24
slot 14 index 0 rnti 5505 mcs 24
slot 15 index 0 rnti 5505 mcs 24
slot 16 index 0 rnti 5505 mcs 24
slot 4 index 0 rnti 5505 mcs 24
slot 5 index 0 rnti 5505 mcs 24
slot 6 index 0 rnti 5505 mcs 24
slot 14 index 0 rnti 5505 mcs 24
slot 15 index 0 rnti 5505 mcs 24
slot 16 index 0 rnti 5505 mcs 24
slot 4 index 0 rnti 5505 mcs 24
slot 5 index 0 rnti 5505 mcs 24
slot 6 index 0 rnti 5505 mcs 24
slot 14 index 0 rnti 5505 mcs 24
slot 15 index 0 rnti 5505 mcs 24
slot 16 index 0 rnti 5505 mcs 24
slot 4 index 0 rnti 5505 mcs 24
slot 5 index 0 rnti 5505 mcs 24
[EMURAN-DL-CSV] t=43.193 win_tbs=20 win_fail=2 win_bler=0.10000 mcs_last=24 mcs_min=24 mcs_max=24 r0=19 r1=1 r2=0 r3=0  f0=2 f1=0 f2=0 f3=0 tot_tbs=11460 tot_fail=888 tot_bler=0.07749 tot_init=10584 tot_retx=876
slot 6 index 0 rnti 5505 mcs 24
slot 14 index 0 rnti 5505 mcs 24
slot 15 index 0 rnti 5505 mcs 24
slot 16 index 0 rnti 5505 mcs 24
slot 4 index 0 rnti 5505 mcs 24
slot 5 index 0 rnti 5505 mcs 24
slot 6 index 0 rnti 5505 mcs 24
slot 14 index 0 rnti 5505 mcs 24
slot 15 index 0 rnti 5505 mcs 24
slot 16 index 0 rnti 5505 mcs 24
slot 4 index 0 rnti 5505 mcs 24
slot 5 index 0 rnti 5505 mcs 24
slot 6 index 0 rnti 5505 mcs 24
slot 14 index 0 rnti 5505 mcs 24
slot 15 index 0 rnti 5505 mcs 24
slot 16 index 0 rnti 5505 mcs 24
slot 4 index 0 rnti 5505 mcs 24
slot 5 index 0 rnti 5505 mcs 24
slot 6 index 0 rnti 5505 mcs 24
slot 14 index 0 rnti 5505 mcs 24
[EMURAN-DL-CSV] t=43.266 win_tbs=20 win_fail=1 win_bler=0.05000 mcs_last=24 mcs_min=24 mcs_max=24 r0=18 r1=2 r2=0 r3=0  f0=1 f1=0 f2=0 f3=0 tot_tbs=11480 tot_fail=889 tot_bler=0.07744 tot_init=10602 tot_retx=878
slot 15 index 0 rnti 5505 mcs 24
slot 16 index 0 rnti 5505 mcs 24
slot 4 index 0 rnti 5505 mcs 24
slot 5 index 0 rnti 5505 mcs 24
slot 6 index 0 rnti 5505 mcs 24
slot 14 index 0 rnti 5505 mcs 24
slot 15 index 0 rnti 5505 mcs 24
slot 16 index 0 rnti 5505 mcs 24
slot 4 index 0 rnti 5505 mcs 24
slot 5 index 0 rnti 5505 mcs 24
slot 6 index 0 rnti 5505 mcs 24
slot 14 index 0 rnti 5505 mcs 24
slot 15 index 0 rnti 5505 mcs 24
slot 16 index 0 rnti 5505 mcs 24
slot 4 index 0 rnti 5505 mcs 24
slot 5 index 0 rnti 5505 mcs 24
slot 6 index 0 rnti 5505 mcs 24
slot 14 index 0 rnti 5505 mcs 24
slot 15 index 0 rnti 5505 mcs 24
slot 16 index 0 rnti 5505 mcs 24
[EMURAN-DL-CSV] t=43.331 win_tbs=20 win_fail=0 win_bler=0.00000 mcs_last=24 mcs_min=24 mcs_max=24 r0=20 r1=0 r2=0 r3=0  f0=0 f1=0 f2=0 f3=0 tot_tbs=11500 tot_fail=889 tot_bler=0.07730 tot_init=10622 tot_retx=878
slot 4 index 0 rnti 5505 mcs 24
slot 5 index 0 rnti 5505 mcs 24
slot 6 index 0 rnti 5505 mcs 24
slot 14 index 0 rnti 5505 mcs 24
slot 15 index 0 rnti 5505 mcs 24
slot 16 index 0 rnti 5505 mcs 24
slot 4 index 0 rnti 5505 mcs 24
slot 5 index 0 rnti 5505 mcs 24
slot 6 index 0 rnti 5505 mcs 24
slot 14 index 0 rnti 5505 mcs 24
slot 15 index 0 rnti 5505 mcs 24
slot 16 index 0 rnti 5505 mcs 24
slot 4 index 0 rnti 5505 mcs 24
slot 5 index 0 rnti 5505 mcs 24
slot 6 index 0 rnti 5505 mcs 24
slot 14 index 0 rnti 5505 mcs 24
slot 15 index 0 rnti 5505 mcs 24
slot 16 index 0 rnti 5505 mcs 24
slot 4 index 0 rnti 5505 mcs 24
slot 5 index 0 rnti 5505 mcs 24
[EMURAN-DL-CSV] t=43.403 win_tbs=20 win_fail=0 win_bler=0.00000 mcs_last=24 mcs_min=24 mcs_max=24 r0=19 r1=1 r2=0 r3=0  f0=0 f1=0 f2=0 f3=0 tot_tbs=11520 tot_fail=889 tot_bler=0.07717 tot_init=10641 tot_retx=879
slot 6 index 0 rnti 5505 mcs 24
slot 14 index 0 rnti 5505 mcs 24
slot 15 index 0 rnti 5505 mcs 24
slot 16 index 0 rnti 5505 mcs 24
slot 4 index 0 rnti 5505 mcs 24
slot 5 index 0 rnti 5505 mcs 24
slot 6 index 0 rnti 5505 mcs 24
slot 14 index 0 rnti 5505 mcs 24
slot 15 index 0 rnti 5505 mcs 24
slot 16 index 0 rnti 5505 mcs 24
slot 4 index 0 rnti 5505 mcs 24
slot 5 index 0 rnti 5505 mcs 24
slot 6 index 0 rnti 5505 mcs 24
slot 14 index 0 rnti 5505 mcs 24
slot 15 index 0 rnti 5505 mcs 24
slot 16 index 0 rnti 5505 mcs 24
slot 4 index 0 rnti 5505 mcs 24
slot 5 index 0 rnti 5505 mcs 24
slot 6 index 0 rnti 5505 mcs 24
slot 14 index 0 rnti 5505 mcs 24
[EMURAN-DL-CSV] t=43.476 win_tbs=20 win_fail=4 win_bler=0.20000 mcs_last=24 mcs_min=24 mcs_max=24 r0=18 r1=1 r2=1 r3=0  f0=4 f1=0 f2=0 f3=0 tot_tbs=11540 tot_fail=893 tot_bler=0.07738 tot_init=10659 tot_retx=881
slot 15 index 0 rnti 5505 mcs 24
slot 16 index 0 rnti 5505 mcs 24
slot 4 index 0 rnti 5505 mcs 24
slot 5 index 0 rnti 5505 mcs 24
slot 6 index 0 rnti 5505 mcs 24
slot 14 index 0 rnti 5505 mcs 24
slot 15 index 0 rnti 5505 mcs 24
slot 16 index 0 rnti 5505 mcs 24
slot 4 index 0 rnti 5505 mcs 24
slot 5 index 0 rnti 5505 mcs 24
slot 6 index 0 rnti 5505 mcs 24
slot 14 index 0 rnti 5505 mcs 24
slot 15 index 0 rnti 5505 mcs 24
slot 16 index 0 rnti 5505 mcs 24
slot 4 index 0 rnti 5505 mcs 24
slot 5 index 0 rnti 5505 mcs 24
slot 6 index 0 rnti 5505 mcs 24
slot 14 index 0 rnti 5505 mcs 24
slot 15 index 0 rnti 5505 mcs 24
slot 16 index 0 rnti 5505 mcs 24
[EMURAN-DL-CSV] t=43.541 win_tbs=20 win_fail=0 win_bler=0.00000 mcs_last=24 mcs_min=24 mcs_max=24 r0=20 r1=0 r2=0 r3=0  f0=0 f1=0 f2=0 f3=0 tot_tbs=11560 tot_fail=893 tot_bler=0.07725 tot_init=10679 tot_retx=881
slot 4 index 0 rnti 5505 mcs 24
slot 5 index 0 rnti 5505 mcs 24
slot 6 index 0 rnti 5505 mcs 24
slot 14 index 0 rnti 5505 mcs 24
slot 15 index 0 rnti 5505 mcs 24
slot 16 index 0 rnti 5505 mcs 24
slot 4 index 0 rnti 5505 mcs 24
slot 5 index 0 rnti 5505 mcs 24
slot 6 index 0 rnti 5505 mcs 24
slot 14 index 0 rnti 5505 mcs 24
slot 15 index 0 rnti 5505 mcs 24
slot 16 index 0 rnti 5505 mcs 24
slot 4 index 0 rnti 5505 mcs 24
slot 5 index 0 rnti 5505 mcs 24
slot 6 index 0 rnti 5505 mcs 24
slot 14 index 0 rnti 5505 mcs 24
slot 15 index 0 rnti 5505 mcs 24
slot 16 index 0 rnti 5505 mcs 24
slot 4 index 0 rnti 5505 mcs 24
slot 5 index 0 rnti 5505 mcs 24
[EMURAN-DL-CSV] t=43.614 win_tbs=20 win_fail=1 win_bler=0.05000 mcs_last=24 mcs_min=24 mcs_max=24 r0=19 r1=1 r2=0 r3=0  f0=1 f1=0 f2=0 f3=0 tot_tbs=11580 tot_fail=894 tot_bler=0.07720 tot_init=10698 tot_retx=882
slot 6 index 0 rnti 5505 mcs 24
slot 14 index 0 rnti 5505 mcs 24
slot 15 index 0 rnti 5505 mcs 24
slot 16 index 0 rnti 5505 mcs 24
slot 4 index 0 rnti 5505 mcs 24
slot 5 index 0 rnti 5505 mcs 24
slot 6 index 0 rnti 5505 mcs 24
slot 14 index 0 rnti 5505 mcs 24
slot 15 index 0 rnti 5505 mcs 24
slot 16 index 0 rnti 5505 mcs 24
slot 4 index 0 rnti 5505 mcs 24
slot 5 index 0 rnti 5505 mcs 24
slot 6 index 0 rnti 5505 mcs 24
slot 14 index 0 rnti 5505 mcs 24
slot 15 index 0 rnti 5505 mcs 24
slot 16 index 0 rnti 5505 mcs 24
slot 4 index 0 rnti 5505 mcs 24
slot 5 index 0 rnti 5505 mcs 24
slot 6 index 0 rnti 5505 mcs 24
slot 14 index 0 rnti 5505 mcs 24
[EMURAN-DL-CSV] t=43.686 win_tbs=20 win_fail=0 win_bler=0.00000 mcs_last=24 mcs_min=24 mcs_max=24 r0=20 r1=0 r2=0 r3=0  f0=0 f1=0 f2=0 f3=0 tot_tbs=11600 tot_fail=894 tot_bler=0.07707 tot_init=10718 tot_retx=882
slot 15 index 0 rnti 5505 mcs 24
slot 16 index 0 rnti 5505 mcs 24
slot 4 index 0 rnti 5505 mcs 24
slot 5 index 0 rnti 5505 mcs 24
slot 6 index 0 rnti 5505 mcs 24
slot 14 index 0 rnti 5505 mcs 24
slot 15 index 0 rnti 5505 mcs 24
slot 16 index 0 rnti 5505 mcs 24
slot 4 index 0 rnti 5505 mcs 24
slot 5 index 0 rnti 5505 mcs 24
slot 6 index 0 rnti 5505 mcs 24
slot 14 index 0 rnti 5505 mcs 24
slot 15 index 0 rnti 5505 mcs 24
slot 16 index 0 rnti 5505 mcs 24
slot 4 index 0 rnti 5505 mcs 24
slot 5 index 0 rnti 5505 mcs 24
slot 6 index 0 rnti 5505 mcs 24
slot 14 index 0 rnti 5505 mcs 24
slot 15 index 0 rnti 5505 mcs 24
slot 16 index 0 rnti 5505 mcs 24
[EMURAN-DL-CSV] t=43.751 win_tbs=20 win_fail=1 win_bler=0.05000 mcs_last=24 mcs_min=24 mcs_max=24 r0=18 r1=2 r2=0 r3=0  f0=1 f1=0 f2=0 f3=0 tot_tbs=11620 tot_fail=895 tot_bler=0.07702 tot_init=10736 tot_retx=884
slot 4 index 0 rnti 5505 mcs 24
slot 5 index 0 rnti 5505 mcs 24
slot 6 index 0 rnti 5505 mcs 24
slot 14 index 0 rnti 5505 mcs 24
slot 15 index 0 rnti 5505 mcs 24
slot 16 index 0 rnti 5505 mcs 24
slot 4 index 0 rnti 5505 mcs 24
slot 5 index 0 rnti 5505 mcs 24
slot 6 index 0 rnti 5505 mcs 24
slot 14 index 0 rnti 5505 mcs 24
slot 15 index 0 rnti 5505 mcs 24
slot 16 index 0 rnti 5505 mcs 24
slot 4 index 0 rnti 5505 mcs 24
slot 5 index 0 rnti 5505 mcs 24
slot 6 index 0 rnti 5505 mcs 24
slot 14 index 0 rnti 5505 mcs 24
slot 15 index 0 rnti 5505 mcs 24
slot 16 index 0 rnti 5505 mcs 24
slot 4 index 0 rnti 5505 mcs 24
slot 5 index 0 rnti 5505 mcs 24
[EMURAN-DL-CSV] t=43.823 win_tbs=20 win_fail=2 win_bler=0.10000 mcs_last=24 mcs_min=24 mcs_max=24 r0=18 r1=2 r2=0 r3=0  f0=1 f1=1 f2=0 f3=0 tot_tbs=11640 tot_fail=897 tot_bler=0.07706 tot_init=10754 tot_retx=886
slot 6 index 0 rnti 5505 mcs 24
slot 14 index 0 rnti 5505 mcs 24
slot 15 index 0 rnti 5505 mcs 24
slot 16 index 0 rnti 5505 mcs 24
slot 4 index 0 rnti 5505 mcs 24
slot 5 index 0 rnti 5505 mcs 24
slot 6 index 0 rnti 5505 mcs 24
slot 14 index 0 rnti 5505 mcs 24
slot 15 index 0 rnti 5505 mcs 24
slot 16 index 0 rnti 5505 mcs 24
slot 4 index 0 rnti 5505 mcs 24
slot 5 index 0 rnti 5505 mcs 24
slot 6 index 0 rnti 5505 mcs 24
slot 14 index 0 rnti 5505 mcs 24
slot 15 index 0 rnti 5505 mcs 24
slot 16 index 0 rnti 5505 mcs 24
slot 4 index 0 rnti 5505 mcs 24
slot 5 index 0 rnti 5505 mcs 24
slot 6 index 0 rnti 5505 mcs 24
slot 14 index 0 rnti 5505 mcs 24
[EMURAN-DL-CSV] t=43.896 win_tbs=20 win_fail=2 win_bler=0.10000 mcs_last=24 mcs_min=24 mcs_max=24 r0=18 r1=2 r2=0 r3=0  f0=2 f1=0 f2=0 f3=0 tot_tbs=11660 tot_fail=899 tot_bler=0.07710 tot_init=10772 tot_retx=888
slot 15 index 0 rnti 5505 mcs 24
slot 16 index 0 rnti 5505 mcs 24
slot 4 index 0 rnti 5505 mcs 24
slot 5 index 0 rnti 5505 mcs 24
slot 6 index 0 rnti 5505 mcs 24
slot 14 index 0 rnti 5505 mcs 24
slot 15 index 0 rnti 5505 mcs 24
slot 16 index 0 rnti 5505 mcs 24
slot 4 index 0 rnti 5505 mcs 24
slot 5 index 0 rnti 5505 mcs 24
slot 6 index 0 rnti 5505 mcs 24
slot 14 index 0 rnti 5505 mcs 24
slot 15 index 0 rnti 5505 mcs 24
slot 16 index 0 rnti 5505 mcs 24
slot 4 index 0 rnti 5505 mcs 24
slot 5 index 0 rnti 5505 mcs 24
slot 6 index 0 rnti 5505 mcs 24
slot 14 index 0 rnti 5505 mcs 24
slot 15 index 0 rnti 5505 mcs 24
slot 16 index 0 rnti 5505 mcs 24
[EMURAN-DL-CSV] t=43.961 win_tbs=20 win_fail=1 win_bler=0.05000 mcs_last=24 mcs_min=24 mcs_max=24 r0=20 r1=0 r2=0 r3=0  f0=1 f1=0 f2=0 f3=0 tot_tbs=11680 tot_fail=900 tot_bler=0.07705 tot_init=10792 tot_retx=888
slot 4 index 0 rnti 5505 mcs 24
slot 5 index 0 rnti 5505 mcs 24
slot 6 index 0 rnti 5505 mcs 24
slot 14 index 0 rnti 5505 mcs 24
slot 15 index 0 rnti 5505 mcs 24
slot 16 index 0 rnti 5505 mcs 24
slot 4 index 0 rnti 5505 mcs 24
slot 5 index 0 rnti 5505 mcs 24
slot 6 index 0 rnti 5505 mcs 24
slot 14 index 0 rnti 5505 mcs 24
slot 15 index 0 rnti 5505 mcs 24
slot 16 index 0 rnti 5505 mcs 24
slot 4 index 0 rnti 5505 mcs 24
slot 5 index 0 rnti 5505 mcs 24
slot 6 index 0 rnti 5505 mcs 24
slot 14 index 0 rnti 5505 mcs 24
slot 15 index 0 rnti 5505 mcs 24
slot 16 index 0 rnti 5505 mcs 24
slot 4 index 0 rnti 5505 mcs 24
slot 5 index 0 rnti 5505 mcs 24
[EMURAN-DL-CSV] t=44.034 win_tbs=20 win_fail=0 win_bler=0.00000 mcs_last=24 mcs_min=24 mcs_max=24 r0=20 r1=0 r2=0 r3=0  f0=0 f1=0 f2=0 f3=0 tot_tbs=11700 tot_fail=900 tot_bler=0.07692 tot_init=10812 tot_retx=888
slot 6 index 0 rnti 5505 mcs 24
slot 14 index 0 rnti 5505 mcs 24
slot 15 index 0 rnti 5505 mcs 24
slot 16 index 0 rnti 5505 mcs 24
slot 4 index 0 rnti 5505 mcs 24
slot 5 index 0 rnti 5505 mcs 24
slot 6 index 0 rnti 5505 mcs 24
slot 14 index 0 rnti 5505 mcs 24
slot 15 index 0 rnti 5505 mcs 24
slot 16 index 0 rnti 5505 mcs 24
slot 4 index 0 rnti 5505 mcs 24
slot 5 index 0 rnti 5505 mcs 24
slot 6 index 0 rnti 5505 mcs 24
slot 14 index 0 rnti 5505 mcs 24
slot 15 index 0 rnti 5505 mcs 24
slot 16 index 0 rnti 5505 mcs 24
slot 4 index 0 rnti 5505 mcs 24
slot 5 index 0 rnti 5505 mcs 24
slot 6 index 0 rnti 5505 mcs 24
slot 14 index 0 rnti 5505 mcs 24
[EMURAN-DL-CSV] t=44.106 win_tbs=20 win_fail=2 win_bler=0.10000 mcs_last=24 mcs_min=24 mcs_max=24 r0=18 r1=2 r2=0 r3=0  f0=2 f1=0 f2=0 f3=0 tot_tbs=11720 tot_fail=902 tot_bler=0.07696 tot_init=10830 tot_retx=890
slot 15 index 0 rnti 5505 mcs 24
slot 16 index 0 rnti 5505 mcs 24
slot 4 index 0 rnti 5505 mcs 24
slot 5 index 0 rnti 5505 mcs 24
slot 6 index 0 rnti 5505 mcs 24
slot 14 index 0 rnti 5505 mcs 24
slot 15 index 0 rnti 5505 mcs 24
slot 16 index 0 rnti 5505 mcs 24
slot 4 index 0 rnti 5505 mcs 24
slot 5 index 0 rnti 5505 mcs 24
slot 6 index 0 rnti 5505 mcs 24
slot 14 index 0 rnti 5505 mcs 24
slot 15 index 0 rnti 5505 mcs 24
slot 16 index 0 rnti 5505 mcs 24
slot 4 index 0 rnti 5505 mcs 24
slot 5 index 0 rnti 5505 mcs 24
slot 6 index 0 rnti 5505 mcs 24
slot 14 index 0 rnti 5505 mcs 24
slot 15 index 0 rnti 5505 mcs 24
slot 16 index 0 rnti 5505 mcs 24
[EMURAN-DL-CSV] t=44.171 win_tbs=20 win_fail=1 win_bler=0.05000 mcs_last=24 mcs_min=24 mcs_max=24 r0=19 r1=1 r2=0 r3=0  f0=1 f1=0 f2=0 f3=0 tot_tbs=11740 tot_fail=903 tot_bler=0.07692 tot_init=10849 tot_retx=891
slot 4 index 0 rnti 5505 mcs 24
slot 5 index 0 rnti 5505 mcs 24
slot 6 index 0 rnti 5505 mcs 24
slot 14 index 0 rnti 5505 mcs 24
slot 15 index 0 rnti 5505 mcs 24
slot 16 index 0 rnti 5505 mcs 24
slot 4 index 0 rnti 5505 mcs 24
slot 5 index 0 rnti 5505 mcs 24
slot 6 index 0 rnti 5505 mcs 24
slot 14 index 0 rnti 5505 mcs 24
slot 15 index 0 rnti 5505 mcs 24
slot 16 index 0 rnti 5505 mcs 24
slot 4 index 0 rnti 5505 mcs 24
slot 5 index 0 rnti 5505 mcs 24
slot 6 index 0 rnti 5505 mcs 24
slot 14 index 0 rnti 5505 mcs 24
slot 15 index 0 rnti 5505 mcs 24
slot 16 index 0 rnti 5505 mcs 24
slot 4 index 0 rnti 5505 mcs 24
slot 5 index 0 rnti 5505 mcs 24
[EMURAN-DL-CSV] t=44.244 win_tbs=20 win_fail=1 win_bler=0.05000 mcs_last=24 mcs_min=24 mcs_max=24 r0=19 r1=1 r2=0 r3=0  f0=1 f1=0 f2=0 f3=0 tot_tbs=11760 tot_fail=904 tot_bler=0.07687 tot_init=10868 tot_retx=892
slot 6 index 0 rnti 5505 mcs 24
slot 14 index 0 rnti 5505 mcs 24
slot 15 index 0 rnti 5505 mcs 24
slot 16 index 0 rnti 5505 mcs 24
slot 4 index 0 rnti 5505 mcs 24
slot 5 index 0 rnti 5505 mcs 24
slot 6 index 0 rnti 5505 mcs 24
slot 14 index 0 rnti 5505 mcs 24
slot 15 index 0 rnti 5505 mcs 24
slot 16 index 0 rnti 5505 mcs 24
slot 4 index 0 rnti 5505 mcs 24
slot 5 index 0 rnti 5505 mcs 24
slot 6 index 0 rnti 5505 mcs 24
slot 14 index 0 rnti 5505 mcs 24
slot 15 index 0 rnti 5505 mcs 24
slot 16 index 0 rnti 5505 mcs 24
slot 4 index 0 rnti 5505 mcs 24
slot 5 index 0 rnti 5505 mcs 24
slot 6 index 0 rnti 5505 mcs 24
slot 14 index 0 rnti 5505 mcs 24
[EMURAN-DL-CSV] t=44.316 win_tbs=20 win_fail=1 win_bler=0.05000 mcs_last=24 mcs_min=24 mcs_max=24 r0=19 r1=1 r2=0 r3=0  f0=1 f1=0 f2=0 f3=0 tot_tbs=11780 tot_fail=905 tot_bler=0.07683 tot_init=10887 tot_retx=893
slot 15 index 0 rnti 5505 mcs 24
slot 16 index 0 rnti 5505 mcs 24
slot 4 index 0 rnti 5505 mcs 24
slot 5 index 0 rnti 5505 mcs 24
slot 6 index 0 rnti 5505 mcs 24
slot 14 index 0 rnti 5505 mcs 24
slot 15 index 0 rnti 5505 mcs 24
slot 16 index 0 rnti 5505 mcs 24
slot 4 index 0 rnti 5505 mcs 24
slot 5 index 0 rnti 5505 mcs 24
slot 6 index 0 rnti 5505 mcs 24
slot 14 index 0 rnti 5505 mcs 24
slot 15 index 0 rnti 5505 mcs 24
slot 16 index 0 rnti 5505 mcs 24
slot 4 index 0 rnti 5505 mcs 24
slot 5 index 0 rnti 5505 mcs 24
slot 6 index 0 rnti 5505 mcs 24
slot 14 index 0 rnti 5505 mcs 24
slot 15 index 0 rnti 5505 mcs 24
slot 16 index 0 rnti 5505 mcs 24
[EMURAN-DL-CSV] t=44.381 win_tbs=20 win_fail=0 win_bler=0.00000 mcs_last=24 mcs_min=24 mcs_max=24 r0=19 r1=1 r2=0 r3=0  f0=0 f1=0 f2=0 f3=0 tot_tbs=11800 tot_fail=905 tot_bler=0.07669 tot_init=10906 tot_retx=894
slot 4 index 0 rnti 5505 mcs 24
slot 5 index 0 rnti 5505 mcs 24
slot 6 index 0 rnti 5505 mcs 24
slot 14 index 0 rnti 5505 mcs 24
slot 15 index 0 rnti 5505 mcs 24
slot 16 index 0 rnti 5505 mcs 24
slot 4 index 0 rnti 5505 mcs 24
slot 5 index 0 rnti 5505 mcs 24
slot 6 index 0 rnti 5505 mcs 24
slot 14 index 0 rnti 5505 mcs 24
slot 15 index 0 rnti 5505 mcs 24
slot 16 index 0 rnti 5505 mcs 24
slot 4 index 0 rnti 5505 mcs 24
slot 5 index 0 rnti 5505 mcs 24
slot 6 index 0 rnti 5505 mcs 24
slot 14 index 0 rnti 5505 mcs 24
slot 15 index 0 rnti 5505 mcs 24
slot 16 index 0 rnti 5505 mcs 24
slot 4 index 0 rnti 5505 mcs 24
slot 5 index 0 rnti 5505 mcs 24
[EMURAN-DL-CSV] t=44.454 win_tbs=20 win_fail=1 win_bler=0.05000 mcs_last=24 mcs_min=24 mcs_max=24 r0=19 r1=1 r2=0 r3=0  f0=1 f1=0 f2=0 f3=0 tot_tbs=11820 tot_fail=906 tot_bler=0.07665 tot_init=10925 tot_retx=895
slot 6 index 0 rnti 5505 mcs 24
slot 14 index 0 rnti 5505 mcs 24
slot 15 index 0 rnti 5505 mcs 24
slot 16 index 0 rnti 5505 mcs 24
slot 4 index 0 rnti 5505 mcs 24
slot 5 index 0 rnti 5505 mcs 24
slot 6 index 0 rnti 5505 mcs 24
slot 14 index 0 rnti 5505 mcs 24
slot 15 index 0 rnti 5505 mcs 24
slot 16 index 0 rnti 5505 mcs 24
slot 4 index 0 rnti 5505 mcs 24
slot 5 index 0 rnti 5505 mcs 24
slot 6 index 0 rnti 5505 mcs 24
slot 14 index 0 rnti 5505 mcs 24
slot 15 index 0 rnti 5505 mcs 24
slot 16 index 0 rnti 5505 mcs 24
slot 4 index 0 rnti 5505 mcs 24
slot 5 index 0 rnti 5505 mcs 24
slot 6 index 0 rnti 5505 mcs 24
slot 14 index 0 rnti 5505 mcs 24
[EMURAN-DL-CSV] t=44.526 win_tbs=20 win_fail=2 win_bler=0.10000 mcs_last=24 mcs_min=24 mcs_max=24 r0=19 r1=1 r2=0 r3=0  f0=2 f1=0 f2=0 f3=0 tot_tbs=11840 tot_fail=908 tot_bler=0.07669 tot_init=10944 tot_retx=896
slot 15 index 0 rnti 5505 mcs 24
slot 16 index 0 rnti 5505 mcs 24
[UE-STAT] frame=600 dci_cnt=600 total_tbs=41803200 ack_real=491 nack_real=28 fb_missing=81 decode_cnt=600
slot 4 index 0 rnti 5505 mcs 24
slot 5 index 0 rnti 5505 mcs 24
slot 6 index 0 rnti 5505 mcs 24
slot 14 index 0 rnti 5505 mcs 24
slot 15 index 0 rnti 5505 mcs 24
slot 16 index 0 rnti 5505 mcs 24
slot 4 index 0 rnti 5505 mcs 24
slot 5 index 0 rnti 5505 mcs 24
slot 6 index 0 rnti 5505 mcs 24
slot 14 index 0 rnti 5505 mcs 24
slot 15 index 0 rnti 5505 mcs 24
slot 16 index 0 rnti 5505 mcs 24
slot 4 index 0 rnti 5505 mcs 24
slot 5 index 0 rnti 5505 mcs 24
slot 6 index 0 rnti 5505 mcs 24
slot 14 index 0 rnti 5505 mcs 24
slot 15 index 0 rnti 5505 mcs 24
slot 16 index 0 rnti 5505 mcs 24
[EMURAN-DL-CSV] t=44.591 win_tbs=20 win_fail=3 win_bler=0.15000 mcs_last=24 mcs_min=24 mcs_max=24 r0=18 r1=2 r2=0 r3=0  f0=3 f1=0 f2=0 f3=0 tot_tbs=11860 tot_fail=911 tot_bler=0.07681 tot_init=10962 tot_retx=898
slot 4 index 0 rnti 5505 mcs 24
slot 5 index 0 rnti 5505 mcs 24
slot 6 index 0 rnti 5505 mcs 24
slot 14 index 0 rnti 5505 mcs 24
slot 15 index 0 rnti 5505 mcs 24
slot 16 index 0 rnti 5505 mcs 24
slot 4 index 0 rnti 5505 mcs 24
slot 5 index 0 rnti 5505 mcs 24
slot 6 index 0 rnti 5505 mcs 24
slot 14 index 0 rnti 5505 mcs 24
slot 15 index 0 rnti 5505 mcs 24
slot 16 index 0 rnti 5505 mcs 24
slot 4 index 0 rnti 5505 mcs 24
slot 5 index 0 rnti 5505 mcs 24
slot 6 index 0 rnti 5505 mcs 24
slot 14 index 0 rnti 5505 mcs 24
slot 15 index 0 rnti 5505 mcs 24
slot 16 index 0 rnti 5505 mcs 24
slot 4 index 0 rnti 5505 mcs 24
slot 5 index 0 rnti 5505 mcs 24
[EMURAN-DL-CSV] t=44.664 win_tbs=20 win_fail=1 win_bler=0.05000 mcs_last=24 mcs_min=24 mcs_max=24 r0=19 r1=1 r2=0 r3=0  f0=1 f1=0 f2=0 f3=0 tot_tbs=11880 tot_fail=912 tot_bler=0.07677 tot_init=10981 tot_retx=899
slot 6 index 0 rnti 5505 mcs 24
slot 14 index 0 rnti 5505 mcs 24
slot 15 index 0 rnti 5505 mcs 24
slot 16 index 0 rnti 5505 mcs 24
slot 4 index 0 rnti 5505 mcs 24
slot 5 index 0 rnti 5505 mcs 24
slot 6 index 0 rnti 5505 mcs 24
slot 14 index 0 rnti 5505 mcs 24
slot 15 index 0 rnti 5505 mcs 24
slot 16 index 0 rnti 5505 mcs 24
slot 4 index 0 rnti 5505 mcs 24
slot 5 index 0 rnti 5505 mcs 24
slot 6 index 0 rnti 5505 mcs 24
slot 14 index 0 rnti 5505 mcs 24
slot 15 index 0 rnti 5505 mcs 24
slot 16 index 0 rnti 5505 mcs 24
slot 4 index 0 rnti 5505 mcs 24
slot 5 index 0 rnti 5505 mcs 24
slot 6 index 0 rnti 5505 mcs 24
slot 14 index 0 rnti 5505 mcs 24
[EMURAN-DL-CSV] t=44.736 win_tbs=20 win_fail=0 win_bler=0.00000 mcs_last=24 mcs_min=24 mcs_max=24 r0=19 r1=1 r2=0 r3=0  f0=0 f1=0 f2=0 f3=0 tot_tbs=11900 tot_fail=912 tot_bler=0.07664 tot_init=11000 tot_retx=900
slot 15 index 0 rnti 5505 mcs 24
slot 16 index 0 rnti 5505 mcs 24
slot 4 index 0 rnti 5505 mcs 24
slot 5 index 0 rnti 5505 mcs 24
slot 6 index 0 rnti 5505 mcs 24
slot 14 index 0 rnti 5505 mcs 24
slot 15 index 0 rnti 5505 mcs 24
slot 16 index 0 rnti 5505 mcs 24
slot 4 index 0 rnti 5505 mcs 24
slot 5 index 0 rnti 5505 mcs 24
slot 6 index 0 rnti 5505 mcs 24
slot 14 index 0 rnti 5505 mcs 24
slot 15 index 0 rnti 5505 mcs 24
slot 16 index 0 rnti 5505 mcs 24
slot 4 index 0 rnti 5505 mcs 24
slot 5 index 0 rnti 5505 mcs 24
slot 6 index 0 rnti 5505 mcs 24
slot 14 index 0 rnti 5505 mcs 24
slot 15 index 0 rnti 5505 mcs 24
slot 16 index 0 rnti 5505 mcs 24
[EMURAN-DL-CSV] t=44.801 win_tbs=20 win_fail=0 win_bler=0.00000 mcs_last=24 mcs_min=24 mcs_max=24 r0=20 r1=0 r2=0 r3=0  f0=0 f1=0 f2=0 f3=0 tot_tbs=11920 tot_fail=912 tot_bler=0.07651 tot_init=11020 tot_retx=900
slot 4 index 0 rnti 5505 mcs 24
slot 5 index 0 rnti 5505 mcs 24
slot 6 index 0 rnti 5505 mcs 24
slot 14 index 0 rnti 5505 mcs 24
slot 15 index 0 rnti 5505 mcs 24
slot 16 index 0 rnti 5505 mcs 24
slot 4 index 0 rnti 5505 mcs 24
slot 5 index 0 rnti 5505 mcs 24
slot 6 index 0 rnti 5505 mcs 24
slot 14 index 0 rnti 5505 mcs 24
slot 15 index 0 rnti 5505 mcs 24
slot 16 index 0 rnti 5505 mcs 24
slot 4 index 0 rnti 5505 mcs 24
slot 5 index 0 rnti 5505 mcs 24
slot 6 index 0 rnti 5505 mcs 24
slot 14 index 0 rnti 5505 mcs 24
slot 15 index 0 rnti 5505 mcs 24
slot 16 index 0 rnti 5505 mcs 24
slot 4 index 0 rnti 5505 mcs 24
slot 5 index 0 rnti 5505 mcs 24
[EMURAN-DL-CSV] t=44.874 win_tbs=20 win_fail=0 win_bler=0.00000 mcs_last=24 mcs_min=24 mcs_max=24 r0=20 r1=0 r2=0 r3=0  f0=0 f1=0 f2=0 f3=0 tot_tbs=11940 tot_fail=912 tot_bler=0.07638 tot_init=11040 tot_retx=900
slot 6 index 0 rnti 5505 mcs 24
slot 14 index 0 rnti 5505 mcs 24
slot 15 index 0 rnti 5505 mcs 24
slot 16 index 0 rnti 5505 mcs 24
slot 4 index 0 rnti 5505 mcs 24
slot 5 index 0 rnti 5505 mcs 24
slot 6 index 0 rnti 5505 mcs 24
slot 14 index 0 rnti 5505 mcs 24
slot 15 index 0 rnti 5505 mcs 24
slot 16 index 0 rnti 5505 mcs 24
slot 4 index 0 rnti 5505 mcs 24
slot 5 index 0 rnti 5505 mcs 24
slot 6 index 0 rnti 5505 mcs 24
slot 14 index 0 rnti 5505 mcs 24
slot 15 index 0 rnti 5505 mcs 24
slot 16 index 0 rnti 5505 mcs 24
slot 4 index 0 rnti 5505 mcs 24
slot 5 index 0 rnti 5505 mcs 24
slot 6 index 0 rnti 5505 mcs 24
slot 14 index 0 rnti 5505 mcs 24
[EMURAN-DL-CSV] t=44.946 win_tbs=20 win_fail=2 win_bler=0.10000 mcs_last=24 mcs_min=24 mcs_max=24 r0=18 r1=2 r2=0 r3=0  f0=2 f1=0 f2=0 f3=0 tot_tbs=11960 tot_fail=914 tot_bler=0.07642 tot_init=11058 tot_retx=902
slot 15 index 0 rnti 5505 mcs 24
slot 16 index 0 rnti 5505 mcs 24
slot 4 index 0 rnti 5505 mcs 24
slot 5 index 0 rnti 5505 mcs 24
slot 6 index 0 rnti 5505 mcs 24
slot 14 index 0 rnti 5505 mcs 24
slot 15 index 0 rnti 5505 mcs 24
slot 16 index 0 rnti 5505 mcs 24
slot 4 index 0 rnti 5505 mcs 24
slot 5 index 0 rnti 5505 mcs 24
slot 6 index 0 rnti 5505 mcs 24
slot 14 index 0 rnti 5505 mcs 24
slot 15 index 0 rnti 5505 mcs 24
slot 16 index 0 rnti 5505 mcs 24
slot 4 index 0 rnti 5505 mcs 24
slot 5 index 0 rnti 5505 mcs 24
slot 6 index 0 rnti 5505 mcs 24
slot 14 index 0 rnti 5505 mcs 24
slot 15 index 0 rnti 5505 mcs 24
slot 16 index 0 rnti 5505 mcs 24
[EMURAN-DL-CSV] t=45.012 win_tbs=20 win_fail=3 win_bler=0.15000 mcs_last=24 mcs_min=24 mcs_max=24 r0=18 r1=2 r2=0 r3=0  f0=3 f1=0 f2=0 f3=0 tot_tbs=11980 tot_fail=917 tot_bler=0.07654 tot_init=11076 tot_retx=904
slot 4 index 0 rnti 5505 mcs 24
slot 5 index 0 rnti 5505 mcs 24
slot 6 index 0 rnti 5505 mcs 24
slot 14 index 0 rnti 5505 mcs 24
slot 15 index 0 rnti 5505 mcs 24
slot 16 index 0 rnti 5505 mcs 24
slot 4 index 0 rnti 5505 mcs 24
slot 5 index 0 rnti 5505 mcs 24
slot 6 index 0 rnti 5505 mcs 24
slot 14 index 0 rnti 5505 mcs 24
slot 15 index 0 rnti 5505 mcs 24
slot 16 index 0 rnti 5505 mcs 24
slot 4 index 0 rnti 5505 mcs 24
slot 5 index 0 rnti 5505 mcs 24
slot 6 index 0 rnti 5505 mcs 24
slot 14 index 0 rnti 5505 mcs 24
slot 15 index 0 rnti 5505 mcs 24
slot 16 index 0 rnti 5505 mcs 24
slot 4 index 0 rnti 5505 mcs 24
slot 5 index 0 rnti 5505 mcs 24
[EMURAN-DL-CSV] t=45.084 win_tbs=20 win_fail=0 win_bler=0.00000 mcs_last=24 mcs_min=24 mcs_max=24 r0=19 r1=1 r2=0 r3=0  f0=0 f1=0 f2=0 f3=0 tot_tbs=12000 tot_fail=917 tot_bler=0.07642 tot_init=11095 tot_retx=905
slot 6 index 0 rnti 5505 mcs 24
slot 14 index 0 rnti 5505 mcs 24
slot 15 index 0 rnti 5505 mcs 24
slot 16 index 0 rnti 5505 mcs 24
slot 4 index 0 rnti 5505 mcs 24
slot 5 index 0 rnti 5505 mcs 24
slot 6 index 0 rnti 5505 mcs 24
slot 14 index 0 rnti 5505 mcs 24
slot 15 index 0 rnti 5505 mcs 24
slot 16 index 0 rnti 5505 mcs 24
slot 4 index 0 rnti 5505 mcs 24
slot 5 index 0 rnti 5505 mcs 24
slot 6 index 0 rnti 5505 mcs 24
slot 14 index 0 rnti 5505 mcs 24
slot 15 index 0 rnti 5505 mcs 24
slot 16 index 0 rnti 5505 mcs 24
slot 4 index 0 rnti 5505 mcs 24
slot 5 index 0 rnti 5505 mcs 24
slot 6 index 0 rnti 5505 mcs 24
slot 14 index 0 rnti 5505 mcs 24
[EMURAN-DL-CSV] t=45.156 win_tbs=20 win_fail=1 win_bler=0.05000 mcs_last=24 mcs_min=24 mcs_max=24 r0=19 r1=1 r2=0 r3=0  f0=1 f1=0 f2=0 f3=0 tot_tbs=12020 tot_fail=918 tot_bler=0.07637 tot_init=11114 tot_retx=906
slot 15 index 0 rnti 5505 mcs 24
slot 16 index 0 rnti 5505 mcs 24
slot 4 index 0 rnti 5505 mcs 24
slot 5 index 0 rnti 5505 mcs 24
slot 6 index 0 rnti 5505 mcs 24
slot 14 index 0 rnti 5505 mcs 24
slot 15 index 0 rnti 5505 mcs 24
slot 16 index 0 rnti 5505 mcs 24
slot 4 index 0 rnti 5505 mcs 24
slot 5 index 0 rnti 5505 mcs 24
slot 6 index 0 rnti 5505 mcs 24
slot 14 index 0 rnti 5505 mcs 24
slot 15 index 0 rnti 5505 mcs 24
slot 16 index 0 rnti 5505 mcs 24
slot 4 index 0 rnti 5505 mcs 24
slot 5 index 0 rnti 5505 mcs 24
slot 6 index 0 rnti 5505 mcs 24
slot 14 index 0 rnti 5505 mcs 24
slot 15 index 0 rnti 5505 mcs 24
slot 16 index 0 rnti 5505 mcs 24
[EMURAN-DL-CSV] t=45.222 win_tbs=20 win_fail=0 win_bler=0.00000 mcs_last=24 mcs_min=24 mcs_max=24 r0=20 r1=0 r2=0 r3=0  f0=0 f1=0 f2=0 f3=0 tot_tbs=12040 tot_fail=918 tot_bler=0.07625 tot_init=11134 tot_retx=906
slot 4 index 0 rnti 5505 mcs 24
slot 5 index 0 rnti 5505 mcs 24
slot 6 index 0 rnti 5505 mcs 24
slot 14 index 0 rnti 5505 mcs 24
slot 15 index 0 rnti 5505 mcs 24
slot 16 index 0 rnti 5505 mcs 24
slot 4 index 0 rnti 5505 mcs 24
slot 5 index 0 rnti 5505 mcs 24
slot 6 index 0 rnti 5505 mcs 24
slot 14 index 0 rnti 5505 mcs 24
slot 15 index 0 rnti 5505 mcs 24
slot 16 index 0 rnti 5505 mcs 24
slot 4 index 0 rnti 5505 mcs 24
slot 5 index 0 rnti 5505 mcs 24
slot 6 index 0 rnti 5505 mcs 24
slot 14 index 0 rnti 5505 mcs 24
slot 15 index 0 rnti 5505 mcs 24
slot 16 index 0 rnti 5505 mcs 24
slot 4 index 0 rnti 5505 mcs 24
slot 5 index 0 rnti 5505 mcs 24
[EMURAN-DL-CSV] t=45.294 win_tbs=20 win_fail=0 win_bler=0.00000 mcs_last=24 mcs_min=24 mcs_max=24 r0=20 r1=0 r2=0 r3=0  f0=0 f1=0 f2=0 f3=0 tot_tbs=12060 tot_fail=918 tot_bler=0.07612 tot_init=11154 tot_retx=906
slot 6 index 0 rnti 5505 mcs 24
slot 14 index 0 rnti 5505 mcs 24
slot 15 index 0 rnti 5505 mcs 24
slot 16 index 0 rnti 5505 mcs 24
slot 4 index 0 rnti 5505 mcs 24
slot 5 index 0 rnti 5505 mcs 24
slot 6 index 0 rnti 5505 mcs 24
slot 14 index 0 rnti 5505 mcs 24
slot 15 index 0 rnti 5505 mcs 24
slot 16 index 0 rnti 5505 mcs 24
slot 4 index 0 rnti 5505 mcs 24
slot 5 index 0 rnti 5505 mcs 24
slot 6 index 0 rnti 5505 mcs 24
slot 14 index 0 rnti 5505 mcs 24
slot 15 index 0 rnti 5505 mcs 24
slot 16 index 0 rnti 5505 mcs 24
slot 4 index 0 rnti 5505 mcs 24
slot 5 index 0 rnti 5505 mcs 24
slot 6 index 0 rnti 5505 mcs 24
slot 14 index 0 rnti 5505 mcs 24
[EMURAN-DL-CSV] t=45.366 win_tbs=20 win_fail=0 win_bler=0.00000 mcs_last=24 mcs_min=24 mcs_max=24 r0=20 r1=0 r2=0 r3=0  f0=0 f1=0 f2=0 f3=0 tot_tbs=12080 tot_fail=918 tot_bler=0.07599 tot_init=11174 tot_retx=906
slot 15 index 0 rnti 5505 mcs 24
slot 16 index 0 rnti 5505 mcs 24
slot 4 index 0 rnti 5505 mcs 24
slot 5 index 0 rnti 5505 mcs 24
slot 6 index 0 rnti 5505 mcs 24
slot 14 index 0 rnti 5505 mcs 24
slot 15 index 0 rnti 5505 mcs 24
slot 16 index 0 rnti 5505 mcs 24
slot 4 index 0 rnti 5505 mcs 24
slot 5 index 0 rnti 5505 mcs 24
slot 6 index 0 rnti 5505 mcs 24
slot 14 index 0 rnti 5505 mcs 24
slot 15 index 0 rnti 5505 mcs 24
slot 16 index 0 rnti 5505 mcs 24
slot 4 index 0 rnti 5505 mcs 24
slot 5 index 0 rnti 5505 mcs 24
slot 6 index 0 rnti 5505 mcs 24
slot 14 index 0 rnti 5505 mcs 24
slot 15 index 0 rnti 5505 mcs 24
slot 16 index 0 rnti 5505 mcs 24
[EMURAN-DL-CSV] t=45.432 win_tbs=20 win_fail=2 win_bler=0.10000 mcs_last=24 mcs_min=24 mcs_max=24 r0=17 r1=2 r2=1 r3=0  f0=2 f1=0 f2=0 f3=0 tot_tbs=12100 tot_fail=920 tot_bler=0.07603 tot_init=11191 tot_retx=909
slot 4 index 0 rnti 5505 mcs 24
slot 5 index 0 rnti 5505 mcs 24
slot 6 index 0 rnti 5505 mcs 24
slot 14 index 0 rnti 5505 mcs 24
slot 15 index 0 rnti 5505 mcs 24
slot 16 index 0 rnti 5505 mcs 24
slot 4 index 0 rnti 5505 mcs 24
slot 5 index 0 rnti 5505 mcs 24
slot 6 index 0 rnti 5505 mcs 24
slot 14 index 0 rnti 5505 mcs 24
slot 15 index 0 rnti 5505 mcs 24
slot 16 index 0 rnti 5505 mcs 24
slot 4 index 0 rnti 5505 mcs 24
slot 5 index 0 rnti 5505 mcs 24
slot 6 index 0 rnti 5505 mcs 24
slot 14 index 0 rnti 5505 mcs 24
slot 15 index 0 rnti 5505 mcs 24
slot 16 index 0 rnti 5505 mcs 24
slot 4 index 0 rnti 5505 mcs 24
slot 5 index 0 rnti 5505 mcs 24
[EMURAN-DL-CSV] t=45.504 win_tbs=20 win_fail=0 win_bler=0.00000 mcs_last=24 mcs_min=24 mcs_max=24 r0=20 r1=0 r2=0 r3=0  f0=0 f1=0 f2=0 f3=0 tot_tbs=12120 tot_fail=920 tot_bler=0.07591 tot_init=11211 tot_retx=909
slot 6 index 0 rnti 5505 mcs 24
slot 14 index 0 rnti 5505 mcs 24
slot 15 index 0 rnti 5505 mcs 24
slot 16 index 0 rnti 5505 mcs 24
slot 4 index 0 rnti 5505 mcs 24
slot 5 index 0 rnti 5505 mcs 24
slot 6 index 0 rnti 5505 mcs 24
slot 14 index 0 rnti 5505 mcs 24
slot 15 index 0 rnti 5505 mcs 24
slot 16 index 0 rnti 5505 mcs 24
slot 4 index 0 rnti 5505 mcs 24
slot 5 index 0 rnti 5505 mcs 24
slot 6 index 0 rnti 5505 mcs 24
slot 14 index 0 rnti 5505 mcs 24
slot 15 index 0 rnti 5505 mcs 24
slot 16 index 0 rnti 5505 mcs 24
slot 4 index 0 rnti 5505 mcs 24
slot 5 index 0 rnti 5505 mcs 24
slot 6 index 0 rnti 5505 mcs 24
slot 14 index 0 rnti 5505 mcs 24
[EMURAN-DL-CSV] t=45.577 win_tbs=20 win_fail=1 win_bler=0.05000 mcs_last=24 mcs_min=24 mcs_max=24 r0=20 r1=0 r2=0 r3=0  f0=1 f1=0 f2=0 f3=0 tot_tbs=12140 tot_fail=921 tot_bler=0.07586 tot_init=11231 tot_retx=909
slot 15 index 0 rnti 5505 mcs 24
slot 16 index 0 rnti 5505 mcs 24
slot 4 index 0 rnti 5505 mcs 25
slot 5 index 0 rnti 5505 mcs 25
slot 6 index 0 rnti 5505 mcs 25
slot 14 index 0 rnti 5505 mcs 25
slot 15 index 0 rnti 5505 mcs 25
slot 16 index 0 rnti 5505 mcs 25
slot 4 index 0 rnti 5505 mcs 25
slot 5 index 0 rnti 5505 mcs 25
slot 6 index 0 rnti 5505 mcs 25
slot 14 index 0 rnti 5505 mcs 25
slot 15 index 0 rnti 5505 mcs 25
slot 16 index 0 rnti 5505 mcs 25
slot 4 index 0 rnti 5505 mcs 25
slot 5 index 0 rnti 5505 mcs 25
slot 6 index 0 rnti 5505 mcs 25
slot 14 index 0 rnti 5505 mcs 25
slot 15 index 0 rnti 5505 mcs 25
slot 16 index 0 rnti 5505 mcs 25
[EMURAN-DL-CSV] t=45.642 win_tbs=20 win_fail=1 win_bler=0.05000 mcs_last=25 mcs_min=24 mcs_max=25 r0=19 r1=1 r2=0 r3=0  f0=1 f1=0 f2=0 f3=0 tot_tbs=12160 tot_fail=922 tot_bler=0.07582 tot_init=11250 tot_retx=910
slot 4 index 0 rnti 5505 mcs 25
slot 5 index 0 rnti 5505 mcs 25
slot 6 index 0 rnti 5505 mcs 25
slot 14 index 0 rnti 5505 mcs 25
slot 15 index 0 rnti 5505 mcs 25
slot 16 index 0 rnti 5505 mcs 25
slot 4 index 0 rnti 5505 mcs 25
slot 5 index 0 rnti 5505 mcs 25
slot 6 index 0 rnti 5505 mcs 25
slot 14 index 0 rnti 5505 mcs 25
slot 15 index 0 rnti 5505 mcs 25
slot 16 index 0 rnti 5505 mcs 25
slot 4 index 0 rnti 5505 mcs 25
slot 5 index 0 rnti 5505 mcs 25
slot 6 index 0 rnti 5505 mcs 25
slot 14 index 0 rnti 5505 mcs 25
slot 15 index 0 rnti 5505 mcs 25
slot 16 index 0 rnti 5505 mcs 25
slot 4 index 0 rnti 5505 mcs 25
slot 5 index 0 rnti 5505 mcs 25
[EMURAN-DL-CSV] t=45.714 win_tbs=20 win_fail=6 win_bler=0.30000 mcs_last=25 mcs_min=25 mcs_max=25 r0=14 r1=4 r2=1 r3=1  f0=4 f1=2 f2=0 f3=0 tot_tbs=12180 tot_fail=928 tot_bler=0.07619 tot_init=11264 tot_retx=916
slot 6 index 0 rnti 5505 mcs 25
slot 14 index 0 rnti 5505 mcs 25
slot 15 index 0 rnti 5505 mcs 25
slot 16 index 0 rnti 5505 mcs 25
slot 4 index 0 rnti 5505 mcs 25
slot 5 index 0 rnti 5505 mcs 25
slot 6 index 0 rnti 5505 mcs 25
slot 14 index 0 rnti 5505 mcs 25
slot 15 index 0 rnti 5505 mcs 25
slot 16 index 0 rnti 5505 mcs 25
slot 4 index 0 rnti 5505 mcs 25
slot 5 index 0 rnti 5505 mcs 25
slot 6 index 0 rnti 5505 mcs 25
slot 14 index 0 rnti 5505 mcs 25
slot 15 index 0 rnti 5505 mcs 25
slot 16 index 0 rnti 5505 mcs 25
slot 4 index 0 rnti 5505 mcs 25
slot 5 index 0 rnti 5505 mcs 25
slot 6 index 0 rnti 5505 mcs 25
slot 14 index 0 rnti 5505 mcs 25
[EMURAN-DL-CSV] t=45.787 win_tbs=20 win_fail=7 win_bler=0.35000 mcs_last=25 mcs_min=25 mcs_max=25 r0=16 r1=4 r2=0 r3=0  f0=7 f1=0 f2=0 f3=0 tot_tbs=12200 tot_fail=935 tot_bler=0.07664 tot_init=11280 tot_retx=920
slot 15 index 0 rnti 5505 mcs 25
slot 16 index 0 rnti 5505 mcs 25
slot 4 index 0 rnti 5505 mcs 25
slot 5 index 0 rnti 5505 mcs 25
slot 6 index 0 rnti 5505 mcs 25
slot 14 index 0 rnti 5505 mcs 25
slot 15 index 0 rnti 5505 mcs 25
slot 16 index 0 rnti 5505 mcs 25
slot 4 index 0 rnti 5505 mcs 25
slot 5 index 0 rnti 5505 mcs 25
slot 6 index 0 rnti 5505 mcs 25
slot 14 index 0 rnti 5505 mcs 25
slot 15 index 0 rnti 5505 mcs 25
slot 16 index 0 rnti 5505 mcs 25
slot 4 index 0 rnti 5505 mcs 25
slot 5 index 0 rnti 5505 mcs 25
slot 6 index 0 rnti 5505 mcs 25
slot 14 index 0 rnti 5505 mcs 25
slot 15 index 0 rnti 5505 mcs 25
slot 16 index 0 rnti 5505 mcs 25
[EMURAN-DL-CSV] t=45.852 win_tbs=20 win_fail=6 win_bler=0.30000 mcs_last=25 mcs_min=25 mcs_max=25 r0=14 r1=5 r2=1 r3=0  f0=4 f1=1 f2=1 f3=0 tot_tbs=12220 tot_fail=941 tot_bler=0.07700 tot_init=11294 tot_retx=926
slot 4 index 0 rnti 5505 mcs 25
slot 5 index 0 rnti 5505 mcs 25
slot 6 index 0 rnti 5505 mcs 25
slot 14 index 0 rnti 5505 mcs 25
slot 15 index 0 rnti 5505 mcs 25
slot 16 index 0 rnti 5505 mcs 25
slot 4 index 0 rnti 5505 mcs 25
slot 5 index 0 rnti 5505 mcs 25
slot 6 index 0 rnti 5505 mcs 25
slot 14 index 0 rnti 5505 mcs 25
slot 15 index 0 rnti 5505 mcs 25
slot 16 index 0 rnti 5505 mcs 25
slot 4 index 0 rnti 5505 mcs 25
slot 5 index 0 rnti 5505 mcs 25
slot 6 index 0 rnti 5505 mcs 25
slot 14 index 0 rnti 5505 mcs 25
slot 15 index 0 rnti 5505 mcs 25
slot 16 index 0 rnti 5505 mcs 25
slot 4 index 0 rnti 5505 mcs 25
slot 5 index 0 rnti 5505 mcs 25
[EMURAN-DL-CSV] t=45.924 win_tbs=20 win_fail=10 win_bler=0.50000 mcs_last=25 mcs_min=25 mcs_max=25 r0=10 r1=6 r2=3 r3=1  f0=5 f1=3 f2=1 f3=1 tot_tbs=12240 tot_fail=951 tot_bler=0.07770 tot_init=11304 tot_retx=936
slot 6 index 0 rnti 5505 mcs 25
slot 14 index 0 rnti 5505 mcs 25
slot 15 index 0 rnti 5505 mcs 25
slot 16 index 0 rnti 5505 mcs 25
slot 4 index 0 rnti 5505 mcs 25
slot 5 index 0 rnti 5505 mcs 25
slot 6 index 0 rnti 5505 mcs 25
slot 14 index 0 rnti 5505 mcs 25
slot 15 index 0 rnti 5505 mcs 25
slot 16 index 0 rnti 5505 mcs 25
slot 4 index 0 rnti 5505 mcs 25
slot 5 index 0 rnti 5505 mcs 25
slot 6 index 0 rnti 5505 mcs 25
slot 14 index 0 rnti 5505 mcs 25
slot 15 index 0 rnti 5505 mcs 25
slot 16 index 0 rnti 5505 mcs 25
slot 4 index 0 rnti 5505 mcs 25
slot 5 index 0 rnti 5505 mcs 25
slot 6 index 0 rnti 5505 mcs 25
slot 14 index 0 rnti 5505 mcs 25
[EMURAN-DL-CSV] t=45.997 win_tbs=20 win_fail=7 win_bler=0.35000 mcs_last=25 mcs_min=25 mcs_max=25 r0=17 r1=2 r2=1 r3=0  f0=5 f1=2 f2=0 f3=0 tot_tbs=12260 tot_fail=958 tot_bler=0.07814 tot_init=11321 tot_retx=939
slot 15 index 0 rnti 5505 mcs 25
slot 16 index 0 rnti 5505 mcs 25
slot 4 index 0 rnti 5505 mcs 25
slot 5 index 0 rnti 5505 mcs 25
slot 6 index 0 rnti 5505 mcs 25
slot 14 index 0 rnti 5505 mcs 25
slot 15 index 0 rnti 5505 mcs 25
slot 16 index 0 rnti 5505 mcs 25
slot 4 index 0 rnti 5505 mcs 25
slot 5 index 0 rnti 5505 mcs 25
slot 6 index 0 rnti 5505 mcs 25
slot 14 index 0 rnti 5505 mcs 25
slot 15 index 0 rnti 5505 mcs 25
slot 16 index 0 rnti 5505 mcs 25
slot 4 index 0 rnti 5505 mcs 25
slot 5 index 0 rnti 5505 mcs 25
slot 6 index 0 rnti 5505 mcs 25
slot 14 index 0 rnti 5505 mcs 25
slot 15 index 0 rnti 5505 mcs 25
slot 16 index 0 rnti 5505 mcs 25
[EMURAN-DL-CSV] t=46.062 win_tbs=20 win_fail=6 win_bler=0.30000 mcs_last=25 mcs_min=25 mcs_max=25 r0=13 r1=4 r2=2 r3=1  f0=1 f1=4 f2=0 f3=1 tot_tbs=12280 tot_fail=964 tot_bler=0.07850 tot_init=11334 tot_retx=946
slot 4 index 0 rnti 5505 mcs 25
slot 5 index 0 rnti 5505 mcs 25
slot 6 index 0 rnti 5505 mcs 25
slot 14 index 0 rnti 5505 mcs 25
slot 15 index 0 rnti 5505 mcs 25
slot 16 index 0 rnti 5505 mcs 25
slot 4 index 0 rnti 5505 mcs 25
slot 5 index 0 rnti 5505 mcs 25
slot 6 index 0 rnti 5505 mcs 25
slot 14 index 0 rnti 5505 mcs 25
slot 15 index 0 rnti 5505 mcs 25
slot 16 index 0 rnti 5505 mcs 25
slot 4 index 0 rnti 5505 mcs 25
slot 5 index 0 rnti 5505 mcs 25
slot 6 index 0 rnti 5505 mcs 25
slot 14 index 0 rnti 5505 mcs 25
slot 15 index 0 rnti 5505 mcs 25
slot 16 index 0 rnti 5505 mcs 25
slot 4 index 0 rnti 5505 mcs 25
slot 5 index 0 rnti 5505 mcs 25
[EMURAN-DL-CSV] t=46.134 win_tbs=20 win_fail=5 win_bler=0.25000 mcs_last=25 mcs_min=25 mcs_max=25 r0=14 r1=5 r2=1 r3=0  f0=4 f1=1 f2=0 f3=0 tot_tbs=12300 tot_fail=969 tot_bler=0.07878 tot_init=11348 tot_retx=952
slot 6 index 0 rnti 5505 mcs 25
slot 14 index 0 rnti 5505 mcs 25
slot 15 index 0 rnti 5505 mcs 25
slot 16 index 0 rnti 5505 mcs 25
slot 4 index 0 rnti 5505 mcs 25
slot 5 index 0 rnti 5505 mcs 25
slot 6 index 0 rnti 5505 mcs 25
slot 14 index 0 rnti 5505 mcs 25
slot 15 index 0 rnti 5505 mcs 25
slot 16 index 0 rnti 5505 mcs 25
slot 4 index 0 rnti 5505 mcs 25
slot 5 index 0 rnti 5505 mcs 25
slot 6 index 0 rnti 5505 mcs 25
slot 14 index 0 rnti 5505 mcs 25
slot 15 index 0 rnti 5505 mcs 25
slot 16 index 0 rnti 5505 mcs 25
slot 4 index 0 rnti 5505 mcs 25
slot 5 index 0 rnti 5505 mcs 25
slot 6 index 0 rnti 5505 mcs 25
slot 14 index 0 rnti 5505 mcs 25
[EMURAN-DL-CSV] t=46.207 win_tbs=20 win_fail=2 win_bler=0.10000 mcs_last=25 mcs_min=25 mcs_max=25 r0=19 r1=1 r2=0 r3=0  f0=2 f1=0 f2=0 f3=0 tot_tbs=12320 tot_fail=971 tot_bler=0.07881 tot_init=11367 tot_retx=953
slot 15 index 0 rnti 5505 mcs 25
slot 16 index 0 rnti 5505 mcs 25
slot 4 index 0 rnti 5505 mcs 25
slot 5 index 0 rnti 5505 mcs 25
slot 6 index 0 rnti 5505 mcs 25
slot 14 index 0 rnti 5505 mcs 25
slot 15 index 0 rnti 5505 mcs 25
slot 16 index 0 rnti 5505 mcs 25
slot 4 index 0 rnti 5505 mcs 25
slot 5 index 0 rnti 5505 mcs 25
slot 6 index 0 rnti 5505 mcs 25
slot 14 index 0 rnti 5505 mcs 25
slot 15 index 0 rnti 5505 mcs 25
slot 16 index 0 rnti 5505 mcs 25
slot 4 index 0 rnti 5505 mcs 25
slot 5 index 0 rnti 5505 mcs 25
slot 6 index 0 rnti 5505 mcs 25
slot 14 index 0 rnti 5505 mcs 25
slot 15 index 0 rnti 5505 mcs 25
slot 16 index 0 rnti 5505 mcs 25
[EMURAN-DL-CSV] t=46.272 win_tbs=20 win_fail=6 win_bler=0.30000 mcs_last=25 mcs_min=25 mcs_max=25 r0=16 r1=3 r2=1 r3=0  f0=5 f1=1 f2=0 f3=0 tot_tbs=12340 tot_fail=977 tot_bler=0.07917 tot_init=11383 tot_retx=957
slot 4 index 0 rnti 5505 mcs 25
slot 5 index 0 rnti 5505 mcs 25
slot 6 index 0 rnti 5505 mcs 25
slot 14 index 0 rnti 5505 mcs 25
slot 15 index 0 rnti 5505 mcs 25
slot 16 index 0 rnti 5505 mcs 25
slot 4 index 0 rnti 5505 mcs 25
slot 5 index 0 rnti 5505 mcs 25
slot 6 index 0 rnti 5505 mcs 25
slot 14 index 0 rnti 5505 mcs 25
slot 15 index 0 rnti 5505 mcs 25
slot 16 index 0 rnti 5505 mcs 25
slot 4 index 0 rnti 5505 mcs 25
slot 5 index 0 rnti 5505 mcs 25
slot 6 index 0 rnti 5505 mcs 25
slot 14 index 0 rnti 5505 mcs 25
slot 15 index 0 rnti 5505 mcs 25
slot 16 index 0 rnti 5505 mcs 25
slot 4 index 0 rnti 5505 mcs 25
slot 5 index 0 rnti 5505 mcs 25
[EMURAN-DL-CSV] t=46.344 win_tbs=20 win_fail=10 win_bler=0.50000 mcs_last=25 mcs_min=25 mcs_max=25 r0=13 r1=6 r2=1 r3=0  f0=6 f1=4 f2=0 f3=0 tot_tbs=12360 tot_fail=987 tot_bler=0.07985 tot_init=11396 tot_retx=964
slot 6 index 0 rnti 5505 mcs 25
slot 14 index 0 rnti 5505 mcs 25
slot 15 index 0 rnti 5505 mcs 25
slot 16 index 0 rnti 5505 mcs 25
slot 4 index 0 rnti 5505 mcs 25
slot 5 index 0 rnti 5505 mcs 25
slot 6 index 0 rnti 5505 mcs 25
slot 14 index 0 rnti 5505 mcs 25
slot 15 index 0 rnti 5505 mcs 25
slot 16 index 0 rnti 5505 mcs 25
slot 4 index 0 rnti 5505 mcs 25
slot 5 index 0 rnti 5505 mcs 25
slot 6 index 0 rnti 5505 mcs 25
slot 14 index 0 rnti 5505 mcs 25
slot 15 index 0 rnti 5505 mcs 25
slot 16 index 0 rnti 5505 mcs 25
slot 4 index 0 rnti 5505 mcs 25
slot 5 index 0 rnti 5505 mcs 25
slot 6 index 0 rnti 5505 mcs 25
slot 14 index 0 rnti 5505 mcs 25
[EMURAN-DL-CSV] t=46.417 win_tbs=20 win_fail=6 win_bler=0.30000 mcs_last=25 mcs_min=25 mcs_max=25 r0=12 r1=3 r2=3 r3=2  f0=4 f1=0 f2=0 f3=2 tot_tbs=12380 tot_fail=993 tot_bler=0.08021 tot_init=11408 tot_retx=972
slot 15 index 0 rnti 5505 mcs 25
slot 16 index 0 rnti 5505 mcs 25
slot 4 index 0 rnti 5505 mcs 25
slot 5 index 0 rnti 5505 mcs 25
slot 6 index 0 rnti 5505 mcs 25
slot 14 index 0 rnti 5505 mcs 25
slot 15 index 0 rnti 5505 mcs 25
slot 16 index 0 rnti 5505 mcs 25
slot 4 index 0 rnti 5505 mcs 25
slot 5 index 0 rnti 5505 mcs 25
slot 6 index 0 rnti 5505 mcs 25
slot 14 index 0 rnti 5505 mcs 25
slot 15 index 0 rnti 5505 mcs 25
slot 16 index 0 rnti 5505 mcs 25
slot 4 index 0 rnti 5505 mcs 25
slot 5 index 0 rnti 5505 mcs 25
slot 6 index 0 rnti 5505 mcs 25
slot 14 index 0 rnti 5505 mcs 25
slot 15 index 0 rnti 5505 mcs 25
slot 16 index 0 rnti 5505 mcs 25
[EMURAN-DL-CSV] t=46.482 win_tbs=20 win_fail=10 win_bler=0.50000 mcs_last=25 mcs_min=25 mcs_max=25 r0=11 r1=6 r2=2 r3=1  f0=6 f1=3 f2=0 f3=1 tot_tbs=12400 tot_fail=1003 tot_bler=0.08089 tot_init=11419 tot_retx=981
slot 4 index 0 rnti 5505 mcs 25
slot 5 index 0 rnti 5505 mcs 25
slot 6 index 0 rnti 5505 mcs 25
slot 14 index 0 rnti 5505 mcs 25
slot 15 index 0 rnti 5505 mcs 25
slot 16 index 0 rnti 5505 mcs 25
slot 4 index 0 rnti 5505 mcs 25
slot 5 index 0 rnti 5505 mcs 25
slot 6 index 0 rnti 5505 mcs 25
slot 14 index 0 rnti 5505 mcs 25
slot 15 index 0 rnti 5505 mcs 25
slot 16 index 0 rnti 5505 mcs 25
slot 4 index 0 rnti 5505 mcs 25
slot 5 index 0 rnti 5505 mcs 25
slot 6 index 0 rnti 5505 mcs 25
slot 14 index 0 rnti 5505 mcs 25
slot 15 index 0 rnti 5505 mcs 25
slot 16 index 0 rnti 5505 mcs 25
slot 4 index 0 rnti 5505 mcs 25
slot 5 index 0 rnti 5505 mcs 25
[EMURAN-DL-CSV] t=46.555 win_tbs=20 win_fail=8 win_bler=0.40000 mcs_last=25 mcs_min=25 mcs_max=25 r0=11 r1=7 r2=1 r3=1  f0=5 f1=2 f2=0 f3=1 tot_tbs=12420 tot_fail=1011 tot_bler=0.08140 tot_init=11430 tot_retx=990
slot 6 index 0 rnti 5505 mcs 25
slot 14 index 0 rnti 5505 mcs 25
slot 15 index 0 rnti 5505 mcs 25
slot 16 index 0 rnti 5505 mcs 25
slot 4 index 0 rnti 5505 mcs 25
slot 5 index 0 rnti 5505 mcs 25
slot 6 index 0 rnti 5505 mcs 25
slot 14 index 0 rnti 5505 mcs 25
slot 15 index 0 rnti 5505 mcs 25
slot 16 index 0 rnti 5505 mcs 25
slot 4 index 0 rnti 5505 mcs 25
slot 5 index 0 rnti 5505 mcs 25
slot 6 index 0 rnti 5505 mcs 25
slot 14 index 0 rnti 5505 mcs 25
slot 15 index 0 rnti 5505 mcs 25
slot 16 index 0 rnti 5505 mcs 25
slot 4 index 0 rnti 5505 mcs 25
slot 5 index 0 rnti 5505 mcs 25
slot 6 index 0 rnti 5505 mcs 25
slot 14 index 0 rnti 5505 mcs 25
[EMURAN-DL-CSV] t=46.627 win_tbs=20 win_fail=2 win_bler=0.10000 mcs_last=25 mcs_min=25 mcs_max=25 r0=18 r1=2 r2=0 r3=0  f0=2 f1=0 f2=0 f3=0 tot_tbs=12440 tot_fail=1013 tot_bler=0.08143 tot_init=11448 tot_retx=992
slot 15 index 0 rnti 5505 mcs 25
slot 16 index 0 rnti 5505 mcs 25
[UE-STAT] frame=700 dci_cnt=600 total_tbs=42968736 ack_real=434 nack_real=92 fb_missing=74 decode_cnt=600
slot 4 index 0 rnti 5505 mcs 25
slot 5 index 0 rnti 5505 mcs 25
slot 6 index 0 rnti 5505 mcs 25
slot 14 index 0 rnti 5505 mcs 25
slot 15 index 0 rnti 5505 mcs 25
slot 16 index 0 rnti 5505 mcs 25
slot 4 index 0 rnti 5505 mcs 25
slot 5 index 0 rnti 5505 mcs 25
slot 6 index 0 rnti 5505 mcs 25
slot 14 index 0 rnti 5505 mcs 25
slot 15 index 0 rnti 5505 mcs 25
slot 16 index 0 rnti 5505 mcs 25
slot 4 index 0 rnti 5505 mcs 25
slot 5 index 0 rnti 5505 mcs 25
slot 6 index 0 rnti 5505 mcs 25
slot 14 index 0 rnti 5505 mcs 25
slot 15 index 0 rnti 5505 mcs 25
slot 16 index 0 rnti 5505 mcs 25
[EMURAN-DL-CSV] t=46.692 win_tbs=20 win_fail=4 win_bler=0.20000 mcs_last=25 mcs_min=25 mcs_max=25 r0=17 r1=3 r2=0 r3=0  f0=3 f1=1 f2=0 f3=0 tot_tbs=12460 tot_fail=1017 tot_bler=0.08162 tot_init=11465 tot_retx=995
slot 4 index 0 rnti 5505 mcs 25
slot 5 index 0 rnti 5505 mcs 25
slot 6 index 0 rnti 5505 mcs 25
slot 14 index 0 rnti 5505 mcs 25
slot 15 index 0 rnti 5505 mcs 25
slot 16 index 0 rnti 5505 mcs 25
slot 4 index 0 rnti 5505 mcs 25
slot 5 index 0 rnti 5505 mcs 25
slot 6 index 0 rnti 5505 mcs 25
slot 14 index 0 rnti 5505 mcs 25
slot 15 index 0 rnti 5505 mcs 25
slot 16 index 0 rnti 5505 mcs 25
slot 4 index 0 rnti 5505 mcs 25
slot 5 index 0 rnti 5505 mcs 25
slot 6 index 0 rnti 5505 mcs 25
slot 14 index 0 rnti 5505 mcs 25
slot 15 index 0 rnti 5505 mcs 25
slot 16 index 0 rnti 5505 mcs 25
slot 4 index 0 rnti 5505 mcs 25
slot 5 index 0 rnti 5505 mcs 25
[EMURAN-DL-CSV] t=46.765 win_tbs=20 win_fail=5 win_bler=0.25000 mcs_last=25 mcs_min=25 mcs_max=25 r0=14 r1=6 r2=0 r3=0  f0=4 f1=1 f2=0 f3=0 tot_tbs=12480 tot_fail=1022 tot_bler=0.08189 tot_init=11479 tot_retx=1001
slot 6 index 0 rnti 5505 mcs 25
slot 14 index 0 rnti 5505 mcs 25
slot 15 index 0 rnti 5505 mcs 25
slot 16 index 0 rnti 5505 mcs 25
slot 4 index 0 rnti 5505 mcs 25
slot 5 index 0 rnti 5505 mcs 25
slot 6 index 0 rnti 5505 mcs 25
slot 14 index 0 rnti 5505 mcs 25
slot 15 index 0 rnti 5505 mcs 25
slot 16 index 0 rnti 5505 mcs 25
slot 4 index 0 rnti 5505 mcs 25
slot 5 index 0 rnti 5505 mcs 25
slot 6 index 0 rnti 5505 mcs 25
slot 14 index 0 rnti 5505 mcs 25
slot 15 index 0 rnti 5505 mcs 25
slot 16 index 0 rnti 5505 mcs 25
slot 4 index 0 rnti 5505 mcs 25
slot 5 index 0 rnti 5505 mcs 25
slot 6 index 0 rnti 5505 mcs 25
slot 14 index 0 rnti 5505 mcs 25
[EMURAN-DL-CSV] t=46.837 win_tbs=20 win_fail=3 win_bler=0.15000 mcs_last=25 mcs_min=25 mcs_max=25 r0=18 r1=2 r2=0 r3=0  f0=2 f1=1 f2=0 f3=0 tot_tbs=12500 tot_fail=1025 tot_bler=0.08200 tot_init=11497 tot_retx=1003
slot 15 index 0 rnti 5505 mcs 25
slot 16 index 0 rnti 5505 mcs 25
slot 4 index 0 rnti 5505 mcs 24
slot 5 index 0 rnti 5505 mcs 25
slot 6 index 0 rnti 5505 mcs 24
slot 14 index 0 rnti 5505 mcs 25
slot 15 index 0 rnti 5505 mcs 24
slot 16 index 0 rnti 5505 mcs 24
slot 4 index 0 rnti 5505 mcs 24
slot 5 index 0 rnti 5505 mcs 24
slot 6 index 0 rnti 5505 mcs 24
slot 14 index 0 rnti 5505 mcs 24
slot 15 index 0 rnti 5505 mcs 24
slot 16 index 0 rnti 5505 mcs 24
slot 4 index 0 rnti 5505 mcs 24
slot 5 index 0 rnti 5505 mcs 24
slot 6 index 0 rnti 5505 mcs 24
slot 14 index 0 rnti 5505 mcs 24
slot 15 index 0 rnti 5505 mcs 24
slot 16 index 0 rnti 5505 mcs 24
[EMURAN-DL-CSV] t=46.902 win_tbs=20 win_fail=4 win_bler=0.20000 mcs_last=24 mcs_min=24 mcs_max=25 r0=16 r1=2 r2=2 r3=0  f0=2 f1=1 f2=1 f3=0 tot_tbs=12520 tot_fail=1029 tot_bler=0.08219 tot_init=11513 tot_retx=1007
slot 4 index 0 rnti 5505 mcs 24
slot 5 index 0 rnti 5505 mcs 24
slot 6 index 0 rnti 5505 mcs 24
slot 14 index 0 rnti 5505 mcs 24
slot 15 index 0 rnti 5505 mcs 24
slot 16 index 0 rnti 5505 mcs 24
slot 4 index 0 rnti 5505 mcs 24
slot 5 index 0 rnti 5505 mcs 24
slot 6 index 0 rnti 5505 mcs 24
slot 14 index 0 rnti 5505 mcs 24
slot 15 index 0 rnti 5505 mcs 24
slot 16 index 0 rnti 5505 mcs 24
slot 4 index 0 rnti 5505 mcs 24
slot 5 index 0 rnti 5505 mcs 24
slot 6 index 0 rnti 5505 mcs 24
slot 14 index 0 rnti 5505 mcs 24
slot 15 index 0 rnti 5505 mcs 24
slot 16 index 0 rnti 5505 mcs 24
slot 4 index 0 rnti 5505 mcs 24
slot 5 index 0 rnti 5505 mcs 24
[EMURAN-DL-CSV] t=46.975 win_tbs=20 win_fail=0 win_bler=0.00000 mcs_last=24 mcs_min=24 mcs_max=24 r0=19 r1=1 r2=0 r3=0  f0=0 f1=0 f2=0 f3=0 tot_tbs=12540 tot_fail=1029 tot_bler=0.08206 tot_init=11532 tot_retx=1008
slot 6 index 0 rnti 5505 mcs 24
slot 14 index 0 rnti 5505 mcs 24
slot 15 index 0 rnti 5505 mcs 24
slot 16 index 0 rnti 5505 mcs 24
slot 4 index 0 rnti 5505 mcs 24
slot 5 index 0 rnti 5505 mcs 24
slot 6 index 0 rnti 5505 mcs 24
slot 14 index 0 rnti 5505 mcs 24
slot 15 index 0 rnti 5505 mcs 24
slot 16 index 0 rnti 5505 mcs 24
slot 4 index 0 rnti 5505 mcs 24
slot 5 index 0 rnti 5505 mcs 24
slot 6 index 0 rnti 5505 mcs 24
slot 14 index 0 rnti 5505 mcs 24
slot 15 index 0 rnti 5505 mcs 24
slot 16 index 0 rnti 5505 mcs 24
slot 4 index 0 rnti 5505 mcs 24
slot 5 index 0 rnti 5505 mcs 24
slot 6 index 0 rnti 5505 mcs 24
slot 14 index 0 rnti 5505 mcs 24
[EMURAN-DL-CSV] t=47.047 win_tbs=20 win_fail=2 win_bler=0.10000 mcs_last=24 mcs_min=24 mcs_max=24 r0=18 r1=2 r2=0 r3=0  f0=2 f1=0 f2=0 f3=0 tot_tbs=12560 tot_fail=1031 tot_bler=0.08209 tot_init=11550 tot_retx=1010
slot 15 index 0 rnti 5505 mcs 24
slot 16 index 0 rnti 5505 mcs 24
slot 4 index 0 rnti 5505 mcs 24
slot 5 index 0 rnti 5505 mcs 24
slot 6 index 0 rnti 5505 mcs 24
slot 14 index 0 rnti 5505 mcs 24
slot 15 index 0 rnti 5505 mcs 24
slot 16 index 0 rnti 5505 mcs 24
slot 4 index 0 rnti 5505 mcs 24
slot 5 index 0 rnti 5505 mcs 24
slot 6 index 0 rnti 5505 mcs 24
slot 14 index 0 rnti 5505 mcs 24
slot 15 index 0 rnti 5505 mcs 24
slot 16 index 0 rnti 5505 mcs 24
slot 4 index 0 rnti 5505 mcs 24
slot 5 index 0 rnti 5505 mcs 24
slot 6 index 0 rnti 5505 mcs 24
slot 14 index 0 rnti 5505 mcs 24
slot 15 index 0 rnti 5505 mcs 24
slot 16 index 0 rnti 5505 mcs 24
[EMURAN-DL-CSV] t=47.112 win_tbs=20 win_fail=4 win_bler=0.20000 mcs_last=24 mcs_min=24 mcs_max=24 r0=15 r1=3 r2=2 r3=0  f0=3 f1=0 f2=1 f3=0 tot_tbs=12580 tot_fail=1035 tot_bler=0.08227 tot_init=11565 tot_retx=1015
slot 4 index 0 rnti 5505 mcs 24
slot 5 index 0 rnti 5505 mcs 24
slot 6 index 0 rnti 5505 mcs 24
slot 14 index 0 rnti 5505 mcs 24
slot 15 index 0 rnti 5505 mcs 24
slot 16 index 0 rnti 5505 mcs 24
slot 4 index 0 rnti 5505 mcs 24
slot 5 index 0 rnti 5505 mcs 24
slot 6 index 0 rnti 5505 mcs 24
slot 14 index 0 rnti 5505 mcs 24
slot 15 index 0 rnti 5505 mcs 24
slot 16 index 0 rnti 5505 mcs 24
slot 4 index 0 rnti 5505 mcs 24
slot 5 index 0 rnti 5505 mcs 24
slot 6 index 0 rnti 5505 mcs 24
slot 14 index 0 rnti 5505 mcs 24
slot 15 index 0 rnti 5505 mcs 24
slot 16 index 0 rnti 5505 mcs 24
slot 4 index 0 rnti 5505 mcs 24
slot 5 index 0 rnti 5505 mcs 24
[EMURAN-DL-CSV] t=47.185 win_tbs=20 win_fail=0 win_bler=0.00000 mcs_last=24 mcs_min=24 mcs_max=24 r0=20 r1=0 r2=0 r3=0  f0=0 f1=0 f2=0 f3=0 tot_tbs=12600 tot_fail=1035 tot_bler=0.08214 tot_init=11585 tot_retx=1015
slot 6 index 0 rnti 5505 mcs 24
slot 14 index 0 rnti 5505 mcs 24
slot 15 index 0 rnti 5505 mcs 24
slot 16 index 0 rnti 5505 mcs 24
slot 4 index 0 rnti 5505 mcs 24
slot 5 index 0 rnti 5505 mcs 24
slot 6 index 0 rnti 5505 mcs 24
slot 14 index 0 rnti 5505 mcs 24
slot 15 index 0 rnti 5505 mcs 24
slot 16 index 0 rnti 5505 mcs 24
slot 4 index 0 rnti 5505 mcs 24
slot 5 index 0 rnti 5505 mcs 24
slot 6 index 0 rnti 5505 mcs 24
slot 14 index 0 rnti 5505 mcs 24
slot 15 index 0 rnti 5505 mcs 24
slot 16 index 0 rnti 5505 mcs 24
slot 4 index 0 rnti 5505 mcs 24
slot 5 index 0 rnti 5505 mcs 24
slot 6 index 0 rnti 5505 mcs 24
slot 14 index 0 rnti 5505 mcs 24
[EMURAN-DL-CSV] t=47.257 win_tbs=20 win_fail=0 win_bler=0.00000 mcs_last=24 mcs_min=24 mcs_max=24 r0=20 r1=0 r2=0 r3=0  f0=0 f1=0 f2=0 f3=0 tot_tbs=12620 tot_fail=1035 tot_bler=0.08201 tot_init=11605 tot_retx=1015
slot 15 index 0 rnti 5505 mcs 24
slot 16 index 0 rnti 5505 mcs 24
slot 4 index 0 rnti 5505 mcs 24
slot 5 index 0 rnti 5505 mcs 24
slot 6 index 0 rnti 5505 mcs 24
slot 14 index 0 rnti 5505 mcs 24
slot 15 index 0 rnti 5505 mcs 24
slot 16 index 0 rnti 5505 mcs 24
slot 4 index 0 rnti 5505 mcs 24
slot 5 index 0 rnti 5505 mcs 24
slot 6 index 0 rnti 5505 mcs 24
slot 14 index 0 rnti 5505 mcs 24
slot 15 index 0 rnti 5505 mcs 24
slot 16 index 0 rnti 5505 mcs 24
slot 4 index 0 rnti 5505 mcs 24
slot 5 index 0 rnti 5505 mcs 24
slot 6 index 0 rnti 5505 mcs 24
slot 14 index 0 rnti 5505 mcs 24
slot 15 index 0 rnti 5505 mcs 24
slot 16 index 0 rnti 5505 mcs 24
[EMURAN-DL-CSV] t=47.322 win_tbs=20 win_fail=0 win_bler=0.00000 mcs_last=24 mcs_min=24 mcs_max=24 r0=20 r1=0 r2=0 r3=0  f0=0 f1=0 f2=0 f3=0 tot_tbs=12640 tot_fail=1035 tot_bler=0.08188 tot_init=11625 tot_retx=1015
slot 4 index 0 rnti 5505 mcs 24
slot 5 index 0 rnti 5505 mcs 24
slot 6 index 0 rnti 5505 mcs 24
slot 14 index 0 rnti 5505 mcs 24
slot 15 index 0 rnti 5505 mcs 24
slot 16 index 0 rnti 5505 mcs 24
slot 4 index 0 rnti 5505 mcs 24
slot 5 index 0 rnti 5505 mcs 24
slot 6 index 0 rnti 5505 mcs 24
slot 14 index 0 rnti 5505 mcs 24
slot 15 index 0 rnti 5505 mcs 24
slot 16 index 0 rnti 5505 mcs 24
slot 4 index 0 rnti 5505 mcs 24
slot 5 index 0 rnti 5505 mcs 24
slot 6 index 0 rnti 5505 mcs 24
slot 14 index 0 rnti 5505 mcs 24
slot 15 index 0 rnti 5505 mcs 24
slot 16 index 0 rnti 5505 mcs 24
slot 4 index 0 rnti 5505 mcs 24
slot 5 index 0 rnti 5505 mcs 24
[EMURAN-DL-CSV] t=47.395 win_tbs=20 win_fail=0 win_bler=0.00000 mcs_last=24 mcs_min=24 mcs_max=24 r0=20 r1=0 r2=0 r3=0  f0=0 f1=0 f2=0 f3=0 tot_tbs=12660 tot_fail=1035 tot_bler=0.08175 tot_init=11645 tot_retx=1015
slot 6 index 0 rnti 5505 mcs 24
slot 14 index 0 rnti 5505 mcs 24
slot 15 index 0 rnti 5505 mcs 24
slot 16 index 0 rnti 5505 mcs 24
slot 4 index 0 rnti 5505 mcs 24
slot 5 index 0 rnti 5505 mcs 24
slot 6 index 0 rnti 5505 mcs 24
slot 14 index 0 rnti 5505 mcs 24
slot 15 index 0 rnti 5505 mcs 24
slot 16 index 0 rnti 5505 mcs 24
slot 4 index 0 rnti 5505 mcs 24
slot 5 index 0 rnti 5505 mcs 24
slot 6 index 0 rnti 5505 mcs 24
slot 14 index 0 rnti 5505 mcs 24
slot 15 index 0 rnti 5505 mcs 24
slot 16 index 0 rnti 5505 mcs 24
slot 4 index 0 rnti 5505 mcs 24
slot 5 index 0 rnti 5505 mcs 24
slot 6 index 0 rnti 5505 mcs 24
slot 14 index 0 rnti 5505 mcs 24
[EMURAN-DL-CSV] t=47.467 win_tbs=20 win_fail=1 win_bler=0.05000 mcs_last=24 mcs_min=24 mcs_max=24 r0=18 r1=2 r2=0 r3=0  f0=1 f1=0 f2=0 f3=0 tot_tbs=12680 tot_fail=1036 tot_bler=0.08170 tot_init=11663 tot_retx=1017
slot 15 index 0 rnti 5505 mcs 24
slot 16 index 0 rnti 5505 mcs 24
slot 4 index 0 rnti 5505 mcs 24
slot 5 index 0 rnti 5505 mcs 24
slot 6 index 0 rnti 5505 mcs 24
slot 14 index 0 rnti 5505 mcs 24
slot 15 index 0 rnti 5505 mcs 24
slot 16 index 0 rnti 5505 mcs 24
slot 4 index 0 rnti 5505 mcs 24
slot 5 index 0 rnti 5505 mcs 24
slot 6 index 0 rnti 5505 mcs 24
slot 14 index 0 rnti 5505 mcs 24
slot 15 index 0 rnti 5505 mcs 24
slot 16 index 0 rnti 5505 mcs 24
slot 4 index 0 rnti 5505 mcs 24
slot 5 index 0 rnti 5505 mcs 24
slot 6 index 0 rnti 5505 mcs 24
slot 14 index 0 rnti 5505 mcs 24
slot 15 index 0 rnti 5505 mcs 24
slot 16 index 0 rnti 5505 mcs 24
[EMURAN-DL-CSV] t=47.532 win_tbs=20 win_fail=3 win_bler=0.15000 mcs_last=24 mcs_min=24 mcs_max=24 r0=18 r1=2 r2=0 r3=0  f0=2 f1=1 f2=0 f3=0 tot_tbs=12700 tot_fail=1039 tot_bler=0.08181 tot_init=11681 tot_retx=1019
slot 4 index 0 rnti 5505 mcs 24
slot 5 index 0 rnti 5505 mcs 24
slot 6 index 0 rnti 5505 mcs 24
slot 14 index 0 rnti 5505 mcs 24
slot 15 index 0 rnti 5505 mcs 24
slot 16 index 0 rnti 5505 mcs 24
slot 4 index 0 rnti 5505 mcs 24
slot 5 index 0 rnti 5505 mcs 24
slot 6 index 0 rnti 5505 mcs 24
slot 14 index 0 rnti 5505 mcs 24
slot 15 index 0 rnti 5505 mcs 24
slot 16 index 0 rnti 5505 mcs 24
slot 4 index 0 rnti 5505 mcs 24
slot 5 index 0 rnti 5505 mcs 24
slot 6 index 0 rnti 5505 mcs 24
slot 14 index 0 rnti 5505 mcs 24
slot 15 index 0 rnti 5505 mcs 24
slot 16 index 0 rnti 5505 mcs 24
slot 4 index 0 rnti 5505 mcs 24
slot 5 index 0 rnti 5505 mcs 24
[EMURAN-DL-CSV] t=47.605 win_tbs=20 win_fail=2 win_bler=0.10000 mcs_last=24 mcs_min=24 mcs_max=24 r0=17 r1=2 r2=1 r3=0  f0=2 f1=0 f2=0 f3=0 tot_tbs=12720 tot_fail=1041 tot_bler=0.08184 tot_init=11698 tot_retx=1022
slot 6 index 0 rnti 5505 mcs 24
slot 14 index 0 rnti 5505 mcs 24
slot 15 index 0 rnti 5505 mcs 24
slot 16 index 0 rnti 5505 mcs 24
slot 4 index 0 rnti 5505 mcs 24
slot 5 index 0 rnti 5505 mcs 24
slot 6 index 0 rnti 5505 mcs 24
slot 14 index 0 rnti 5505 mcs 24
slot 15 index 0 rnti 5505 mcs 24
slot 16 index 0 rnti 5505 mcs 24
slot 4 index 0 rnti 5505 mcs 24
slot 5 index 0 rnti 5505 mcs 24
slot 6 index 0 rnti 5505 mcs 24
slot 14 index 0 rnti 5505 mcs 24
slot 15 index 0 rnti 5505 mcs 24
slot 16 index 0 rnti 5505 mcs 24
slot 4 index 0 rnti 5505 mcs 24
slot 5 index 0 rnti 5505 mcs 24
slot 6 index 0 rnti 5505 mcs 24
slot 14 index 0 rnti 5505 mcs 24
[EMURAN-DL-CSV] t=47.677 win_tbs=20 win_fail=0 win_bler=0.00000 mcs_last=24 mcs_min=24 mcs_max=24 r0=20 r1=0 r2=0 r3=0  f0=0 f1=0 f2=0 f3=0 tot_tbs=12740 tot_fail=1041 tot_bler=0.08171 tot_init=11718 tot_retx=1022
slot 15 index 0 rnti 5505 mcs 24
slot 16 index 0 rnti 5505 mcs 24
slot 4 index 0 rnti 5505 mcs 24
slot 5 index 0 rnti 5505 mcs 24
slot 6 index 0 rnti 5505 mcs 24
slot 14 index 0 rnti 5505 mcs 24
slot 15 index 0 rnti 5505 mcs 24
slot 16 index 0 rnti 5505 mcs 24
slot 4 index 0 rnti 5505 mcs 24
slot 5 index 0 rnti 5505 mcs 24
slot 6 index 0 rnti 5505 mcs 24
slot 14 index 0 rnti 5505 mcs 24
slot 15 index 0 rnti 5505 mcs 24
slot 16 index 0 rnti 5505 mcs 24
slot 4 index 0 rnti 5505 mcs 24
slot 5 index 0 rnti 5505 mcs 24
slot 6 index 0 rnti 5505 mcs 24
slot 14 index 0 rnti 5505 mcs 24
slot 15 index 0 rnti 5505 mcs 24
slot 16 index 0 rnti 5505 mcs 24
[EMURAN-DL-CSV] t=47.742 win_tbs=20 win_fail=1 win_bler=0.05000 mcs_last=24 mcs_min=24 mcs_max=24 r0=19 r1=1 r2=0 r3=0  f0=1 f1=0 f2=0 f3=0 tot_tbs=12760 tot_fail=1042 tot_bler=0.08166 tot_init=11737 tot_retx=1023
slot 4 index 0 rnti 5505 mcs 24
slot 5 index 0 rnti 5505 mcs 24
slot 6 index 0 rnti 5505 mcs 24
slot 14 index 0 rnti 5505 mcs 24
slot 15 index 0 rnti 5505 mcs 24
slot 16 index 0 rnti 5505 mcs 24
slot 4 index 0 rnti 5505 mcs 24
slot 5 index 0 rnti 5505 mcs 24
slot 6 index 0 rnti 5505 mcs 24
slot 14 index 0 rnti 5505 mcs 24
slot 15 index 0 rnti 5505 mcs 24
slot 16 index 0 rnti 5505 mcs 24
slot 4 index 0 rnti 5505 mcs 24
slot 5 index 0 rnti 5505 mcs 24
slot 6 index 0 rnti 5505 mcs 24
slot 14 index 0 rnti 5505 mcs 24
slot 15 index 0 rnti 5505 mcs 24
slot 16 index 0 rnti 5505 mcs 24
slot 4 index 0 rnti 5505 mcs 24
slot 5 index 0 rnti 5505 mcs 24
[EMURAN-DL-CSV] t=47.815 win_tbs=20 win_fail=1 win_bler=0.05000 mcs_last=24 mcs_min=24 mcs_max=24 r0=18 r1=2 r2=0 r3=0  f0=1 f1=0 f2=0 f3=0 tot_tbs=12780 tot_fail=1043 tot_bler=0.08161 tot_init=11755 tot_retx=1025
slot 6 index 0 rnti 5505 mcs 24
slot 14 index 0 rnti 5505 mcs 24
slot 15 index 0 rnti 5505 mcs 24
slot 16 index 0 rnti 5505 mcs 24
slot 4 index 0 rnti 5505 mcs 24
slot 5 index 0 rnti 5505 mcs 24
slot 6 index 0 rnti 5505 mcs 24
slot 14 index 0 rnti 5505 mcs 24
slot 15 index 0 rnti 5505 mcs 24
slot 16 index 0 rnti 5505 mcs 24
slot 4 index 0 rnti 5505 mcs 24
slot 5 index 0 rnti 5505 mcs 24
slot 6 index 0 rnti 5505 mcs 24
slot 14 index 0 rnti 5505 mcs 24
slot 15 index 0 rnti 5505 mcs 24
slot 16 index 0 rnti 5505 mcs 24
slot 4 index 0 rnti 5505 mcs 24
slot 5 index 0 rnti 5505 mcs 24
slot 6 index 0 rnti 5505 mcs 24
slot 14 index 0 rnti 5505 mcs 24
[EMURAN-DL-CSV] t=47.887 win_tbs=20 win_fail=1 win_bler=0.05000 mcs_last=24 mcs_min=24 mcs_max=24 r0=19 r1=1 r2=0 r3=0  f0=1 f1=0 f2=0 f3=0 tot_tbs=12800 tot_fail=1044 tot_bler=0.08156 tot_init=11774 tot_retx=1026
slot 15 index 0 rnti 5505 mcs 24
slot 16 index 0 rnti 5505 mcs 24
slot 4 index 0 rnti 5505 mcs 24
slot 5 index 0 rnti 5505 mcs 24
slot 6 index 0 rnti 5505 mcs 24
slot 14 index 0 rnti 5505 mcs 24
slot 15 index 0 rnti 5505 mcs 24
slot 16 index 0 rnti 5505 mcs 24
slot 4 index 0 rnti 5505 mcs 24
slot 5 index 0 rnti 5505 mcs 24
slot 6 index 0 rnti 5505 mcs 24
slot 14 index 0 rnti 5505 mcs 24
slot 15 index 0 rnti 5505 mcs 24
slot 16 index 0 rnti 5505 mcs 24
slot 4 index 0 rnti 5505 mcs 24
slot 5 index 0 rnti 5505 mcs 24
slot 6 index 0 rnti 5505 mcs 24
slot 14 index 0 rnti 5505 mcs 24
slot 15 index 0 rnti 5505 mcs 24
slot 16 index 0 rnti 5505 mcs 24
[EMURAN-DL-CSV] t=47.952 win_tbs=20 win_fail=2 win_bler=0.10000 mcs_last=24 mcs_min=24 mcs_max=24 r0=19 r1=1 r2=0 r3=0  f0=1 f1=1 f2=0 f3=0 tot_tbs=12820 tot_fail=1046 tot_bler=0.08159 tot_init=11793 tot_retx=1027
slot 4 index 0 rnti 5505 mcs 24
slot 5 index 0 rnti 5505 mcs 24
slot 6 index 0 rnti 5505 mcs 24
slot 14 index 0 rnti 5505 mcs 24
slot 15 index 0 rnti 5505 mcs 24
slot 16 index 0 rnti 5505 mcs 24
slot 4 index 0 rnti 5505 mcs 24
slot 5 index 0 rnti 5505 mcs 24
slot 6 index 0 rnti 5505 mcs 24
slot 14 index 0 rnti 5505 mcs 24
slot 15 index 0 rnti 5505 mcs 24
slot 16 index 0 rnti 5505 mcs 24
slot 4 index 0 rnti 5505 mcs 24
slot 5 index 0 rnti 5505 mcs 24
slot 6 index 0 rnti 5505 mcs 24
slot 14 index 0 rnti 5505 mcs 24
slot 15 index 0 rnti 5505 mcs 24
slot 16 index 0 rnti 5505 mcs 24
slot 4 index 0 rnti 5505 mcs 24
slot 5 index 0 rnti 5505 mcs 24
[EMURAN-DL-CSV] t=48.025 win_tbs=20 win_fail=0 win_bler=0.00000 mcs_last=24 mcs_min=24 mcs_max=24 r0=19 r1=1 r2=0 r3=0  f0=0 f1=0 f2=0 f3=0 tot_tbs=12840 tot_fail=1046 tot_bler=0.08146 tot_init=11812 tot_retx=1028
slot 6 index 0 rnti 5505 mcs 24
slot 14 index 0 rnti 5505 mcs 24
slot 15 index 0 rnti 5505 mcs 24
slot 16 index 0 rnti 5505 mcs 24
slot 4 index 0 rnti 5505 mcs 24
slot 5 index 0 rnti 5505 mcs 24
slot 6 index 0 rnti 5505 mcs 24
slot 14 index 0 rnti 5505 mcs 24
slot 15 index 0 rnti 5505 mcs 24
slot 16 index 0 rnti 5505 mcs 24
slot 4 index 0 rnti 5505 mcs 24
slot 5 index 0 rnti 5505 mcs 24
slot 6 index 0 rnti 5505 mcs 24
slot 14 index 0 rnti 5505 mcs 24
slot 15 index 0 rnti 5505 mcs 24
slot 16 index 0 rnti 5505 mcs 24
slot 4 index 0 rnti 5505 mcs 24
slot 5 index 0 rnti 5505 mcs 24
slot 6 index 0 rnti 5505 mcs 24
slot 14 index 0 rnti 5505 mcs 24
[EMURAN-DL-CSV] t=48.097 win_tbs=20 win_fail=1 win_bler=0.05000 mcs_last=24 mcs_min=24 mcs_max=24 r0=18 r1=2 r2=0 r3=0  f0=1 f1=0 f2=0 f3=0 tot_tbs=12860 tot_fail=1047 tot_bler=0.08142 tot_init=11830 tot_retx=1030
slot 15 index 0 rnti 5505 mcs 24
slot 16 index 0 rnti 5505 mcs 24
slot 4 index 0 rnti 5505 mcs 24
slot 5 index 0 rnti 5505 mcs 24
slot 6 index 0 rnti 5505 mcs 24
slot 14 index 0 rnti 5505 mcs 24
slot 15 index 0 rnti 5505 mcs 24
slot 16 index 0 rnti 5505 mcs 24
slot 4 index 0 rnti 5505 mcs 24
slot 5 index 0 rnti 5505 mcs 24
slot 6 index 0 rnti 5505 mcs 24
slot 14 index 0 rnti 5505 mcs 24
slot 15 index 0 rnti 5505 mcs 24
slot 16 index 0 rnti 5505 mcs 24
slot 4 index 0 rnti 5505 mcs 24
slot 5 index 0 rnti 5505 mcs 24
slot 6 index 0 rnti 5505 mcs 24
slot 14 index 0 rnti 5505 mcs 24
slot 15 index 0 rnti 5505 mcs 24
slot 16 index 0 rnti 5505 mcs 24
[EMURAN-DL-CSV] t=48.163 win_tbs=20 win_fail=1 win_bler=0.05000 mcs_last=24 mcs_min=24 mcs_max=24 r0=19 r1=1 r2=0 r3=0  f0=1 f1=0 f2=0 f3=0 tot_tbs=12880 tot_fail=1048 tot_bler=0.08137 tot_init=11849 tot_retx=1031
slot 4 index 0 rnti 5505 mcs 24
slot 5 index 0 rnti 5505 mcs 24
slot 6 index 0 rnti 5505 mcs 24
slot 14 index 0 rnti 5505 mcs 24
slot 15 index 0 rnti 5505 mcs 24
slot 16 index 0 rnti 5505 mcs 24
slot 4 index 0 rnti 5505 mcs 24
slot 5 index 0 rnti 5505 mcs 24
slot 6 index 0 rnti 5505 mcs 24
slot 14 index 0 rnti 5505 mcs 24
slot 15 index 0 rnti 5505 mcs 24
slot 16 index 0 rnti 5505 mcs 24
slot 4 index 0 rnti 5505 mcs 24
slot 5 index 0 rnti 5505 mcs 24
slot 6 index 0 rnti 5505 mcs 24
slot 14 index 0 rnti 5505 mcs 24
slot 15 index 0 rnti 5505 mcs 24
slot 16 index 0 rnti 5505 mcs 24
slot 4 index 0 rnti 5505 mcs 24
slot 5 index 0 rnti 5505 mcs 24
[EMURAN-DL-CSV] t=48.235 win_tbs=20 win_fail=1 win_bler=0.05000 mcs_last=24 mcs_min=24 mcs_max=24 r0=19 r1=1 r2=0 r3=0  f0=1 f1=0 f2=0 f3=0 tot_tbs=12900 tot_fail=1049 tot_bler=0.08132 tot_init=11868 tot_retx=1032
slot 6 index 0 rnti 5505 mcs 24
slot 14 index 0 rnti 5505 mcs 24
slot 15 index 0 rnti 5505 mcs 24
slot 16 index 0 rnti 5505 mcs 24
slot 4 index 0 rnti 5505 mcs 24
slot 5 index 0 rnti 5505 mcs 24
slot 6 index 0 rnti 5505 mcs 24
slot 14 index 0 rnti 5505 mcs 24
slot 15 index 0 rnti 5505 mcs 24
slot 16 index 0 rnti 5505 mcs 24
slot 4 index 0 rnti 5505 mcs 24
slot 5 index 0 rnti 5505 mcs 24
slot 6 index 0 rnti 5505 mcs 24
slot 14 index 0 rnti 5505 mcs 24
slot 15 index 0 rnti 5505 mcs 24
slot 16 index 0 rnti 5505 mcs 24
slot 4 index 0 rnti 5505 mcs 24
slot 5 index 0 rnti 5505 mcs 24
slot 6 index 0 rnti 5505 mcs 24
slot 14 index 0 rnti 5505 mcs 24
[EMURAN-DL-CSV] t=48.308 win_tbs=20 win_fail=2 win_bler=0.10000 mcs_last=24 mcs_min=24 mcs_max=24 r0=18 r1=2 r2=0 r3=0  f0=1 f1=1 f2=0 f3=0 tot_tbs=12920 tot_fail=1051 tot_bler=0.08135 tot_init=11886 tot_retx=1034
slot 15 index 0 rnti 5505 mcs 24
slot 16 index 0 rnti 5505 mcs 24
slot 4 index 0 rnti 5505 mcs 24
slot 5 index 0 rnti 5505 mcs 24
slot 6 index 0 rnti 5505 mcs 24
slot 14 index 0 rnti 5505 mcs 24
slot 15 index 0 rnti 5505 mcs 24
slot 16 index 0 rnti 5505 mcs 24
slot 4 index 0 rnti 5505 mcs 24
slot 5 index 0 rnti 5505 mcs 24
slot 6 index 0 rnti 5505 mcs 24
slot 14 index 0 rnti 5505 mcs 24
slot 15 index 0 rnti 5505 mcs 24
slot 16 index 0 rnti 5505 mcs 24
slot 4 index 0 rnti 5505 mcs 24
slot 5 index 0 rnti 5505 mcs 24
slot 6 index 0 rnti 5505 mcs 24
slot 14 index 0 rnti 5505 mcs 24
slot 15 index 0 rnti 5505 mcs 24
slot 16 index 0 rnti 5505 mcs 24
[EMURAN-DL-CSV] t=48.373 win_tbs=20 win_fail=2 win_bler=0.10000 mcs_last=24 mcs_min=24 mcs_max=24 r0=18 r1=2 r2=0 r3=0  f0=2 f1=0 f2=0 f3=0 tot_tbs=12940 tot_fail=1053 tot_bler=0.08138 tot_init=11904 tot_retx=1036
slot 4 index 0 rnti 5505 mcs 24
slot 5 index 0 rnti 5505 mcs 24
slot 6 index 0 rnti 5505 mcs 24
slot 14 index 0 rnti 5505 mcs 24
slot 15 index 0 rnti 5505 mcs 24
slot 16 index 0 rnti 5505 mcs 24
slot 4 index 0 rnti 5505 mcs 24
slot 5 index 0 rnti 5505 mcs 24
slot 6 index 0 rnti 5505 mcs 24
slot 14 index 0 rnti 5505 mcs 24
slot 15 index 0 rnti 5505 mcs 24
slot 16 index 0 rnti 5505 mcs 24
slot 4 index 0 rnti 5505 mcs 24
slot 5 index 0 rnti 5505 mcs 24
slot 6 index 0 rnti 5505 mcs 24
slot 14 index 0 rnti 5505 mcs 24
slot 15 index 0 rnti 5505 mcs 24
slot 16 index 0 rnti 5505 mcs 24
slot 4 index 0 rnti 5505 mcs 24
slot 5 index 0 rnti 5505 mcs 24
[EMURAN-DL-CSV] t=48.445 win_tbs=20 win_fail=1 win_bler=0.05000 mcs_last=24 mcs_min=24 mcs_max=24 r0=18 r1=2 r2=0 r3=0  f0=1 f1=0 f2=0 f3=0 tot_tbs=12960 tot_fail=1054 tot_bler=0.08133 tot_init=11922 tot_retx=1038
slot 6 index 0 rnti 5505 mcs 24
slot 14 index 0 rnti 5505 mcs 24
slot 15 index 0 rnti 5505 mcs 24
slot 16 index 0 rnti 5505 mcs 24
slot 4 index 0 rnti 5505 mcs 24
slot 5 index 0 rnti 5505 mcs 24
slot 6 index 0 rnti 5505 mcs 24
slot 14 index 0 rnti 5505 mcs 24
slot 15 index 0 rnti 5505 mcs 24
slot 16 index 0 rnti 5505 mcs 24
slot 4 index 0 rnti 5505 mcs 24
slot 5 index 0 rnti 5505 mcs 24
slot 6 index 0 rnti 5505 mcs 24
slot 14 index 0 rnti 5505 mcs 24
slot 15 index 0 rnti 5505 mcs 24
slot 16 index 0 rnti 5505 mcs 24
slot 4 index 0 rnti 5505 mcs 24
slot 5 index 0 rnti 5505 mcs 24
slot 6 index 0 rnti 5505 mcs 24
slot 14 index 0 rnti 5505 mcs 24
[EMURAN-DL-CSV] t=48.518 win_tbs=20 win_fail=0 win_bler=0.00000 mcs_last=24 mcs_min=24 mcs_max=24 r0=20 r1=0 r2=0 r3=0  f0=0 f1=0 f2=0 f3=0 tot_tbs=12980 tot_fail=1054 tot_bler=0.08120 tot_init=11942 tot_retx=1038
slot 15 index 0 rnti 5505 mcs 24
slot 16 index 0 rnti 5505 mcs 24
slot 4 index 0 rnti 5505 mcs 24
slot 5 index 0 rnti 5505 mcs 24
slot 6 index 0 rnti 5505 mcs 24
slot 14 index 0 rnti 5505 mcs 24
slot 15 index 0 rnti 5505 mcs 24
slot 16 index 0 rnti 5505 mcs 24
slot 4 index 0 rnti 5505 mcs 24
slot 5 index 0 rnti 5505 mcs 24
slot 6 index 0 rnti 5505 mcs 24
slot 14 index 0 rnti 5505 mcs 24
slot 15 index 0 rnti 5505 mcs 24
slot 16 index 0 rnti 5505 mcs 24
slot 4 index 0 rnti 5505 mcs 24
slot 5 index 0 rnti 5505 mcs 24
slot 6 index 0 rnti 5505 mcs 24
slot 14 index 0 rnti 5505 mcs 24
slot 15 index 0 rnti 5505 mcs 24
slot 16 index 0 rnti 5505 mcs 24
[EMURAN-DL-CSV] t=48.583 win_tbs=20 win_fail=1 win_bler=0.05000 mcs_last=24 mcs_min=24 mcs_max=24 r0=19 r1=1 r2=0 r3=0  f0=1 f1=0 f2=0 f3=0 tot_tbs=13000 tot_fail=1055 tot_bler=0.08115 tot_init=11961 tot_retx=1039
slot 4 index 0 rnti 5505 mcs 24
slot 5 index 0 rnti 5505 mcs 24
slot 6 index 0 rnti 5505 mcs 24
slot 14 index 0 rnti 5505 mcs 24
slot 15 index 0 rnti 5505 mcs 24
slot 16 index 0 rnti 5505 mcs 24
slot 4 index 0 rnti 5505 mcs 24
slot 5 index 0 rnti 5505 mcs 24
slot 6 index 0 rnti 5505 mcs 24
slot 14 index 0 rnti 5505 mcs 24
slot 15 index 0 rnti 5505 mcs 24
slot 16 index 0 rnti 5505 mcs 24
slot 4 index 0 rnti 5505 mcs 24
slot 5 index 0 rnti 5505 mcs 24
slot 6 index 0 rnti 5505 mcs 24
slot 14 index 0 rnti 5505 mcs 24
slot 15 index 0 rnti 5505 mcs 24
slot 16 index 0 rnti 5505 mcs 24
slot 4 index 0 rnti 5505 mcs 24
slot 5 index 0 rnti 5505 mcs 24
[EMURAN-DL-CSV] t=48.655 win_tbs=20 win_fail=3 win_bler=0.15000 mcs_last=24 mcs_min=24 mcs_max=24 r0=19 r1=1 r2=0 r3=0  f0=3 f1=0 f2=0 f3=0 tot_tbs=13020 tot_fail=1058 tot_bler=0.08126 tot_init=11980 tot_retx=1040
slot 6 index 0 rnti 5505 mcs 24
slot 14 index 0 rnti 5505 mcs 24
slot 15 index 0 rnti 5505 mcs 24
slot 16 index 0 rnti 5505 mcs 24
slot 4 index 0 rnti 5505 mcs 24
slot 5 index 0 rnti 5505 mcs 24
slot 6 index 0 rnti 5505 mcs 24
slot 14 index 0 rnti 5505 mcs 24
slot 15 index 0 rnti 5505 mcs 24
slot 16 index 0 rnti 5505 mcs 24
slot 4 index 0 rnti 5505 mcs 24
slot 5 index 0 rnti 5505 mcs 24
slot 6 index 0 rnti 5505 mcs 24
slot 14 index 0 rnti 5505 mcs 24
slot 15 index 0 rnti 5505 mcs 24
slot 16 index 0 rnti 5505 mcs 24
slot 4 index 0 rnti 5505 mcs 24
slot 5 index 0 rnti 5505 mcs 24
slot 6 index 0 rnti 5505 mcs 24
slot 14 index 0 rnti 5505 mcs 24
[EMURAN-DL-CSV] t=48.728 win_tbs=20 win_fail=2 win_bler=0.10000 mcs_last=24 mcs_min=24 mcs_max=24 r0=20 r1=0 r2=0 r3=0  f0=2 f1=0 f2=0 f3=0 tot_tbs=13040 tot_fail=1060 tot_bler=0.08129 tot_init=12000 tot_retx=1040
slot 15 index 0 rnti 5505 mcs 24
slot 16 index 0 rnti 5505 mcs 24
[UE-STAT] frame=800 dci_cnt=600 total_tbs=42123312 ack_real=482 nack_real=42 fb_missing=76 decode_cnt=600
slot 4 index 0 rnti 5505 mcs 24
slot 5 index 0 rnti 5505 mcs 24
slot 6 index 0 rnti 5505 mcs 24
slot 14 index 0 rnti 5505 mcs 24
slot 15 index 0 rnti 5505 mcs 24
slot 16 index 0 rnti 5505 mcs 24
slot 4 index 0 rnti 5505 mcs 24
slot 5 index 0 rnti 5505 mcs 24
slot 6 index 0 rnti 5505 mcs 24
slot 14 index 0 rnti 5505 mcs 24
slot 15 index 0 rnti 5505 mcs 24
slot 16 index 0 rnti 5505 mcs 24
slot 4 index 0 rnti 5505 mcs 24
slot 5 index 0 rnti 5505 mcs 24
slot 6 index 0 rnti 5505 mcs 24
slot 14 index 0 rnti 5505 mcs 24
slot 15 index 0 rnti 5505 mcs 24
slot 16 index 0 rnti 5505 mcs 24
[EMURAN-DL-CSV] t=48.793 win_tbs=20 win_fail=1 win_bler=0.05000 mcs_last=24 mcs_min=24 mcs_max=24 r0=18 r1=2 r2=0 r3=0  f0=1 f1=0 f2=0 f3=0 tot_tbs=13060 tot_fail=1061 tot_bler=0.08124 tot_init=12018 tot_retx=1042
slot 4 index 0 rnti 5505 mcs 24
slot 5 index 0 rnti 5505 mcs 24
slot 6 index 0 rnti 5505 mcs 24
slot 14 index 0 rnti 5505 mcs 24
slot 15 index 0 rnti 5505 mcs 24
slot 16 index 0 rnti 5505 mcs 24
slot 4 index 0 rnti 5505 mcs 24
slot 5 index 0 rnti 5505 mcs 24
slot 6 index 0 rnti 5505 mcs 24
slot 14 index 0 rnti 5505 mcs 24
slot 15 index 0 rnti 5505 mcs 24
slot 16 index 0 rnti 5505 mcs 24
slot 4 index 0 rnti 5505 mcs 24
slot 5 index 0 rnti 5505 mcs 24
slot 6 index 0 rnti 5505 mcs 24
slot 14 index 0 rnti 5505 mcs 24
slot 15 index 0 rnti 5505 mcs 24
slot 16 index 0 rnti 5505 mcs 24
slot 4 index 0 rnti 5505 mcs 24
slot 5 index 0 rnti 5505 mcs 24
[EMURAN-DL-CSV] t=48.865 win_tbs=20 win_fail=0 win_bler=0.00000 mcs_last=24 mcs_min=24 mcs_max=24 r0=20 r1=0 r2=0 r3=0  f0=0 f1=0 f2=0 f3=0 tot_tbs=13080 tot_fail=1061 tot_bler=0.08112 tot_init=12038 tot_retx=1042
slot 6 index 0 rnti 5505 mcs 24
slot 14 index 0 rnti 5505 mcs 24
slot 15 index 0 rnti 5505 mcs 24
slot 16 index 0 rnti 5505 mcs 24
slot 4 index 0 rnti 5505 mcs 24
slot 5 index 0 rnti 5505 mcs 24
slot 6 index 0 rnti 5505 mcs 24
slot 14 index 0 rnti 5505 mcs 24
slot 15 index 0 rnti 5505 mcs 24
slot 16 index 0 rnti 5505 mcs 24
slot 4 index 0 rnti 5505 mcs 24
slot 5 index 0 rnti 5505 mcs 24
slot 6 index 0 rnti 5505 mcs 24
slot 14 index 0 rnti 5505 mcs 24
slot 15 index 0 rnti 5505 mcs 24
slot 16 index 0 rnti 5505 mcs 24
slot 4 index 0 rnti 5505 mcs 24
slot 5 index 0 rnti 5505 mcs 24
slot 6 index 0 rnti 5505 mcs 24
slot 14 index 0 rnti 5505 mcs 24
[EMURAN-DL-CSV] t=48.938 win_tbs=20 win_fail=0 win_bler=0.00000 mcs_last=24 mcs_min=24 mcs_max=24 r0=20 r1=0 r2=0 r3=0  f0=0 f1=0 f2=0 f3=0 tot_tbs=13100 tot_fail=1061 tot_bler=0.08099 tot_init=12058 tot_retx=1042
slot 15 index 0 rnti 5505 mcs 24
slot 16 index 0 rnti 5505 mcs 24
slot 4 index 0 rnti 5505 mcs 24
slot 5 index 0 rnti 5505 mcs 24
slot 6 index 0 rnti 5505 mcs 24
slot 14 index 0 rnti 5505 mcs 24
slot 15 index 0 rnti 5505 mcs 24
slot 16 index 0 rnti 5505 mcs 24
slot 4 index 0 rnti 5505 mcs 24
slot 5 index 0 rnti 5505 mcs 24
slot 6 index 0 rnti 5505 mcs 24
slot 14 index 0 rnti 5505 mcs 24
slot 15 index 0 rnti 5505 mcs 24
slot 16 index 0 rnti 5505 mcs 24
slot 4 index 0 rnti 5505 mcs 24
slot 5 index 0 rnti 5505 mcs 24
slot 6 index 0 rnti 5505 mcs 24
slot 14 index 0 rnti 5505 mcs 24
slot 15 index 0 rnti 5505 mcs 24
slot 16 index 0 rnti 5505 mcs 24
[EMURAN-DL-CSV] t=49.003 win_tbs=20 win_fail=0 win_bler=0.00000 mcs_last=24 mcs_min=24 mcs_max=24 r0=20 r1=0 r2=0 r3=0  f0=0 f1=0 f2=0 f3=0 tot_tbs=13120 tot_fail=1061 tot_bler=0.08087 tot_init=12078 tot_retx=1042
slot 4 index 0 rnti 5505 mcs 24
slot 5 index 0 rnti 5505 mcs 24
slot 6 index 0 rnti 5505 mcs 24
slot 14 index 0 rnti 5505 mcs 24
slot 15 index 0 rnti 5505 mcs 24
slot 16 index 0 rnti 5505 mcs 24
slot 4 index 0 rnti 5505 mcs 24
slot 5 index 0 rnti 5505 mcs 24
slot 6 index 0 rnti 5505 mcs 24
slot 14 index 0 rnti 5505 mcs 24
slot 15 index 0 rnti 5505 mcs 24
slot 16 index 0 rnti 5505 mcs 24
slot 4 index 0 rnti 5505 mcs 24
slot 5 index 0 rnti 5505 mcs 24
slot 6 index 0 rnti 5505 mcs 24
slot 14 index 0 rnti 5505 mcs 24
slot 15 index 0 rnti 5505 mcs 24
slot 16 index 0 rnti 5505 mcs 24
slot 4 index 0 rnti 5505 mcs 24
slot 5 index 0 rnti 5505 mcs 24
[EMURAN-DL-CSV] t=49.075 win_tbs=20 win_fail=1 win_bler=0.05000 mcs_last=24 mcs_min=24 mcs_max=24 r0=19 r1=1 r2=0 r3=0  f0=1 f1=0 f2=0 f3=0 tot_tbs=13140 tot_fail=1062 tot_bler=0.08082 tot_init=12097 tot_retx=1043
slot 6 index 0 rnti 5505 mcs 24
slot 14 index 0 rnti 5505 mcs 24
slot 15 index 0 rnti 5505 mcs 24
slot 16 index 0 rnti 5505 mcs 24
slot 4 index 0 rnti 5505 mcs 24
slot 5 index 0 rnti 5505 mcs 24
slot 6 index 0 rnti 5505 mcs 24
slot 14 index 0 rnti 5505 mcs 24
slot 15 index 0 rnti 5505 mcs 24
slot 16 index 0 rnti 5505 mcs 24
slot 4 index 0 rnti 5505 mcs 24
slot 5 index 0 rnti 5505 mcs 24
slot 6 index 0 rnti 5505 mcs 24
slot 14 index 0 rnti 5505 mcs 24
slot 15 index 0 rnti 5505 mcs 24
slot 16 index 0 rnti 5505 mcs 24
slot 4 index 0 rnti 5505 mcs 24
slot 5 index 0 rnti 5505 mcs 24
slot 6 index 0 rnti 5505 mcs 24
slot 14 index 0 rnti 5505 mcs 24
[EMURAN-DL-CSV] t=49.148 win_tbs=20 win_fail=1 win_bler=0.05000 mcs_last=24 mcs_min=24 mcs_max=24 r0=19 r1=1 r2=0 r3=0  f0=1 f1=0 f2=0 f3=0 tot_tbs=13160 tot_fail=1063 tot_bler=0.08078 tot_init=12116 tot_retx=1044
slot 15 index 0 rnti 5505 mcs 24
slot 16 index 0 rnti 5505 mcs 24
slot 4 index 0 rnti 5505 mcs 24
slot 5 index 0 rnti 5505 mcs 24
slot 6 index 0 rnti 5505 mcs 24
slot 14 index 0 rnti 5505 mcs 24
slot 15 index 0 rnti 5505 mcs 24
slot 16 index 0 rnti 5505 mcs 24
slot 4 index 0 rnti 5505 mcs 24
slot 5 index 0 rnti 5505 mcs 24
slot 6 index 0 rnti 5505 mcs 24
slot 14 index 0 rnti 5505 mcs 24
slot 15 index 0 rnti 5505 mcs 24
slot 16 index 0 rnti 5505 mcs 24
slot 4 index 0 rnti 5505 mcs 24
slot 5 index 0 rnti 5505 mcs 24
slot 6 index 0 rnti 5505 mcs 24
slot 14 index 0 rnti 5505 mcs 24
slot 15 index 0 rnti 5505 mcs 24
slot 16 index 0 rnti 5505 mcs 24
[EMURAN-DL-CSV] t=49.213 win_tbs=20 win_fail=0 win_bler=0.00000 mcs_last=24 mcs_min=24 mcs_max=24 r0=20 r1=0 r2=0 r3=0  f0=0 f1=0 f2=0 f3=0 tot_tbs=13180 tot_fail=1063 tot_bler=0.08065 tot_init=12136 tot_retx=1044
slot 4 index 0 rnti 5505 mcs 24
slot 5 index 0 rnti 5505 mcs 24
slot 6 index 0 rnti 5505 mcs 24
slot 14 index 0 rnti 5505 mcs 24
slot 15 index 0 rnti 5505 mcs 24
slot 16 index 0 rnti 5505 mcs 24
slot 4 index 0 rnti 5505 mcs 24
slot 5 index 0 rnti 5505 mcs 24
slot 6 index 0 rnti 5505 mcs 24
slot 14 index 0 rnti 5505 mcs 24
slot 15 index 0 rnti 5505 mcs 24
slot 16 index 0 rnti 5505 mcs 24
slot 4 index 0 rnti 5505 mcs 24
slot 5 index 0 rnti 5505 mcs 24
slot 6 index 0 rnti 5505 mcs 24
slot 14 index 0 rnti 5505 mcs 24
slot 15 index 0 rnti 5505 mcs 24
slot 16 index 0 rnti 5505 mcs 24
slot 4 index 0 rnti 5505 mcs 24
slot 5 index 0 rnti 5505 mcs 24
[EMURAN-DL-CSV] t=49.285 win_tbs=20 win_fail=2 win_bler=0.10000 mcs_last=24 mcs_min=24 mcs_max=24 r0=18 r1=2 r2=0 r3=0  f0=2 f1=0 f2=0 f3=0 tot_tbs=13200 tot_fail=1065 tot_bler=0.08068 tot_init=12154 tot_retx=1046
slot 6 index 0 rnti 5505 mcs 24
slot 14 index 0 rnti 5505 mcs 24
slot 15 index 0 rnti 5505 mcs 24
slot 16 index 0 rnti 5505 mcs 24
slot 4 index 0 rnti 5505 mcs 24
slot 5 index 0 rnti 5505 mcs 24
slot 6 index 0 rnti 5505 mcs 24
slot 14 index 0 rnti 5505 mcs 24
slot 15 index 0 rnti 5505 mcs 24
slot 16 index 0 rnti 5505 mcs 24
slot 4 index 0 rnti 5505 mcs 24
slot 5 index 0 rnti 5505 mcs 24
slot 6 index 0 rnti 5505 mcs 24
slot 14 index 0 rnti 5505 mcs 24
slot 15 index 0 rnti 5505 mcs 24
slot 16 index 0 rnti 5505 mcs 24
slot 4 index 0 rnti 5505 mcs 24
slot 5 index 0 rnti 5505 mcs 24
slot 6 index 0 rnti 5505 mcs 24
slot 14 index 0 rnti 5505 mcs 24
[EMURAN-DL-CSV] t=49.358 win_tbs=20 win_fail=2 win_bler=0.10000 mcs_last=24 mcs_min=24 mcs_max=24 r0=19 r1=1 r2=0 r3=0  f0=2 f1=0 f2=0 f3=0 tot_tbs=13220 tot_fail=1067 tot_bler=0.08071 tot_init=12173 tot_retx=1047
slot 15 index 0 rnti 5505 mcs 24
slot 16 index 0 rnti 5505 mcs 24
slot 4 index 0 rnti 5505 mcs 24
slot 5 index 0 rnti 5505 mcs 24
slot 6 index 0 rnti 5505 mcs 24
slot 14 index 0 rnti 5505 mcs 24
slot 15 index 0 rnti 5505 mcs 24
slot 16 index 0 rnti 5505 mcs 24
slot 4 index 0 rnti 5505 mcs 24
slot 5 index 0 rnti 5505 mcs 24
slot 6 index 0 rnti 5505 mcs 24
slot 14 index 0 rnti 5505 mcs 24
slot 15 index 0 rnti 5505 mcs 24
slot 16 index 0 rnti 5505 mcs 24
slot 4 index 0 rnti 5505 mcs 24
slot 5 index 0 rnti 5505 mcs 24
slot 6 index 0 rnti 5505 mcs 24
slot 14 index 0 rnti 5505 mcs 24
slot 15 index 0 rnti 5505 mcs 24
slot 16 index 0 rnti 5505 mcs 24
[EMURAN-DL-CSV] t=49.423 win_tbs=20 win_fail=1 win_bler=0.05000 mcs_last=24 mcs_min=24 mcs_max=24 r0=17 r1=3 r2=0 r3=0  f0=1 f1=0 f2=0 f3=0 tot_tbs=13240 tot_fail=1068 tot_bler=0.08066 tot_init=12190 tot_retx=1050
slot 4 index 0 rnti 5505 mcs 24
slot 5 index 0 rnti 5505 mcs 24
slot 6 index 0 rnti 5505 mcs 24
slot 14 index 0 rnti 5505 mcs 24
slot 15 index 0 rnti 5505 mcs 24
slot 16 index 0 rnti 5505 mcs 24
slot 4 index 0 rnti 5505 mcs 24
slot 5 index 0 rnti 5505 mcs 24
slot 6 index 0 rnti 5505 mcs 24
slot 14 index 0 rnti 5505 mcs 24
slot 15 index 0 rnti 5505 mcs 24
slot 16 index 0 rnti 5505 mcs 24
slot 4 index 0 rnti 5505 mcs 24
slot 5 index 0 rnti 5505 mcs 24
slot 6 index 0 rnti 5505 mcs 24
slot 14 index 0 rnti 5505 mcs 24
slot 15 index 0 rnti 5505 mcs 24
slot 16 index 0 rnti 5505 mcs 24
slot 4 index 0 rnti 5505 mcs 24
slot 5 index 0 rnti 5505 mcs 24
[EMURAN-DL-CSV] t=49.496 win_tbs=20 win_fail=0 win_bler=0.00000 mcs_last=24 mcs_min=24 mcs_max=24 r0=20 r1=0 r2=0 r3=0  f0=0 f1=0 f2=0 f3=0 tot_tbs=13260 tot_fail=1068 tot_bler=0.08054 tot_init=12210 tot_retx=1050
slot 6 index 0 rnti 5505 mcs 24
slot 14 index 0 rnti 5505 mcs 24
slot 15 index 0 rnti 5505 mcs 24
slot 16 index 0 rnti 5505 mcs 24
slot 4 index 0 rnti 5505 mcs 24
slot 5 index 0 rnti 5505 mcs 24
slot 6 index 0 rnti 5505 mcs 24
slot 14 index 0 rnti 5505 mcs 24
slot 15 index 0 rnti 5505 mcs 24
slot 16 index 0 rnti 5505 mcs 24
slot 4 index 0 rnti 5505 mcs 24
slot 5 index 0 rnti 5505 mcs 24
slot 6 index 0 rnti 5505 mcs 24
slot 14 index 0 rnti 5505 mcs 24
slot 15 index 0 rnti 5505 mcs 24
slot 16 index 0 rnti 5505 mcs 24
slot 4 index 0 rnti 5505 mcs 24
slot 5 index 0 rnti 5505 mcs 24
slot 6 index 0 rnti 5505 mcs 24
slot 14 index 0 rnti 5505 mcs 24
[EMURAN-DL-CSV] t=49.568 win_tbs=20 win_fail=1 win_bler=0.05000 mcs_last=24 mcs_min=24 mcs_max=24 r0=19 r1=1 r2=0 r3=0  f0=1 f1=0 f2=0 f3=0 tot_tbs=13280 tot_fail=1069 tot_bler=0.08050 tot_init=12229 tot_retx=1051
slot 15 index 0 rnti 5505 mcs 24
slot 16 index 0 rnti 5505 mcs 24
slot 4 index 0 rnti 5505 mcs 24
slot 5 index 0 rnti 5505 mcs 24
slot 6 index 0 rnti 5505 mcs 24
slot 14 index 0 rnti 5505 mcs 24
slot 15 index 0 rnti 5505 mcs 24
slot 16 index 0 rnti 5505 mcs 24
slot 4 index 0 rnti 5505 mcs 24
slot 5 index 0 rnti 5505 mcs 24
slot 6 index 0 rnti 5505 mcs 24
slot 14 index 0 rnti 5505 mcs 24
slot 15 index 0 rnti 5505 mcs 24
slot 16 index 0 rnti 5505 mcs 24
slot 4 index 0 rnti 5505 mcs 24
slot 5 index 0 rnti 5505 mcs 24
slot 6 index 0 rnti 5505 mcs 24
slot 14 index 0 rnti 5505 mcs 24
slot 15 index 0 rnti 5505 mcs 24
slot 16 index 0 rnti 5505 mcs 24
[EMURAN-DL-CSV] t=49.633 win_tbs=20 win_fail=1 win_bler=0.05000 mcs_last=24 mcs_min=24 mcs_max=24 r0=19 r1=1 r2=0 r3=0  f0=1 f1=0 f2=0 f3=0 tot_tbs=13300 tot_fail=1070 tot_bler=0.08045 tot_init=12248 tot_retx=1052
slot 4 index 0 rnti 5505 mcs 24
slot 5 index 0 rnti 5505 mcs 24
slot 6 index 0 rnti 5505 mcs 24
slot 14 index 0 rnti 5505 mcs 24
slot 15 index 0 rnti 5505 mcs 24
slot 16 index 0 rnti 5505 mcs 24
slot 4 index 0 rnti 5505 mcs 24
slot 5 index 0 rnti 5505 mcs 24
slot 6 index 0 rnti 5505 mcs 24
slot 14 index 0 rnti 5505 mcs 24
slot 15 index 0 rnti 5505 mcs 24
slot 16 index 0 rnti 5505 mcs 24
slot 4 index 0 rnti 5505 mcs 24
slot 5 index 0 rnti 5505 mcs 24
slot 6 index 0 rnti 5505 mcs 24
slot 14 index 0 rnti 5505 mcs 24
slot 15 index 0 rnti 5505 mcs 24
slot 16 index 0 rnti 5505 mcs 24
slot 4 index 0 rnti 5505 mcs 24
slot 5 index 0 rnti 5505 mcs 24
[EMURAN-DL-CSV] t=49.706 win_tbs=20 win_fail=2 win_bler=0.10000 mcs_last=24 mcs_min=24 mcs_max=24 r0=19 r1=1 r2=0 r3=0  f0=2 f1=0 f2=0 f3=0 tot_tbs=13320 tot_fail=1072 tot_bler=0.08048 tot_init=12267 tot_retx=1053
slot 6 index 0 rnti 5505 mcs 24
slot 14 index 0 rnti 5505 mcs 24
slot 15 index 0 rnti 5505 mcs 24
slot 16 index 0 rnti 5505 mcs 24
slot 4 index 0 rnti 5505 mcs 24
slot 5 index 0 rnti 5505 mcs 24
slot 6 index 0 rnti 5505 mcs 24
slot 14 index 0 rnti 5505 mcs 24
slot 15 index 0 rnti 5505 mcs 24
slot 16 index 0 rnti 5505 mcs 24
slot 4 index 0 rnti 5505 mcs 24
slot 5 index 0 rnti 5505 mcs 24
slot 6 index 0 rnti 5505 mcs 24
slot 14 index 0 rnti 5505 mcs 24
slot 15 index 0 rnti 5505 mcs 24
slot 16 index 0 rnti 5505 mcs 24
slot 4 index 0 rnti 5505 mcs 24
slot 5 index 0 rnti 5505 mcs 24
slot 6 index 0 rnti 5505 mcs 24
slot 14 index 0 rnti 5505 mcs 24
[EMURAN-DL-CSV] t=49.778 win_tbs=20 win_fail=0 win_bler=0.00000 mcs_last=24 mcs_min=24 mcs_max=24 r0=19 r1=1 r2=0 r3=0  f0=0 f1=0 f2=0 f3=0 tot_tbs=13340 tot_fail=1072 tot_bler=0.08036 tot_init=12286 tot_retx=1054
slot 15 index 0 rnti 5505 mcs 24
slot 16 index 0 rnti 5505 mcs 24
slot 4 index 0 rnti 5505 mcs 24
slot 5 index 0 rnti 5505 mcs 24
slot 6 index 0 rnti 5505 mcs 24
slot 14 index 0 rnti 5505 mcs 24
slot 15 index 0 rnti 5505 mcs 24
slot 16 index 0 rnti 5505 mcs 24
slot 4 index 0 rnti 5505 mcs 24
slot 5 index 0 rnti 5505 mcs 24
slot 6 index 0 rnti 5505 mcs 24
slot 14 index 0 rnti 5505 mcs 24
slot 15 index 0 rnti 5505 mcs 24
slot 16 index 0 rnti 5505 mcs 24
slot 4 index 0 rnti 5505 mcs 24
slot 5 index 0 rnti 5505 mcs 24
slot 6 index 0 rnti 5505 mcs 24
slot 14 index 0 rnti 5505 mcs 24
slot 15 index 0 rnti 5505 mcs 24
slot 16 index 0 rnti 5505 mcs 24
[EMURAN-DL-CSV] t=49.843 win_tbs=20 win_fail=3 win_bler=0.15000 mcs_last=24 mcs_min=24 mcs_max=24 r0=17 r1=3 r2=0 r3=0  f0=2 f1=1 f2=0 f3=0 tot_tbs=13360 tot_fail=1075 tot_bler=0.08046 tot_init=12303 tot_retx=1057
slot 4 index 0 rnti 5505 mcs 24
slot 5 index 0 rnti 5505 mcs 24
slot 6 index 0 rnti 5505 mcs 24
slot 14 index 0 rnti 5505 mcs 24
slot 15 index 0 rnti 5505 mcs 24
slot 16 index 0 rnti 5505 mcs 24
slot 4 index 0 rnti 5505 mcs 24
slot 5 index 0 rnti 5505 mcs 24
slot 6 index 0 rnti 5505 mcs 24
slot 14 index 0 rnti 5505 mcs 24
slot 15 index 0 rnti 5505 mcs 24
slot 16 index 0 rnti 5505 mcs 24
slot 4 index 0 rnti 5505 mcs 24
slot 5 index 0 rnti 5505 mcs 24
slot 6 index 0 rnti 5505 mcs 24
slot 14 index 0 rnti 5505 mcs 24
slot 15 index 0 rnti 5505 mcs 24
slot 16 index 0 rnti 5505 mcs 24
slot 4 index 0 rnti 5505 mcs 24
slot 5 index 0 rnti 5505 mcs 24
[EMURAN-DL-CSV] t=49.916 win_tbs=20 win_fail=1 win_bler=0.05000 mcs_last=24 mcs_min=24 mcs_max=24 r0=20 r1=0 r2=0 r3=0  f0=1 f1=0 f2=0 f3=0 tot_tbs=13380 tot_fail=1076 tot_bler=0.08042 tot_init=12323 tot_retx=1057
slot 6 index 0 rnti 5505 mcs 24
slot 14 index 0 rnti 5505 mcs 24
slot 15 index 0 rnti 5505 mcs 24
slot 16 index 0 rnti 5505 mcs 24
slot 4 index 0 rnti 5505 mcs 24
slot 5 index 0 rnti 5505 mcs 24
slot 6 index 0 rnti 5505 mcs 24
slot 14 index 0 rnti 5505 mcs 24
slot 15 index 0 rnti 5505 mcs 24
slot 16 index 0 rnti 5505 mcs 24
slot 4 index 0 rnti 5505 mcs 24
slot 5 index 0 rnti 5505 mcs 24
slot 6 index 0 rnti 5505 mcs 24
slot 14 index 0 rnti 5505 mcs 24
slot 15 index 0 rnti 5505 mcs 24
slot 16 index 0 rnti 5505 mcs 24
slot 4 index 0 rnti 5505 mcs 24
slot 5 index 0 rnti 5505 mcs 24
slot 6 index 0 rnti 5505 mcs 24
slot 14 index 0 rnti 5505 mcs 24
[EMURAN-DL-CSV] t=49.988 win_tbs=20 win_fail=1 win_bler=0.05000 mcs_last=24 mcs_min=24 mcs_max=24 r0=18 r1=2 r2=0 r3=0  f0=1 f1=0 f2=0 f3=0 tot_tbs=13400 tot_fail=1077 tot_bler=0.08037 tot_init=12341 tot_retx=1059
slot 15 index 0 rnti 5505 mcs 24
slot 16 index 0 rnti 5505 mcs 24
slot 4 index 0 rnti 5505 mcs 24
slot 5 index 0 rnti 5505 mcs 24
slot 6 index 0 rnti 5505 mcs 24
slot 14 index 0 rnti 5505 mcs 24
slot 15 index 0 rnti 5505 mcs 24
slot 16 index 0 rnti 5505 mcs 24
slot 4 index 0 rnti 5505 mcs 24
slot 5 index 0 rnti 5505 mcs 24
slot 6 index 0 rnti 5505 mcs 24
slot 14 index 0 rnti 5505 mcs 24
slot 15 index 0 rnti 5505 mcs 24
slot 16 index 0 rnti 5505 mcs 24
slot 4 index 0 rnti 5505 mcs 24
slot 5 index 0 rnti 5505 mcs 24
slot 6 index 0 rnti 5505 mcs 24
slot 14 index 0 rnti 5505 mcs 24
slot 15 index 0 rnti 5505 mcs 24
slot 16 index 0 rnti 5505 mcs 24
[EMURAN-DL-CSV] t=50.053 win_tbs=20 win_fail=2 win_bler=0.10000 mcs_last=24 mcs_min=24 mcs_max=24 r0=18 r1=2 r2=0 r3=0  f0=2 f1=0 f2=0 f3=0 tot_tbs=13420 tot_fail=1079 tot_bler=0.08040 tot_init=12359 tot_retx=1061
slot 4 index 0 rnti 5505 mcs 24
slot 5 index 0 rnti 5505 mcs 24
slot 6 index 0 rnti 5505 mcs 24
slot 14 index 0 rnti 5505 mcs 24
slot 15 index 0 rnti 5505 mcs 24
slot 16 index 0 rnti 5505 mcs 24
slot 4 index 0 rnti 5505 mcs 24
slot 5 index 0 rnti 5505 mcs 24
slot 6 index 0 rnti 5505 mcs 24
slot 14 index 0 rnti 5505 mcs 24
slot 15 index 0 rnti 5505 mcs 24
slot 16 index 0 rnti 5505 mcs 24
slot 4 index 0 rnti 5505 mcs 24
slot 5 index 0 rnti 5505 mcs 24
slot 6 index 0 rnti 5505 mcs 24
slot 14 index 0 rnti 5505 mcs 24
slot 15 index 0 rnti 5505 mcs 24
slot 16 index 0 rnti 5505 mcs 24
slot 4 index 0 rnti 5505 mcs 24
slot 5 index 0 rnti 5505 mcs 24
[EMURAN-DL-CSV] t=50.126 win_tbs=20 win_fail=0 win_bler=0.00000 mcs_last=24 mcs_min=24 mcs_max=24 r0=19 r1=1 r2=0 r3=0  f0=0 f1=0 f2=0 f3=0 tot_tbs=13440 tot_fail=1079 tot_bler=0.08028 tot_init=12378 tot_retx=1062
slot 6 index 0 rnti 5505 mcs 24
slot 14 index 0 rnti 5505 mcs 24
slot 15 index 0 rnti 5505 mcs 24
slot 16 index 0 rnti 5505 mcs 24
slot 4 index 0 rnti 5505 mcs 24
slot 5 index 0 rnti 5505 mcs 24
slot 6 index 0 rnti 5505 mcs 24
slot 14 index 0 rnti 5505 mcs 24
slot 15 index 0 rnti 5505 mcs 24
slot 16 index 0 rnti 5505 mcs 24
slot 4 index 0 rnti 5505 mcs 24
slot 5 index 0 rnti 5505 mcs 24
slot 6 index 0 rnti 5505 mcs 24
slot 14 index 0 rnti 5505 mcs 24
slot 15 index 0 rnti 5505 mcs 24
slot 16 index 0 rnti 5505 mcs 24
slot 4 index 0 rnti 5505 mcs 24
slot 5 index 0 rnti 5505 mcs 24
slot 6 index 0 rnti 5505 mcs 24
slot 14 index 0 rnti 5505 mcs 24
[EMURAN-DL-CSV] t=50.198 win_tbs=20 win_fail=0 win_bler=0.00000 mcs_last=24 mcs_min=24 mcs_max=24 r0=20 r1=0 r2=0 r3=0  f0=0 f1=0 f2=0 f3=0 tot_tbs=13460 tot_fail=1079 tot_bler=0.08016 tot_init=12398 tot_retx=1062
slot 15 index 0 rnti 5505 mcs 24
slot 16 index 0 rnti 5505 mcs 24
slot 4 index 0 rnti 5505 mcs 24
slot 5 index 0 rnti 5505 mcs 24
slot 6 index 0 rnti 5505 mcs 24
slot 14 index 0 rnti 5505 mcs 24
slot 15 index 0 rnti 5505 mcs 24
slot 16 index 0 rnti 5505 mcs 24
slot 4 index 0 rnti 5505 mcs 24
slot 5 index 0 rnti 5505 mcs 24
slot 6 index 0 rnti 5505 mcs 24
slot 14 index 0 rnti 5505 mcs 24
slot 15 index 0 rnti 5505 mcs 24
slot 16 index 0 rnti 5505 mcs 24
slot 4 index 0 rnti 5505 mcs 24
slot 5 index 0 rnti 5505 mcs 24
slot 6 index 0 rnti 5505 mcs 24
slot 14 index 0 rnti 5505 mcs 24
slot 15 index 0 rnti 5505 mcs 24
slot 16 index 0 rnti 5505 mcs 24
[EMURAN-DL-CSV] t=50.263 win_tbs=20 win_fail=0 win_bler=0.00000 mcs_last=24 mcs_min=24 mcs_max=24 r0=20 r1=0 r2=0 r3=0  f0=0 f1=0 f2=0 f3=0 tot_tbs=13480 tot_fail=1079 tot_bler=0.08004 tot_init=12418 tot_retx=1062
slot 4 index 0 rnti 5505 mcs 24
slot 5 index 0 rnti 5505 mcs 24
slot 6 index 0 rnti 5505 mcs 24
slot 14 index 0 rnti 5505 mcs 24
slot 15 index 0 rnti 5505 mcs 24
slot 16 index 0 rnti 5505 mcs 24
slot 4 index 0 rnti 5505 mcs 24
slot 5 index 0 rnti 5505 mcs 24
slot 6 index 0 rnti 5505 mcs 24
slot 14 index 0 rnti 5505 mcs 24
slot 15 index 0 rnti 5505 mcs 24
slot 16 index 0 rnti 5505 mcs 24
slot 4 index 0 rnti 5505 mcs 24
slot 5 index 0 rnti 5505 mcs 24
slot 6 index 0 rnti 5505 mcs 24
slot 14 index 0 rnti 5505 mcs 24
slot 15 index 0 rnti 5505 mcs 24
slot 16 index 0 rnti 5505 mcs 24
slot 4 index 0 rnti 5505 mcs 24
slot 5 index 0 rnti 5505 mcs 24
[EMURAN-DL-CSV] t=50.336 win_tbs=20 win_fail=1 win_bler=0.05000 mcs_last=24 mcs_min=24 mcs_max=24 r0=19 r1=1 r2=0 r3=0  f0=1 f1=0 f2=0 f3=0 tot_tbs=13500 tot_fail=1080 tot_bler=0.08000 tot_init=12437 tot_retx=1063
slot 6 index 0 rnti 5505 mcs 24
slot 14 index 0 rnti 5505 mcs 24
slot 15 index 0 rnti 5505 mcs 24
slot 16 index 0 rnti 5505 mcs 24
slot 4 index 0 rnti 5505 mcs 24
slot 5 index 0 rnti 5505 mcs 24
slot 6 index 0 rnti 5505 mcs 24
slot 14 index 0 rnti 5505 mcs 24
slot 15 index 0 rnti 5505 mcs 24
slot 16 index 0 rnti 5505 mcs 24
slot 4 index 0 rnti 5505 mcs 24
slot 5 index 0 rnti 5505 mcs 24
slot 6 index 0 rnti 5505 mcs 24
slot 14 index 0 rnti 5505 mcs 24
slot 15 index 0 rnti 5505 mcs 24
slot 16 index 0 rnti 5505 mcs 24
slot 4 index 0 rnti 5505 mcs 24
slot 5 index 0 rnti 5505 mcs 24
slot 6 index 0 rnti 5505 mcs 24
slot 14 index 0 rnti 5505 mcs 24
[EMURAN-DL-CSV] t=50.408 win_tbs=20 win_fail=1 win_bler=0.05000 mcs_last=24 mcs_min=24 mcs_max=24 r0=19 r1=1 r2=0 r3=0  f0=1 f1=0 f2=0 f3=0 tot_tbs=13520 tot_fail=1081 tot_bler=0.07996 tot_init=12456 tot_retx=1064
slot 15 index 0 rnti 5505 mcs 24
slot 16 index 0 rnti 5505 mcs 24
slot 4 index 0 rnti 5505 mcs 24
slot 5 index 0 rnti 5505 mcs 24
slot 6 index 0 rnti 5505 mcs 24
slot 14 index 0 rnti 5505 mcs 24
slot 15 index 0 rnti 5505 mcs 24
slot 16 index 0 rnti 5505 mcs 24
slot 4 index 0 rnti 5505 mcs 24
slot 5 index 0 rnti 5505 mcs 24
slot 6 index 0 rnti 5505 mcs 24
slot 14 index 0 rnti 5505 mcs 24
slot 15 index 0 rnti 5505 mcs 24
slot 16 index 0 rnti 5505 mcs 24
slot 4 index 0 rnti 5505 mcs 24
slot 5 index 0 rnti 5505 mcs 24
slot 6 index 0 rnti 5505 mcs 24
slot 14 index 0 rnti 5505 mcs 24
slot 15 index 0 rnti 5505 mcs 24
slot 16 index 0 rnti 5505 mcs 24
[EMURAN-DL-CSV] t=50.473 win_tbs=20 win_fail=0 win_bler=0.00000 mcs_last=24 mcs_min=24 mcs_max=24 r0=19 r1=1 r2=0 r3=0  f0=0 f1=0 f2=0 f3=0 tot_tbs=13540 tot_fail=1081 tot_bler=0.07984 tot_init=12475 tot_retx=1065
slot 4 index 0 rnti 5505 mcs 24
slot 5 index 0 rnti 5505 mcs 24
slot 6 index 0 rnti 5505 mcs 24
slot 14 index 0 rnti 5505 mcs 24
slot 15 index 0 rnti 5505 mcs 24
slot 16 index 0 rnti 5505 mcs 24
slot 4 index 0 rnti 5505 mcs 24
slot 5 index 0 rnti 5505 mcs 24
slot 6 index 0 rnti 5505 mcs 24
slot 14 index 0 rnti 5505 mcs 24
slot 15 index 0 rnti 5505 mcs 24
slot 16 index 0 rnti 5505 mcs 24
slot 4 index 0 rnti 5505 mcs 24
slot 5 index 0 rnti 5505 mcs 24
slot 6 index 0 rnti 5505 mcs 24
slot 14 index 0 rnti 5505 mcs 24
slot 15 index 0 rnti 5505 mcs 24
slot 16 index 0 rnti 5505 mcs 24
slot 4 index 0 rnti 5505 mcs 24
slot 5 index 0 rnti 5505 mcs 24
[EMURAN-DL-CSV] t=50.546 win_tbs=20 win_fail=1 win_bler=0.05000 mcs_last=24 mcs_min=24 mcs_max=24 r0=19 r1=1 r2=0 r3=0  f0=1 f1=0 f2=0 f3=0 tot_tbs=13560 tot_fail=1082 tot_bler=0.07979 tot_init=12494 tot_retx=1066
slot 6 index 0 rnti 5505 mcs 24
slot 14 index 0 rnti 5505 mcs 24
slot 15 index 0 rnti 5505 mcs 24
slot 16 index 0 rnti 5505 mcs 24
slot 4 index 0 rnti 5505 mcs 24
slot 5 index 0 rnti 5505 mcs 24
slot 6 index 0 rnti 5505 mcs 24
slot 14 index 0 rnti 5505 mcs 24
slot 15 index 0 rnti 5505 mcs 24
slot 16 index 0 rnti 5505 mcs 24
slot 4 index 0 rnti 5505 mcs 24
slot 5 index 0 rnti 5505 mcs 24
slot 6 index 0 rnti 5505 mcs 24
slot 14 index 0 rnti 5505 mcs 24
slot 15 index 0 rnti 5505 mcs 24
slot 16 index 0 rnti 5505 mcs 24
slot 4 index 0 rnti 5505 mcs 24
slot 5 index 0 rnti 5505 mcs 24
slot 6 index 0 rnti 5505 mcs 24
slot 14 index 0 rnti 5505 mcs 24
[EMURAN-DL-CSV] t=50.619 win_tbs=20 win_fail=0 win_bler=0.00000 mcs_last=24 mcs_min=24 mcs_max=24 r0=20 r1=0 r2=0 r3=0  f0=0 f1=0 f2=0 f3=0 tot_tbs=13580 tot_fail=1082 tot_bler=0.07968 tot_init=12514 tot_retx=1066
slot 15 index 0 rnti 5505 mcs 24
slot 16 index 0 rnti 5505 mcs 24
slot 4 index 0 rnti 5505 mcs 24
slot 5 index 0 rnti 5505 mcs 24
slot 6 index 0 rnti 5505 mcs 24
slot 14 index 0 rnti 5505 mcs 24
slot 15 index 0 rnti 5505 mcs 24
slot 16 index 0 rnti 5505 mcs 24
slot 4 index 0 rnti 5505 mcs 24
slot 5 index 0 rnti 5505 mcs 24
slot 6 index 0 rnti 5505 mcs 24
slot 14 index 0 rnti 5505 mcs 24
slot 15 index 0 rnti 5505 mcs 24
slot 16 index 0 rnti 5505 mcs 24
slot 4 index 0 rnti 5505 mcs 24
slot 5 index 0 rnti 5505 mcs 24
slot 6 index 0 rnti 5505 mcs 24
slot 14 index 0 rnti 5505 mcs 24
slot 15 index 0 rnti 5505 mcs 24
slot 16 index 0 rnti 5505 mcs 24
[EMURAN-DL-CSV] t=50.684 win_tbs=20 win_fail=1 win_bler=0.05000 mcs_last=24 mcs_min=24 mcs_max=24 r0=19 r1=1 r2=0 r3=0  f0=1 f1=0 f2=0 f3=0 tot_tbs=13600 tot_fail=1083 tot_bler=0.07963 tot_init=12533 tot_retx=1067
slot 4 index 0 rnti 5505 mcs 24
slot 5 index 0 rnti 5505 mcs 24
slot 6 index 0 rnti 5505 mcs 24
slot 14 index 0 rnti 5505 mcs 24
slot 15 index 0 rnti 5505 mcs 24
slot 16 index 0 rnti 5505 mcs 24
slot 4 index 0 rnti 5505 mcs 24
slot 5 index 0 rnti 5505 mcs 24
slot 6 index 0 rnti 5505 mcs 24
slot 14 index 0 rnti 5505 mcs 24
slot 15 index 0 rnti 5505 mcs 24
slot 16 index 0 rnti 5505 mcs 24
slot 4 index 0 rnti 5505 mcs 24
slot 5 index 0 rnti 5505 mcs 24
slot 6 index 0 rnti 5505 mcs 24
slot 14 index 0 rnti 5505 mcs 24
slot 15 index 0 rnti 5505 mcs 24
slot 16 index 0 rnti 5505 mcs 24
slot 4 index 0 rnti 5505 mcs 24
slot 5 index 0 rnti 5505 mcs 24
[EMURAN-DL-CSV] t=50.756 win_tbs=20 win_fail=0 win_bler=0.00000 mcs_last=24 mcs_min=24 mcs_max=24 r0=20 r1=0 r2=0 r3=0  f0=0 f1=0 f2=0 f3=0 tot_tbs=13620 tot_fail=1083 tot_bler=0.07952 tot_init=12553 tot_retx=1067
slot 6 index 0 rnti 5505 mcs 24
slot 14 index 0 rnti 5505 mcs 24
slot 15 index 0 rnti 5505 mcs 24
slot 16 index 0 rnti 5505 mcs 24
slot 4 index 0 rnti 5505 mcs 24
slot 5 index 0 rnti 5505 mcs 24
slot 6 index 0 rnti 5505 mcs 24
slot 14 index 0 rnti 5505 mcs 24
slot 15 index 0 rnti 5505 mcs 24
slot 16 index 0 rnti 5505 mcs 24
slot 4 index 0 rnti 5505 mcs 24
slot 5 index 0 rnti 5505 mcs 24
slot 6 index 0 rnti 5505 mcs 24
slot 14 index 0 rnti 5505 mcs 24
slot 15 index 0 rnti 5505 mcs 24
slot 16 index 0 rnti 5505 mcs 24
slot 4 index 0 rnti 5505 mcs 24
slot 5 index 0 rnti 5505 mcs 24
slot 6 index 0 rnti 5505 mcs 24
slot 14 index 0 rnti 5505 mcs 24
[EMURAN-DL-CSV] t=50.828 win_tbs=20 win_fail=2 win_bler=0.10000 mcs_last=24 mcs_min=24 mcs_max=24 r0=17 r1=2 r2=1 r3=0  f0=2 f1=0 f2=0 f3=0 tot_tbs=13640 tot_fail=1085 tot_bler=0.07955 tot_init=12570 tot_retx=1070
slot 15 index 0 rnti 5505 mcs 24
slot 16 index 0 rnti 5505 mcs 24
[UE-STAT] frame=900 dci_cnt=600 total_tbs=41803200 ack_real=505 nack_real=23 fb_missing=72 decode_cnt=600
slot 4 index 0 rnti 5505 mcs 24
slot 5 index 0 rnti 5505 mcs 24
slot 6 index 0 rnti 5505 mcs 24
slot 14 index 0 rnti 5505 mcs 24
slot 15 index 0 rnti 5505 mcs 24
slot 16 index 0 rnti 5505 mcs 24
slot 4 index 0 rnti 5505 mcs 24
slot 5 index 0 rnti 5505 mcs 24
slot 6 index 0 rnti 5505 mcs 24
slot 14 index 0 rnti 5505 mcs 24
slot 15 index 0 rnti 5505 mcs 24
slot 16 index 0 rnti 5505 mcs 24
slot 4 index 0 rnti 5505 mcs 24
slot 5 index 0 rnti 5505 mcs 24
slot 6 index 0 rnti 5505 mcs 24
slot 14 index 0 rnti 5505 mcs 24
slot 15 index 0 rnti 5505 mcs 24
slot 16 index 0 rnti 5505 mcs 24
[EMURAN-DL-CSV] t=50.894 win_tbs=20 win_fail=1 win_bler=0.05000 mcs_last=24 mcs_min=24 mcs_max=24 r0=19 r1=1 r2=0 r3=0  f0=1 f1=0 f2=0 f3=0 tot_tbs=13660 tot_fail=1086 tot_bler=0.07950 tot_init=12589 tot_retx=1071
slot 4 index 0 rnti 5505 mcs 24
slot 5 index 0 rnti 5505 mcs 24
slot 6 index 0 rnti 5505 mcs 24
slot 14 index 0 rnti 5505 mcs 24
slot 15 index 0 rnti 5505 mcs 24
slot 16 index 0 rnti 5505 mcs 24
slot 4 index 0 rnti 5505 mcs 24
slot 5 index 0 rnti 5505 mcs 24
slot 6 index 0 rnti 5505 mcs 24
slot 14 index 0 rnti 5505 mcs 24
slot 15 index 0 rnti 5505 mcs 24
slot 16 index 0 rnti 5505 mcs 24
slot 4 index 0 rnti 5505 mcs 24
slot 5 index 0 rnti 5505 mcs 24
slot 6 index 0 rnti 5505 mcs 24
slot 14 index 0 rnti 5505 mcs 24
slot 15 index 0 rnti 5505 mcs 24
slot 16 index 0 rnti 5505 mcs 24
slot 4 index 0 rnti 5505 mcs 24
slot 5 index 0 rnti 5505 mcs 24
[EMURAN-DL-CSV] t=50.966 win_tbs=20 win_fail=2 win_bler=0.10000 mcs_last=24 mcs_min=24 mcs_max=24 r0=19 r1=1 r2=0 r3=0  f0=2 f1=0 f2=0 f3=0 tot_tbs=13680 tot_fail=1088 tot_bler=0.07953 tot_init=12608 tot_retx=1072
slot 6 index 0 rnti 5505 mcs 24
slot 14 index 0 rnti 5505 mcs 24
slot 15 index 0 rnti 5505 mcs 24
slot 16 index 0 rnti 5505 mcs 24
slot 4 index 0 rnti 5505 mcs 24
slot 5 index 0 rnti 5505 mcs 24
slot 6 index 0 rnti 5505 mcs 24
slot 14 index 0 rnti 5505 mcs 24
slot 15 index 0 rnti 5505 mcs 24
slot 16 index 0 rnti 5505 mcs 24
slot 4 index 0 rnti 5505 mcs 24
slot 5 index 0 rnti 5505 mcs 24
slot 6 index 0 rnti 5505 mcs 24
slot 14 index 0 rnti 5505 mcs 24
slot 15 index 0 rnti 5505 mcs 24
slot 16 index 0 rnti 5505 mcs 24
slot 4 index 0 rnti 5505 mcs 24
slot 5 index 0 rnti 5505 mcs 24
slot 6 index 0 rnti 5505 mcs 24
slot 14 index 0 rnti 5505 mcs 24
[EMURAN-DL-CSV] t=51.039 win_tbs=20 win_fail=0 win_bler=0.00000 mcs_last=24 mcs_min=24 mcs_max=24 r0=20 r1=0 r2=0 r3=0  f0=0 f1=0 f2=0 f3=0 tot_tbs=13700 tot_fail=1088 tot_bler=0.07942 tot_init=12628 tot_retx=1072
slot 15 index 0 rnti 5505 mcs 24
slot 16 index 0 rnti 5505 mcs 24
slot 4 index 0 rnti 5505 mcs 24
slot 5 index 0 rnti 5505 mcs 24
slot 6 index 0 rnti 5505 mcs 24
slot 14 index 0 rnti 5505 mcs 24
slot 15 index 0 rnti 5505 mcs 24
slot 16 index 0 rnti 5505 mcs 24
slot 4 index 0 rnti 5505 mcs 24
slot 5 index 0 rnti 5505 mcs 24
slot 6 index 0 rnti 5505 mcs 24
slot 14 index 0 rnti 5505 mcs 24
slot 15 index 0 rnti 5505 mcs 24
slot 16 index 0 rnti 5505 mcs 24
slot 4 index 0 rnti 5505 mcs 24
slot 5 index 0 rnti 5505 mcs 24
slot 6 index 0 rnti 5505 mcs 24
slot 14 index 0 rnti 5505 mcs 24
slot 15 index 0 rnti 5505 mcs 24
slot 16 index 0 rnti 5505 mcs 24
[EMURAN-DL-CSV] t=51.104 win_tbs=20 win_fail=3 win_bler=0.15000 mcs_last=24 mcs_min=24 mcs_max=24 r0=16 r1=4 r2=0 r3=0  f0=2 f1=1 f2=0 f3=0 tot_tbs=13720 tot_fail=1091 tot_bler=0.07952 tot_init=12644 tot_retx=1076
slot 4 index 0 rnti 5505 mcs 24
slot 5 index 0 rnti 5505 mcs 24
slot 6 index 0 rnti 5505 mcs 24
slot 14 index 0 rnti 5505 mcs 24
slot 15 index 0 rnti 5505 mcs 24
slot 16 index 0 rnti 5505 mcs 24
slot 4 index 0 rnti 5505 mcs 24
slot 5 index 0 rnti 5505 mcs 24
slot 6 index 0 rnti 5505 mcs 24
slot 14 index 0 rnti 5505 mcs 24
slot 15 index 0 rnti 5505 mcs 24
slot 16 index 0 rnti 5505 mcs 24
slot 4 index 0 rnti 5505 mcs 24
slot 5 index 0 rnti 5505 mcs 24
slot 6 index 0 rnti 5505 mcs 24
slot 14 index 0 rnti 5505 mcs 24
slot 15 index 0 rnti 5505 mcs 24
slot 16 index 0 rnti 5505 mcs 24
slot 4 index 0 rnti 5505 mcs 24
slot 5 index 0 rnti 5505 mcs 24
[EMURAN-DL-CSV] t=51.176 win_tbs=20 win_fail=1 win_bler=0.05000 mcs_last=24 mcs_min=24 mcs_max=24 r0=19 r1=1 r2=0 r3=0  f0=1 f1=0 f2=0 f3=0 tot_tbs=13740 tot_fail=1092 tot_bler=0.07948 tot_init=12663 tot_retx=1077
slot 6 index 0 rnti 5505 mcs 24
slot 14 index 0 rnti 5505 mcs 24
slot 15 index 0 rnti 5505 mcs 24
slot 16 index 0 rnti 5505 mcs 24
slot 4 index 0 rnti 5505 mcs 24
slot 5 index 0 rnti 5505 mcs 24
slot 6 index 0 rnti 5505 mcs 24
slot 14 index 0 rnti 5505 mcs 24
slot 15 index 0 rnti 5505 mcs 24
slot 16 index 0 rnti 5505 mcs 24
slot 4 index 0 rnti 5505 mcs 24
slot 5 index 0 rnti 5505 mcs 24
slot 6 index 0 rnti 5505 mcs 24
slot 14 index 0 rnti 5505 mcs 24
slot 15 index 0 rnti 5505 mcs 24
slot 16 index 0 rnti 5505 mcs 24
slot 4 index 0 rnti 5505 mcs 24
slot 5 index 0 rnti 5505 mcs 24
slot 6 index 0 rnti 5505 mcs 24
slot 14 index 0 rnti 5505 mcs 24
[EMURAN-DL-CSV] t=51.249 win_tbs=20 win_fail=1 win_bler=0.05000 mcs_last=24 mcs_min=24 mcs_max=24 r0=19 r1=1 r2=0 r3=0  f0=1 f1=0 f2=0 f3=0 tot_tbs=13760 tot_fail=1093 tot_bler=0.07943 tot_init=12682 tot_retx=1078
slot 15 index 0 rnti 5505 mcs 24
slot 16 index 0 rnti 5505 mcs 24
slot 4 index 0 rnti 5505 mcs 24
slot 5 index 0 rnti 5505 mcs 24
slot 6 index 0 rnti 5505 mcs 24
slot 14 index 0 rnti 5505 mcs 24
slot 15 index 0 rnti 5505 mcs 24
slot 16 index 0 rnti 5505 mcs 24
slot 4 index 0 rnti 5505 mcs 24
slot 5 index 0 rnti 5505 mcs 24
slot 6 index 0 rnti 5505 mcs 24
slot 14 index 0 rnti 5505 mcs 24
slot 15 index 0 rnti 5505 mcs 24
slot 16 index 0 rnti 5505 mcs 24
slot 4 index 0 rnti 5505 mcs 24
slot 5 index 0 rnti 5505 mcs 24
slot 6 index 0 rnti 5505 mcs 24
slot 14 index 0 rnti 5505 mcs 24
slot 15 index 0 rnti 5505 mcs 24
slot 16 index 0 rnti 5505 mcs 24
[EMURAN-DL-CSV] t=51.314 win_tbs=20 win_fail=1 win_bler=0.05000 mcs_last=24 mcs_min=24 mcs_max=24 r0=20 r1=0 r2=0 r3=0  f0=1 f1=0 f2=0 f3=0 tot_tbs=13780 tot_fail=1094 tot_bler=0.07939 tot_init=12702 tot_retx=1078
slot 4 index 0 rnti 5505 mcs 24
slot 5 index 0 rnti 5505 mcs 24
slot 6 index 0 rnti 5505 mcs 24
slot 14 index 0 rnti 5505 mcs 24
slot 15 index 0 rnti 5505 mcs 24
slot 16 index 0 rnti 5505 mcs 24
slot 4 index 0 rnti 5505 mcs 24
slot 5 index 0 rnti 5505 mcs 24
slot 6 index 0 rnti 5505 mcs 24
slot 14 index 0 rnti 5505 mcs 24
slot 15 index 0 rnti 5505 mcs 24
slot 16 index 0 rnti 5505 mcs 24
slot 4 index 0 rnti 5505 mcs 24
slot 5 index 0 rnti 5505 mcs 24
slot 6 index 0 rnti 5505 mcs 24
slot 14 index 0 rnti 5505 mcs 24
slot 15 index 0 rnti 5505 mcs 24
slot 16 index 0 rnti 5505 mcs 24
slot 4 index 0 rnti 5505 mcs 24
slot 5 index 0 rnti 5505 mcs 24
[EMURAN-DL-CSV] t=51.386 win_tbs=20 win_fail=2 win_bler=0.10000 mcs_last=24 mcs_min=24 mcs_max=24 r0=18 r1=2 r2=0 r3=0  f0=2 f1=0 f2=0 f3=0 tot_tbs=13800 tot_fail=1096 tot_bler=0.07942 tot_init=12720 tot_retx=1080
slot 6 index 0 rnti 5505 mcs 24
slot 14 index 0 rnti 5505 mcs 24
slot 15 index 0 rnti 5505 mcs 24
slot 16 index 0 rnti 5505 mcs 24
slot 4 index 0 rnti 5505 mcs 24
slot 5 index 0 rnti 5505 mcs 24
slot 6 index 0 rnti 5505 mcs 24
slot 14 index 0 rnti 5505 mcs 24
slot 15 index 0 rnti 5505 mcs 24
slot 16 index 0 rnti 5505 mcs 24
slot 4 index 0 rnti 5505 mcs 24
slot 5 index 0 rnti 5505 mcs 24
slot 6 index 0 rnti 5505 mcs 24
slot 14 index 0 rnti 5505 mcs 24
slot 15 index 0 rnti 5505 mcs 24
slot 16 index 0 rnti 5505 mcs 24
slot 4 index 0 rnti 5505 mcs 24
slot 5 index 0 rnti 5505 mcs 24
slot 6 index 0 rnti 5505 mcs 24
slot 14 index 0 rnti 5505 mcs 24
[EMURAN-DL-CSV] t=51.459 win_tbs=20 win_fail=1 win_bler=0.05000 mcs_last=24 mcs_min=24 mcs_max=24 r0=19 r1=1 r2=0 r3=0  f0=1 f1=0 f2=0 f3=0 tot_tbs=13820 tot_fail=1097 tot_bler=0.07938 tot_init=12739 tot_retx=1081
slot 15 index 0 rnti 5505 mcs 24
slot 16 index 0 rnti 5505 mcs 24
slot 4 index 0 rnti 5505 mcs 24
slot 5 index 0 rnti 5505 mcs 24
slot 6 index 0 rnti 5505 mcs 24
slot 14 index 0 rnti 5505 mcs 24
slot 15 index 0 rnti 5505 mcs 24
slot 16 index 0 rnti 5505 mcs 24
slot 4 index 0 rnti 5505 mcs 24
slot 5 index 0 rnti 5505 mcs 24
slot 6 index 0 rnti 5505 mcs 24
slot 14 index 0 rnti 5505 mcs 24
slot 15 index 0 rnti 5505 mcs 24
slot 16 index 0 rnti 5505 mcs 24
slot 4 index 0 rnti 5505 mcs 24
slot 5 index 0 rnti 5505 mcs 24
slot 6 index 0 rnti 5505 mcs 24
slot 14 index 0 rnti 5505 mcs 24
slot 15 index 0 rnti 5505 mcs 24
slot 16 index 0 rnti 5505 mcs 24
[EMURAN-DL-CSV] t=51.524 win_tbs=20 win_fail=0 win_bler=0.00000 mcs_last=24 mcs_min=24 mcs_max=24 r0=20 r1=0 r2=0 r3=0  f0=0 f1=0 f2=0 f3=0 tot_tbs=13840 tot_fail=1097 tot_bler=0.07926 tot_init=12759 tot_retx=1081
slot 4 index 0 rnti 5505 mcs 24
slot 5 index 0 rnti 5505 mcs 24
slot 6 index 0 rnti 5505 mcs 24
slot 14 index 0 rnti 5505 mcs 24
slot 15 index 0 rnti 5505 mcs 24
slot 16 index 0 rnti 5505 mcs 24
slot 4 index 0 rnti 5505 mcs 24
slot 5 index 0 rnti 5505 mcs 24
slot 6 index 0 rnti 5505 mcs 24
slot 14 index 0 rnti 5505 mcs 24
slot 15 index 0 rnti 5505 mcs 24
slot 16 index 0 rnti 5505 mcs 24
slot 4 index 0 rnti 5505 mcs 24
slot 5 index 0 rnti 5505 mcs 24
slot 6 index 0 rnti 5505 mcs 24
slot 14 index 0 rnti 5505 mcs 24
slot 15 index 0 rnti 5505 mcs 24
slot 16 index 0 rnti 5505 mcs 24
slot 4 index 0 rnti 5505 mcs 24
slot 5 index 0 rnti 5505 mcs 24
[EMURAN-DL-CSV] t=51.596 win_tbs=20 win_fail=0 win_bler=0.00000 mcs_last=24 mcs_min=24 mcs_max=24 r0=20 r1=0 r2=0 r3=0  f0=0 f1=0 f2=0 f3=0 tot_tbs=13860 tot_fail=1097 tot_bler=0.07915 tot_init=12779 tot_retx=1081
slot 6 index 0 rnti 5505 mcs 24
slot 14 index 0 rnti 5505 mcs 24
slot 15 index 0 rnti 5505 mcs 24
slot 16 index 0 rnti 5505 mcs 24
slot 4 index 0 rnti 5505 mcs 24
slot 5 index 0 rnti 5505 mcs 24
slot 6 index 0 rnti 5505 mcs 24
slot 14 index 0 rnti 5505 mcs 24
slot 15 index 0 rnti 5505 mcs 24
slot 16 index 0 rnti 5505 mcs 24
slot 4 index 0 rnti 5505 mcs 24
slot 5 index 0 rnti 5505 mcs 24
slot 6 index 0 rnti 5505 mcs 24
slot 14 index 0 rnti 5505 mcs 24
slot 15 index 0 rnti 5505 mcs 24
slot 16 index 0 rnti 5505 mcs 24
slot 4 index 0 rnti 5505 mcs 24
slot 5 index 0 rnti 5505 mcs 24
slot 6 index 0 rnti 5505 mcs 24
slot 14 index 0 rnti 5505 mcs 24
[EMURAN-DL-CSV] t=51.669 win_tbs=20 win_fail=2 win_bler=0.10000 mcs_last=24 mcs_min=24 mcs_max=24 r0=19 r1=1 r2=0 r3=0  f0=2 f1=0 f2=0 f3=0 tot_tbs=13880 tot_fail=1099 tot_bler=0.07918 tot_init=12798 tot_retx=1082
slot 15 index 0 rnti 5505 mcs 24
slot 16 index 0 rnti 5505 mcs 24
slot 4 index 0 rnti 5505 mcs 24
slot 5 index 0 rnti 5505 mcs 24
slot 6 index 0 rnti 5505 mcs 24
slot 14 index 0 rnti 5505 mcs 24
slot 15 index 0 rnti 5505 mcs 24
slot 16 index 0 rnti 5505 mcs 24
slot 4 index 0 rnti 5505 mcs 24
slot 5 index 0 rnti 5505 mcs 24
slot 6 index 0 rnti 5505 mcs 24
slot 14 index 0 rnti 5505 mcs 24
slot 15 index 0 rnti 5505 mcs 24
slot 16 index 0 rnti 5505 mcs 24
slot 4 index 0 rnti 5505 mcs 24
slot 5 index 0 rnti 5505 mcs 24
slot 6 index 0 rnti 5505 mcs 24
slot 14 index 0 rnti 5505 mcs 24
slot 15 index 0 rnti 5505 mcs 24
slot 16 index 0 rnti 5505 mcs 24
[EMURAN-DL-CSV] t=51.734 win_tbs=20 win_fail=2 win_bler=0.10000 mcs_last=24 mcs_min=24 mcs_max=24 r0=17 r1=3 r2=0 r3=0  f0=2 f1=0 f2=0 f3=0 tot_tbs=13900 tot_fail=1101 tot_bler=0.07921 tot_init=12815 tot_retx=1085
slot 4 index 0 rnti 5505 mcs 24
slot 5 index 0 rnti 5505 mcs 24
slot 6 index 0 rnti 5505 mcs 24
slot 14 index 0 rnti 5505 mcs 24
slot 15 index 0 rnti 5505 mcs 24
slot 16 index 0 rnti 5505 mcs 24
slot 4 index 0 rnti 5505 mcs 24
slot 5 index 0 rnti 5505 mcs 24
slot 6 index 0 rnti 5505 mcs 24
slot 14 index 0 rnti 5505 mcs 24
slot 15 index 0 rnti 5505 mcs 24
slot 16 index 0 rnti 5505 mcs 24
slot 4 index 0 rnti 5505 mcs 24
slot 5 index 0 rnti 5505 mcs 24
slot 6 index 0 rnti 5505 mcs 24
slot 14 index 0 rnti 5505 mcs 24
slot 15 index 0 rnti 5505 mcs 24
slot 16 index 0 rnti 5505 mcs 24
slot 4 index 0 rnti 5505 mcs 24
slot 5 index 0 rnti 5505 mcs 24
[EMURAN-DL-CSV] t=51.807 win_tbs=20 win_fail=0 win_bler=0.00000 mcs_last=24 mcs_min=24 mcs_max=24 r0=19 r1=1 r2=0 r3=0  f0=0 f1=0 f2=0 f3=0 tot_tbs=13920 tot_fail=1101 tot_bler=0.07909 tot_init=12834 tot_retx=1086
slot 6 index 0 rnti 5505 mcs 24
slot 14 index 0 rnti 5505 mcs 24
slot 15 index 0 rnti 5505 mcs 24
slot 16 index 0 rnti 5505 mcs 24
slot 4 index 0 rnti 5505 mcs 24
slot 5 index 0 rnti 5505 mcs 24
slot 6 index 0 rnti 5505 mcs 24
slot 14 index 0 rnti 5505 mcs 24
slot 15 index 0 rnti 5505 mcs 24
slot 16 index 0 rnti 5505 mcs 24
slot 4 index 0 rnti 5505 mcs 24
slot 5 index 0 rnti 5505 mcs 24
slot 6 index 0 rnti 5505 mcs 24
slot 14 index 0 rnti 5505 mcs 24
slot 15 index 0 rnti 5505 mcs 24
slot 16 index 0 rnti 5505 mcs 24
slot 4 index 0 rnti 5505 mcs 24
slot 5 index 0 rnti 5505 mcs 24
slot 6 index 0 rnti 5505 mcs 24
slot 14 index 0 rnti 5505 mcs 24
[EMURAN-DL-CSV] t=51.879 win_tbs=20 win_fail=0 win_bler=0.00000 mcs_last=24 mcs_min=24 mcs_max=24 r0=20 r1=0 r2=0 r3=0  f0=0 f1=0 f2=0 f3=0 tot_tbs=13940 tot_fail=1101 tot_bler=0.07898 tot_init=12854 tot_retx=1086
slot 15 index 0 rnti 5505 mcs 24
slot 16 index 0 rnti 5505 mcs 24
slot 4 index 0 rnti 5505 mcs 24
slot 5 index 0 rnti 5505 mcs 24
slot 6 index 0 rnti 5505 mcs 24
slot 14 index 0 rnti 5505 mcs 24
slot 15 index 0 rnti 5505 mcs 24
slot 16 index 0 rnti 5505 mcs 24
slot 4 index 0 rnti 5505 mcs 24
slot 5 index 0 rnti 5505 mcs 24
slot 6 index 0 rnti 5505 mcs 24
slot 14 index 0 rnti 5505 mcs 24
slot 15 index 0 rnti 5505 mcs 24
slot 16 index 0 rnti 5505 mcs 24
slot 4 index 0 rnti 5505 mcs 24
slot 5 index 0 rnti 5505 mcs 24
slot 6 index 0 rnti 5505 mcs 24
slot 14 index 0 rnti 5505 mcs 24
slot 15 index 0 rnti 5505 mcs 24
slot 16 index 0 rnti 5505 mcs 24
[EMURAN-DL-CSV] t=51.944 win_tbs=20 win_fail=0 win_bler=0.00000 mcs_last=24 mcs_min=24 mcs_max=24 r0=20 r1=0 r2=0 r3=0  f0=0 f1=0 f2=0 f3=0 tot_tbs=13960 tot_fail=1101 tot_bler=0.07887 tot_init=12874 tot_retx=1086
slot 4 index 0 rnti 5505 mcs 24
slot 5 index 0 rnti 5505 mcs 24
slot 6 index 0 rnti 5505 mcs 24
slot 14 index 0 rnti 5505 mcs 24
slot 15 index 0 rnti 5505 mcs 24
slot 16 index 0 rnti 5505 mcs 24
slot 4 index 0 rnti 5505 mcs 24
slot 5 index 0 rnti 5505 mcs 24
slot 6 index 0 rnti 5505 mcs 24
slot 14 index 0 rnti 5505 mcs 24
slot 15 index 0 rnti 5505 mcs 24
slot 16 index 0 rnti 5505 mcs 24
slot 4 index 0 rnti 5505 mcs 24
slot 5 index 0 rnti 5505 mcs 24
slot 6 index 0 rnti 5505 mcs 24
slot 14 index 0 rnti 5505 mcs 24
slot 15 index 0 rnti 5505 mcs 24
slot 16 index 0 rnti 5505 mcs 24
slot 4 index 0 rnti 5505 mcs 24
slot 5 index 0 rnti 5505 mcs 24
[EMURAN-DL-CSV] t=52.017 win_tbs=20 win_fail=0 win_bler=0.00000 mcs_last=24 mcs_min=24 mcs_max=24 r0=20 r1=0 r2=0 r3=0  f0=0 f1=0 f2=0 f3=0 tot_tbs=13980 tot_fail=1101 tot_bler=0.07876 tot_init=12894 tot_retx=1086
slot 6 index 0 rnti 5505 mcs 24
slot 14 index 0 rnti 5505 mcs 24
slot 15 index 0 rnti 5505 mcs 24
slot 16 index 0 rnti 5505 mcs 24
slot 4 index 0 rnti 5505 mcs 24
slot 5 index 0 rnti 5505 mcs 24
slot 6 index 0 rnti 5505 mcs 24
slot 14 index 0 rnti 5505 mcs 24
slot 15 index 0 rnti 5505 mcs 24
slot 16 index 0 rnti 5505 mcs 24
slot 4 index 0 rnti 5505 mcs 24
slot 5 index 0 rnti 5505 mcs 24
slot 6 index 0 rnti 5505 mcs 24
slot 14 index 0 rnti 5505 mcs 24
slot 15 index 0 rnti 5505 mcs 24
slot 16 index 0 rnti 5505 mcs 24
slot 4 index 0 rnti 5505 mcs 24
slot 5 index 0 rnti 5505 mcs 24
slot 6 index 0 rnti 5505 mcs 24
slot 14 index 0 rnti 5505 mcs 24
[EMURAN-DL-CSV] t=52.089 win_tbs=20 win_fail=2 win_bler=0.10000 mcs_last=24 mcs_min=24 mcs_max=24 r0=18 r1=2 r2=0 r3=0  f0=2 f1=0 f2=0 f3=0 tot_tbs=14000 tot_fail=1103 tot_bler=0.07879 tot_init=12912 tot_retx=1088
slot 15 index 0 rnti 5505 mcs 24
slot 16 index 0 rnti 5505 mcs 24
slot 4 index 0 rnti 5505 mcs 24
slot 5 index 0 rnti 5505 mcs 24
slot 6 index 0 rnti 5505 mcs 24
slot 14 index 0 rnti 5505 mcs 24
slot 15 index 0 rnti 5505 mcs 24
slot 16 index 0 rnti 5505 mcs 24
slot 4 index 0 rnti 5505 mcs 24
slot 5 index 0 rnti 5505 mcs 24
slot 6 index 0 rnti 5505 mcs 24
slot 14 index 0 rnti 5505 mcs 24
slot 15 index 0 rnti 5505 mcs 24
slot 16 index 0 rnti 5505 mcs 24
slot 4 index 0 rnti 5505 mcs 24
slot 5 index 0 rnti 5505 mcs 24
slot 6 index 0 rnti 5505 mcs 24
slot 14 index 0 rnti 5505 mcs 24
slot 15 index 0 rnti 5505 mcs 24
slot 16 index 0 rnti 5505 mcs 24
[EMURAN-DL-CSV] t=52.154 win_tbs=20 win_fail=3 win_bler=0.15000 mcs_last=24 mcs_min=24 mcs_max=24 r0=16 r1=4 r2=0 r3=0  f0=2 f1=1 f2=0 f3=0 tot_tbs=14020 tot_fail=1106 tot_bler=0.07889 tot_init=12928 tot_retx=1092
slot 4 index 0 rnti 5505 mcs 24
slot 5 index 0 rnti 5505 mcs 24
slot 6 index 0 rnti 5505 mcs 24
slot 14 index 0 rnti 5505 mcs 24
slot 15 index 0 rnti 5505 mcs 24
slot 16 index 0 rnti 5505 mcs 24
slot 4 index 0 rnti 5505 mcs 24
slot 5 index 0 rnti 5505 mcs 24
slot 6 index 0 rnti 5505 mcs 24
slot 14 index 0 rnti 5505 mcs 24
slot 15 index 0 rnti 5505 mcs 24
slot 16 index 0 rnti 5505 mcs 24
slot 4 index 0 rnti 5505 mcs 24
slot 5 index 0 rnti 5505 mcs 24
slot 6 index 0 rnti 5505 mcs 24
slot 14 index 0 rnti 5505 mcs 24
slot 15 index 0 rnti 5505 mcs 24
slot 16 index 0 rnti 5505 mcs 24
slot 4 index 0 rnti 5505 mcs 24
slot 5 index 0 rnti 5505 mcs 24
[EMURAN-DL-CSV] t=52.227 win_tbs=20 win_fail=2 win_bler=0.10000 mcs_last=24 mcs_min=24 mcs_max=24 r0=18 r1=2 r2=0 r3=0  f0=2 f1=0 f2=0 f3=0 tot_tbs=14040 tot_fail=1108 tot_bler=0.07892 tot_init=12946 tot_retx=1094
slot 6 index 0 rnti 5505 mcs 24
slot 14 index 0 rnti 5505 mcs 24
slot 15 index 0 rnti 5505 mcs 24
slot 16 index 0 rnti 5505 mcs 24
slot 4 index 0 rnti 5505 mcs 24
slot 5 index 0 rnti 5505 mcs 24
slot 6 index 0 rnti 5505 mcs 24
slot 14 index 0 rnti 5505 mcs 24
slot 15 index 0 rnti 5505 mcs 24
slot 16 index 0 rnti 5505 mcs 24
slot 4 index 0 rnti 5505 mcs 24
slot 5 index 0 rnti 5505 mcs 24
slot 6 index 0 rnti 5505 mcs 24
slot 14 index 0 rnti 5505 mcs 24
slot 15 index 0 rnti 5505 mcs 24
slot 16 index 0 rnti 5505 mcs 24
slot 4 index 0 rnti 5505 mcs 24
slot 5 index 0 rnti 5505 mcs 24
slot 6 index 0 rnti 5505 mcs 24
slot 14 index 0 rnti 5505 mcs 24
[EMURAN-DL-CSV] t=52.299 win_tbs=20 win_fail=0 win_bler=0.00000 mcs_last=24 mcs_min=24 mcs_max=24 r0=20 r1=0 r2=0 r3=0  f0=0 f1=0 f2=0 f3=0 tot_tbs=14060 tot_fail=1108 tot_bler=0.07881 tot_init=12966 tot_retx=1094
slot 15 index 0 rnti 5505 mcs 24
slot 16 index 0 rnti 5505 mcs 24
slot 4 index 0 rnti 5505 mcs 24
slot 5 index 0 rnti 5505 mcs 24
slot 6 index 0 rnti 5505 mcs 24
slot 14 index 0 rnti 5505 mcs 24
slot 15 index 0 rnti 5505 mcs 24
slot 16 index 0 rnti 5505 mcs 24
slot 4 index 0 rnti 5505 mcs 24
slot 5 index 0 rnti 5505 mcs 24
slot 6 index 0 rnti 5505 mcs 24
slot 14 index 0 rnti 5505 mcs 24
slot 15 index 0 rnti 5505 mcs 24
slot 16 index 0 rnti 5505 mcs 24
slot 4 index 0 rnti 5505 mcs 24
slot 5 index 0 rnti 5505 mcs 24
slot 6 index 0 rnti 5505 mcs 24
slot 14 index 0 rnti 5505 mcs 24
slot 15 index 0 rnti 5505 mcs 24
slot 16 index 0 rnti 5505 mcs 24
[EMURAN-DL-CSV] t=52.364 win_tbs=20 win_fail=2 win_bler=0.10000 mcs_last=24 mcs_min=24 mcs_max=24 r0=18 r1=2 r2=0 r3=0  f0=2 f1=0 f2=0 f3=0 tot_tbs=14080 tot_fail=1110 tot_bler=0.07884 tot_init=12984 tot_retx=1096
slot 4 index 0 rnti 5505 mcs 24
slot 5 index 0 rnti 5505 mcs 24
slot 6 index 0 rnti 5505 mcs 24
slot 14 index 0 rnti 5505 mcs 24
slot 15 index 0 rnti 5505 mcs 24
slot 16 index 0 rnti 5505 mcs 24
slot 4 index 0 rnti 5505 mcs 24
slot 5 index 0 rnti 5505 mcs 24
slot 6 index 0 rnti 5505 mcs 24
slot 14 index 0 rnti 5505 mcs 24
slot 15 index 0 rnti 5505 mcs 24
slot 16 index 0 rnti 5505 mcs 24
slot 4 index 0 rnti 5505 mcs 24
slot 5 index 0 rnti 5505 mcs 24
slot 6 index 0 rnti 5505 mcs 24
slot 14 index 0 rnti 5505 mcs 24
slot 15 index 0 rnti 5505 mcs 24
slot 16 index 0 rnti 5505 mcs 24
slot 4 index 0 rnti 5505 mcs 24
slot 5 index 0 rnti 5505 mcs 24
[EMURAN-DL-CSV] t=52.437 win_tbs=20 win_fail=0 win_bler=0.00000 mcs_last=24 mcs_min=24 mcs_max=24 r0=20 r1=0 r2=0 r3=0  f0=0 f1=0 f2=0 f3=0 tot_tbs=14100 tot_fail=1110 tot_bler=0.07872 tot_init=13004 tot_retx=1096
slot 6 index 0 rnti 5505 mcs 24
slot 14 index 0 rnti 5505 mcs 24
slot 15 index 0 rnti 5505 mcs 24
slot 16 index 0 rnti 5505 mcs 24
slot 4 index 0 rnti 5505 mcs 24
slot 5 index 0 rnti 5505 mcs 24
slot 6 index 0 rnti 5505 mcs 24
slot 14 index 0 rnti 5505 mcs 24
slot 15 index 0 rnti 5505 mcs 24
slot 16 index 0 rnti 5505 mcs 24
slot 4 index 0 rnti 5505 mcs 24
slot 5 index 0 rnti 5505 mcs 24
slot 6 index 0 rnti 5505 mcs 24
slot 14 index 0 rnti 5505 mcs 24
slot 15 index 0 rnti 5505 mcs 24
slot 16 index 0 rnti 5505 mcs 24
slot 4 index 0 rnti 5505 mcs 24
slot 5 index 0 rnti 5505 mcs 24
slot 6 index 0 rnti 5505 mcs 24
slot 14 index 0 rnti 5505 mcs 24
[EMURAN-DL-CSV] t=52.510 win_tbs=20 win_fail=2 win_bler=0.10000 mcs_last=24 mcs_min=24 mcs_max=24 r0=17 r1=3 r2=0 r3=0  f0=2 f1=0 f2=0 f3=0 tot_tbs=14120 tot_fail=1112 tot_bler=0.07875 tot_init=13021 tot_retx=1099
slot 15 index 0 rnti 5505 mcs 24
slot 16 index 0 rnti 5505 mcs 24
slot 4 index 0 rnti 5505 mcs 24
slot 5 index 0 rnti 5505 mcs 24
slot 6 index 0 rnti 5505 mcs 24
slot 14 index 0 rnti 5505 mcs 24
slot 15 index 0 rnti 5505 mcs 24
slot 16 index 0 rnti 5505 mcs 24
slot 4 index 0 rnti 5505 mcs 24
slot 5 index 0 rnti 5505 mcs 24
slot 6 index 0 rnti 5505 mcs 24
slot 14 index 0 rnti 5505 mcs 24
slot 15 index 0 rnti 5505 mcs 24
slot 16 index 0 rnti 5505 mcs 24
slot 4 index 0 rnti 5505 mcs 24
slot 5 index 0 rnti 5505 mcs 24
slot 6 index 0 rnti 5505 mcs 24
slot 14 index 0 rnti 5505 mcs 24
slot 15 index 0 rnti 5505 mcs 24
slot 16 index 0 rnti 5505 mcs 24
[EMURAN-DL-CSV] t=52.575 win_tbs=20 win_fail=1 win_bler=0.05000 mcs_last=24 mcs_min=24 mcs_max=24 r0=19 r1=1 r2=0 r3=0  f0=1 f1=0 f2=0 f3=0 tot_tbs=14140 tot_fail=1113 tot_bler=0.07871 tot_init=13040 tot_retx=1100
slot 4 index 0 rnti 5505 mcs 24
slot 5 index 0 rnti 5505 mcs 24
slot 6 index 0 rnti 5505 mcs 24
slot 14 index 0 rnti 5505 mcs 24
slot 15 index 0 rnti 5505 mcs 24
slot 16 index 0 rnti 5505 mcs 24
slot 4 index 0 rnti 5505 mcs 24
slot 5 index 0 rnti 5505 mcs 24
slot 6 index 0 rnti 5505 mcs 24
slot 14 index 0 rnti 5505 mcs 24
slot 15 index 0 rnti 5505 mcs 24
slot 16 index 0 rnti 5505 mcs 24
slot 4 index 0 rnti 5505 mcs 24
slot 5 index 0 rnti 5505 mcs 24
slot 6 index 0 rnti 5505 mcs 24
slot 14 index 0 rnti 5505 mcs 24
slot 15 index 0 rnti 5505 mcs 24
slot 16 index 0 rnti 5505 mcs 24
slot 4 index 0 rnti 5505 mcs 24
slot 5 index 0 rnti 5505 mcs 24
[EMURAN-DL-CSV] t=52.647 win_tbs=20 win_fail=2 win_bler=0.10000 mcs_last=24 mcs_min=24 mcs_max=24 r0=19 r1=1 r2=0 r3=0  f0=2 f1=0 f2=0 f3=0 tot_tbs=14160 tot_fail=1115 tot_bler=0.07874 tot_init=13059 tot_retx=1101
slot 6 index 0 rnti 5505 mcs 24
slot 14 index 0 rnti 5505 mcs 24
slot 15 index 0 rnti 5505 mcs 24
slot 16 index 0 rnti 5505 mcs 24
slot 4 index 0 rnti 5505 mcs 24
slot 5 index 0 rnti 5505 mcs 24
slot 6 index 0 rnti 5505 mcs 24
slot 14 index 0 rnti 5505 mcs 24
slot 15 index 0 rnti 5505 mcs 24
slot 16 index 0 rnti 5505 mcs 24
slot 4 index 0 rnti 5505 mcs 24
slot 5 index 0 rnti 5505 mcs 24
slot 6 index 0 rnti 5505 mcs 24
slot 14 index 0 rnti 5505 mcs 24
slot 15 index 0 rnti 5505 mcs 24
slot 16 index 0 rnti 5505 mcs 24
slot 4 index 0 rnti 5505 mcs 24
slot 5 index 0 rnti 5505 mcs 24
slot 6 index 0 rnti 5505 mcs 24
slot 14 index 0 rnti 5505 mcs 24
[EMURAN-DL-CSV] t=52.719 win_tbs=20 win_fail=0 win_bler=0.00000 mcs_last=24 mcs_min=24 mcs_max=24 r0=19 r1=1 r2=0 r3=0  f0=0 f1=0 f2=0 f3=0 tot_tbs=14180 tot_fail=1115 tot_bler=0.07863 tot_init=13078 tot_retx=1102
slot 15 index 0 rnti 5505 mcs 24
slot 16 index 0 rnti 5505 mcs 24
slot 4 index 0 rnti 5505 mcs 24
slot 5 index 0 rnti 5505 mcs 24
slot 6 index 0 rnti 5505 mcs 24
slot 14 index 0 rnti 5505 mcs 24
slot 15 index 0 rnti 5505 mcs 24
slot 16 index 0 rnti 5505 mcs 24
slot 4 index 0 rnti 5505 mcs 24
slot 5 index 0 rnti 5505 mcs 24
slot 6 index 0 rnti 5505 mcs 24
slot 14 index 0 rnti 5505 mcs 24
slot 15 index 0 rnti 5505 mcs 24
slot 16 index 0 rnti 5505 mcs 24
slot 4 index 0 rnti 5505 mcs 24
slot 5 index 0 rnti 5505 mcs 24
slot 6 index 0 rnti 5505 mcs 24
slot 14 index 0 rnti 5505 mcs 24
slot 15 index 0 rnti 5505 mcs 24
slot 16 index 0 rnti 5505 mcs 24
[EMURAN-DL-CSV] t=52.785 win_tbs=20 win_fail=1 win_bler=0.05000 mcs_last=24 mcs_min=24 mcs_max=24 r0=18 r1=1 r2=1 r3=0  f0=1 f1=0 f2=0 f3=0 tot_tbs=14200 tot_fail=1116 tot_bler=0.07859 tot_init=13096 tot_retx=1104
slot 4 index 0 rnti 5505 mcs 24
slot 5 index 0 rnti 5505 mcs 24
slot 6 index 0 rnti 5505 mcs 24
slot 14 index 0 rnti 5505 mcs 24
slot 15 index 0 rnti 5505 mcs 24
slot 16 index 0 rnti 5505 mcs 24
slot 4 index 0 rnti 5505 mcs 24
slot 5 index 0 rnti 5505 mcs 24
slot 6 index 0 rnti 5505 mcs 24
slot 14 index 0 rnti 5505 mcs 24
slot 15 index 0 rnti 5505 mcs 24
slot 16 index 0 rnti 5505 mcs 24
slot 4 index 0 rnti 5505 mcs 24
slot 5 index 0 rnti 5505 mcs 24
slot 6 index 0 rnti 5505 mcs 24
slot 14 index 0 rnti 5505 mcs 24
slot 15 index 0 rnti 5505 mcs 24
slot 16 index 0 rnti 5505 mcs 24
slot 4 index 0 rnti 5505 mcs 24
slot 5 index 0 rnti 5505 mcs 24
[EMURAN-DL-CSV] t=52.857 win_tbs=20 win_fail=0 win_bler=0.00000 mcs_last=24 mcs_min=24 mcs_max=24 r0=20 r1=0 r2=0 r3=0  f0=0 f1=0 f2=0 f3=0 tot_tbs=14220 tot_fail=1116 tot_bler=0.07848 tot_init=13116 tot_retx=1104
slot 6 index 0 rnti 5505 mcs 24
slot 14 index 0 rnti 5505 mcs 24
slot 15 index 0 rnti 5505 mcs 24
slot 16 index 0 rnti 5505 mcs 24
slot 4 index 0 rnti 5505 mcs 24
slot 5 index 0 rnti 5505 mcs 24
slot 6 index 0 rnti 5505 mcs 24
slot 14 index 0 rnti 5505 mcs 24
slot 15 index 0 rnti 5505 mcs 24
slot 16 index 0 rnti 5505 mcs 24
slot 4 index 0 rnti 5505 mcs 24
slot 5 index 0 rnti 5505 mcs 24
slot 6 index 0 rnti 5505 mcs 24
slot 14 index 0 rnti 5505 mcs 24
slot 15 index 0 rnti 5505 mcs 24
slot 16 index 0 rnti 5505 mcs 24
slot 4 index 0 rnti 5505 mcs 24
slot 5 index 0 rnti 5505 mcs 24
slot 6 index 0 rnti 5505 mcs 24
slot 14 index 0 rnti 5505 mcs 24
[EMURAN-DL-CSV] t=52.930 win_tbs=20 win_fail=1 win_bler=0.05000 mcs_last=24 mcs_min=24 mcs_max=24 r0=20 r1=0 r2=0 r3=0  f0=1 f1=0 f2=0 f3=0 tot_tbs=14240 tot_fail=1117 tot_bler=0.07844 tot_init=13136 tot_retx=1104
slot 15 index 0 rnti 5505 mcs 24
slot 16 index 0 rnti 5505 mcs 24
[UE-STAT] frame=1000 dci_cnt=600 total_tbs=41803200 ack_real=496 nack_real=30 fb_missing=74 decode_cnt=600
slot 4 index 0 rnti 5505 mcs 24
slot 5 index 0 rnti 5505 mcs 24
slot 6 index 0 rnti 5505 mcs 24
slot 14 index 0 rnti 5505 mcs 24
slot 15 index 0 rnti 5505 mcs 24
slot 16 index 0 rnti 5505 mcs 24
slot 4 index 0 rnti 5505 mcs 24
slot 5 index 0 rnti 5505 mcs 24
slot 6 index 0 rnti 5505 mcs 24
slot 14 index 0 rnti 5505 mcs 24
slot 15 index 0 rnti 5505 mcs 24
slot 16 index 0 rnti 5505 mcs 24
slot 4 index 0 rnti 5505 mcs 24
slot 5 index 0 rnti 5505 mcs 24
slot 6 index 0 rnti 5505 mcs 24
slot 14 index 0 rnti 5505 mcs 24
slot 15 index 0 rnti 5505 mcs 24
slot 16 index 0 rnti 5505 mcs 24
[EMURAN-DL-CSV] t=52.995 win_tbs=20 win_fail=4 win_bler=0.20000 mcs_last=24 mcs_min=24 mcs_max=24 r0=18 r1=2 r2=0 r3=0  f0=4 f1=0 f2=0 f3=0 tot_tbs=14260 tot_fail=1121 tot_bler=0.07861 tot_init=13154 tot_retx=1106
slot 4 index 0 rnti 5505 mcs 24
slot 5 index 0 rnti 5505 mcs 24
slot 6 index 0 rnti 5505 mcs 24
slot 14 index 0 rnti 5505 mcs 24
slot 15 index 0 rnti 5505 mcs 24
slot 16 index 0 rnti 5505 mcs 24
slot 4 index 0 rnti 5505 mcs 24
slot 5 index 0 rnti 5505 mcs 24
slot 6 index 0 rnti 5505 mcs 24
slot 14 index 0 rnti 5505 mcs 24
slot 15 index 0 rnti 5505 mcs 24
slot 16 index 0 rnti 5505 mcs 24
slot 4 index 0 rnti 5505 mcs 24
slot 5 index 0 rnti 5505 mcs 24
slot 6 index 0 rnti 5505 mcs 24
slot 14 index 0 rnti 5505 mcs 24
slot 15 index 0 rnti 5505 mcs 24
slot 16 index 0 rnti 5505 mcs 24
slot 4 index 0 rnti 5505 mcs 24
slot 5 index 0 rnti 5505 mcs 24
[EMURAN-DL-CSV] t=53.067 win_tbs=20 win_fail=0 win_bler=0.00000 mcs_last=24 mcs_min=24 mcs_max=24 r0=19 r1=1 r2=0 r3=0  f0=0 f1=0 f2=0 f3=0 tot_tbs=14280 tot_fail=1121 tot_bler=0.07850 tot_init=13173 tot_retx=1107
slot 6 index 0 rnti 5505 mcs 24
slot 14 index 0 rnti 5505 mcs 24
slot 15 index 0 rnti 5505 mcs 24
slot 16 index 0 rnti 5505 mcs 24
slot 4 index 0 rnti 5505 mcs 24
slot 5 index 0 rnti 5505 mcs 24
slot 6 index 0 rnti 5505 mcs 24
slot 14 index 0 rnti 5505 mcs 24
slot 15 index 0 rnti 5505 mcs 24
slot 16 index 0 rnti 5505 mcs 24
slot 4 index 0 rnti 5505 mcs 24
slot 5 index 0 rnti 5505 mcs 24
slot 6 index 0 rnti 5505 mcs 24
slot 14 index 0 rnti 5505 mcs 24
slot 15 index 0 rnti 5505 mcs 24
slot 16 index 0 rnti 5505 mcs 24
slot 4 index 0 rnti 5505 mcs 24
slot 5 index 0 rnti 5505 mcs 24
slot 6 index 0 rnti 5505 mcs 24
slot 14 index 0 rnti 5505 mcs 24
[EMURAN-DL-CSV] t=53.140 win_tbs=20 win_fail=1 win_bler=0.05000 mcs_last=24 mcs_min=24 mcs_max=24 r0=18 r1=2 r2=0 r3=0  f0=1 f1=0 f2=0 f3=0 tot_tbs=14300 tot_fail=1122 tot_bler=0.07846 tot_init=13191 tot_retx=1109
slot 15 index 0 rnti 5505 mcs 24
slot 16 index 0 rnti 5505 mcs 24
slot 4 index 0 rnti 5505 mcs 24
slot 5 index 0 rnti 5505 mcs 24
slot 6 index 0 rnti 5505 mcs 24
slot 14 index 0 rnti 5505 mcs 24
slot 15 index 0 rnti 5505 mcs 24
slot 16 index 0 rnti 5505 mcs 24
slot 4 index 0 rnti 5505 mcs 24
slot 5 index 0 rnti 5505 mcs 24
slot 6 index 0 rnti 5505 mcs 24
slot 14 index 0 rnti 5505 mcs 24
slot 15 index 0 rnti 5505 mcs 24
slot 16 index 0 rnti 5505 mcs 24
slot 4 index 0 rnti 5505 mcs 24
slot 5 index 0 rnti 5505 mcs 24
slot 6 index 0 rnti 5505 mcs 24
slot 14 index 0 rnti 5505 mcs 24
slot 15 index 0 rnti 5505 mcs 24
slot 16 index 0 rnti 5505 mcs 24
[EMURAN-DL-CSV] t=53.205 win_tbs=20 win_fail=4 win_bler=0.20000 mcs_last=24 mcs_min=24 mcs_max=24 r0=17 r1=3 r2=0 r3=0  f0=4 f1=0 f2=0 f3=0 tot_tbs=14320 tot_fail=1126 tot_bler=0.07863 tot_init=13208 tot_retx=1112
slot 4 index 0 rnti 5505 mcs 24
slot 5 index 0 rnti 5505 mcs 24
slot 6 index 0 rnti 5505 mcs 24
slot 14 index 0 rnti 5505 mcs 24
slot 15 index 0 rnti 5505 mcs 24
slot 16 index 0 rnti 5505 mcs 24
slot 4 index 0 rnti 5505 mcs 24
slot 5 index 0 rnti 5505 mcs 24
slot 6 index 0 rnti 5505 mcs 24
slot 14 index 0 rnti 5505 mcs 24
slot 15 index 0 rnti 5505 mcs 24
slot 16 index 0 rnti 5505 mcs 24
slot 4 index 0 rnti 5505 mcs 24
slot 5 index 0 rnti 5505 mcs 24
slot 6 index 0 rnti 5505 mcs 24
slot 14 index 0 rnti 5505 mcs 24
slot 15 index 0 rnti 5505 mcs 24
slot 16 index 0 rnti 5505 mcs 24
slot 4 index 0 rnti 5505 mcs 24
slot 5 index 0 rnti 5505 mcs 24
[EMURAN-DL-CSV] t=53.277 win_tbs=20 win_fail=1 win_bler=0.05000 mcs_last=24 mcs_min=24 mcs_max=24 r0=19 r1=1 r2=0 r3=0  f0=1 f1=0 f2=0 f3=0 tot_tbs=14340 tot_fail=1127 tot_bler=0.07859 tot_init=13227 tot_retx=1113
slot 6 index 0 rnti 5505 mcs 24
slot 14 index 0 rnti 5505 mcs 24
slot 15 index 0 rnti 5505 mcs 24
slot 16 index 0 rnti 5505 mcs 24
slot 4 index 0 rnti 5505 mcs 24
slot 5 index 0 rnti 5505 mcs 24
slot 6 index 0 rnti 5505 mcs 24
slot 14 index 0 rnti 5505 mcs 24
slot 15 index 0 rnti 5505 mcs 24
slot 16 index 0 rnti 5505 mcs 24
slot 4 index 0 rnti 5505 mcs 24
slot 5 index 0 rnti 5505 mcs 24
slot 6 index 0 rnti 5505 mcs 24
slot 14 index 0 rnti 5505 mcs 24
slot 15 index 0 rnti 5505 mcs 24
slot 16 index 0 rnti 5505 mcs 24
slot 4 index 0 rnti 5505 mcs 24
slot 5 index 0 rnti 5505 mcs 24
slot 6 index 0 rnti 5505 mcs 24
slot 14 index 0 rnti 5505 mcs 24
[EMURAN-DL-CSV] t=53.350 win_tbs=20 win_fail=1 win_bler=0.05000 mcs_last=24 mcs_min=24 mcs_max=24 r0=19 r1=1 r2=0 r3=0  f0=1 f1=0 f2=0 f3=0 tot_tbs=14360 tot_fail=1128 tot_bler=0.07855 tot_init=13246 tot_retx=1114
slot 15 index 0 rnti 5505 mcs 24
slot 16 index 0 rnti 5505 mcs 24
slot 4 index 0 rnti 5505 mcs 24
slot 5 index 0 rnti 5505 mcs 24
slot 6 index 0 rnti 5505 mcs 24
slot 14 index 0 rnti 5505 mcs 24
slot 15 index 0 rnti 5505 mcs 24
slot 16 index 0 rnti 5505 mcs 24
slot 4 index 0 rnti 5505 mcs 24
slot 5 index 0 rnti 5505 mcs 24
slot 6 index 0 rnti 5505 mcs 24
slot 14 index 0 rnti 5505 mcs 24
slot 15 index 0 rnti 5505 mcs 24
slot 16 index 0 rnti 5505 mcs 24
slot 4 index 0 rnti 5505 mcs 24
slot 5 index 0 rnti 5505 mcs 24
slot 6 index 0 rnti 5505 mcs 24
slot 14 index 0 rnti 5505 mcs 24
slot 15 index 0 rnti 5505 mcs 24
slot 16 index 0 rnti 5505 mcs 24
[EMURAN-DL-CSV] t=53.415 win_tbs=20 win_fail=2 win_bler=0.10000 mcs_last=24 mcs_min=24 mcs_max=24 r0=19 r1=1 r2=0 r3=0  f0=2 f1=0 f2=0 f3=0 tot_tbs=14380 tot_fail=1130 tot_bler=0.07858 tot_init=13265 tot_retx=1115
slot 4 index 0 rnti 5505 mcs 24
slot 5 index 0 rnti 5505 mcs 24
slot 6 index 0 rnti 5505 mcs 24
slot 14 index 0 rnti 5505 mcs 24
slot 15 index 0 rnti 5505 mcs 24
slot 16 index 0 rnti 5505 mcs 24
[UE-STAT] frame=0 dci_cnt=144 total_tbs=10032768 ack_real=118 nack_real=10 fb_missing=16 decode_cnt=144
slot 4 index 0 rnti 5505 mcs 24
slot 5 index 0 rnti 5505 mcs 24
slot 6 index 0 rnti 5505 mcs 24
slot 14 index 0 rnti 5505 mcs 24
slot 15 index 0 rnti 5505 mcs 24
slot 16 index 0 rnti 5505 mcs 24
slot 4 index 0 rnti 5505 mcs 24
slot 5 index 0 rnti 5505 mcs 24
slot 6 index 0 rnti 5505 mcs 24
slot 14 index 0 rnti 5505 mcs 24
slot 15 index 0 rnti 5505 mcs 24
slot 16 index 0 rnti 5505 mcs 24
slot 4 index 0 rnti 5505 mcs 24
slot 5 index 0 rnti 5505 mcs 24
[EMURAN-DL-CSV] t=53.488 win_tbs=20 win_fail=1 win_bler=0.05000 mcs_last=24 mcs_min=24 mcs_max=24 r0=18 r1=2 r2=0 r3=0  f0=1 f1=0 f2=0 f3=0 tot_tbs=14400 tot_fail=1131 tot_bler=0.07854 tot_init=13283 tot_retx=1117
slot 6 index 0 rnti 5505 mcs 24
slot 14 index 0 rnti 5505 mcs 24
slot 15 index 0 rnti 5505 mcs 24
slot 16 index 0 rnti 5505 mcs 24
slot 4 index 0 rnti 5505 mcs 24
slot 5 index 0 rnti 5505 mcs 24
slot 6 index 0 rnti 5505 mcs 24
slot 14 index 0 rnti 5505 mcs 24
slot 15 index 0 rnti 5505 mcs 24
slot 16 index 0 rnti 5505 mcs 24
slot 4 index 0 rnti 5505 mcs 24
slot 5 index 0 rnti 5505 mcs 24
slot 6 index 0 rnti 5505 mcs 24
slot 14 index 0 rnti 5505 mcs 24
slot 15 index 0 rnti 5505 mcs 24
slot 16 index 0 rnti 5505 mcs 24
slot 4 index 0 rnti 5505 mcs 24
slot 5 index 0 rnti 5505 mcs 24
slot 6 index 0 rnti 5505 mcs 24
slot 14 index 0 rnti 5505 mcs 24
[EMURAN-DL-CSV] t=53.560 win_tbs=20 win_fail=1 win_bler=0.05000 mcs_last=24 mcs_min=24 mcs_max=24 r0=19 r1=1 r2=0 r3=0  f0=1 f1=0 f2=0 f3=0 tot_tbs=14420 tot_fail=1132 tot_bler=0.07850 tot_init=13302 tot_retx=1118
slot 15 index 0 rnti 5505 mcs 24
slot 16 index 0 rnti 5505 mcs 24
slot 4 index 0 rnti 5505 mcs 24
slot 5 index 0 rnti 5505 mcs 24
slot 6 index 0 rnti 5505 mcs 24
slot 14 index 0 rnti 5505 mcs 24
slot 15 index 0 rnti 5505 mcs 24
slot 16 index 0 rnti 5505 mcs 24
slot 4 index 0 rnti 5505 mcs 24
slot 5 index 0 rnti 5505 mcs 24
slot 6 index 0 rnti 5505 mcs 24
slot 14 index 0 rnti 5505 mcs 24
slot 15 index 0 rnti 5505 mcs 24
slot 16 index 0 rnti 5505 mcs 24
slot 4 index 0 rnti 5505 mcs 24
slot 5 index 0 rnti 5505 mcs 24
slot 6 index 0 rnti 5505 mcs 24
slot 14 index 0 rnti 5505 mcs 24
slot 15 index 0 rnti 5505 mcs 24
slot 16 index 0 rnti 5505 mcs 24
[EMURAN-DL-CSV] t=53.625 win_tbs=20 win_fail=3 win_bler=0.15000 mcs_last=24 mcs_min=24 mcs_max=24 r0=18 r1=2 r2=0 r3=0  f0=3 f1=0 f2=0 f3=0 tot_tbs=14440 tot_fail=1135 tot_bler=0.07860 tot_init=13320 tot_retx=1120
slot 4 index 0 rnti 5505 mcs 24
slot 5 index 0 rnti 5505 mcs 24
slot 6 index 0 rnti 5505 mcs 24
slot 14 index 0 rnti 5505 mcs 24
slot 15 index 0 rnti 5505 mcs 24
slot 16 index 0 rnti 5505 mcs 24
slot 4 index 0 rnti 5505 mcs 24
slot 5 index 0 rnti 5505 mcs 24
slot 6 index 0 rnti 5505 mcs 24
slot 14 index 0 rnti 5505 mcs 24
slot 15 index 0 rnti 5505 mcs 24
slot 16 index 0 rnti 5505 mcs 24
slot 4 index 0 rnti 5505 mcs 24
slot 5 index 0 rnti 5505 mcs 24
slot 6 index 0 rnti 5505 mcs 24
slot 14 index 0 rnti 5505 mcs 24
slot 15 index 0 rnti 5505 mcs 24
slot 16 index 0 rnti 5505 mcs 24
slot 4 index 0 rnti 5505 mcs 24
slot 5 index 0 rnti 5505 mcs 24
[EMURAN-DL-CSV] t=53.698 win_tbs=20 win_fail=0 win_bler=0.00000 mcs_last=24 mcs_min=24 mcs_max=24 r0=19 r1=0 r2=1 r3=0  f0=0 f1=0 f2=0 f3=0 tot_tbs=14460 tot_fail=1135 tot_bler=0.07849 tot_init=13339 tot_retx=1121
slot 6 index 0 rnti 5505 mcs 24
slot 14 index 0 rnti 5505 mcs 24
slot 15 index 0 rnti 5505 mcs 24
slot 16 index 0 rnti 5505 mcs 24
slot 4 index 0 rnti 5505 mcs 24
slot 5 index 0 rnti 5505 mcs 24
slot 6 index 0 rnti 5505 mcs 24
slot 14 index 0 rnti 5505 mcs 24
slot 15 index 0 rnti 5505 mcs 24
slot 16 index 0 rnti 5505 mcs 24
slot 4 index 0 rnti 5505 mcs 24
slot 5 index 0 rnti 5505 mcs 24
slot 6 index 0 rnti 5505 mcs 24
slot 14 index 0 rnti 5505 mcs 24
slot 15 index 0 rnti 5505 mcs 24
slot 16 index 0 rnti 5505 mcs 24
slot 4 index 0 rnti 5505 mcs 24
slot 5 index 0 rnti 5505 mcs 24
slot 6 index 0 rnti 5505 mcs 24
slot 14 index 0 rnti 5505 mcs 24
[EMURAN-DL-CSV] t=53.770 win_tbs=20 win_fail=3 win_bler=0.15000 mcs_last=24 mcs_min=24 mcs_max=24 r0=17 r1=3 r2=0 r3=0  f0=3 f1=0 f2=0 f3=0 tot_tbs=14480 tot_fail=1138 tot_bler=0.07859 tot_init=13356 tot_retx=1124
slot 15 index 0 rnti 5505 mcs 24
slot 16 index 0 rnti 5505 mcs 24
slot 4 index 0 rnti 5505 mcs 24
slot 5 index 0 rnti 5505 mcs 24
slot 6 index 0 rnti 5505 mcs 24
slot 14 index 0 rnti 5505 mcs 24
slot 15 index 0 rnti 5505 mcs 24
slot 16 index 0 rnti 5505 mcs 24
slot 4 index 0 rnti 5505 mcs 24
slot 5 index 0 rnti 5505 mcs 24
slot 6 index 0 rnti 5505 mcs 24
slot 14 index 0 rnti 5505 mcs 24
slot 15 index 0 rnti 5505 mcs 24
slot 16 index 0 rnti 5505 mcs 24
slot 4 index 0 rnti 5505 mcs 24
slot 5 index 0 rnti 5505 mcs 24
slot 6 index 0 rnti 5505 mcs 24
slot 14 index 0 rnti 5505 mcs 24
slot 15 index 0 rnti 5505 mcs 24
slot 16 index 0 rnti 5505 mcs 24
[EMURAN-DL-CSV] t=53.835 win_tbs=20 win_fail=1 win_bler=0.05000 mcs_last=24 mcs_min=24 mcs_max=24 r0=18 r1=2 r2=0 r3=0  f0=1 f1=0 f2=0 f3=0 tot_tbs=14500 tot_fail=1139 tot_bler=0.07855 tot_init=13374 tot_retx=1126
slot 4 index 0 rnti 5505 mcs 24
slot 5 index 0 rnti 5505 mcs 24
slot 6 index 0 rnti 5505 mcs 24
slot 14 index 0 rnti 5505 mcs 24
slot 15 index 0 rnti 5505 mcs 24
slot 16 index 0 rnti 5505 mcs 24
slot 4 index 0 rnti 5505 mcs 24
slot 5 index 0 rnti 5505 mcs 24
slot 6 index 0 rnti 5505 mcs 24
slot 14 index 0 rnti 5505 mcs 24
slot 15 index 0 rnti 5505 mcs 24
slot 16 index 0 rnti 5505 mcs 24
slot 4 index 0 rnti 5505 mcs 24
slot 5 index 0 rnti 5505 mcs 24
slot 6 index 0 rnti 5505 mcs 24
slot 14 index 0 rnti 5505 mcs 24
slot 15 index 0 rnti 5505 mcs 24
slot 16 index 0 rnti 5505 mcs 24
slot 4 index 0 rnti 5505 mcs 24
slot 5 index 0 rnti 5505 mcs 24
[EMURAN-DL-CSV] t=53.908 win_tbs=20 win_fail=1 win_bler=0.05000 mcs_last=24 mcs_min=24 mcs_max=24 r0=20 r1=0 r2=0 r3=0  f0=1 f1=0 f2=0 f3=0 tot_tbs=14520 tot_fail=1140 tot_bler=0.07851 tot_init=13394 tot_retx=1126
slot 6 index 0 rnti 5505 mcs 24
slot 14 index 0 rnti 5505 mcs 24
slot 15 index 0 rnti 5505 mcs 24
slot 16 index 0 rnti 5505 mcs 24
slot 4 index 0 rnti 5505 mcs 24
slot 5 index 0 rnti 5505 mcs 24
slot 6 index 0 rnti 5505 mcs 24
slot 14 index 0 rnti 5505 mcs 24
slot 15 index 0 rnti 5505 mcs 24
slot 16 index 0 rnti 5505 mcs 24
slot 4 index 0 rnti 5505 mcs 24
slot 5 index 0 rnti 5505 mcs 24
slot 6 index 0 rnti 5505 mcs 24
slot 14 index 0 rnti 5505 mcs 24
slot 15 index 0 rnti 5505 mcs 24
slot 16 index 0 rnti 5505 mcs 24
slot 4 index 0 rnti 5505 mcs 24
slot 5 index 0 rnti 5505 mcs 24
slot 6 index 0 rnti 5505 mcs 24
slot 14 index 0 rnti 5505 mcs 24
[EMURAN-DL-CSV] t=53.980 win_tbs=20 win_fail=0 win_bler=0.00000 mcs_last=24 mcs_min=24 mcs_max=24 r0=19 r1=1 r2=0 r3=0  f0=0 f1=0 f2=0 f3=0 tot_tbs=14540 tot_fail=1140 tot_bler=0.07840 tot_init=13413 tot_retx=1127
slot 15 index 0 rnti 5505 mcs 24
slot 16 index 0 rnti 5505 mcs 24
slot 4 index 0 rnti 5505 mcs 24
slot 5 index 0 rnti 5505 mcs 24
slot 6 index 0 rnti 5505 mcs 24
slot 14 index 0 rnti 5505 mcs 24
slot 15 index 0 rnti 5505 mcs 24
slot 16 index 0 rnti 5505 mcs 24
slot 4 index 0 rnti 5505 mcs 24
slot 5 index 0 rnti 5505 mcs 24
slot 6 index 0 rnti 5505 mcs 24
slot 14 index 0 rnti 5505 mcs 24
slot 15 index 0 rnti 5505 mcs 24
slot 16 index 0 rnti 5505 mcs 24
slot 4 index 0 rnti 5505 mcs 24
slot 5 index 0 rnti 5505 mcs 24
slot 6 index 0 rnti 5505 mcs 24
slot 14 index 0 rnti 5505 mcs 24
slot 15 index 0 rnti 5505 mcs 24
slot 16 index 0 rnti 5505 mcs 24
[EMURAN-DL-CSV] t=54.046 win_tbs=20 win_fail=1 win_bler=0.05000 mcs_last=24 mcs_min=24 mcs_max=24 r0=20 r1=0 r2=0 r3=0  f0=1 f1=0 f2=0 f3=0 tot_tbs=14560 tot_fail=1141 tot_bler=0.07837 tot_init=13433 tot_retx=1127
slot 4 index 0 rnti 5505 mcs 24
slot 5 index 0 rnti 5505 mcs 24
slot 6 index 0 rnti 5505 mcs 24
slot 14 index 0 rnti 5505 mcs 24
slot 15 index 0 rnti 5505 mcs 24
slot 16 index 0 rnti 5505 mcs 24
slot 4 index 0 rnti 5505 mcs 24
slot 5 index 0 rnti 5505 mcs 24
slot 6 index 0 rnti 5505 mcs 24
slot 14 index 0 rnti 5505 mcs 24
slot 15 index 0 rnti 5505 mcs 24
slot 16 index 0 rnti 5505 mcs 24
slot 4 index 0 rnti 5505 mcs 24
slot 5 index 0 rnti 5505 mcs 24
slot 6 index 0 rnti 5505 mcs 24
slot 14 index 0 rnti 5505 mcs 24
slot 15 index 0 rnti 5505 mcs 24
slot 16 index 0 rnti 5505 mcs 24
slot 4 index 0 rnti 5505 mcs 24
slot 5 index 0 rnti 5505 mcs 24
[EMURAN-DL-CSV] t=54.118 win_tbs=20 win_fail=1 win_bler=0.05000 mcs_last=24 mcs_min=24 mcs_max=24 r0=18 r1=2 r2=0 r3=0  f0=1 f1=0 f2=0 f3=0 tot_tbs=14580 tot_fail=1142 tot_bler=0.07833 tot_init=13451 tot_retx=1129
slot 6 index 0 rnti 5505 mcs 24
slot 14 index 0 rnti 5505 mcs 24
slot 15 index 0 rnti 5505 mcs 24
slot 16 index 0 rnti 5505 mcs 24
slot 4 index 0 rnti 5505 mcs 24
slot 5 index 0 rnti 5505 mcs 24
slot 6 index 0 rnti 5505 mcs 24
slot 14 index 0 rnti 5505 mcs 24
slot 15 index 0 rnti 5505 mcs 24
slot 16 index 0 rnti 5505 mcs 24
slot 4 index 0 rnti 5505 mcs 24
slot 5 index 0 rnti 5505 mcs 24
slot 6 index 0 rnti 5505 mcs 24
slot 14 index 0 rnti 5505 mcs 24
slot 15 index 0 rnti 5505 mcs 24
slot 16 index 0 rnti 5505 mcs 24
slot 4 index 0 rnti 5505 mcs 24
slot 5 index 0 rnti 5505 mcs 24
slot 6 index 0 rnti 5505 mcs 24
slot 14 index 0 rnti 5505 mcs 24
[EMURAN-DL-CSV] t=54.190 win_tbs=20 win_fail=3 win_bler=0.15000 mcs_last=24 mcs_min=24 mcs_max=24 r0=17 r1=3 r2=0 r3=0  f0=2 f1=1 f2=0 f3=0 tot_tbs=14600 tot_fail=1145 tot_bler=0.07842 tot_init=13468 tot_retx=1132
slot 15 index 0 rnti 5505 mcs 24
slot 16 index 0 rnti 5505 mcs 24
slot 4 index 0 rnti 5505 mcs 24
slot 5 index 0 rnti 5505 mcs 24
slot 6 index 0 rnti 5505 mcs 24
slot 14 index 0 rnti 5505 mcs 24
slot 15 index 0 rnti 5505 mcs 24
slot 16 index 0 rnti 5505 mcs 24
slot 4 index 0 rnti 5505 mcs 24
slot 5 index 0 rnti 5505 mcs 24
slot 6 index 0 rnti 5505 mcs 24
slot 14 index 0 rnti 5505 mcs 24
slot 15 index 0 rnti 5505 mcs 24
slot 16 index 0 rnti 5505 mcs 24
slot 4 index 0 rnti 5505 mcs 24
slot 5 index 0 rnti 5505 mcs 24
slot 6 index 0 rnti 5505 mcs 24
slot 14 index 0 rnti 5505 mcs 24
slot 15 index 0 rnti 5505 mcs 24
slot 16 index 0 rnti 5505 mcs 24
[EMURAN-DL-CSV] t=54.255 win_tbs=20 win_fail=0 win_bler=0.00000 mcs_last=24 mcs_min=24 mcs_max=24 r0=19 r1=1 r2=0 r3=0  f0=0 f1=0 f2=0 f3=0 tot_tbs=14620 tot_fail=1145 tot_bler=0.07832 tot_init=13487 tot_retx=1133
slot 4 index 0 rnti 5505 mcs 24
slot 5 index 0 rnti 5505 mcs 24
slot 6 index 0 rnti 5505 mcs 24
slot 14 index 0 rnti 5505 mcs 24
slot 15 index 0 rnti 5505 mcs 24
slot 16 index 0 rnti 5505 mcs 24
slot 4 index 0 rnti 5505 mcs 24
slot 5 index 0 rnti 5505 mcs 24
slot 6 index 0 rnti 5505 mcs 24
slot 14 index 0 rnti 5505 mcs 24
slot 15 index 0 rnti 5505 mcs 24
slot 16 index 0 rnti 5505 mcs 24
slot 4 index 0 rnti 5505 mcs 24
slot 5 index 0 rnti 5505 mcs 24
slot 6 index 0 rnti 5505 mcs 24
slot 14 index 0 rnti 5505 mcs 24
slot 15 index 0 rnti 5505 mcs 24
slot 16 index 0 rnti 5505 mcs 24
slot 4 index 0 rnti 5505 mcs 24
slot 5 index 0 rnti 5505 mcs 24
[EMURAN-DL-CSV] t=54.328 win_tbs=20 win_fail=0 win_bler=0.00000 mcs_last=24 mcs_min=24 mcs_max=24 r0=20 r1=0 r2=0 r3=0  f0=0 f1=0 f2=0 f3=0 tot_tbs=14640 tot_fail=1145 tot_bler=0.07821 tot_init=13507 tot_retx=1133
slot 6 index 0 rnti 5505 mcs 24
slot 14 index 0 rnti 5505 mcs 24
slot 15 index 0 rnti 5505 mcs 24
slot 16 index 0 rnti 5505 mcs 24
slot 4 index 0 rnti 5505 mcs 24
slot 5 index 0 rnti 5505 mcs 24
slot 6 index 0 rnti 5505 mcs 24
slot 14 index 0 rnti 5505 mcs 24
slot 15 index 0 rnti 5505 mcs 24
slot 16 index 0 rnti 5505 mcs 24
slot 4 index 0 rnti 5505 mcs 24
slot 5 index 0 rnti 5505 mcs 24
slot 6 index 0 rnti 5505 mcs 24
slot 14 index 0 rnti 5505 mcs 24
slot 15 index 0 rnti 5505 mcs 24
slot 16 index 0 rnti 5505 mcs 24
slot 4 index 0 rnti 5505 mcs 24
slot 5 index 0 rnti 5505 mcs 24
slot 6 index 0 rnti 5505 mcs 24
slot 14 index 0 rnti 5505 mcs 24
[EMURAN-DL-CSV] t=54.401 win_tbs=20 win_fail=0 win_bler=0.00000 mcs_last=24 mcs_min=24 mcs_max=24 r0=20 r1=0 r2=0 r3=0  f0=0 f1=0 f2=0 f3=0 tot_tbs=14660 tot_fail=1145 tot_bler=0.07810 tot_init=13527 tot_retx=1133
slot 15 index 0 rnti 5505 mcs 24
slot 16 index 0 rnti 5505 mcs 24
slot 4 index 0 rnti 5505 mcs 24
slot 5 index 0 rnti 5505 mcs 24
slot 6 index 0 rnti 5505 mcs 24
slot 14 index 0 rnti 5505 mcs 24
slot 15 index 0 rnti 5505 mcs 24
slot 16 index 0 rnti 5505 mcs 24
slot 4 index 0 rnti 5505 mcs 24
slot 5 index 0 rnti 5505 mcs 24
slot 6 index 0 rnti 5505 mcs 24
slot 14 index 0 rnti 5505 mcs 24
slot 15 index 0 rnti 5505 mcs 24
slot 16 index 0 rnti 5505 mcs 24
slot 4 index 0 rnti 5505 mcs 24
slot 5 index 0 rnti 5505 mcs 24
slot 6 index 0 rnti 5505 mcs 24
slot 14 index 0 rnti 5505 mcs 24
slot 15 index 0 rnti 5505 mcs 24
slot 16 index 0 rnti 5505 mcs 24
[EMURAN-DL-CSV] t=54.466 win_tbs=20 win_fail=0 win_bler=0.00000 mcs_last=24 mcs_min=24 mcs_max=24 r0=19 r1=1 r2=0 r3=0  f0=0 f1=0 f2=0 f3=0 tot_tbs=14680 tot_fail=1145 tot_bler=0.07800 tot_init=13546 tot_retx=1134
slot 4 index 0 rnti 5505 mcs 24
slot 5 index 0 rnti 5505 mcs 24
slot 6 index 0 rnti 5505 mcs 24
slot 14 index 0 rnti 5505 mcs 24
slot 15 index 0 rnti 5505 mcs 24
slot 16 index 0 rnti 5505 mcs 24
slot 4 index 0 rnti 5505 mcs 24
slot 5 index 0 rnti 5505 mcs 24
slot 6 index 0 rnti 5505 mcs 24
slot 14 index 0 rnti 5505 mcs 24
slot 15 index 0 rnti 5505 mcs 24
slot 16 index 0 rnti 5505 mcs 24
slot 4 index 0 rnti 5505 mcs 24
slot 5 index 0 rnti 5505 mcs 24
slot 6 index 0 rnti 5505 mcs 24
slot 14 index 0 rnti 5505 mcs 24
slot 15 index 0 rnti 5505 mcs 24
slot 16 index 0 rnti 5505 mcs 24
slot 4 index 0 rnti 5505 mcs 24
slot 5 index 0 rnti 5505 mcs 24
[EMURAN-DL-CSV] t=54.538 win_tbs=20 win_fail=0 win_bler=0.00000 mcs_last=24 mcs_min=24 mcs_max=24 r0=20 r1=0 r2=0 r3=0  f0=0 f1=0 f2=0 f3=0 tot_tbs=14700 tot_fail=1145 tot_bler=0.07789 tot_init=13566 tot_retx=1134
slot 6 index 0 rnti 5505 mcs 24
slot 14 index 0 rnti 5505 mcs 24
slot 15 index 0 rnti 5505 mcs 24
slot 16 index 0 rnti 5505 mcs 24
slot 4 index 0 rnti 5505 mcs 24
slot 5 index 0 rnti 5505 mcs 24
slot 6 index 0 rnti 5505 mcs 24
slot 14 index 0 rnti 5505 mcs 24
slot 15 index 0 rnti 5505 mcs 24
slot 16 index 0 rnti 5505 mcs 24
slot 4 index 0 rnti 5505 mcs 24
slot 5 index 0 rnti 5505 mcs 24
slot 6 index 0 rnti 5505 mcs 24
slot 14 index 0 rnti 5505 mcs 24
slot 15 index 0 rnti 5505 mcs 24
slot 16 index 0 rnti 5505 mcs 24
slot 4 index 0 rnti 5505 mcs 24
slot 5 index 0 rnti 5505 mcs 24
slot 6 index 0 rnti 5505 mcs 24
slot 14 index 0 rnti 5505 mcs 24
[EMURAN-DL-CSV] t=54.611 win_tbs=20 win_fail=1 win_bler=0.05000 mcs_last=24 mcs_min=24 mcs_max=24 r0=19 r1=1 r2=0 r3=0  f0=1 f1=0 f2=0 f3=0 tot_tbs=14720 tot_fail=1146 tot_bler=0.07785 tot_init=13585 tot_retx=1135
slot 15 index 0 rnti 5505 mcs 24
slot 16 index 0 rnti 5505 mcs 24
slot 4 index 0 rnti 5505 mcs 24
slot 5 index 0 rnti 5505 mcs 24
slot 6 index 0 rnti 5505 mcs 24
slot 14 index 0 rnti 5505 mcs 24
slot 15 index 0 rnti 5505 mcs 24
slot 16 index 0 rnti 5505 mcs 24
slot 4 index 0 rnti 5505 mcs 24
slot 5 index 0 rnti 5505 mcs 24
slot 6 index 0 rnti 5505 mcs 24
slot 14 index 0 rnti 5505 mcs 24
slot 15 index 0 rnti 5505 mcs 24
slot 16 index 0 rnti 5505 mcs 24
slot 4 index 0 rnti 5505 mcs 24
slot 5 index 0 rnti 5505 mcs 24
slot 6 index 0 rnti 5505 mcs 24
slot 14 index 0 rnti 5505 mcs 24
slot 15 index 0 rnti 5505 mcs 24
slot 16 index 0 rnti 5505 mcs 24
[EMURAN-DL-CSV] t=54.676 win_tbs=20 win_fail=1 win_bler=0.05000 mcs_last=24 mcs_min=24 mcs_max=24 r0=20 r1=0 r2=0 r3=0  f0=1 f1=0 f2=0 f3=0 tot_tbs=14740 tot_fail=1147 tot_bler=0.07782 tot_init=13605 tot_retx=1135
slot 4 index 0 rnti 5505 mcs 24
slot 5 index 0 rnti 5505 mcs 24
slot 6 index 0 rnti 5505 mcs 24
slot 14 index 0 rnti 5505 mcs 24
slot 15 index 0 rnti 5505 mcs 24
slot 16 index 0 rnti 5505 mcs 24
slot 4 index 0 rnti 5505 mcs 24
slot 5 index 0 rnti 5505 mcs 24
slot 6 index 0 rnti 5505 mcs 24
slot 14 index 0 rnti 5505 mcs 24
slot 15 index 0 rnti 5505 mcs 24
slot 16 index 0 rnti 5505 mcs 24
slot 4 index 0 rnti 5505 mcs 24
slot 5 index 0 rnti 5505 mcs 24
slot 6 index 0 rnti 5505 mcs 24
slot 14 index 0 rnti 5505 mcs 24
slot 15 index 0 rnti 5505 mcs 24
slot 16 index 0 rnti 5505 mcs 24
slot 4 index 0 rnti 5505 mcs 24
slot 5 index 0 rnti 5505 mcs 24
[EMURAN-DL-CSV] t=54.748 win_tbs=20 win_fail=0 win_bler=0.00000 mcs_last=24 mcs_min=24 mcs_max=24 r0=20 r1=0 r2=0 r3=0  f0=0 f1=0 f2=0 f3=0 tot_tbs=14760 tot_fail=1147 tot_bler=0.07771 tot_init=13625 tot_retx=1135
slot 6 index 0 rnti 5505 mcs 24
slot 14 index 0 rnti 5505 mcs 24
slot 15 index 0 rnti 5505 mcs 24
slot 16 index 0 rnti 5505 mcs 24
slot 4 index 0 rnti 5505 mcs 24
slot 5 index 0 rnti 5505 mcs 24
slot 6 index 0 rnti 5505 mcs 24
slot 14 index 0 rnti 5505 mcs 24
slot 15 index 0 rnti 5505 mcs 24
slot 16 index 0 rnti 5505 mcs 24
slot 4 index 0 rnti 5505 mcs 24
slot 5 index 0 rnti 5505 mcs 24
slot 6 index 0 rnti 5505 mcs 24
slot 14 index 0 rnti 5505 mcs 24
slot 15 index 0 rnti 5505 mcs 24
slot 16 index 0 rnti 5505 mcs 24
slot 4 index 0 rnti 5505 mcs 24
slot 5 index 0 rnti 5505 mcs 24
slot 6 index 0 rnti 5505 mcs 24
slot 14 index 0 rnti 5505 mcs 24
[EMURAN-DL-CSV] t=54.821 win_tbs=20 win_fail=3 win_bler=0.15000 mcs_last=24 mcs_min=24 mcs_max=24 r0=17 r1=3 r2=0 r3=0  f0=3 f1=0 f2=0 f3=0 tot_tbs=14780 tot_fail=1150 tot_bler=0.07781 tot_init=13642 tot_retx=1138
slot 15 index 0 rnti 5505 mcs 24
slot 16 index 0 rnti 5505 mcs 24
slot 4 index 0 rnti 5505 mcs 24
slot 5 index 0 rnti 5505 mcs 24
slot 6 index 0 rnti 5505 mcs 24
slot 14 index 0 rnti 5505 mcs 24
slot 15 index 0 rnti 5505 mcs 24
slot 16 index 0 rnti 5505 mcs 24
slot 4 index 0 rnti 5505 mcs 24
slot 5 index 0 rnti 5505 mcs 24
slot 6 index 0 rnti 5505 mcs 24
slot 14 index 0 rnti 5505 mcs 24
slot 15 index 0 rnti 5505 mcs 24
slot 16 index 0 rnti 5505 mcs 24
slot 4 index 0 rnti 5505 mcs 24
slot 5 index 0 rnti 5505 mcs 24
slot 6 index 0 rnti 5505 mcs 24
slot 14 index 0 rnti 5505 mcs 24
slot 15 index 0 rnti 5505 mcs 24
slot 16 index 0 rnti 5505 mcs 24
[EMURAN-DL-CSV] t=54.886 win_tbs=20 win_fail=1 win_bler=0.05000 mcs_last=24 mcs_min=24 mcs_max=24 r0=19 r1=1 r2=0 r3=0  f0=1 f1=0 f2=0 f3=0 tot_tbs=14800 tot_fail=1151 tot_bler=0.07777 tot_init=13661 tot_retx=1139
slot 4 index 0 rnti 5505 mcs 24
slot 5 index 0 rnti 5505 mcs 24
slot 6 index 0 rnti 5505 mcs 24
slot 14 index 0 rnti 5505 mcs 24
slot 15 index 0 rnti 5505 mcs 24
slot 16 index 0 rnti 5505 mcs 24
slot 4 index 0 rnti 5505 mcs 24
slot 5 index 0 rnti 5505 mcs 24
slot 6 index 0 rnti 5505 mcs 24
slot 14 index 0 rnti 5505 mcs 24
slot 15 index 0 rnti 5505 mcs 24
slot 16 index 0 rnti 5505 mcs 24
slot 4 index 0 rnti 5505 mcs 24
slot 5 index 0 rnti 5505 mcs 24
slot 6 index 0 rnti 5505 mcs 24
slot 14 index 0 rnti 5505 mcs 24
slot 15 index 0 rnti 5505 mcs 24
slot 16 index 0 rnti 5505 mcs 24
slot 4 index 0 rnti 5505 mcs 24
slot 5 index 0 rnti 5505 mcs 24
[EMURAN-DL-CSV] t=54.958 win_tbs=20 win_fail=1 win_bler=0.05000 mcs_last=24 mcs_min=24 mcs_max=24 r0=20 r1=0 r2=0 r3=0  f0=1 f1=0 f2=0 f3=0 tot_tbs=14820 tot_fail=1152 tot_bler=0.07773 tot_init=13681 tot_retx=1139
slot 6 index 0 rnti 5505 mcs 24
slot 14 index 0 rnti 5505 mcs 24
slot 15 index 0 rnti 5505 mcs 24
slot 16 index 0 rnti 5505 mcs 24
slot 4 index 0 rnti 5505 mcs 24
slot 5 index 0 rnti 5505 mcs 24
slot 6 index 0 rnti 5505 mcs 24
slot 14 index 0 rnti 5505 mcs 24
slot 15 index 0 rnti 5505 mcs 24
slot 16 index 0 rnti 5505 mcs 24
slot 4 index 0 rnti 5505 mcs 24
slot 5 index 0 rnti 5505 mcs 24
slot 6 index 0 rnti 5505 mcs 24
slot 14 index 0 rnti 5505 mcs 24
slot 15 index 0 rnti 5505 mcs 24
slot 16 index 0 rnti 5505 mcs 24
slot 4 index 0 rnti 5505 mcs 24
slot 5 index 0 rnti 5505 mcs 24
slot 6 index 0 rnti 5505 mcs 24
slot 14 index 0 rnti 5505 mcs 24
[EMURAN-DL-CSV] t=55.031 win_tbs=20 win_fail=0 win_bler=0.00000 mcs_last=24 mcs_min=24 mcs_max=24 r0=19 r1=1 r2=0 r3=0  f0=0 f1=0 f2=0 f3=0 tot_tbs=14840 tot_fail=1152 tot_bler=0.07763 tot_init=13700 tot_retx=1140
slot 15 index 0 rnti 5505 mcs 24
slot 16 index 0 rnti 5505 mcs 24
slot 4 index 0 rnti 5505 mcs 24
slot 5 index 0 rnti 5505 mcs 24
slot 6 index 0 rnti 5505 mcs 24
slot 14 index 0 rnti 5505 mcs 24
slot 15 index 0 rnti 5505 mcs 24
slot 16 index 0 rnti 5505 mcs 24
slot 4 index 0 rnti 5505 mcs 24
slot 5 index 0 rnti 5505 mcs 24
slot 6 index 0 rnti 5505 mcs 24
slot 14 index 0 rnti 5505 mcs 24
slot 15 index 0 rnti 5505 mcs 24
slot 16 index 0 rnti 5505 mcs 24
slot 4 index 0 rnti 5505 mcs 24
slot 5 index 0 rnti 5505 mcs 24
slot 6 index 0 rnti 5505 mcs 24
slot 14 index 0 rnti 5505 mcs 24
slot 15 index 0 rnti 5505 mcs 24
slot 16 index 0 rnti 5505 mcs 24
[EMURAN-DL-CSV] t=55.096 win_tbs=20 win_fail=0 win_bler=0.00000 mcs_last=24 mcs_min=24 mcs_max=24 r0=20 r1=0 r2=0 r3=0  f0=0 f1=0 f2=0 f3=0 tot_tbs=14860 tot_fail=1152 tot_bler=0.07752 tot_init=13720 tot_retx=1140
slot 4 index 0 rnti 5505 mcs 24
slot 5 index 0 rnti 5505 mcs 24
slot 6 index 0 rnti 5505 mcs 24
slot 14 index 0 rnti 5505 mcs 24
slot 15 index 0 rnti 5505 mcs 24
slot 16 index 0 rnti 5505 mcs 24
slot 4 index 0 rnti 5505 mcs 24
slot 5 index 0 rnti 5505 mcs 24
slot 6 index 0 rnti 5505 mcs 24
slot 14 index 0 rnti 5505 mcs 24
slot 15 index 0 rnti 5505 mcs 24
slot 16 index 0 rnti 5505 mcs 24
slot 4 index 0 rnti 5505 mcs 24
slot 5 index 0 rnti 5505 mcs 24
slot 6 index 0 rnti 5505 mcs 24
slot 14 index 0 rnti 5505 mcs 24
slot 15 index 0 rnti 5505 mcs 24
slot 16 index 0 rnti 5505 mcs 24
slot 4 index 0 rnti 5505 mcs 24
slot 5 index 0 rnti 5505 mcs 24
[EMURAN-DL-CSV] t=55.168 win_tbs=20 win_fail=2 win_bler=0.10000 mcs_last=24 mcs_min=24 mcs_max=24 r0=18 r1=2 r2=0 r3=0  f0=2 f1=0 f2=0 f3=0 tot_tbs=14880 tot_fail=1154 tot_bler=0.07755 tot_init=13738 tot_retx=1142
slot 6 index 0 rnti 5505 mcs 24
slot 14 index 0 rnti 5505 mcs 24
slot 15 index 0 rnti 5505 mcs 24
slot 16 index 0 rnti 5505 mcs 24
slot 4 index 0 rnti 5505 mcs 24
slot 5 index 0 rnti 5505 mcs 24
slot 6 index 0 rnti 5505 mcs 24
slot 14 index 0 rnti 5505 mcs 24
slot 15 index 0 rnti 5505 mcs 24
slot 16 index 0 rnti 5505 mcs 24
slot 4 index 0 rnti 5505 mcs 24
slot 5 index 0 rnti 5505 mcs 24
slot 6 index 0 rnti 5505 mcs 24
slot 14 index 0 rnti 5505 mcs 24
slot 15 index 0 rnti 5505 mcs 24
slot 16 index 0 rnti 5505 mcs 24
slot 4 index 0 rnti 5505 mcs 24
slot 5 index 0 rnti 5505 mcs 24
slot 6 index 0 rnti 5505 mcs 24
slot 14 index 0 rnti 5505 mcs 24
[EMURAN-DL-CSV] t=55.241 win_tbs=20 win_fail=0 win_bler=0.00000 mcs_last=24 mcs_min=24 mcs_max=24 r0=20 r1=0 r2=0 r3=0  f0=0 f1=0 f2=0 f3=0 tot_tbs=14900 tot_fail=1154 tot_bler=0.07745 tot_init=13758 tot_retx=1142
slot 15 index 0 rnti 5505 mcs 24
slot 16 index 0 rnti 5505 mcs 24
slot 4 index 0 rnti 5505 mcs 24
slot 5 index 0 rnti 5505 mcs 24
slot 6 index 0 rnti 5505 mcs 24
slot 14 index 0 rnti 5505 mcs 24
slot 15 index 0 rnti 5505 mcs 24
slot 16 index 0 rnti 5505 mcs 24
slot 4 index 0 rnti 5505 mcs 24
slot 5 index 0 rnti 5505 mcs 24
slot 6 index 0 rnti 5505 mcs 24
slot 14 index 0 rnti 5505 mcs 24
slot 15 index 0 rnti 5505 mcs 24
slot 16 index 0 rnti 5505 mcs 24
slot 4 index 0 rnti 5505 mcs 24
slot 5 index 0 rnti 5505 mcs 24
slot 6 index 0 rnti 5505 mcs 24
slot 14 index 0 rnti 5505 mcs 24
slot 15 index 0 rnti 5505 mcs 24
slot 16 index 0 rnti 5505 mcs 24
[EMURAN-DL-CSV] t=55.306 win_tbs=20 win_fail=1 win_bler=0.05000 mcs_last=24 mcs_min=24 mcs_max=24 r0=20 r1=0 r2=0 r3=0  f0=1 f1=0 f2=0 f3=0 tot_tbs=14920 tot_fail=1155 tot_bler=0.07741 tot_init=13778 tot_retx=1142
slot 4 index 0 rnti 5505 mcs 24
slot 5 index 0 rnti 5505 mcs 24
slot 6 index 0 rnti 5505 mcs 24
slot 14 index 0 rnti 5505 mcs 24
slot 15 index 0 rnti 5505 mcs 24
slot 16 index 0 rnti 5505 mcs 24
slot 4 index 0 rnti 5505 mcs 24
slot 5 index 0 rnti 5505 mcs 24
slot 6 index 0 rnti 5505 mcs 24
slot 14 index 0 rnti 5505 mcs 24
slot 15 index 0 rnti 5505 mcs 24
slot 16 index 0 rnti 5505 mcs 24
slot 4 index 0 rnti 5505 mcs 24
slot 5 index 0 rnti 5505 mcs 24
slot 6 index 0 rnti 5505 mcs 24
slot 14 index 0 rnti 5505 mcs 24
slot 15 index 0 rnti 5505 mcs 24
slot 16 index 0 rnti 5505 mcs 24
slot 4 index 0 rnti 5505 mcs 24
slot 5 index 0 rnti 5505 mcs 24
[EMURAN-DL-CSV] t=55.378 win_tbs=20 win_fail=2 win_bler=0.10000 mcs_last=24 mcs_min=24 mcs_max=24 r0=18 r1=1 r2=1 r3=0  f0=2 f1=0 f2=0 f3=0 tot_tbs=14940 tot_fail=1157 tot_bler=0.07744 tot_init=13796 tot_retx=1144
slot 6 index 0 rnti 5505 mcs 24
slot 14 index 0 rnti 5505 mcs 24
slot 15 index 0 rnti 5505 mcs 24
slot 16 index 0 rnti 5505 mcs 24
slot 4 index 0 rnti 5505 mcs 24
slot 5 index 0 rnti 5505 mcs 24
slot 6 index 0 rnti 5505 mcs 24
slot 14 index 0 rnti 5505 mcs 24
slot 15 index 0 rnti 5505 mcs 24
slot 16 index 0 rnti 5505 mcs 24
slot 4 index 0 rnti 5505 mcs 24
slot 5 index 0 rnti 5505 mcs 24
slot 6 index 0 rnti 5505 mcs 24
slot 14 index 0 rnti 5505 mcs 24
slot 15 index 0 rnti 5505 mcs 24
slot 16 index 0 rnti 5505 mcs 24
slot 4 index 0 rnti 5505 mcs 24
slot 5 index 0 rnti 5505 mcs 24
slot 6 index 0 rnti 5505 mcs 24
slot 14 index 0 rnti 5505 mcs 24
[EMURAN-DL-CSV] t=55.451 win_tbs=20 win_fail=1 win_bler=0.05000 mcs_last=24 mcs_min=24 mcs_max=24 r0=20 r1=0 r2=0 r3=0  f0=1 f1=0 f2=0 f3=0 tot_tbs=14960 tot_fail=1158 tot_bler=0.07741 tot_init=13816 tot_retx=1144
slot 15 index 0 rnti 5505 mcs 24
slot 16 index 0 rnti 5505 mcs 24
slot 4 index 0 rnti 5505 mcs 24
slot 5 index 0 rnti 5505 mcs 24
slot 6 index 0 rnti 5505 mcs 24
slot 14 index 0 rnti 5505 mcs 24
slot 15 index 0 rnti 5505 mcs 24
slot 16 index 0 rnti 5505 mcs 24
slot 4 index 0 rnti 5505 mcs 24
slot 5 index 0 rnti 5505 mcs 24
slot 6 index 0 rnti 5505 mcs 24
slot 14 index 0 rnti 5505 mcs 24
slot 15 index 0 rnti 5505 mcs 24
slot 16 index 0 rnti 5505 mcs 24
slot 4 index 0 rnti 5505 mcs 24
slot 5 index 0 rnti 5505 mcs 24
slot 6 index 0 rnti 5505 mcs 24
slot 14 index 0 rnti 5505 mcs 24
slot 15 index 0 rnti 5505 mcs 24
slot 16 index 0 rnti 5505 mcs 24
[EMURAN-DL-CSV] t=55.516 win_tbs=20 win_fail=0 win_bler=0.00000 mcs_last=24 mcs_min=24 mcs_max=24 r0=18 r1=2 r2=0 r3=0  f0=0 f1=0 f2=0 f3=0 tot_tbs=14980 tot_fail=1158 tot_bler=0.07730 tot_init=13834 tot_retx=1146
slot 4 index 0 rnti 5505 mcs 24
slot 5 index 0 rnti 5505 mcs 24
slot 6 index 0 rnti 5505 mcs 24
slot 14 index 0 rnti 5505 mcs 24
slot 15 index 0 rnti 5505 mcs 24
slot 16 index 0 rnti 5505 mcs 24
[UE-STAT] frame=100 dci_cnt=600 total_tbs=41803200 ack_real=499 nack_real=23 fb_missing=78 decode_cnt=600
slot 4 index 0 rnti 5505 mcs 24
slot 5 index 0 rnti 5505 mcs 24
slot 6 index 0 rnti 5505 mcs 24
slot 14 index 0 rnti 5505 mcs 24
slot 15 index 0 rnti 5505 mcs 24
slot 16 index 0 rnti 5505 mcs 24
slot 4 index 0 rnti 5505 mcs 24
slot 5 index 0 rnti 5505 mcs 24
slot 6 index 0 rnti 5505 mcs 24
slot 14 index 0 rnti 5505 mcs 24
slot 15 index 0 rnti 5505 mcs 24
slot 16 index 0 rnti 5505 mcs 24
slot 4 index 0 rnti 5505 mcs 24
slot 5 index 0 rnti 5505 mcs 24
[EMURAN-DL-CSV] t=55.589 win_tbs=20 win_fail=1 win_bler=0.05000 mcs_last=24 mcs_min=24 mcs_max=24 r0=19 r1=1 r2=0 r3=0  f0=1 f1=0 f2=0 f3=0 tot_tbs=15000 tot_fail=1159 tot_bler=0.07727 tot_init=13853 tot_retx=1147
slot 6 index 0 rnti 5505 mcs 24
slot 14 index 0 rnti 5505 mcs 24
slot 15 index 0 rnti 5505 mcs 24
slot 16 index 0 rnti 5505 mcs 24
slot 4 index 0 rnti 5505 mcs 24
slot 5 index 0 rnti 5505 mcs 24
slot 6 index 0 rnti 5505 mcs 24
slot 14 index 0 rnti 5505 mcs 24
slot 15 index 0 rnti 5505 mcs 24
slot 16 index 0 rnti 5505 mcs 24
slot 4 index 0 rnti 5505 mcs 24
slot 5 index 0 rnti 5505 mcs 24
slot 6 index 0 rnti 5505 mcs 24
slot 14 index 0 rnti 5505 mcs 24
slot 15 index 0 rnti 5505 mcs 24
slot 16 index 0 rnti 5505 mcs 24
slot 4 index 0 rnti 5505 mcs 24
slot 5 index 0 rnti 5505 mcs 24
slot 6 index 0 rnti 5505 mcs 24
slot 14 index 0 rnti 5505 mcs 24
[EMURAN-DL-CSV] t=55.661 win_tbs=20 win_fail=2 win_bler=0.10000 mcs_last=24 mcs_min=24 mcs_max=24 r0=19 r1=1 r2=0 r3=0  f0=2 f1=0 f2=0 f3=0 tot_tbs=15020 tot_fail=1161 tot_bler=0.07730 tot_init=13872 tot_retx=1148
slot 15 index 0 rnti 5505 mcs 24
slot 16 index 0 rnti 5505 mcs 24
slot 4 index 0 rnti 5505 mcs 24
slot 5 index 0 rnti 5505 mcs 24
slot 6 index 0 rnti 5505 mcs 24
slot 14 index 0 rnti 5505 mcs 24
slot 15 index 0 rnti 5505 mcs 24
slot 16 index 0 rnti 5505 mcs 24
slot 4 index 0 rnti 5505 mcs 24
slot 5 index 0 rnti 5505 mcs 24
slot 6 index 0 rnti 5505 mcs 24
slot 14 index 0 rnti 5505 mcs 24
slot 15 index 0 rnti 5505 mcs 24
slot 16 index 0 rnti 5505 mcs 24
slot 4 index 0 rnti 5505 mcs 24
slot 5 index 0 rnti 5505 mcs 24
slot 6 index 0 rnti 5505 mcs 24
slot 14 index 0 rnti 5505 mcs 24
slot 15 index 0 rnti 5505 mcs 24
slot 16 index 0 rnti 5505 mcs 24
[EMURAN-DL-CSV] t=55.726 win_tbs=20 win_fail=1 win_bler=0.05000 mcs_last=24 mcs_min=24 mcs_max=24 r0=19 r1=1 r2=0 r3=0  f0=1 f1=0 f2=0 f3=0 tot_tbs=15040 tot_fail=1162 tot_bler=0.07726 tot_init=13891 tot_retx=1149
slot 4 index 0 rnti 5505 mcs 24
slot 5 index 0 rnti 5505 mcs 24
slot 6 index 0 rnti 5505 mcs 24
slot 14 index 0 rnti 5505 mcs 24
slot 15 index 0 rnti 5505 mcs 24
slot 16 index 0 rnti 5505 mcs 24
slot 4 index 0 rnti 5505 mcs 24
slot 5 index 0 rnti 5505 mcs 24
slot 6 index 0 rnti 5505 mcs 24
slot 14 index 0 rnti 5505 mcs 24
slot 15 index 0 rnti 5505 mcs 24
slot 16 index 0 rnti 5505 mcs 24
slot 4 index 0 rnti 5505 mcs 24
slot 5 index 0 rnti 5505 mcs 24
slot 6 index 0 rnti 5505 mcs 24
slot 14 index 0 rnti 5505 mcs 24
slot 15 index 0 rnti 5505 mcs 24
slot 16 index 0 rnti 5505 mcs 24
slot 4 index 0 rnti 5505 mcs 24
slot 5 index 0 rnti 5505 mcs 24
[EMURAN-DL-CSV] t=55.798 win_tbs=20 win_fail=0 win_bler=0.00000 mcs_last=24 mcs_min=24 mcs_max=24 r0=20 r1=0 r2=0 r3=0  f0=0 f1=0 f2=0 f3=0 tot_tbs=15060 tot_fail=1162 tot_bler=0.07716 tot_init=13911 tot_retx=1149
slot 6 index 0 rnti 5505 mcs 24
slot 14 index 0 rnti 5505 mcs 24
slot 15 index 0 rnti 5505 mcs 24
slot 16 index 0 rnti 5505 mcs 24
slot 4 index 0 rnti 5505 mcs 24
slot 5 index 0 rnti 5505 mcs 24
slot 6 index 0 rnti 5505 mcs 24
slot 14 index 0 rnti 5505 mcs 24
slot 15 index 0 rnti 5505 mcs 24
slot 16 index 0 rnti 5505 mcs 24
slot 4 index 0 rnti 5505 mcs 24
slot 5 index 0 rnti 5505 mcs 24
slot 6 index 0 rnti 5505 mcs 24
slot 14 index 0 rnti 5505 mcs 24
slot 15 index 0 rnti 5505 mcs 24
slot 16 index 0 rnti 5505 mcs 24
slot 4 index 0 rnti 5505 mcs 24
slot 5 index 0 rnti 5505 mcs 24
slot 6 index 0 rnti 5505 mcs 24
slot 14 index 0 rnti 5505 mcs 24
[EMURAN-DL-CSV] t=55.871 win_tbs=20 win_fail=3 win_bler=0.15000 mcs_last=24 mcs_min=24 mcs_max=24 r0=17 r1=3 r2=0 r3=0  f0=3 f1=0 f2=0 f3=0 tot_tbs=15080 tot_fail=1165 tot_bler=0.07725 tot_init=13928 tot_retx=1152
slot 15 index 0 rnti 5505 mcs 24
slot 16 index 0 rnti 5505 mcs 24
slot 4 index 0 rnti 5505 mcs 24
slot 5 index 0 rnti 5505 mcs 24
slot 6 index 0 rnti 5505 mcs 24
slot 14 index 0 rnti 5505 mcs 24
slot 15 index 0 rnti 5505 mcs 24
slot 16 index 0 rnti 5505 mcs 24
slot 4 index 0 rnti 5505 mcs 24
slot 5 index 0 rnti 5505 mcs 24
slot 6 index 0 rnti 5505 mcs 24
slot 14 index 0 rnti 5505 mcs 24
slot 15 index 0 rnti 5505 mcs 24
slot 16 index 0 rnti 5505 mcs 24
slot 4 index 0 rnti 5505 mcs 24
slot 5 index 0 rnti 5505 mcs 24
slot 6 index 0 rnti 5505 mcs 24
slot 14 index 0 rnti 5505 mcs 24
slot 15 index 0 rnti 5505 mcs 24
slot 16 index 0 rnti 5505 mcs 24
[EMURAN-DL-CSV] t=55.936 win_tbs=20 win_fail=1 win_bler=0.05000 mcs_last=24 mcs_min=24 mcs_max=24 r0=18 r1=1 r2=1 r3=0  f0=1 f1=0 f2=0 f3=0 tot_tbs=15100 tot_fail=1166 tot_bler=0.07722 tot_init=13946 tot_retx=1154
slot 4 index 0 rnti 5505 mcs 24
slot 5 index 0 rnti 5505 mcs 24
slot 6 index 0 rnti 5505 mcs 24
slot 14 index 0 rnti 5505 mcs 24
slot 15 index 0 rnti 5505 mcs 24
slot 16 index 0 rnti 5505 mcs 24
slot 4 index 0 rnti 5505 mcs 24
slot 5 index 0 rnti 5505 mcs 24
slot 6 index 0 rnti 5505 mcs 24
slot 14 index 0 rnti 5505 mcs 24
slot 15 index 0 rnti 5505 mcs 24
slot 16 index 0 rnti 5505 mcs 24
slot 4 index 0 rnti 5505 mcs 24
slot 5 index 0 rnti 5505 mcs 24
slot 6 index 0 rnti 5505 mcs 24
slot 14 index 0 rnti 5505 mcs 24
slot 15 index 0 rnti 5505 mcs 24
slot 16 index 0 rnti 5505 mcs 24
slot 4 index 0 rnti 5505 mcs 24
slot 5 index 0 rnti 5505 mcs 24
[EMURAN-DL-CSV] t=56.009 win_tbs=20 win_fail=2 win_bler=0.10000 mcs_last=24 mcs_min=24 mcs_max=24 r0=18 r1=2 r2=0 r3=0  f0=2 f1=0 f2=0 f3=0 tot_tbs=15120 tot_fail=1168 tot_bler=0.07725 tot_init=13964 tot_retx=1156
slot 6 index 0 rnti 5505 mcs 24
slot 14 index 0 rnti 5505 mcs 24
slot 15 index 0 rnti 5505 mcs 24
slot 16 index 0 rnti 5505 mcs 24
slot 4 index 0 rnti 5505 mcs 24
slot 5 index 0 rnti 5505 mcs 24
slot 6 index 0 rnti 5505 mcs 24
slot 14 index 0 rnti 5505 mcs 24
slot 15 index 0 rnti 5505 mcs 24
slot 16 index 0 rnti 5505 mcs 24
slot 4 index 0 rnti 5505 mcs 24
slot 5 index 0 rnti 5505 mcs 24
slot 6 index 0 rnti 5505 mcs 24
slot 14 index 0 rnti 5505 mcs 24
slot 15 index 0 rnti 5505 mcs 24
slot 16 index 0 rnti 5505 mcs 24
slot 4 index 0 rnti 5505 mcs 24
slot 5 index 0 rnti 5505 mcs 24
slot 6 index 0 rnti 5505 mcs 24
slot 14 index 0 rnti 5505 mcs 24
[EMURAN-DL-CSV] t=56.081 win_tbs=20 win_fail=2 win_bler=0.10000 mcs_last=24 mcs_min=24 mcs_max=24 r0=18 r1=2 r2=0 r3=0  f0=2 f1=0 f2=0 f3=0 tot_tbs=15140 tot_fail=1170 tot_bler=0.07728 tot_init=13982 tot_retx=1158
slot 15 index 0 rnti 5505 mcs 24
slot 16 index 0 rnti 5505 mcs 24
slot 4 index 0 rnti 5505 mcs 24
slot 5 index 0 rnti 5505 mcs 24
slot 6 index 0 rnti 5505 mcs 24
slot 14 index 0 rnti 5505 mcs 24
slot 15 index 0 rnti 5505 mcs 24
slot 16 index 0 rnti 5505 mcs 24
slot 4 index 0 rnti 5505 mcs 24
slot 5 index 0 rnti 5505 mcs 24
slot 6 index 0 rnti 5505 mcs 24
slot 14 index 0 rnti 5505 mcs 24
slot 15 index 0 rnti 5505 mcs 24
slot 16 index 0 rnti 5505 mcs 24
slot 4 index 0 rnti 5505 mcs 24
slot 5 index 0 rnti 5505 mcs 24
slot 6 index 0 rnti 5505 mcs 24
slot 14 index 0 rnti 5505 mcs 24
slot 15 index 0 rnti 5505 mcs 24
slot 16 index 0 rnti 5505 mcs 24
[EMURAN-DL-CSV] t=56.146 win_tbs=20 win_fail=0 win_bler=0.00000 mcs_last=24 mcs_min=24 mcs_max=24 r0=19 r1=1 r2=0 r3=0  f0=0 f1=0 f2=0 f3=0 tot_tbs=15160 tot_fail=1170 tot_bler=0.07718 tot_init=14001 tot_retx=1159
slot 4 index 0 rnti 5505 mcs 24
slot 5 index 0 rnti 5505 mcs 24
slot 6 index 0 rnti 5505 mcs 24
slot 14 index 0 rnti 5505 mcs 24
slot 15 index 0 rnti 5505 mcs 24
slot 16 index 0 rnti 5505 mcs 24
slot 4 index 0 rnti 5505 mcs 24
slot 5 index 0 rnti 5505 mcs 24
slot 6 index 0 rnti 5505 mcs 24
slot 14 index 0 rnti 5505 mcs 24
slot 15 index 0 rnti 5505 mcs 24
slot 16 index 0 rnti 5505 mcs 24
slot 4 index 0 rnti 5505 mcs 24
slot 5 index 0 rnti 5505 mcs 24
slot 6 index 0 rnti 5505 mcs 24
slot 14 index 0 rnti 5505 mcs 24
slot 15 index 0 rnti 5505 mcs 24
slot 16 index 0 rnti 5505 mcs 24
slot 4 index 0 rnti 5505 mcs 24
slot 5 index 0 rnti 5505 mcs 24
[EMURAN-DL-CSV] t=56.219 win_tbs=20 win_fail=2 win_bler=0.10000 mcs_last=24 mcs_min=24 mcs_max=24 r0=18 r1=1 r2=1 r3=0  f0=2 f1=0 f2=0 f3=0 tot_tbs=15180 tot_fail=1172 tot_bler=0.07721 tot_init=14019 tot_retx=1161
slot 6 index 0 rnti 5505 mcs 24
slot 14 index 0 rnti 5505 mcs 24
slot 15 index 0 rnti 5505 mcs 24
slot 16 index 0 rnti 5505 mcs 24
slot 4 index 0 rnti 5505 mcs 24
slot 5 index 0 rnti 5505 mcs 24
slot 6 index 0 rnti 5505 mcs 24
slot 14 index 0 rnti 5505 mcs 24
slot 15 index 0 rnti 5505 mcs 24
slot 16 index 0 rnti 5505 mcs 24
slot 4 index 0 rnti 5505 mcs 24
slot 5 index 0 rnti 5505 mcs 24
slot 6 index 0 rnti 5505 mcs 24
slot 14 index 0 rnti 5505 mcs 24
slot 15 index 0 rnti 5505 mcs 24
slot 16 index 0 rnti 5505 mcs 24
slot 4 index 0 rnti 5505 mcs 24
slot 5 index 0 rnti 5505 mcs 24
slot 6 index 0 rnti 5505 mcs 24
slot 14 index 0 rnti 5505 mcs 24
[EMURAN-DL-CSV] t=56.291 win_tbs=20 win_fail=2 win_bler=0.10000 mcs_last=24 mcs_min=24 mcs_max=24 r0=18 r1=2 r2=0 r3=0  f0=2 f1=0 f2=0 f3=0 tot_tbs=15200 tot_fail=1174 tot_bler=0.07724 tot_init=14037 tot_retx=1163
slot 15 index 0 rnti 5505 mcs 24
slot 16 index 0 rnti 5505 mcs 24
slot 4 index 0 rnti 5505 mcs 24
slot 5 index 0 rnti 5505 mcs 24
slot 6 index 0 rnti 5505 mcs 24
slot 14 index 0 rnti 5505 mcs 24
slot 15 index 0 rnti 5505 mcs 24
slot 16 index 0 rnti 5505 mcs 24
slot 4 index 0 rnti 5505 mcs 24
slot 5 index 0 rnti 5505 mcs 24
slot 6 index 0 rnti 5505 mcs 24
slot 14 index 0 rnti 5505 mcs 24
slot 15 index 0 rnti 5505 mcs 24
slot 16 index 0 rnti 5505 mcs 24
slot 4 index 0 rnti 5505 mcs 24
slot 5 index 0 rnti 5505 mcs 24
slot 6 index 0 rnti 5505 mcs 24
slot 14 index 0 rnti 5505 mcs 24
slot 15 index 0 rnti 5505 mcs 24
slot 16 index 0 rnti 5505 mcs 24
[EMURAN-DL-CSV] t=56.356 win_tbs=20 win_fail=2 win_bler=0.10000 mcs_last=24 mcs_min=24 mcs_max=24 r0=18 r1=2 r2=0 r3=0  f0=2 f1=0 f2=0 f3=0 tot_tbs=15220 tot_fail=1176 tot_bler=0.07727 tot_init=14055 tot_retx=1165
slot 4 index 0 rnti 5505 mcs 24
slot 5 index 0 rnti 5505 mcs 24
slot 6 index 0 rnti 5505 mcs 24
slot 14 index 0 rnti 5505 mcs 24
slot 15 index 0 rnti 5505 mcs 24
slot 16 index 0 rnti 5505 mcs 24
slot 4 index 0 rnti 5505 mcs 24
slot 5 index 0 rnti 5505 mcs 24
slot 6 index 0 rnti 5505 mcs 24
slot 14 index 0 rnti 5505 mcs 24
slot 15 index 0 rnti 5505 mcs 24
slot 16 index 0 rnti 5505 mcs 24
slot 4 index 0 rnti 5505 mcs 24
slot 5 index 0 rnti 5505 mcs 24
slot 6 index 0 rnti 5505 mcs 24
slot 14 index 0 rnti 5505 mcs 24
slot 15 index 0 rnti 5505 mcs 24
slot 16 index 0 rnti 5505 mcs 24
slot 4 index 0 rnti 5505 mcs 24
slot 5 index 0 rnti 5505 mcs 24
[EMURAN-DL-CSV] t=56.429 win_tbs=20 win_fail=1 win_bler=0.05000 mcs_last=24 mcs_min=24 mcs_max=24 r0=20 r1=0 r2=0 r3=0  f0=1 f1=0 f2=0 f3=0 tot_tbs=15240 tot_fail=1177 tot_bler=0.07723 tot_init=14075 tot_retx=1165
slot 6 index 0 rnti 5505 mcs 24
slot 14 index 0 rnti 5505 mcs 24
slot 15 index 0 rnti 5505 mcs 24
slot 16 index 0 rnti 5505 mcs 24
slot 4 index 0 rnti 5505 mcs 24
slot 5 index 0 rnti 5505 mcs 24
slot 6 index 0 rnti 5505 mcs 24
slot 14 index 0 rnti 5505 mcs 24
slot 15 index 0 rnti 5505 mcs 24
slot 16 index 0 rnti 5505 mcs 24
slot 4 index 0 rnti 5505 mcs 24
slot 5 index 0 rnti 5505 mcs 24
slot 6 index 0 rnti 5505 mcs 24
slot 14 index 0 rnti 5505 mcs 24
slot 15 index 0 rnti 5505 mcs 24
slot 16 index 0 rnti 5505 mcs 24
slot 4 index 0 rnti 5505 mcs 24
slot 5 index 0 rnti 5505 mcs 24
slot 6 index 0 rnti 5505 mcs 24
slot 14 index 0 rnti 5505 mcs 24
[EMURAN-DL-CSV] t=56.501 win_tbs=20 win_fail=2 win_bler=0.10000 mcs_last=24 mcs_min=24 mcs_max=24 r0=17 r1=3 r2=0 r3=0  f0=1 f1=1 f2=0 f3=0 tot_tbs=15260 tot_fail=1179 tot_bler=0.07726 tot_init=14092 tot_retx=1168
slot 15 index 0 rnti 5505 mcs 24
slot 16 index 0 rnti 5505 mcs 24
slot 4 index 0 rnti 5505 mcs 24
slot 5 index 0 rnti 5505 mcs 24
slot 6 index 0 rnti 5505 mcs 24
slot 14 index 0 rnti 5505 mcs 24
slot 15 index 0 rnti 5505 mcs 24
slot 16 index 0 rnti 5505 mcs 24
slot 4 index 0 rnti 5505 mcs 24
slot 5 index 0 rnti 5505 mcs 24
slot 6 index 0 rnti 5505 mcs 24
slot 14 index 0 rnti 5505 mcs 24
slot 15 index 0 rnti 5505 mcs 24
slot 16 index 0 rnti 5505 mcs 24
slot 4 index 0 rnti 5505 mcs 24
slot 5 index 0 rnti 5505 mcs 24
slot 6 index 0 rnti 5505 mcs 24
slot 14 index 0 rnti 5505 mcs 24
slot 15 index 0 rnti 5505 mcs 24
slot 16 index 0 rnti 5505 mcs 24
[EMURAN-DL-CSV] t=56.566 win_tbs=20 win_fail=1 win_bler=0.05000 mcs_last=24 mcs_min=24 mcs_max=24 r0=19 r1=1 r2=0 r3=0  f0=1 f1=0 f2=0 f3=0 tot_tbs=15280 tot_fail=1180 tot_bler=0.07723 tot_init=14111 tot_retx=1169
slot 4 index 0 rnti 5505 mcs 24
slot 5 index 0 rnti 5505 mcs 24
slot 6 index 0 rnti 5505 mcs 24
slot 14 index 0 rnti 5505 mcs 24
slot 15 index 0 rnti 5505 mcs 24
slot 16 index 0 rnti 5505 mcs 24
slot 4 index 0 rnti 5505 mcs 24
slot 5 index 0 rnti 5505 mcs 24
slot 6 index 0 rnti 5505 mcs 24
slot 14 index 0 rnti 5505 mcs 24
slot 15 index 0 rnti 5505 mcs 24
slot 16 index 0 rnti 5505 mcs 24
slot 4 index 0 rnti 5505 mcs 24
slot 5 index 0 rnti 5505 mcs 24
slot 6 index 0 rnti 5505 mcs 24
slot 14 index 0 rnti 5505 mcs 24
slot 15 index 0 rnti 5505 mcs 24
slot 16 index 0 rnti 5505 mcs 24
slot 4 index 0 rnti 5505 mcs 24
slot 5 index 0 rnti 5505 mcs 24
[EMURAN-DL-CSV] t=56.639 win_tbs=20 win_fail=0 win_bler=0.00000 mcs_last=24 mcs_min=24 mcs_max=24 r0=20 r1=0 r2=0 r3=0  f0=0 f1=0 f2=0 f3=0 tot_tbs=15300 tot_fail=1180 tot_bler=0.07712 tot_init=14131 tot_retx=1169
slot 6 index 0 rnti 5505 mcs 24
slot 14 index 0 rnti 5505 mcs 24
slot 15 index 0 rnti 5505 mcs 24
slot 16 index 0 rnti 5505 mcs 24
slot 4 index 0 rnti 5505 mcs 24
slot 5 index 0 rnti 5505 mcs 24
slot 6 index 0 rnti 5505 mcs 24
slot 14 index 0 rnti 5505 mcs 24
slot 15 index 0 rnti 5505 mcs 24
slot 16 index 0 rnti 5505 mcs 24
slot 4 index 0 rnti 5505 mcs 24
slot 5 index 0 rnti 5505 mcs 24
slot 6 index 0 rnti 5505 mcs 24
slot 14 index 0 rnti 5505 mcs 24
slot 15 index 0 rnti 5505 mcs 24
slot 16 index 0 rnti 5505 mcs 24
slot 4 index 0 rnti 5505 mcs 24
slot 5 index 0 rnti 5505 mcs 24
slot 6 index 0 rnti 5505 mcs 24
slot 14 index 0 rnti 5505 mcs 24
[EMURAN-DL-CSV] t=56.711 win_tbs=20 win_fail=1 win_bler=0.05000 mcs_last=24 mcs_min=24 mcs_max=24 r0=19 r1=1 r2=0 r3=0  f0=1 f1=0 f2=0 f3=0 tot_tbs=15320 tot_fail=1181 tot_bler=0.07709 tot_init=14150 tot_retx=1170
slot 15 index 0 rnti 5505 mcs 24
slot 16 index 0 rnti 5505 mcs 24
slot 4 index 0 rnti 5505 mcs 24
slot 5 index 0 rnti 5505 mcs 24
slot 6 index 0 rnti 5505 mcs 24
slot 14 index 0 rnti 5505 mcs 24
slot 15 index 0 rnti 5505 mcs 24
slot 16 index 0 rnti 5505 mcs 24
slot 4 index 0 rnti 5505 mcs 24
slot 5 index 0 rnti 5505 mcs 24
slot 6 index 0 rnti 5505 mcs 24
slot 14 index 0 rnti 5505 mcs 24
slot 15 index 0 rnti 5505 mcs 24
slot 16 index 0 rnti 5505 mcs 24
slot 4 index 0 rnti 5505 mcs 24
slot 5 index 0 rnti 5505 mcs 24
slot 6 index 0 rnti 5505 mcs 24
slot 14 index 0 rnti 5505 mcs 24
slot 15 index 0 rnti 5505 mcs 24
slot 16 index 0 rnti 5505 mcs 24
[EMURAN-DL-CSV] t=56.777 win_tbs=20 win_fail=2 win_bler=0.10000 mcs_last=24 mcs_min=24 mcs_max=24 r0=19 r1=1 r2=0 r3=0  f0=2 f1=0 f2=0 f3=0 tot_tbs=15340 tot_fail=1183 tot_bler=0.07712 tot_init=14169 tot_retx=1171
slot 4 index 0 rnti 5505 mcs 24
slot 5 index 0 rnti 5505 mcs 24
slot 6 index 0 rnti 5505 mcs 24
slot 14 index 0 rnti 5505 mcs 24
slot 15 index 0 rnti 5505 mcs 24
slot 16 index 0 rnti 5505 mcs 24
slot 4 index 0 rnti 5505 mcs 24
slot 5 index 0 rnti 5505 mcs 24
slot 6 index 0 rnti 5505 mcs 24
slot 14 index 0 rnti 5505 mcs 24
slot 15 index 0 rnti 5505 mcs 24
slot 16 index 0 rnti 5505 mcs 24
slot 4 index 0 rnti 5505 mcs 24
slot 5 index 0 rnti 5505 mcs 24
slot 6 index 0 rnti 5505 mcs 24
slot 14 index 0 rnti 5505 mcs 24
slot 15 index 0 rnti 5505 mcs 24
slot 16 index 0 rnti 5505 mcs 24
slot 4 index 0 rnti 5505 mcs 24
slot 5 index 0 rnti 5505 mcs 24
[EMURAN-DL-CSV] t=56.849 win_tbs=20 win_fail=1 win_bler=0.05000 mcs_last=24 mcs_min=24 mcs_max=24 r0=18 r1=2 r2=0 r3=0  f0=0 f1=1 f2=0 f3=0 tot_tbs=15360 tot_fail=1184 tot_bler=0.07708 tot_init=14187 tot_retx=1173
slot 6 index 0 rnti 5505 mcs 24
slot 14 index 0 rnti 5505 mcs 24
slot 15 index 0 rnti 5505 mcs 24
slot 16 index 0 rnti 5505 mcs 24
slot 4 index 0 rnti 5505 mcs 24
slot 5 index 0 rnti 5505 mcs 24
slot 6 index 0 rnti 5505 mcs 24
slot 14 index 0 rnti 5505 mcs 24
slot 15 index 0 rnti 5505 mcs 24
slot 16 index 0 rnti 5505 mcs 24
slot 4 index 0 rnti 5505 mcs 24
slot 5 index 0 rnti 5505 mcs 24
slot 6 index 0 rnti 5505 mcs 24
slot 14 index 0 rnti 5505 mcs 24
slot 15 index 0 rnti 5505 mcs 24
slot 16 index 0 rnti 5505 mcs 24
slot 4 index 0 rnti 5505 mcs 24
slot 5 index 0 rnti 5505 mcs 24
slot 6 index 0 rnti 5505 mcs 24
slot 14 index 0 rnti 5505 mcs 24
[EMURAN-DL-CSV] t=56.922 win_tbs=20 win_fail=2 win_bler=0.10000 mcs_last=24 mcs_min=24 mcs_max=24 r0=18 r1=2 r2=0 r3=0  f0=1 f1=1 f2=0 f3=0 tot_tbs=15380 tot_fail=1186 tot_bler=0.07711 tot_init=14205 tot_retx=1175
slot 15 index 0 rnti 5505 mcs 24
slot 16 index 0 rnti 5505 mcs 24
slot 4 index 0 rnti 5505 mcs 24
slot 5 index 0 rnti 5505 mcs 24
slot 6 index 0 rnti 5505 mcs 24
slot 14 index 0 rnti 5505 mcs 24
slot 15 index 0 rnti 5505 mcs 24
slot 16 index 0 rnti 5505 mcs 24
slot 4 index 0 rnti 5505 mcs 24
slot 5 index 0 rnti 5505 mcs 24
slot 6 index 0 rnti 5505 mcs 24
slot 14 index 0 rnti 5505 mcs 24
slot 15 index 0 rnti 5505 mcs 24
slot 16 index 0 rnti 5505 mcs 24
slot 4 index 0 rnti 5505 mcs 24
slot 5 index 0 rnti 5505 mcs 24
slot 6 index 0 rnti 5505 mcs 24
slot 14 index 0 rnti 5505 mcs 24
slot 15 index 0 rnti 5505 mcs 24
slot 16 index 0 rnti 5505 mcs 24
[EMURAN-DL-CSV] t=56.987 win_tbs=20 win_fail=1 win_bler=0.05000 mcs_last=24 mcs_min=24 mcs_max=24 r0=19 r1=1 r2=0 r3=0  f0=1 f1=0 f2=0 f3=0 tot_tbs=15400 tot_fail=1187 tot_bler=0.07708 tot_init=14224 tot_retx=1176
slot 4 index 0 rnti 5505 mcs 24
slot 5 index 0 rnti 5505 mcs 24
slot 6 index 0 rnti 5505 mcs 24
slot 14 index 0 rnti 5505 mcs 24
slot 15 index 0 rnti 5505 mcs 24
slot 16 index 0 rnti 5505 mcs 24
slot 4 index 0 rnti 5505 mcs 24
slot 5 index 0 rnti 5505 mcs 24
slot 6 index 0 rnti 5505 mcs 24
slot 14 index 0 rnti 5505 mcs 24
slot 15 index 0 rnti 5505 mcs 24
slot 16 index 0 rnti 5505 mcs 24
slot 4 index 0 rnti 5505 mcs 24
slot 5 index 0 rnti 5505 mcs 24
slot 6 index 0 rnti 5505 mcs 24
slot 14 index 0 rnti 5505 mcs 24
slot 15 index 0 rnti 5505 mcs 24
slot 16 index 0 rnti 5505 mcs 24
slot 4 index 0 rnti 5505 mcs 24
slot 5 index 0 rnti 5505 mcs 24
[EMURAN-DL-CSV] t=57.059 win_tbs=20 win_fail=1 win_bler=0.05000 mcs_last=24 mcs_min=24 mcs_max=24 r0=19 r1=1 r2=0 r3=0  f0=1 f1=0 f2=0 f3=0 tot_tbs=15420 tot_fail=1188 tot_bler=0.07704 tot_init=14243 tot_retx=1177
slot 6 index 0 rnti 5505 mcs 24
slot 14 index 0 rnti 5505 mcs 24
slot 15 index 0 rnti 5505 mcs 24
slot 16 index 0 rnti 5505 mcs 24
slot 4 index 0 rnti 5505 mcs 24
slot 5 index 0 rnti 5505 mcs 24
slot 6 index 0 rnti 5505 mcs 24
slot 14 index 0 rnti 5505 mcs 24
slot 15 index 0 rnti 5505 mcs 24
slot 16 index 0 rnti 5505 mcs 24
slot 4 index 0 rnti 5505 mcs 24
slot 5 index 0 rnti 5505 mcs 24
slot 6 index 0 rnti 5505 mcs 24
slot 14 index 0 rnti 5505 mcs 24
slot 15 index 0 rnti 5505 mcs 24
slot 16 index 0 rnti 5505 mcs 24
slot 4 index 0 rnti 5505 mcs 24
slot 5 index 0 rnti 5505 mcs 24
slot 6 index 0 rnti 5505 mcs 24
slot 14 index 0 rnti 5505 mcs 24
[EMURAN-DL-CSV] t=57.132 win_tbs=20 win_fail=0 win_bler=0.00000 mcs_last=24 mcs_min=24 mcs_max=24 r0=20 r1=0 r2=0 r3=0  f0=0 f1=0 f2=0 f3=0 tot_tbs=15440 tot_fail=1188 tot_bler=0.07694 tot_init=14263 tot_retx=1177
slot 15 index 0 rnti 5505 mcs 24
slot 16 index 0 rnti 5505 mcs 24
slot 4 index 0 rnti 5505 mcs 24
slot 5 index 0 rnti 5505 mcs 24
slot 6 index 0 rnti 5505 mcs 24
slot 14 index 0 rnti 5505 mcs 24
slot 15 index 0 rnti 5505 mcs 24
slot 16 index 0 rnti 5505 mcs 24
slot 4 index 0 rnti 5505 mcs 24
slot 5 index 0 rnti 5505 mcs 24
slot 6 index 0 rnti 5505 mcs 24
slot 14 index 0 rnti 5505 mcs 24
slot 15 index 0 rnti 5505 mcs 24
slot 16 index 0 rnti 5505 mcs 24
slot 4 index 0 rnti 5505 mcs 24
slot 5 index 0 rnti 5505 mcs 24
slot 6 index 0 rnti 5505 mcs 24
slot 14 index 0 rnti 5505 mcs 24
slot 15 index 0 rnti 5505 mcs 24
slot 16 index 0 rnti 5505 mcs 24
[EMURAN-DL-CSV] t=57.197 win_tbs=20 win_fail=1 win_bler=0.05000 mcs_last=24 mcs_min=24 mcs_max=24 r0=19 r1=1 r2=0 r3=0  f0=1 f1=0 f2=0 f3=0 tot_tbs=15460 tot_fail=1189 tot_bler=0.07691 tot_init=14282 tot_retx=1178
slot 4 index 0 rnti 5505 mcs 24
slot 5 index 0 rnti 5505 mcs 24
slot 6 index 0 rnti 5505 mcs 24
slot 14 index 0 rnti 5505 mcs 24
slot 15 index 0 rnti 5505 mcs 24
slot 16 index 0 rnti 5505 mcs 24
slot 4 index 0 rnti 5505 mcs 24
slot 5 index 0 rnti 5505 mcs 24
slot 6 index 0 rnti 5505 mcs 24
slot 14 index 0 rnti 5505 mcs 24
slot 15 index 0 rnti 5505 mcs 24
slot 16 index 0 rnti 5505 mcs 24
slot 4 index 0 rnti 5505 mcs 24
slot 5 index 0 rnti 5505 mcs 24
slot 6 index 0 rnti 5505 mcs 24
slot 14 index 0 rnti 5505 mcs 24
slot 15 index 0 rnti 5505 mcs 24
slot 16 index 0 rnti 5505 mcs 24
slot 4 index 0 rnti 5505 mcs 24
slot 5 index 0 rnti 5505 mcs 24
[EMURAN-DL-CSV] t=57.269 win_tbs=20 win_fail=1 win_bler=0.05000 mcs_last=24 mcs_min=24 mcs_max=24 r0=20 r1=0 r2=0 r3=0  f0=1 f1=0 f2=0 f3=0 tot_tbs=15480 tot_fail=1190 tot_bler=0.07687 tot_init=14302 tot_retx=1178
slot 6 index 0 rnti 5505 mcs 24
slot 14 index 0 rnti 5505 mcs 24
slot 15 index 0 rnti 5505 mcs 24
slot 16 index 0 rnti 5505 mcs 24
slot 4 index 0 rnti 5505 mcs 24
slot 5 index 0 rnti 5505 mcs 24
slot 6 index 0 rnti 5505 mcs 24
slot 14 index 0 rnti 5505 mcs 24
slot 15 index 0 rnti 5505 mcs 24
slot 16 index 0 rnti 5505 mcs 24
slot 4 index 0 rnti 5505 mcs 24
slot 5 index 0 rnti 5505 mcs 24
slot 6 index 0 rnti 5505 mcs 24
slot 14 index 0 rnti 5505 mcs 24
slot 15 index 0 rnti 5505 mcs 24
slot 16 index 0 rnti 5505 mcs 24
slot 4 index 0 rnti 5505 mcs 24
slot 5 index 0 rnti 5505 mcs 24
slot 6 index 0 rnti 5505 mcs 24
slot 14 index 0 rnti 5505 mcs 24
[EMURAN-DL-CSV] t=57.342 win_tbs=20 win_fail=0 win_bler=0.00000 mcs_last=24 mcs_min=24 mcs_max=24 r0=20 r1=0 r2=0 r3=0  f0=0 f1=0 f2=0 f3=0 tot_tbs=15500 tot_fail=1190 tot_bler=0.07677 tot_init=14322 tot_retx=1178
slot 15 index 0 rnti 5505 mcs 24
slot 16 index 0 rnti 5505 mcs 24
slot 4 index 0 rnti 5505 mcs 24
slot 5 index 0 rnti 5505 mcs 24
slot 6 index 0 rnti 5505 mcs 24
slot 14 index 0 rnti 5505 mcs 24
slot 15 index 0 rnti 5505 mcs 24
slot 16 index 0 rnti 5505 mcs 24
slot 4 index 0 rnti 5505 mcs 24
slot 5 index 0 rnti 5505 mcs 24
slot 6 index 0 rnti 5505 mcs 24
slot 14 index 0 rnti 5505 mcs 24
slot 15 index 0 rnti 5505 mcs 24
slot 16 index 0 rnti 5505 mcs 24
slot 4 index 0 rnti 5505 mcs 24
slot 5 index 0 rnti 5505 mcs 24
slot 6 index 0 rnti 5505 mcs 24
slot 14 index 0 rnti 5505 mcs 24
slot 15 index 0 rnti 5505 mcs 24
slot 16 index 0 rnti 5505 mcs 24
[EMURAN-DL-CSV] t=57.407 win_tbs=20 win_fail=0 win_bler=0.00000 mcs_last=24 mcs_min=24 mcs_max=24 r0=20 r1=0 r2=0 r3=0  f0=0 f1=0 f2=0 f3=0 tot_tbs=15520 tot_fail=1190 tot_bler=0.07668 tot_init=14342 tot_retx=1178
slot 4 index 0 rnti 5505 mcs 24
slot 5 index 0 rnti 5505 mcs 24
slot 6 index 0 rnti 5505 mcs 24
slot 14 index 0 rnti 5505 mcs 24
slot 15 index 0 rnti 5505 mcs 24
slot 16 index 0 rnti 5505 mcs 24
slot 4 index 0 rnti 5505 mcs 24
slot 5 index 0 rnti 5505 mcs 24
slot 6 index 0 rnti 5505 mcs 24
slot 14 index 0 rnti 5505 mcs 24
slot 15 index 0 rnti 5505 mcs 24
slot 16 index 0 rnti 5505 mcs 24
slot 4 index 0 rnti 5505 mcs 24
slot 5 index 0 rnti 5505 mcs 24
slot 6 index 0 rnti 5505 mcs 24
slot 14 index 0 rnti 5505 mcs 24
slot 15 index 0 rnti 5505 mcs 24
slot 16 index 0 rnti 5505 mcs 24
slot 4 index 0 rnti 5505 mcs 24
slot 5 index 0 rnti 5505 mcs 24
[EMURAN-DL-CSV] t=57.479 win_tbs=20 win_fail=2 win_bler=0.10000 mcs_last=24 mcs_min=24 mcs_max=24 r0=18 r1=2 r2=0 r3=0  f0=2 f1=0 f2=0 f3=0 tot_tbs=15540 tot_fail=1192 tot_bler=0.07671 tot_init=14360 tot_retx=1180
slot 6 index 0 rnti 5505 mcs 24
slot 14 index 0 rnti 5505 mcs 24
slot 15 index 0 rnti 5505 mcs 24
slot 16 index 0 rnti 5505 mcs 24
slot 4 index 0 rnti 5505 mcs 24
slot 5 index 0 rnti 5505 mcs 24
slot 6 index 0 rnti 5505 mcs 24
slot 14 index 0 rnti 5505 mcs 24
slot 15 index 0 rnti 5505 mcs 24
slot 16 index 0 rnti 5505 mcs 24
slot 4 index 0 rnti 5505 mcs 24
slot 5 index 0 rnti 5505 mcs 24
slot 6 index 0 rnti 5505 mcs 24
slot 14 index 0 rnti 5505 mcs 24
slot 15 index 0 rnti 5505 mcs 24
slot 16 index 0 rnti 5505 mcs 24
slot 4 index 0 rnti 5505 mcs 24
slot 5 index 0 rnti 5505 mcs 24
slot 6 index 0 rnti 5505 mcs 24
slot 14 index 0 rnti 5505 mcs 24
[EMURAN-DL-CSV] t=57.552 win_tbs=20 win_fail=3 win_bler=0.15000 mcs_last=24 mcs_min=24 mcs_max=24 r0=17 r1=3 r2=0 r3=0  f0=2 f1=1 f2=0 f3=0 tot_tbs=15560 tot_fail=1195 tot_bler=0.07680 tot_init=14377 tot_retx=1183
slot 15 index 0 rnti 5505 mcs 24
slot 16 index 0 rnti 5505 mcs 24
slot 4 index 0 rnti 5505 mcs 24
slot 5 index 0 rnti 5505 mcs 24
slot 6 index 0 rnti 5505 mcs 24
slot 14 index 0 rnti 5505 mcs 24
slot 15 index 0 rnti 5505 mcs 24
slot 16 index 0 rnti 5505 mcs 24
slot 4 index 0 rnti 5505 mcs 24
slot 5 index 0 rnti 5505 mcs 24
slot 6 index 0 rnti 5505 mcs 24
slot 14 index 0 rnti 5505 mcs 24
slot 15 index 0 rnti 5505 mcs 24
slot 16 index 0 rnti 5505 mcs 24
slot 4 index 0 rnti 5505 mcs 24
slot 5 index 0 rnti 5505 mcs 24
slot 6 index 0 rnti 5505 mcs 24
slot 14 index 0 rnti 5505 mcs 24
slot 15 index 0 rnti 5505 mcs 24
slot 16 index 0 rnti 5505 mcs 24
[EMURAN-DL-CSV] t=57.617 win_tbs=20 win_fail=1 win_bler=0.05000 mcs_last=24 mcs_min=24 mcs_max=24 r0=18 r1=2 r2=0 r3=0  f0=0 f1=1 f2=0 f3=0 tot_tbs=15580 tot_fail=1196 tot_bler=0.07677 tot_init=14395 tot_retx=1185
slot 4 index 0 rnti 5505 mcs 24
slot 5 index 0 rnti 5505 mcs 24
slot 6 index 0 rnti 5505 mcs 24
slot 14 index 0 rnti 5505 mcs 24
slot 15 index 0 rnti 5505 mcs 24
slot 16 index 0 rnti 5505 mcs 24
[UE-STAT] frame=200 dci_cnt=600 total_tbs=41803200 ack_real=487 nack_real=33 fb_missing=80 decode_cnt=600
slot 4 index 0 rnti 5505 mcs 24
slot 5 index 0 rnti 5505 mcs 24
slot 6 index 0 rnti 5505 mcs 24
slot 14 index 0 rnti 5505 mcs 24
slot 15 index 0 rnti 5505 mcs 24
slot 16 index 0 rnti 5505 mcs 24
slot 4 index 0 rnti 5505 mcs 24
slot 5 index 0 rnti 5505 mcs 24
slot 6 index 0 rnti 5505 mcs 24
slot 14 index 0 rnti 5505 mcs 24
slot 15 index 0 rnti 5505 mcs 24
slot 16 index 0 rnti 5505 mcs 24
slot 4 index 0 rnti 5505 mcs 24
slot 5 index 0 rnti 5505 mcs 24
[EMURAN-DL-CSV] t=57.689 win_tbs=20 win_fail=1 win_bler=0.05000 mcs_last=24 mcs_min=24 mcs_max=24 r0=19 r1=1 r2=0 r3=0  f0=1 f1=0 f2=0 f3=0 tot_tbs=15600 tot_fail=1197 tot_bler=0.07673 tot_init=14414 tot_retx=1186
slot 6 index 0 rnti 5505 mcs 24
slot 14 index 0 rnti 5505 mcs 24
slot 15 index 0 rnti 5505 mcs 24
slot 16 index 0 rnti 5505 mcs 24
slot 4 index 0 rnti 5505 mcs 24
slot 5 index 0 rnti 5505 mcs 24
slot 6 index 0 rnti 5505 mcs 24
slot 14 index 0 rnti 5505 mcs 24
slot 15 index 0 rnti 5505 mcs 24
slot 16 index 0 rnti 5505 mcs 24
slot 4 index 0 rnti 5505 mcs 24
slot 5 index 0 rnti 5505 mcs 24
slot 6 index 0 rnti 5505 mcs 24
slot 14 index 0 rnti 5505 mcs 24
slot 15 index 0 rnti 5505 mcs 24
slot 16 index 0 rnti 5505 mcs 24
slot 4 index 0 rnti 5505 mcs 24
slot 5 index 0 rnti 5505 mcs 24
slot 6 index 0 rnti 5505 mcs 24
slot 14 index 0 rnti 5505 mcs 24
[EMURAN-DL-CSV] t=57.762 win_tbs=20 win_fail=1 win_bler=0.05000 mcs_last=24 mcs_min=24 mcs_max=24 r0=19 r1=1 r2=0 r3=0  f0=1 f1=0 f2=0 f3=0 tot_tbs=15620 tot_fail=1198 tot_bler=0.07670 tot_init=14433 tot_retx=1187
slot 15 index 0 rnti 5505 mcs 24
slot 16 index 0 rnti 5505 mcs 24
slot 4 index 0 rnti 5505 mcs 24
slot 5 index 0 rnti 5505 mcs 24
slot 6 index 0 rnti 5505 mcs 24
slot 14 index 0 rnti 5505 mcs 24
slot 15 index 0 rnti 5505 mcs 24
slot 16 index 0 rnti 5505 mcs 24
slot 4 index 0 rnti 5505 mcs 24
slot 5 index 0 rnti 5505 mcs 24
slot 6 index 0 rnti 5505 mcs 24
slot 14 index 0 rnti 5505 mcs 24
slot 15 index 0 rnti 5505 mcs 24
slot 16 index 0 rnti 5505 mcs 24
slot 4 index 0 rnti 5505 mcs 24
slot 5 index 0 rnti 5505 mcs 24
slot 6 index 0 rnti 5505 mcs 24
slot 14 index 0 rnti 5505 mcs 24
slot 15 index 0 rnti 5505 mcs 24
slot 16 index 0 rnti 5505 mcs 24
[EMURAN-DL-CSV] t=57.827 win_tbs=20 win_fail=0 win_bler=0.00000 mcs_last=24 mcs_min=24 mcs_max=24 r0=19 r1=1 r2=0 r3=0  f0=0 f1=0 f2=0 f3=0 tot_tbs=15640 tot_fail=1198 tot_bler=0.07660 tot_init=14452 tot_retx=1188
slot 4 index 0 rnti 5505 mcs 24
slot 5 index 0 rnti 5505 mcs 24
slot 6 index 0 rnti 5505 mcs 24
slot 14 index 0 rnti 5505 mcs 24
slot 15 index 0 rnti 5505 mcs 24
slot 16 index 0 rnti 5505 mcs 24
slot 4 index 0 rnti 5505 mcs 24
slot 5 index 0 rnti 5505 mcs 24
slot 6 index 0 rnti 5505 mcs 24
slot 14 index 0 rnti 5505 mcs 24
slot 15 index 0 rnti 5505 mcs 24
slot 16 index 0 rnti 5505 mcs 24
slot 4 index 0 rnti 5505 mcs 24
slot 5 index 0 rnti 5505 mcs 24
slot 6 index 0 rnti 5505 mcs 24
slot 14 index 0 rnti 5505 mcs 24
slot 15 index 0 rnti 5505 mcs 24
slot 16 index 0 rnti 5505 mcs 24
slot 4 index 0 rnti 5505 mcs 24
slot 5 index 0 rnti 5505 mcs 24
[EMURAN-DL-CSV] t=57.899 win_tbs=20 win_fail=2 win_bler=0.10000 mcs_last=24 mcs_min=24 mcs_max=24 r0=18 r1=2 r2=0 r3=0  f0=2 f1=0 f2=0 f3=0 tot_tbs=15660 tot_fail=1200 tot_bler=0.07663 tot_init=14470 tot_retx=1190
slot 6 index 0 rnti 5505 mcs 24
slot 14 index 0 rnti 5505 mcs 24
slot 15 index 0 rnti 5505 mcs 24
slot 16 index 0 rnti 5505 mcs 24
slot 4 index 0 rnti 5505 mcs 24
slot 5 index 0 rnti 5505 mcs 24
slot 6 index 0 rnti 5505 mcs 24
slot 14 index 0 rnti 5505 mcs 24
slot 15 index 0 rnti 5505 mcs 24
slot 16 index 0 rnti 5505 mcs 24
slot 4 index 0 rnti 5505 mcs 24
slot 5 index 0 rnti 5505 mcs 24
slot 6 index 0 rnti 5505 mcs 24
slot 14 index 0 rnti 5505 mcs 24
slot 15 index 0 rnti 5505 mcs 24
slot 16 index 0 rnti 5505 mcs 24
slot 4 index 0 rnti 5505 mcs 24
slot 5 index 0 rnti 5505 mcs 24
slot 6 index 0 rnti 5505 mcs 24
slot 14 index 0 rnti 5505 mcs 24
[EMURAN-DL-CSV] t=57.972 win_tbs=20 win_fail=3 win_bler=0.15000 mcs_last=24 mcs_min=24 mcs_max=24 r0=18 r1=2 r2=0 r3=0  f0=3 f1=0 f2=0 f3=0 tot_tbs=15680 tot_fail=1203 tot_bler=0.07672 tot_init=14488 tot_retx=1192
slot 15 index 0 rnti 5505 mcs 24
slot 16 index 0 rnti 5505 mcs 24
slot 4 index 0 rnti 5505 mcs 24
slot 5 index 0 rnti 5505 mcs 24
slot 6 index 0 rnti 5505 mcs 24
slot 14 index 0 rnti 5505 mcs 24
slot 15 index 0 rnti 5505 mcs 24
slot 16 index 0 rnti 5505 mcs 24
slot 4 index 0 rnti 5505 mcs 24
slot 5 index 0 rnti 5505 mcs 24
slot 6 index 0 rnti 5505 mcs 24
slot 14 index 0 rnti 5505 mcs 24
slot 15 index 0 rnti 5505 mcs 24
slot 16 index 0 rnti 5505 mcs 24
slot 4 index 0 rnti 5505 mcs 24
slot 5 index 0 rnti 5505 mcs 24
slot 6 index 0 rnti 5505 mcs 24
slot 14 index 0 rnti 5505 mcs 24
slot 15 index 0 rnti 5505 mcs 24
slot 16 index 0 rnti 5505 mcs 24
[EMURAN-DL-CSV] t=58.037 win_tbs=20 win_fail=2 win_bler=0.10000 mcs_last=24 mcs_min=24 mcs_max=24 r0=19 r1=1 r2=0 r3=0  f0=2 f1=0 f2=0 f3=0 tot_tbs=15700 tot_fail=1205 tot_bler=0.07675 tot_init=14507 tot_retx=1193
slot 4 index 0 rnti 5505 mcs 24
slot 5 index 0 rnti 5505 mcs 24
slot 6 index 0 rnti 5505 mcs 24
slot 14 index 0 rnti 5505 mcs 24
slot 15 index 0 rnti 5505 mcs 24
slot 16 index 0 rnti 5505 mcs 24
slot 4 index 0 rnti 5505 mcs 24
slot 5 index 0 rnti 5505 mcs 24
slot 6 index 0 rnti 5505 mcs 24
slot 14 index 0 rnti 5505 mcs 24
slot 4 index 0 rnti 5505 mcs 24
slot 14 index 0 rnti 5505 mcs 24
slot 5 index 0 rnti 5505 mcs 24
slot 14 index 0 rnti 5505 mcs 24
slot 4 index 0 rnti 5505 mcs 24
slot 6 index 0 rnti 5505 mcs 24
slot 4 index 0 rnti 5505 mcs 24
slot 4 index 0 rnti 5505 mcs 23
slot 4 index 0 rnti 5505 mcs 22
slot 4 index 0 rnti 5505 mcs 21
slot 4 index 0 rnti 5505 mcs 20
slot 15 index 0 rnti 5505 mcs 21
slot 4 index 0 rnti 5505 mcs 19
slot 4 index 0 rnti 5505 mcs 18
slot 4 index 0 rnti 5505 mcs 17
slot 4 index 0 rnti 5505 mcs 16
slot 4 index 0 rnti 5505 mcs 15
slot 4 index 0 rnti 5505 mcs 14
slot 4 index 0 rnti 5505 mcs 13
slot 4 index 0 rnti 5505 mcs 12
slot 15 index 0 rnti 5505 mcs 13
slot 4 index 0 rnti 5505 mcs 11
slot 4 index 0 rnti 5505 mcs 10
slot 4 index 0 rnti 5505 mcs 9
slot 4 index 0 rnti 5505 mcs 9
slot 4 index 0 rnti 5505 mcs 9
slot 4 index 0 rnti 5505 mcs 9
slot 4 index 0 rnti 5505 mcs 9
slot 4 index 0 rnti 5505 mcs 9
slot 15 index 0 rnti 5505 mcs 9
slot 4 index 0 rnti 5505 mcs 8
slot 4 index 0 rnti 5505 mcs 7
slot 4 index 0 rnti 5505 mcs 7
slot 4 index 0 rnti 5505 mcs 7
slot 4 index 0 rnti 5505 mcs 7
slot 4 index 0 rnti 5505 mcs 7
slot 4 index 0 rnti 5505 mcs 7
slot 4 index 0 rnti 5505 mcs 7
slot 15 index 0 rnti 5505 mcs 7
slot 4 index 0 rnti 5505 mcs 6
slot 4 index 0 rnti 5505 mcs 6
slot 4 index 0 rnti 5505 mcs 6
slot 4 index 0 rnti 5505 mcs 6
slot 4 index 0 rnti 5505 mcs 6
slot 4 index 0 rnti 5505 mcs 6
slot 4 index 0 rnti 5505 mcs 6
slot 4 index 0 rnti 5505 mcs 6
slot 15 index 0 rnti 5505 mcs 6
slot 4 index 0 rnti 5505 mcs 6
slot 4 index 0 rnti 5505 mcs 6
slot 4 index 0 rnti 5505 mcs 6
slot 4 index 0 rnti 5505 mcs 6
slot 4 index 0 rnti 5505 mcs 6
slot 4 index 0 rnti 5505 mcs 6
slot 4 index 0 rnti 5505 mcs 6
slot 4 index 0 rnti 5505 mcs 6
slot 15 index 0 rnti 5505 mcs 6
slot 4 index 0 rnti 5505 mcs 6
slot 4 index 0 rnti 5505 mcs 6
slot 4 index 0 rnti 5505 mcs 6
slot 4 index 0 rnti 5505 mcs 6
slot 4 index 0 rnti 5505 mcs 6
slot 4 index 0 rnti 5505 mcs 6
slot 4 index 0 rnti 5505 mcs 6
slot 4 index 0 rnti 5505 mcs 6
slot 15 index 0 rnti 5505 mcs 6
slot 4 index 0 rnti 5505 mcs 6
slot 4 index 0 rnti 5505 mcs 6
slot 4 index 0 rnti 5505 mcs 6
slot 4 index 0 rnti 5505 mcs 6
slot 4 index 0 rnti 5505 mcs 6
slot 4 index 0 rnti 5505 mcs 6
slot 4 index 0 rnti 5505 mcs 6
slot 4 index 0 rnti 5505 mcs 6
slot 15 index 0 rnti 5505 mcs 6
slot 4 index 0 rnti 5505 mcs 6
slot 4 index 0 rnti 5505 mcs 6
slot 4 index 0 rnti 5505 mcs 6
slot 4 index 0 rnti 5505 mcs 6
slot 4 index 0 rnti 5505 mcs 6
slot 4 index 0 rnti 5505 mcs 6
slot 4 index 0 rnti 5505 mcs 6
slot 4 index 0 rnti 5505 mcs 6
slot 15 index 0 rnti 5505 mcs 6
slot 4 index 0 rnti 5505 mcs 6
slot 4 index 0 rnti 5505 mcs 6
slot 4 index 0 rnti 5505 mcs 6
slot 4 index 0 rnti 5505 mcs 6
slot 4 index 0 rnti 5505 mcs 6
slot 4 index 0 rnti 5505 mcs 6
slot 4 index 0 rnti 5505 mcs 6
slot 4 index 0 rnti 5505 mcs 6
slot 15 index 0 rnti 5505 mcs 6
slot 4 index 0 rnti 5505 mcs 6
slot 4 index 0 rnti 5505 mcs 6
slot 4 index 0 rnti 5505 mcs 6
slot 4 index 0 rnti 5505 mcs 6
slot 4 index 0 rnti 5505 mcs 6
slot 4 index 0 rnti 5505 mcs 6
slot 4 index 0 rnti 5505 mcs 6
slot 4 index 0 rnti 5505 mcs 6
slot 15 index 0 rnti 5505 mcs 6
slot 4 index 0 rnti 5505 mcs 6
slot 4 index 0 rnti 5505 mcs 6
slot 4 index 0 rnti 5505 mcs 6
slot 4 index 0 rnti 5505 mcs 6
slot 4 index 0 rnti 5505 mcs 6
slot 4 index 0 rnti 5505 mcs 6
slot 4 index 0 rnti 5505 mcs 6
slot 4 index 0 rnti 5505 mcs 6
slot 15 index 0 rnti 5505 mcs 6
slot 4 index 0 rnti 5505 mcs 6
slot 4 index 0 rnti 5505 mcs 6
slot 4 index 0 rnti 5505 mcs 6
slot 4 index 0 rnti 5505 mcs 6
slot 4 index 0 rnti 5505 mcs 6
slot 4 index 0 rnti 5505 mcs 6
slot 4 index 0 rnti 5505 mcs 6
slot 4 index 0 rnti 5505 mcs 6
slot 15 index 0 rnti 5505 mcs 6
slot 4 index 0 rnti 5505 mcs 6
slot 4 index 0 rnti 5505 mcs 6
slot 4 index 0 rnti 5505 mcs 6
slot 4 index 0 rnti 5505 mcs 6
slot 4 index 0 rnti 5505 mcs 6
slot 4 index 0 rnti 5505 mcs 6
slot 4 index 0 rnti 5505 mcs 6
slot 4 index 0 rnti 5505 mcs 6
slot 15 index 0 rnti 5505 mcs 6
slot 4 index 0 rnti 5505 mcs 6
slot 4 index 0 rnti 5505 mcs 6
slot 4 index 0 rnti 5505 mcs 6
slot 4 index 0 rnti 5505 mcs 6
slot 4 index 0 rnti 5505 mcs 6
slot 4 index 0 rnti 5505 mcs 6
slot 4 index 0 rnti 5505 mcs 6
slot 4 index 0 rnti 5505 mcs 6
slot 15 index 0 rnti 5505 mcs 6
slot 4 index 0 rnti 5505 mcs 6
slot 4 index 0 rnti 5505 mcs 6
slot 4 index 0 rnti 5505 mcs 6
slot 4 index 0 rnti 5505 mcs 6
slot 4 index 0 rnti 5505 mcs 6
slot 4 index 0 rnti 5505 mcs 6
slot 4 index 0 rnti 5505 mcs 6
slot 4 index 0 rnti 5505 mcs 6
slot 15 index 0 rnti 5505 mcs 6
slot 4 index 0 rnti 5505 mcs 6
slot 4 index 0 rnti 5505 mcs 6
slot 4 index 0 rnti 5505 mcs 6
slot 4 index 0 rnti 5505 mcs 6
slot 4 index 0 rnti 5505 mcs 6
slot 4 index 0 rnti 5505 mcs 6
slot 4 index 0 rnti 5505 mcs 6
slot 4 index 0 rnti 5505 mcs 6
slot 15 index 0 rnti 5505 mcs 6
slot 4 index 0 rnti 5505 mcs 6
slot 4 index 0 rnti 5505 mcs 6
slot 4 index 0 rnti 5505 mcs 6
slot 4 index 0 rnti 5505 mcs 6
slot 4 index 0 rnti 5505 mcs 6
slot 4 index 0 rnti 5505 mcs 6
slot 4 index 0 rnti 5505 mcs 6
slot 4 index 0 rnti 5505 mcs 6
slot 15 index 0 rnti 5505 mcs 6
slot 4 index 0 rnti 5505 mcs 6
slot 4 index 0 rnti 5505 mcs 6
slot 4 index 0 rnti 5505 mcs 6
slot 4 index 0 rnti 5505 mcs 6
slot 4 index 0 rnti 5505 mcs 6
slot 4 index 0 rnti 5505 mcs 6
slot 4 index 0 rnti 5505 mcs 6
slot 4 index 0 rnti 5505 mcs 6
slot 15 index 0 rnti 5505 mcs 6
slot 4 index 0 rnti 5505 mcs 6
slot 4 index 0 rnti 5505 mcs 6
slot 4 index 0 rnti 5505 mcs 6
slot 4 index 0 rnti 5505 mcs 6
slot 4 index 0 rnti 5505 mcs 6
slot 4 index 0 rnti 5505 mcs 6
slot 4 index 0 rnti 5505 mcs 6
slot 4 index 0 rnti 5505 mcs 6
slot 15 index 0 rnti 5505 mcs 6
slot 4 index 0 rnti 5505 mcs 6
slot 4 index 0 rnti 5505 mcs 6
slot 4 index 0 rnti 5505 mcs 6
slot 4 index 0 rnti 5505 mcs 6
slot 4 index 0 rnti 5505 mcs 6
slot 4 index 0 rnti 5505 mcs 6
slot 4 index 0 rnti 5505 mcs 6
slot 4 index 0 rnti 5505 mcs 6
slot 15 index 0 rnti 5505 mcs 6
slot 4 index 0 rnti 5505 mcs 6
slot 4 index 0 rnti 5505 mcs 6
slot 4 index 0 rnti 5505 mcs 6
slot 4 index 0 rnti 5505 mcs 6
slot 4 index 0 rnti 5505 mcs 6
slot 4 index 0 rnti 5505 mcs 6
slot 4 index 0 rnti 5505 mcs 6
slot 4 index 0 rnti 5505 mcs 6
slot 15 index 0 rnti 5505 mcs 6
slot 4 index 0 rnti 5505 mcs 6
slot 4 index 0 rnti 5505 mcs 6
slot 4 index 0 rnti 5505 mcs 6
slot 4 index 0 rnti 5505 mcs 6
slot 4 index 0 rnti 5505 mcs 6
slot 4 index 0 rnti 5505 mcs 6
slot 4 index 0 rnti 5505 mcs 6
slot 4 index 0 rnti 5505 mcs 6
slot 15 index 0 rnti 5505 mcs 6
slot 4 index 0 rnti 5505 mcs 6
slot 4 index 0 rnti 5505 mcs 6
slot 4 index 0 rnti 5505 mcs 6
slot 4 index 0 rnti 5505 mcs 6
slot 4 index 0 rnti 5505 mcs 6
slot 4 index 0 rnti 5505 mcs 6
slot 4 index 0 rnti 5505 mcs 6
slot 4 index 0 rnti 5505 mcs 6
slot 15 index 0 rnti 5505 mcs 6
slot 4 index 0 rnti 5505 mcs 6
slot 4 index 0 rnti 5505 mcs 6
slot 4 index 0 rnti 5505 mcs 6
slot 4 index 0 rnti 5505 mcs 6
slot 4 index 0 rnti 5505 mcs 6
slot 4 index 0 rnti 5505 mcs 6
slot 4 index 0 rnti 5505 mcs 6
slot 4 index 0 rnti 5505 mcs 6
slot 15 index 0 rnti 5505 mcs 6
slot 4 index 0 rnti 5505 mcs 6
slot 4 index 0 rnti 5505 mcs 6
slot 4 index 0 rnti 5505 mcs 6
slot 4 index 0 rnti 5505 mcs 6
slot 4 index 0 rnti 5505 mcs 6
slot 4 index 0 rnti 5505 mcs 6
slot 4 index 0 rnti 5505 mcs 6
slot 4 index 0 rnti 5505 mcs 6
slot 15 index 0 rnti 5505 mcs 6
slot 4 index 0 rnti 5505 mcs 6
slot 4 index 0 rnti 5505 mcs 6
slot 4 index 0 rnti 5505 mcs 6
slot 4 index 0 rnti 5505 mcs 6
slot 4 index 0 rnti 5505 mcs 6
slot 4 index 0 rnti 5505 mcs 6
slot 4 index 0 rnti 5505 mcs 6
slot 4 index 0 rnti 5505 mcs 6
slot 15 index 0 rnti 5505 mcs 6
slot 4 index 0 rnti 5505 mcs 6
slot 4 index 0 rnti 5505 mcs 6
slot 4 index 0 rnti 5505 mcs 6
slot 4 index 0 rnti 5505 mcs 6
slot 4 index 0 rnti 5505 mcs 6
slot 4 index 0 rnti 5505 mcs 6
slot 4 index 0 rnti 5505 mcs 6
slot 4 index 0 rnti 5505 mcs 6
slot 15 index 0 rnti 5505 mcs 6
slot 4 index 0 rnti 5505 mcs 6
slot 4 index 0 rnti 5505 mcs 6
slot 4 index 0 rnti 5505 mcs 6
slot 4 index 0 rnti 5505 mcs 6
slot 4 index 0 rnti 5505 mcs 6
slot 4 index 0 rnti 5505 mcs 6
slot 4 index 0 rnti 5505 mcs 6
slot 4 index 0 rnti 5505 mcs 6
slot 15 index 0 rnti 5505 mcs 6
slot 4 index 0 rnti 5505 mcs 6
slot 4 index 0 rnti 5505 mcs 6
slot 4 index 0 rnti 5505 mcs 6
slot 4 index 0 rnti 5505 mcs 6
slot 4 index 0 rnti 5505 mcs 6
slot 4 index 0 rnti 5505 mcs 6
slot 4 index 0 rnti 5505 mcs 6
slot 4 index 0 rnti 5505 mcs 6
slot 15 index 0 rnti 5505 mcs 6
slot 4 index 0 rnti 5505 mcs 6
slot 4 index 0 rnti 5505 mcs 6
slot 4 index 0 rnti 5505 mcs 6
slot 4 index 0 rnti 5505 mcs 6
slot 4 index 0 rnti 5505 mcs 6
slot 4 index 0 rnti 5505 mcs 6
slot 4 index 0 rnti 5505 mcs 6
slot 4 index 0 rnti 5505 mcs 6
slot 15 index 0 rnti 5505 mcs 6
slot 4 index 0 rnti 5505 mcs 6
slot 4 index 0 rnti 5505 mcs 6
slot 4 index 0 rnti 5505 mcs 6
slot 4 index 0 rnti 5505 mcs 6
slot 4 index 0 rnti 5505 mcs 6
slot 4 index 0 rnti 5505 mcs 6
slot 4 index 0 rnti 5505 mcs 6
slot 4 index 0 rnti 5505 mcs 6
slot 15 index 0 rnti 5505 mcs 6
slot 4 index 0 rnti 5505 mcs 6
slot 4 index 0 rnti 5505 mcs 6
slot 4 index 0 rnti 5505 mcs 6
slot 4 index 0 rnti 5505 mcs 6
slot 4 index 0 rnti 5505 mcs 6
slot 4 index 0 rnti 5505 mcs 6
slot 4 index 0 rnti 5505 mcs 6
slot 4 index 0 rnti 5505 mcs 6
slot 15 index 0 rnti 5505 mcs 6
slot 4 index 0 rnti 5505 mcs 6
slot 4 index 0 rnti 5505 mcs 6
slot 4 index 0 rnti 5505 mcs 6
slot 4 index 0 rnti 5505 mcs 6
slot 4 index 0 rnti 5505 mcs 6
slot 4 index 0 rnti 5505 mcs 6
slot 4 index 0 rnti 5505 mcs 6
slot 4 index 0 rnti 5505 mcs 6
slot 15 index 0 rnti 5505 mcs 6
slot 4 index 0 rnti 5505 mcs 6
slot 4 index 0 rnti 5505 mcs 6
slot 4 index 0 rnti 5505 mcs 6
slot 4 index 0 rnti 5505 mcs 6
slot 4 index 0 rnti 5505 mcs 6
slot 4 index 0 rnti 5505 mcs 6
slot 4 index 0 rnti 5505 mcs 6
slot 4 index 0 rnti 5505 mcs 6
slot 15 index 0 rnti 5505 mcs 6
slot 4 index 0 rnti 5505 mcs 6
slot 4 index 0 rnti 5505 mcs 6
slot 4 index 0 rnti 5505 mcs 6
slot 4 index 0 rnti 5505 mcs 6
slot 4 index 0 rnti 5505 mcs 6
slot 4 index 0 rnti 5505 mcs 6
slot 4 index 0 rnti 5505 mcs 6
slot 4 index 0 rnti 5505 mcs 6
slot 15 index 0 rnti 5505 mcs 6
slot 4 index 0 rnti 5505 mcs 6
slot 4 index 0 rnti 5505 mcs 6
slot 4 index 0 rnti 5505 mcs 6
slot 4 index 0 rnti 5505 mcs 6
slot 4 index 0 rnti 5505 mcs 6
slot 4 index 0 rnti 5505 mcs 6
slot 4 index 0 rnti 5505 mcs 6
slot 4 index 0 rnti 5505 mcs 6
slot 15 index 0 rnti 5505 mcs 6
slot 4 index 0 rnti 5505 mcs 6
slot 4 index 0 rnti 5505 mcs 6
slot 4 index 0 rnti 5505 mcs 6
slot 4 index 0 rnti 5505 mcs 6
slot 4 index 0 rnti 5505 mcs 6
slot 4 index 0 rnti 5505 mcs 6
slot 4 index 0 rnti 5505 mcs 6
slot 4 index 0 rnti 5505 mcs 6
slot 15 index 0 rnti 5505 mcs 6
slot 4 index 0 rnti 5505 mcs 6
slot 4 index 0 rnti 5505 mcs 6
slot 4 index 0 rnti 5505 mcs 6
slot 4 index 0 rnti 5505 mcs 6
slot 4 index 0 rnti 5505 mcs 6
slot 4 index 0 rnti 5505 mcs 6
slot 4 index 0 rnti 5505 mcs 6
slot 4 index 0 rnti 5505 mcs 6
slot 15 index 0 rnti 5505 mcs 6
slot 4 index 0 rnti 5505 mcs 6
slot 4 index 0 rnti 5505 mcs 6
slot 4 index 0 rnti 5505 mcs 6
slot 4 index 0 rnti 5505 mcs 6
slot 4 index 0 rnti 5505 mcs 6
slot 4 index 0 rnti 5505 mcs 6
slot 4 index 0 rnti 5505 mcs 6
slot 4 index 0 rnti 5505 mcs 6
slot 15 index 0 rnti 5505 mcs 6
slot 4 index 0 rnti 5505 mcs 6
slot 4 index 0 rnti 5505 mcs 6
slot 4 index 0 rnti 5505 mcs 6
slot 4 index 0 rnti 5505 mcs 6
slot 4 index 0 rnti 5505 mcs 6
slot 4 index 0 rnti 5505 mcs 6
slot 4 index 0 rnti 5505 mcs 6
slot 4 index 0 rnti 5505 mcs 6
slot 15 index 0 rnti 5505 mcs 6
slot 4 index 0 rnti 5505 mcs 6
slot 4 index 0 rnti 5505 mcs 6
slot 4 index 0 rnti 5505 mcs 6
slot 4 index 0 rnti 5505 mcs 6
slot 4 index 0 rnti 5505 mcs 6
slot 4 index 0 rnti 5505 mcs 6
slot 4 index 0 rnti 5505 mcs 6
slot 4 index 0 rnti 5505 mcs 6
slot 15 index 0 rnti 5505 mcs 6
slot 4 index 0 rnti 5505 mcs 6
slot 4 index 0 rnti 5505 mcs 6
slot 4 index 0 rnti 5505 mcs 6
slot 4 index 0 rnti 5505 mcs 6
slot 4 index 0 rnti 5505 mcs 6
slot 4 index 0 rnti 5505 mcs 6
slot 4 index 0 rnti 5505 mcs 6
slot 4 index 0 rnti 5505 mcs 6
slot 15 index 0 rnti 5505 mcs 6
slot 4 index 0 rnti 5505 mcs 6
slot 4 index 0 rnti 5505 mcs 6
slot 4 index 0 rnti 5505 mcs 6
slot 4 index 0 rnti 5505 mcs 6
slot 4 index 0 rnti 5505 mcs 6
slot 4 index 0 rnti 5505 mcs 6
slot 4 index 0 rnti 5505 mcs 6
slot 4 index 0 rnti 5505 mcs 6
slot 15 index 0 rnti 5505 mcs 6
slot 4 index 0 rnti 5505 mcs 6
slot 4 index 0 rnti 5505 mcs 6
slot 4 index 0 rnti 5505 mcs 6
slot 4 index 0 rnti 5505 mcs 6
slot 4 index 0 rnti 5505 mcs 6
slot 4 index 0 rnti 5505 mcs 6
slot 4 index 0 rnti 5505 mcs 6
slot 4 index 0 rnti 5505 mcs 6
slot 15 index 0 rnti 5505 mcs 6
slot 4 index 0 rnti 5505 mcs 6
slot 4 index 0 rnti 5505 mcs 6
slot 4 index 0 rnti 5505 mcs 6
slot 4 index 0 rnti 5505 mcs 6
slot 4 index 0 rnti 5505 mcs 6
slot 4 index 0 rnti 5505 mcs 6
slot 4 index 0 rnti 5505 mcs 6
slot 4 index 0 rnti 5505 mcs 6
slot 15 index 0 rnti 5505 mcs 6
slot 4 index 0 rnti 5505 mcs 6
slot 4 index 0 rnti 5505 mcs 6
slot 4 index 0 rnti 5505 mcs 6
slot 4 index 0 rnti 5505 mcs 6
slot 4 index 0 rnti 5505 mcs 6
slot 4 index 0 rnti 5505 mcs 6
slot 4 index 0 rnti 5505 mcs 6
slot 4 index 0 rnti 5505 mcs 6
slot 15 index 0 rnti 5505 mcs 6
slot 4 index 0 rnti 5505 mcs 6
slot 4 index 0 rnti 5505 mcs 6
slot 4 index 0 rnti 5505 mcs 6
slot 4 index 0 rnti 5505 mcs 6
slot 4 index 0 rnti 5505 mcs 6
slot 4 index 0 rnti 5505 mcs 6
slot 4 index 0 rnti 5505 mcs 6
slot 4 index 0 rnti 5505 mcs 6
slot 15 index 0 rnti 5505 mcs 6
slot 4 index 0 rnti 5505 mcs 6
slot 4 index 0 rnti 5505 mcs 6
slot 4 index 0 rnti 5505 mcs 6
slot 4 index 0 rnti 5505 mcs 6
slot 4 index 0 rnti 5505 mcs 6
slot 4 index 0 rnti 5505 mcs 6
slot 4 index 0 rnti 5505 mcs 6
[UE-STAT] frame=0 dci_cnt=566 total_tbs=10098480 ack_real=543 nack_real=8 fb_missing=17 decode_cnt=566
slot 4 index 0 rnti 5505 mcs 6
slot 15 index 0 rnti 5505 mcs 6
slot 4 index 0 rnti 5505 mcs 6
slot 4 index 0 rnti 5505 mcs 6
slot 4 index 0 rnti 5505 mcs 6
slot 4 index 0 rnti 5505 mcs 6
slot 4 index 0 rnti 5505 mcs 6
slot 4 index 0 rnti 5505 mcs 6
slot 4 index 0 rnti 5505 mcs 6
slot 4 index 0 rnti 5505 mcs 6
slot 15 index 0 rnti 5505 mcs 6
slot 4 index 0 rnti 5505 mcs 6
[UE-STAT] frame=100 dci_cnt=12 total_tbs=7680 ack_real=12 nack_real=0 fb_missing=0 decode_cnt=12
slot 4 index 0 rnti 5505 mcs 6
slot 4 index 0 rnti 5505 mcs 6
slot 4 index 0 rnti 5505 mcs 6
slot 4 index 0 rnti 5505 mcs 6
slot 4 index 0 rnti 5505 mcs 6
slot 4 index 0 rnti 5505 mcs 6
slot 4 index 0 rnti 5505 mcs 6
slot 15 index 0 rnti 5505 mcs 6
slot 4 index 0 rnti 5505 mcs 6
slot 4 index 0 rnti 5505 mcs 6
slot 4 index 0 rnti 5505 mcs 6
[UE-STAT] frame=200 dci_cnt=11 total_tbs=7040 ack_real=11 nack_real=0 fb_missing=0 decode_cnt=11
slot 4 index 0 rnti 5505 mcs 6
slot 4 index 0 rnti 5505 mcs 6
slot 4 index 0 rnti 5505 mcs 6
slot 4 index 0 rnti 5505 mcs 6
slot 4 index 0 rnti 5505 mcs 6
slot 15 index 0 rnti 5505 mcs 6
slot 4 index 0 rnti 5505 mcs 6
slot 4 index 0 rnti 5505 mcs 6
slot 4 index 0 rnti 5505 mcs 6
slot 4 index 0 rnti 5505 mcs 6
slot 4 index 0 rnti 5505 mcs 6
[UE-STAT] frame=300 dci_cnt=11 total_tbs=7040 ack_real=11 nack_real=0 fb_missing=0 decode_cnt=11
slot 4 index 0 rnti 5505 mcs 6
slot 4 index 0 rnti 5505 mcs 6
slot 4 index 0 rnti 5505 mcs 6
slot 15 index 0 rnti 5505 mcs 6
slot 4 index 0 rnti 5505 mcs 6
slot 4 index 0 rnti 5505 mcs 6
slot 4 index 0 rnti 5505 mcs 6
slot 4 index 0 rnti 5505 mcs 6
slot 4 index 0 rnti 5505 mcs 6
slot 4 index 0 rnti 5505 mcs 6
slot 4 index 0 rnti 5505 mcs 6
[UE-STAT] frame=400 dci_cnt=11 total_tbs=7040 ack_real=11 nack_real=0 fb_missing=0 decode_cnt=11
slot 4 index 0 rnti 5505 mcs 6
slot 15 index 0 rnti 5505 mcs 6
slot 4 index 0 rnti 5505 mcs 6
slot 4 index 0 rnti 5505 mcs 6
slot 4 index 0 rnti 5505 mcs 6
slot 4 index 0 rnti 5505 mcs 6
slot 4 index 0 rnti 5505 mcs 6
slot 4 index 0 rnti 5505 mcs 6
slot 4 index 0 rnti 5505 mcs 6
slot 4 index 0 rnti 5505 mcs 6
slot 15 index 0 rnti 5505 mcs 6
slot 4 index 0 rnti 5505 mcs 6
[UE-STAT] frame=500 dci_cnt=12 total_tbs=7680 ack_real=12 nack_real=0 fb_missing=0 decode_cnt=12
slot 4 index 0 rnti 5505 mcs 6
slot 4 index 0 rnti 5505 mcs 6
slot 4 index 0 rnti 5505 mcs 6
slot 4 index 0 rnti 5505 mcs 6
slot 4 index 0 rnti 5505 mcs 6
slot 4 index 0 rnti 5505 mcs 6
slot 4 index 0 rnti 5505 mcs 6
slot 15 index 0 rnti 5505 mcs 6
slot 4 index 0 rnti 5505 mcs 6
slot 4 index 0 rnti 5505 mcs 6
slot 4 index 0 rnti 5505 mcs 6
[UE-STAT] frame=600 dci_cnt=11 total_tbs=7040 ack_real=11 nack_real=0 fb_missing=0 decode_cnt=11
slot 4 index 0 rnti 5505 mcs 6
slot 4 index 0 rnti 5505 mcs 6
slot 4 index 0 rnti 5505 mcs 6
slot 4 index 0 rnti 5505 mcs 6
slot 4 index 0 rnti 5505 mcs 6
slot 15 index 0 rnti 5505 mcs 6
slot 4 index 0 rnti 5505 mcs 6
slot 4 index 0 rnti 5505 mcs 6
slot 4 index 0 rnti 5505 mcs 6
slot 4 index 0 rnti 5505 mcs 6
slot 4 index 0 rnti 5505 mcs 6
[UE-STAT] frame=700 dci_cnt=11 total_tbs=7040 ack_real=11 nack_real=0 fb_missing=0 decode_cnt=11
slot 4 index 0 rnti 5505 mcs 6
slot 4 index 0 rnti 5505 mcs 6
slot 4 index 0 rnti 5505 mcs 6
slot 15 index 0 rnti 5505 mcs 6
slot 4 index 0 rnti 5505 mcs 6
slot 4 index 0 rnti 5505 mcs 6
slot 4 index 0 rnti 5505 mcs 6
slot 4 index 0 rnti 5505 mcs 6
slot 4 index 0 rnti 5505 mcs 6
slot 4 index 0 rnti 5505 mcs 6
slot 4 index 0 rnti 5505 mcs 6
[UE-STAT] frame=800 dci_cnt=11 total_tbs=7040 ack_real=11 nack_real=0 fb_missing=0 decode_cnt=11
slot 4 index 0 rnti 5505 mcs 6
slot 15 index 0 rnti 5505 mcs 6
slot 4 index 0 rnti 5505 mcs 6
slot 4 index 0 rnti 5505 mcs 6
slot 4 index 0 rnti 5505 mcs 6
slot 4 index 0 rnti 5505 mcs 6
slot 4 index 0 rnti 5505 mcs 6
slot 4 index 0 rnti 5505 mcs 6
slot 4 index 0 rnti 5505 mcs 6
slot 4 index 0 rnti 5505 mcs 6
slot 15 index 0 rnti 5505 mcs 6
slot 4 index 0 rnti 5505 mcs 6
[UE-STAT] frame=900 dci_cnt=12 total_tbs=7680 ack_real=12 nack_real=0 fb_missing=0 decode_cnt=12
slot 4 index 0 rnti 5505 mcs 6
slot 4 index 0 rnti 5505 mcs 6
slot 4 index 0 rnti 5505 mcs 6
slot 4 index 0 rnti 5505 mcs 6
slot 4 index 0 rnti 5505 mcs 6
slot 4 index 0 rnti 5505 mcs 6
slot 4 index 0 rnti 5505 mcs 6
slot 15 index 0 rnti 5505 mcs 6
slot 4 index 0 rnti 5505 mcs 6
slot 4 index 0 rnti 5505 mcs 6
slot 4 index 0 rnti 5505 mcs 6
[UE-STAT] frame=1000 dci_cnt=11 total_tbs=7040 ack_real=11 nack_real=0 fb_missing=0 decode_cnt=11
slot 4 index 0 rnti 5505 mcs 6
slot 4 index 0 rnti 5505 mcs 6
slot 4 index 0 rnti 5505 mcs 6
slot 4 index 0 rnti 5505 mcs 6
slot 4 index 0 rnti 5505 mcs 6
slot 15 index 0 rnti 5505 mcs 6
slot 4 index 0 rnti 5505 mcs 6
slot 4 index 0 rnti 5505 mcs 6
slot 4 index 0 rnti 5505 mcs 6
slot 4 index 0 rnti 5505 mcs 6
slot 4 index 0 rnti 5505 mcs 6
slot 4 index 0 rnti 5505 mcs 6
slot 4 index 0 rnti 5505 mcs 6
slot 4 index 0 rnti 5505 mcs 6
slot 15 index 0 rnti 5505 mcs 6
slot 4 index 0 rnti 5505 mcs 6
slot 4 index 0 rnti 5505 mcs 6
slot 4 index 0 rnti 5505 mcs 6
slot 4 index 0 rnti 5505 mcs 6
slot 4 index 0 rnti 5505 mcs 6
slot 4 index 0 rnti 5505 mcs 6
slot 4 index 0 rnti 5505 mcs 6
slot 4 index 0 rnti 5505 mcs 6
slot 15 index 0 rnti 5505 mcs 6
slot 4 index 0 rnti 5505 mcs 6
slot 4 index 0 rnti 5505 mcs 6
slot 4 index 0 rnti 5505 mcs 6
slot 4 index 0 rnti 5505 mcs 6
slot 4 index 0 rnti 5505 mcs 6
slot 4 index 0 rnti 5505 mcs 6
slot 4 index 0 rnti 5505 mcs 6
slot 4 index 0 rnti 5505 mcs 6
slot 15 index 0 rnti 5505 mcs 6
slot 4 index 0 rnti 5505 mcs 6
slot 4 index 0 rnti 5505 mcs 6
slot 4 index 0 rnti 5505 mcs 6
slot 4 index 0 rnti 5505 mcs 6
slot 4 index 0 rnti 5505 mcs 6
slot 4 index 0 rnti 5505 mcs 6
slot 4 index 0 rnti 5505 mcs 6
slot 4 index 0 rnti 5505 mcs 6
slot 15 index 0 rnti 5505 mcs 6
slot 4 index 0 rnti 5505 mcs 6
slot 4 index 0 rnti 5505 mcs 6
slot 4 index 0 rnti 5505 mcs 6
slot 4 index 0 rnti 5505 mcs 6
slot 4 index 0 rnti 5505 mcs 6
slot 4 index 0 rnti 5505 mcs 6
slot 4 index 0 rnti 5505 mcs 6
slot 4 index 0 rnti 5505 mcs 6
slot 15 index 0 rnti 5505 mcs 6
slot 4 index 0 rnti 5505 mcs 6
slot 4 index 0 rnti 5505 mcs 6
slot 4 index 0 rnti 5505 mcs 6
slot 4 index 0 rnti 5505 mcs 6
slot 4 index 0 rnti 5505 mcs 6
slot 4 index 0 rnti 5505 mcs 6
slot 4 index 0 rnti 5505 mcs 6
slot 4 index 0 rnti 5505 mcs 6
slot 15 index 0 rnti 5505 mcs 6
slot 4 index 0 rnti 5505 mcs 6
slot 4 index 0 rnti 5505 mcs 6
slot 4 index 0 rnti 5505 mcs 6
slot 4 index 0 rnti 5505 mcs 6
slot 4 index 0 rnti 5505 mcs 6
slot 4 index 0 rnti 5505 mcs 6
slot 4 index 0 rnti 5505 mcs 6
slot 4 index 0 rnti 5505 mcs 6
slot 15 index 0 rnti 5505 mcs 6
slot 4 index 0 rnti 5505 mcs 6
slot 4 index 0 rnti 5505 mcs 6
slot 4 index 0 rnti 5505 mcs 6
slot 4 index 0 rnti 5505 mcs 6
slot 4 index 0 rnti 5505 mcs 6
slot 4 index 0 rnti 5505 mcs 6
slot 4 index 0 rnti 5505 mcs 6
slot 4 index 0 rnti 5505 mcs 6
slot 15 index 0 rnti 5505 mcs 6
slot 4 index 0 rnti 5505 mcs 6
slot 4 index 0 rnti 5505 mcs 6
slot 4 index 0 rnti 5505 mcs 6
slot 4 index 0 rnti 5505 mcs 6
slot 4 index 0 rnti 5505 mcs 6
slot 4 index 0 rnti 5505 mcs 6
slot 4 index 0 rnti 5505 mcs 6
slot 4 index 0 rnti 5505 mcs 6
slot 15 index 0 rnti 5505 mcs 6
slot 4 index 0 rnti 5505 mcs 6
slot 4 index 0 rnti 5505 mcs 6
slot 4 index 0 rnti 5505 mcs 6
slot 4 index 0 rnti 5505 mcs 6
slot 4 index 0 rnti 5505 mcs 6
slot 4 index 0 rnti 5505 mcs 6
slot 4 index 0 rnti 5505 mcs 6
slot 4 index 0 rnti 5505 mcs 6
slot 15 index 0 rnti 5505 mcs 6
slot 4 index 0 rnti 5505 mcs 6
slot 4 index 0 rnti 5505 mcs 6
slot 4 index 0 rnti 5505 mcs 6
slot 4 index 0 rnti 5505 mcs 6
slot 4 index 0 rnti 5505 mcs 6
slot 4 index 0 rnti 5505 mcs 6
slot 4 index 0 rnti 5505 mcs 6
slot 4 index 0 rnti 5505 mcs 6
slot 15 index 0 rnti 5505 mcs 6
slot 4 index 0 rnti 5505 mcs 6
slot 4 index 0 rnti 5505 mcs 6
slot 4 index 0 rnti 5505 mcs 6
slot 4 index 0 rnti 5505 mcs 6
slot 4 index 0 rnti 5505 mcs 6
slot 4 index 0 rnti 5505 mcs 6
slot 4 index 0 rnti 5505 mcs 6
slot 4 index 0 rnti 5505 mcs 6
slot 15 index 0 rnti 5505 mcs 6
slot 4 index 0 rnti 5505 mcs 6
slot 4 index 0 rnti 5505 mcs 6
slot 4 index 0 rnti 5505 mcs 6
slot 4 index 0 rnti 5505 mcs 6
slot 4 index 0 rnti 5505 mcs 6
slot 4 index 0 rnti 5505 mcs 6
slot 4 index 0 rnti 5505 mcs 6
slot 4 index 0 rnti 5505 mcs 6
slot 15 index 0 rnti 5505 mcs 6
slot 4 index 0 rnti 5505 mcs 6
slot 4 index 0 rnti 5505 mcs 6
slot 4 index 0 rnti 5505 mcs 6
slot 4 index 0 rnti 5505 mcs 6
slot 4 index 0 rnti 5505 mcs 6
slot 4 index 0 rnti 5505 mcs 6
slot 4 index 0 rnti 5505 mcs 6
slot 4 index 0 rnti 5505 mcs 6
slot 15 index 0 rnti 5505 mcs 6
slot 4 index 0 rnti 5505 mcs 6
slot 4 index 0 rnti 5505 mcs 6
slot 4 index 0 rnti 5505 mcs 6
slot 4 index 0 rnti 5505 mcs 6
slot 4 index 0 rnti 5505 mcs 6
slot 4 index 0 rnti 5505 mcs 6
slot 4 index 0 rnti 5505 mcs 6
slot 4 index 0 rnti 5505 mcs 6
slot 15 index 0 rnti 5505 mcs 6
slot 4 index 0 rnti 5505 mcs 6
slot 4 index 0 rnti 5505 mcs 6
slot 4 index 0 rnti 5505 mcs 6
slot 4 index 0 rnti 5505 mcs 6
slot 4 index 0 rnti 5505 mcs 6
slot 4 index 0 rnti 5505 mcs 6
slot 4 index 0 rnti 5505 mcs 6
slot 4 index 0 rnti 5505 mcs 6
slot 15 index 0 rnti 5505 mcs 6
slot 4 index 0 rnti 5505 mcs 6
slot 4 index 0 rnti 5505 mcs 6
slot 4 index 0 rnti 5505 mcs 6
slot 4 index 0 rnti 5505 mcs 6
slot 4 index 0 rnti 5505 mcs 6
slot 4 index 0 rnti 5505 mcs 6
slot 4 index 0 rnti 5505 mcs 6
slot 4 index 0 rnti 5505 mcs 6
slot 15 index 0 rnti 5505 mcs 6
slot 4 index 0 rnti 5505 mcs 6
slot 4 index 0 rnti 5505 mcs 6
slot 4 index 0 rnti 5505 mcs 6
slot 4 index 0 rnti 5505 mcs 6
slot 4 index 0 rnti 5505 mcs 6
slot 4 index 0 rnti 5505 mcs 6
slot 4 index 0 rnti 5505 mcs 6
slot 4 index 0 rnti 5505 mcs 6
slot 15 index 0 rnti 5505 mcs 6
slot 4 index 0 rnti 5505 mcs 6
slot 4 index 0 rnti 5505 mcs 6
slot 4 index 0 rnti 5505 mcs 6
slot 4 index 0 rnti 5505 mcs 6
slot 4 index 0 rnti 5505 mcs 6
slot 4 index 0 rnti 5505 mcs 6
slot 4 index 0 rnti 5505 mcs 6
slot 4 index 0 rnti 5505 mcs 6
slot 15 index 0 rnti 5505 mcs 6
slot 4 index 0 rnti 5505 mcs 6
slot 4 index 0 rnti 5505 mcs 6
slot 4 index 0 rnti 5505 mcs 6
slot 4 index 0 rnti 5505 mcs 6
slot 4 index 0 rnti 5505 mcs 6
slot 4 index 0 rnti 5505 mcs 6
slot 4 index 0 rnti 5505 mcs 6
slot 4 index 0 rnti 5505 mcs 6
slot 15 index 0 rnti 5505 mcs 6
slot 4 index 0 rnti 5505 mcs 6
slot 4 index 0 rnti 5505 mcs 6
slot 4 index 0 rnti 5505 mcs 6
slot 4 index 0 rnti 5505 mcs 6
slot 4 index 0 rnti 5505 mcs 6
slot 4 index 0 rnti 5505 mcs 6
slot 4 index 0 rnti 5505 mcs 6
slot 4 index 0 rnti 5505 mcs 6
slot 15 index 0 rnti 5505 mcs 6
slot 4 index 0 rnti 5505 mcs 6
slot 4 index 0 rnti 5505 mcs 6
slot 4 index 0 rnti 5505 mcs 6
slot 4 index 0 rnti 5505 mcs 6
slot 4 index 0 rnti 5505 mcs 6
slot 4 index 0 rnti 5505 mcs 6
slot 4 index 0 rnti 5505 mcs 6
slot 4 index 0 rnti 5505 mcs 6
slot 15 index 0 rnti 5505 mcs 6
slot 4 index 0 rnti 5505 mcs 6
slot 4 index 0 rnti 5505 mcs 6
slot 4 index 0 rnti 5505 mcs 6
slot 4 index 0 rnti 5505 mcs 6
slot 4 index 0 rnti 5505 mcs 6
slot 4 index 0 rnti 5505 mcs 6
slot 4 index 0 rnti 5505 mcs 6
slot 4 index 0 rnti 5505 mcs 6
slot 15 index 0 rnti 5505 mcs 6
slot 4 index 0 rnti 5505 mcs 6
slot 4 index 0 rnti 5505 mcs 6
slot 4 index 0 rnti 5505 mcs 6
slot 4 index 0 rnti 5505 mcs 6
slot 4 index 0 rnti 5505 mcs 6
slot 4 index 0 rnti 5505 mcs 6
slot 4 index 0 rnti 5505 mcs 6
slot 4 index 0 rnti 5505 mcs 6
slot 15 index 0 rnti 5505 mcs 6
slot 4 index 0 rnti 5505 mcs 6
slot 4 index 0 rnti 5505 mcs 6
slot 4 index 0 rnti 5505 mcs 6
slot 4 index 0 rnti 5505 mcs 6
slot 4 index 0 rnti 5505 mcs 6
slot 4 index 0 rnti 5505 mcs 6
slot 4 index 0 rnti 5505 mcs 6
slot 4 index 0 rnti 5505 mcs 6
slot 15 index 0 rnti 5505 mcs 6
slot 4 index 0 rnti 5505 mcs 6
slot 4 index 0 rnti 5505 mcs 6
slot 4 index 0 rnti 5505 mcs 6
slot 4 index 0 rnti 5505 mcs 6
slot 4 index 0 rnti 5505 mcs 6
slot 4 index 0 rnti 5505 mcs 6
slot 4 index 0 rnti 5505 mcs 6
slot 4 index 0 rnti 5505 mcs 6
slot 15 index 0 rnti 5505 mcs 6
slot 4 index 0 rnti 5505 mcs 6
slot 4 index 0 rnti 5505 mcs 6
slot 4 index 0 rnti 5505 mcs 6
slot 4 index 0 rnti 5505 mcs 6
slot 4 index 0 rnti 5505 mcs 6
slot 4 index 0 rnti 5505 mcs 6
slot 4 index 0 rnti 5505 mcs 6
slot 4 index 0 rnti 5505 mcs 6
slot 15 index 0 rnti 5505 mcs 6
slot 4 index 0 rnti 5505 mcs 6
slot 4 index 0 rnti 5505 mcs 6
slot 4 index 0 rnti 5505 mcs 6
slot 4 index 0 rnti 5505 mcs 6
slot 4 index 0 rnti 5505 mcs 6
slot 4 index 0 rnti 5505 mcs 6
slot 4 index 0 rnti 5505 mcs 6
slot 4 index 0 rnti 5505 mcs 6
slot 15 index 0 rnti 5505 mcs 6
slot 4 index 0 rnti 5505 mcs 6
slot 4 index 0 rnti 5505 mcs 6
slot 4 index 0 rnti 5505 mcs 6
slot 4 index 0 rnti 5505 mcs 6
slot 4 index 0 rnti 5505 mcs 6
slot 4 index 0 rnti 5505 mcs 6
slot 4 index 0 rnti 5505 mcs 6
slot 4 index 0 rnti 5505 mcs 6
slot 15 index 0 rnti 5505 mcs 6
slot 4 index 0 rnti 5505 mcs 6
slot 4 index 0 rnti 5505 mcs 6
slot 4 index 0 rnti 5505 mcs 6
slot 4 index 0 rnti 5505 mcs 6
slot 4 index 0 rnti 5505 mcs 6
slot 4 index 0 rnti 5505 mcs 6
slot 4 index 0 rnti 5505 mcs 6
slot 4 index 0 rnti 5505 mcs 6
slot 15 index 0 rnti 5505 mcs 6
slot 4 index 0 rnti 5505 mcs 6
slot 4 index 0 rnti 5505 mcs 6
slot 4 index 0 rnti 5505 mcs 6
slot 4 index 0 rnti 5505 mcs 6
slot 4 index 0 rnti 5505 mcs 6
slot 4 index 0 rnti 5505 mcs 6
slot 4 index 0 rnti 5505 mcs 6
slot 4 index 0 rnti 5505 mcs 6
slot 15 index 0 rnti 5505 mcs 6
slot 4 index 0 rnti 5505 mcs 6
slot 4 index 0 rnti 5505 mcs 6
slot 4 index 0 rnti 5505 mcs 6
slot 4 index 0 rnti 5505 mcs 6
slot 4 index 0 rnti 5505 mcs 6
slot 4 index 0 rnti 5505 mcs 6
slot 4 index 0 rnti 5505 mcs 6
slot 4 index 0 rnti 5505 mcs 6
slot 15 index 0 rnti 5505 mcs 6
slot 4 index 0 rnti 5505 mcs 6
slot 4 index 0 rnti 5505 mcs 6
slot 4 index 0 rnti 5505 mcs 6
slot 4 index 0 rnti 5505 mcs 6
slot 4 index 0 rnti 5505 mcs 6
slot 4 index 0 rnti 5505 mcs 6
slot 4 index 0 rnti 5505 mcs 6
slot 4 index 0 rnti 5505 mcs 6
slot 15 index 0 rnti 5505 mcs 6
slot 4 index 0 rnti 5505 mcs 6
slot 4 index 0 rnti 5505 mcs 6
slot 4 index 0 rnti 5505 mcs 6
slot 4 index 0 rnti 5505 mcs 6
slot 4 index 0 rnti 5505 mcs 6
slot 4 index 0 rnti 5505 mcs 6
slot 4 index 0 rnti 5505 mcs 6
slot 4 index 0 rnti 5505 mcs 6
slot 15 index 0 rnti 5505 mcs 6
slot 4 index 0 rnti 5505 mcs 6
slot 4 index 0 rnti 5505 mcs 6
slot 4 index 0 rnti 5505 mcs 6
slot 4 index 0 rnti 5505 mcs 6
slot 4 index 0 rnti 5505 mcs 6
slot 4 index 0 rnti 5505 mcs 6
slot 4 index 0 rnti 5505 mcs 6
slot 4 index 0 rnti 5505 mcs 6
slot 15 index 0 rnti 5505 mcs 6
slot 4 index 0 rnti 5505 mcs 6
slot 4 index 0 rnti 5505 mcs 6
slot 4 index 0 rnti 5505 mcs 6
slot 4 index 0 rnti 5505 mcs 6
slot 4 index 0 rnti 5505 mcs 6
slot 4 index 0 rnti 5505 mcs 6
slot 4 index 0 rnti 5505 mcs 6
slot 4 index 0 rnti 5505 mcs 6
slot 15 index 0 rnti 5505 mcs 6
slot 4 index 0 rnti 5505 mcs 6
slot 4 index 0 rnti 5505 mcs 6
slot 4 index 0 rnti 5505 mcs 6
slot 4 index 0 rnti 5505 mcs 6
slot 4 index 0 rnti 5505 mcs 6
slot 4 index 0 rnti 5505 mcs 6
slot 4 index 0 rnti 5505 mcs 6
slot 4 index 0 rnti 5505 mcs 6
slot 15 index 0 rnti 5505 mcs 6
slot 4 index 0 rnti 5505 mcs 6
slot 4 index 0 rnti 5505 mcs 6
slot 4 index 0 rnti 5505 mcs 6
slot 4 index 0 rnti 5505 mcs 6
slot 4 index 0 rnti 5505 mcs 6
slot 4 index 0 rnti 5505 mcs 6
slot 4 index 0 rnti 5505 mcs 6
slot 4 index 0 rnti 5505 mcs 6
slot 15 index 0 rnti 5505 mcs 6
slot 4 index 0 rnti 5505 mcs 6
slot 4 index 0 rnti 5505 mcs 6
slot 4 index 0 rnti 5505 mcs 6
slot 4 index 0 rnti 5505 mcs 6
slot 4 index 0 rnti 5505 mcs 6
slot 4 index 0 rnti 5505 mcs 6
slot 4 index 0 rnti 5505 mcs 6
slot 4 index 0 rnti 5505 mcs 6
slot 15 index 0 rnti 5505 mcs 6
slot 4 index 0 rnti 5505 mcs 6
slot 4 index 0 rnti 5505 mcs 6
slot 4 index 0 rnti 5505 mcs 6
slot 4 index 0 rnti 5505 mcs 6
slot 4 index 0 rnti 5505 mcs 6
slot 4 index 0 rnti 5505 mcs 6
slot 4 index 0 rnti 5505 mcs 6
slot 4 index 0 rnti 5505 mcs 6
slot 15 index 0 rnti 5505 mcs 6
slot 4 index 0 rnti 5505 mcs 6
slot 4 index 0 rnti 5505 mcs 6
slot 4 index 0 rnti 5505 mcs 6
slot 4 index 0 rnti 5505 mcs 6
slot 4 index 0 rnti 5505 mcs 6
slot 4 index 0 rnti 5505 mcs 6
slot 4 index 0 rnti 5505 mcs 6
slot 4 index 0 rnti 5505 mcs 6
slot 15 index 0 rnti 5505 mcs 6
slot 4 index 0 rnti 5505 mcs 6
slot 4 index 0 rnti 5505 mcs 6
slot 4 index 0 rnti 5505 mcs 6
slot 4 index 0 rnti 5505 mcs 6
slot 4 index 0 rnti 5505 mcs 6
slot 4 index 0 rnti 5505 mcs 6
slot 4 index 0 rnti 5505 mcs 6
slot 4 index 0 rnti 5505 mcs 6
slot 15 index 0 rnti 5505 mcs 6
slot 4 index 0 rnti 5505 mcs 6
slot 4 index 0 rnti 5505 mcs 6
slot 4 index 0 rnti 5505 mcs 6
slot 4 index 0 rnti 5505 mcs 6
slot 4 index 0 rnti 5505 mcs 6
slot 4 index 0 rnti 5505 mcs 6
slot 4 index 0 rnti 5505 mcs 6
slot 4 index 0 rnti 5505 mcs 6
slot 15 index 0 rnti 5505 mcs 6
slot 4 index 0 rnti 5505 mcs 6
slot 4 index 0 rnti 5505 mcs 6
slot 4 index 0 rnti 5505 mcs 6
slot 4 index 0 rnti 5505 mcs 6
slot 4 index 0 rnti 5505 mcs 6
slot 4 index 0 rnti 5505 mcs 6
slot 4 index 0 rnti 5505 mcs 6
slot 4 index 0 rnti 5505 mcs 6
slot 15 index 0 rnti 5505 mcs 6
slot 4 index 0 rnti 5505 mcs 6
slot 4 index 0 rnti 5505 mcs 6
slot 4 index 0 rnti 5505 mcs 6
slot 4 index 0 rnti 5505 mcs 6
slot 4 index 0 rnti 5505 mcs 6
slot 4 index 0 rnti 5505 mcs 6
slot 4 index 0 rnti 5505 mcs 6
slot 4 index 0 rnti 5505 mcs 6
slot 15 index 0 rnti 5505 mcs 6
slot 4 index 0 rnti 5505 mcs 6
slot 4 index 0 rnti 5505 mcs 6
slot 4 index 0 rnti 5505 mcs 6
slot 4 index 0 rnti 5505 mcs 6
slot 4 index 0 rnti 5505 mcs 6
slot 4 index 0 rnti 5505 mcs 6
slot 4 index 0 rnti 5505 mcs 6
slot 4 index 0 rnti 5505 mcs 6
slot 15 index 0 rnti 5505 mcs 6
slot 4 index 0 rnti 5505 mcs 6
slot 4 index 0 rnti 5505 mcs 6
slot 4 index 0 rnti 5505 mcs 6
slot 4 index 0 rnti 5505 mcs 6
slot 4 index 0 rnti 5505 mcs 6
slot 4 index 0 rnti 5505 mcs 6
slot 4 index 0 rnti 5505 mcs 6
slot 4 index 0 rnti 5505 mcs 6
slot 15 index 0 rnti 5505 mcs 6
slot 4 index 0 rnti 5505 mcs 6
slot 4 index 0 rnti 5505 mcs 6
slot 4 index 0 rnti 5505 mcs 6
slot 4 index 0 rnti 5505 mcs 6
slot 4 index 0 rnti 5505 mcs 6
slot 4 index 0 rnti 5505 mcs 6
slot 4 index 0 rnti 5505 mcs 6
slot 4 index 0 rnti 5505 mcs 6
slot 15 index 0 rnti 5505 mcs 6
slot 4 index 0 rnti 5505 mcs 6
slot 4 index 0 rnti 5505 mcs 6
slot 4 index 0 rnti 5505 mcs 6
slot 4 index 0 rnti 5505 mcs 6
slot 4 index 0 rnti 5505 mcs 6
slot 4 index 0 rnti 5505 mcs 6
slot 4 index 0 rnti 5505 mcs 6
slot 4 index 0 rnti 5505 mcs 6
slot 15 index 0 rnti 5505 mcs 6
slot 4 index 0 rnti 5505 mcs 6
slot 4 index 0 rnti 5505 mcs 6
slot 4 index 0 rnti 5505 mcs 6
slot 4 index 0 rnti 5505 mcs 6
slot 4 index 0 rnti 5505 mcs 6
slot 4 index 0 rnti 5505 mcs 6
slot 4 index 0 rnti 5505 mcs 6
slot 4 index 0 rnti 5505 mcs 6
slot 15 index 0 rnti 5505 mcs 6
slot 4 index 0 rnti 5505 mcs 6
slot 4 index 0 rnti 5505 mcs 6
slot 4 index 0 rnti 5505 mcs 6
slot 4 index 0 rnti 5505 mcs 6
slot 4 index 0 rnti 5505 mcs 6
slot 4 index 0 rnti 5505 mcs 6
slot 4 index 0 rnti 5505 mcs 6
[UE-STAT] frame=0 dci_cnt=463 total_tbs=296320 ack_real=463 nack_real=0 fb_missing=0 decode_cnt=463
slot 4 index 0 rnti 5505 mcs 6
slot 15 index 0 rnti 5505 mcs 6
slot 4 index 0 rnti 5505 mcs 6
slot 4 index 0 rnti 5505 mcs 6
slot 4 index 0 rnti 5505 mcs 6
slot 4 index 0 rnti 5505 mcs 6
slot 4 index 0 rnti 5505 mcs 6
slot 4 index 0 rnti 5505 mcs 6
slot 4 index 0 rnti 5505 mcs 6
slot 4 index 0 rnti 5505 mcs 6
slot 15 index 0 rnti 5505 mcs 6
slot 4 index 0 rnti 5505 mcs 6
[UE-STAT] frame=100 dci_cnt=12 total_tbs=7680 ack_real=12 nack_real=0 fb_missing=0 decode_cnt=12
slot 4 index 0 rnti 5505 mcs 6
slot 4 index 0 rnti 5505 mcs 6
slot 4 index 0 rnti 5505 mcs 6
slot 4 index 0 rnti 5505 mcs 6
slot 4 index 0 rnti 5505 mcs 6
slot 4 index 0 rnti 5505 mcs 6
slot 4 index 0 rnti 5505 mcs 6
slot 15 index 0 rnti 5505 mcs 6
slot 4 index 0 rnti 5505 mcs 6
slot 4 index 0 rnti 5505 mcs 6
slot 4 index 0 rnti 5505 mcs 6
[UE-STAT] frame=200 dci_cnt=11 total_tbs=7040 ack_real=11 nack_real=0 fb_missing=0 decode_cnt=11
slot 4 index 0 rnti 5505 mcs 6
slot 4 index 0 rnti 5505 mcs 6
slot 4 index 0 rnti 5505 mcs 6
slot 4 index 0 rnti 5505 mcs 6
slot 4 index 0 rnti 5505 mcs 6
slot 15 index 0 rnti 5505 mcs 6
slot 4 index 0 rnti 5505 mcs 6
slot 4 index 0 rnti 5505 mcs 6
slot 4 index 0 rnti 5505 mcs 6
slot 4 index 0 rnti 5505 mcs 6
slot 4 index 0 rnti 5505 mcs 6
[UE-STAT] frame=300 dci_cnt=11 total_tbs=7040 ack_real=11 nack_real=0 fb_missing=0 decode_cnt=11
slot 4 index 0 rnti 5505 mcs 6
slot 4 index 0 rnti 5505 mcs 6
slot 4 index 0 rnti 5505 mcs 6
slot 15 index 0 rnti 5505 mcs 6
slot 4 index 0 rnti 5505 mcs 6
slot 4 index 0 rnti 5505 mcs 6
slot 4 index 0 rnti 5505 mcs 6
slot 4 index 0 rnti 5505 mcs 6
slot 4 index 0 rnti 5505 mcs 6
slot 4 index 0 rnti 5505 mcs 6
slot 4 index 0 rnti 5505 mcs 6
[UE-STAT] frame=400 dci_cnt=11 total_tbs=7040 ack_real=11 nack_real=0 fb_missing=0 decode_cnt=11
slot 4 index 0 rnti 5505 mcs 6
slot 15 index 0 rnti 5505 mcs 6
slot 4 index 0 rnti 5505 mcs 6
slot 4 index 0 rnti 5505 mcs 6
slot 4 index 0 rnti 5505 mcs 6
slot 4 index 0 rnti 5505 mcs 6
slot 4 index 0 rnti 5505 mcs 6
slot 4 index 0 rnti 5505 mcs 6
slot 4 index 0 rnti 5505 mcs 6
slot 4 index 0 rnti 5505 mcs 6
slot 15 index 0 rnti 5505 mcs 6
slot 4 index 0 rnti 5505 mcs 6
[UE-STAT] frame=500 dci_cnt=12 total_tbs=7680 ack_real=12 nack_real=0 fb_missing=0 decode_cnt=12
slot 4 index 0 rnti 5505 mcs 6
slot 4 index 0 rnti 5505 mcs 6
slot 4 index 0 rnti 5505 mcs 6
slot 4 index 0 rnti 5505 mcs 6
slot 4 index 0 rnti 5505 mcs 6
slot 4 index 0 rnti 5505 mcs 6
slot 4 index 0 rnti 5505 mcs 6
slot 15 index 0 rnti 5505 mcs 6
slot 4 index 0 rnti 5505 mcs 6
slot 4 index 0 rnti 5505 mcs 6
slot 4 index 0 rnti 5505 mcs 6
[UE-STAT] frame=600 dci_cnt=11 total_tbs=7040 ack_real=11 nack_real=0 fb_missing=0 decode_cnt=11
slot 4 index 0 rnti 5505 mcs 6
slot 4 index 0 rnti 5505 mcs 6
slot 4 index 0 rnti 5505 mcs 6
slot 4 index 0 rnti 5505 mcs 6
slot 4 index 0 rnti 5505 mcs 6
slot 15 index 0 rnti 5505 mcs 6
slot 4 index 0 rnti 5505 mcs 6
slot 4 index 0 rnti 5505 mcs 6
slot 4 index 0 rnti 5505 mcs 6
slot 4 index 0 rnti 5505 mcs 6
slot 4 index 0 rnti 5505 mcs 6
[UE-STAT] frame=700 dci_cnt=11 total_tbs=7040 ack_real=11 nack_real=0 fb_missing=0 decode_cnt=11
slot 4 index 0 rnti 5505 mcs 6
slot 4 index 0 rnti 5505 mcs 6
slot 4 index 0 rnti 5505 mcs 6
slot 15 index 0 rnti 5505 mcs 6
slot 4 index 0 rnti 5505 mcs 6
slot 4 index 0 rnti 5505 mcs 6
slot 4 index 0 rnti 5505 mcs 6
slot 4 index 0 rnti 5505 mcs 6
slot 4 index 0 rnti 5505 mcs 6
slot 4 index 0 rnti 5505 mcs 6
slot 4 index 0 rnti 5505 mcs 6
[UE-STAT] frame=800 dci_cnt=11 total_tbs=7040 ack_real=11 nack_real=0 fb_missing=0 decode_cnt=11
slot 4 index 0 rnti 5505 mcs 6
slot 15 index 0 rnti 5505 mcs 6
slot 4 index 0 rnti 5505 mcs 6
slot 4 index 0 rnti 5505 mcs 6
slot 4 index 0 rnti 5505 mcs 6
slot 4 index 0 rnti 5505 mcs 6
slot 4 index 0 rnti 5505 mcs 6
slot 4 index 0 rnti 5505 mcs 6
slot 4 index 0 rnti 5505 mcs 6
slot 4 index 0 rnti 5505 mcs 6
slot 15 index 0 rnti 5505 mcs 6
slot 4 index 0 rnti 5505 mcs 6
[UE-STAT] frame=900 dci_cnt=12 total_tbs=7680 ack_real=12 nack_real=0 fb_missing=0 decode_cnt=12
slot 4 index 0 rnti 5505 mcs 6
slot 4 index 0 rnti 5505 mcs 6
slot 4 index 0 rnti 5505 mcs 6
slot 4 index 0 rnti 5505 mcs 6
slot 4 index 0 rnti 5505 mcs 6
slot 4 index 0 rnti 5505 mcs 6
slot 4 index 0 rnti 5505 mcs 6
slot 15 index 0 rnti 5505 mcs 6
slot 4 index 0 rnti 5505 mcs 6
slot 4 index 0 rnti 5505 mcs 6
slot 4 index 0 rnti 5505 mcs 6
[UE-STAT] frame=1000 dci_cnt=11 total_tbs=7040 ack_real=11 nack_real=0 fb_missing=0 decode_cnt=11
slot 4 index 0 rnti 5505 mcs 6
slot 4 index 0 rnti 5505 mcs 6
slot 4 index 0 rnti 5505 mcs 6
slot 4 index 0 rnti 5505 mcs 6
slot 4 index 0 rnti 5505 mcs 6
slot 15 index 0 rnti 5505 mcs 6
slot 4 index 0 rnti 5505 mcs 6
slot 4 index 0 rnti 5505 mcs 6
slot 4 index 0 rnti 5505 mcs 6
slot 4 index 0 rnti 5505 mcs 6
slot 4 index 0 rnti 5505 mcs 6
slot 4 index 0 rnti 5505 mcs 6
slot 4 index 0 rnti 5505 mcs 6
slot 4 index 0 rnti 5505 mcs 6
slot 15 index 0 rnti 5505 mcs 6
slot 4 index 0 rnti 5505 mcs 6
slot 4 index 0 rnti 5505 mcs 6
slot 4 index 0 rnti 5505 mcs 6
slot 4 index 0 rnti 5505 mcs 6
slot 4 index 0 rnti 5505 mcs 6
slot 4 index 0 rnti 5505 mcs 6
slot 4 index 0 rnti 5505 mcs 6
slot 4 index 0 rnti 5505 mcs 6
slot 15 index 0 rnti 5505 mcs 6
slot 4 index 0 rnti 5505 mcs 6
slot 4 index 0 rnti 5505 mcs 6
slot 4 index 0 rnti 5505 mcs 6
slot 4 index 0 rnti 5505 mcs 6
slot 4 index 0 rnti 5505 mcs 6
slot 4 index 0 rnti 5505 mcs 6
slot 4 index 0 rnti 5505 mcs 6
slot 4 index 0 rnti 5505 mcs 6
slot 15 index 0 rnti 5505 mcs 6
slot 4 index 0 rnti 5505 mcs 6
slot 4 index 0 rnti 5505 mcs 6
slot 4 index 0 rnti 5505 mcs 6
slot 4 index 0 rnti 5505 mcs 6
slot 4 index 0 rnti 5505 mcs 6
slot 4 index 0 rnti 5505 mcs 6
slot 4 index 0 rnti 5505 mcs 6
slot 4 index 0 rnti 5505 mcs 6
slot 15 index 0 rnti 5505 mcs 6
slot 4 index 0 rnti 5505 mcs 6
slot 4 index 0 rnti 5505 mcs 6
slot 4 index 0 rnti 5505 mcs 6
slot 4 index 0 rnti 5505 mcs 6
slot 4 index 0 rnti 5505 mcs 6
slot 4 index 0 rnti 5505 mcs 6
slot 4 index 0 rnti 5505 mcs 6
slot 4 index 0 rnti 5505 mcs 6
slot 15 index 0 rnti 5505 mcs 6
slot 4 index 0 rnti 5505 mcs 6
slot 4 index 0 rnti 5505 mcs 6
slot 4 index 0 rnti 5505 mcs 6
slot 4 index 0 rnti 5505 mcs 6
slot 4 index 0 rnti 5505 mcs 6
slot 4 index 0 rnti 5505 mcs 6
slot 4 index 0 rnti 5505 mcs 6
slot 4 index 0 rnti 5505 mcs 6
slot 15 index 0 rnti 5505 mcs 6
slot 4 index 0 rnti 5505 mcs 6
slot 4 index 0 rnti 5505 mcs 6
slot 4 index 0 rnti 5505 mcs 6
slot 4 index 0 rnti 5505 mcs 6
slot 4 index 0 rnti 5505 mcs 6
slot 4 index 0 rnti 5505 mcs 6
slot 4 index 0 rnti 5505 mcs 6
slot 4 index 0 rnti 5505 mcs 6
slot 15 index 0 rnti 5505 mcs 6
slot 4 index 0 rnti 5505 mcs 6
slot 4 index 0 rnti 5505 mcs 6
slot 4 index 0 rnti 5505 mcs 6
slot 4 index 0 rnti 5505 mcs 6
slot 4 index 0 rnti 5505 mcs 6
slot 4 index 0 rnti 5505 mcs 6
slot 4 index 0 rnti 5505 mcs 6
slot 4 index 0 rnti 5505 mcs 6
slot 15 index 0 rnti 5505 mcs 6
slot 4 index 0 rnti 5505 mcs 6
slot 4 index 0 rnti 5505 mcs 6
slot 4 index 0 rnti 5505 mcs 6
slot 4 index 0 rnti 5505 mcs 6
slot 4 index 0 rnti 5505 mcs 6
slot 4 index 0 rnti 5505 mcs 6
slot 4 index 0 rnti 5505 mcs 6
slot 4 index 0 rnti 5505 mcs 6
slot 15 index 0 rnti 5505 mcs 6
slot 4 index 0 rnti 5505 mcs 6
slot 4 index 0 rnti 5505 mcs 6
slot 4 index 0 rnti 5505 mcs 6
slot 4 index 0 rnti 5505 mcs 6
slot 4 index 0 rnti 5505 mcs 6
slot 4 index 0 rnti 5505 mcs 6
slot 4 index 0 rnti 5505 mcs 6
slot 4 index 0 rnti 5505 mcs 6
slot 15 index 0 rnti 5505 mcs 6
slot 4 index 0 rnti 5505 mcs 6
slot 4 index 0 rnti 5505 mcs 6
slot 4 index 0 rnti 5505 mcs 6
slot 4 index 0 rnti 5505 mcs 6
slot 4 index 0 rnti 5505 mcs 6
slot 4 index 0 rnti 5505 mcs 6
slot 4 index 0 rnti 5505 mcs 6
slot 4 index 0 rnti 5505 mcs 6
slot 15 index 0 rnti 5505 mcs 6
slot 4 index 0 rnti 5505 mcs 6
slot 4 index 0 rnti 5505 mcs 6
slot 4 index 0 rnti 5505 mcs 6
slot 4 index 0 rnti 5505 mcs 6
slot 4 index 0 rnti 5505 mcs 6
slot 4 index 0 rnti 5505 mcs 6
slot 4 index 0 rnti 5505 mcs 6
slot 4 index 0 rnti 5505 mcs 6
slot 15 index 0 rnti 5505 mcs 6
slot 4 index 0 rnti 5505 mcs 6
slot 4 index 0 rnti 5505 mcs 6
slot 4 index 0 rnti 5505 mcs 6
slot 4 index 0 rnti 5505 mcs 6
slot 4 index 0 rnti 5505 mcs 6
slot 4 index 0 rnti 5505 mcs 6
slot 4 index 0 rnti 5505 mcs 6
slot 4 index 0 rnti 5505 mcs 6
slot 15 index 0 rnti 5505 mcs 6
slot 4 index 0 rnti 5505 mcs 6
slot 4 index 0 rnti 5505 mcs 6
slot 4 index 0 rnti 5505 mcs 6
slot 4 index 0 rnti 5505 mcs 6
slot 4 index 0 rnti 5505 mcs 6
slot 4 index 0 rnti 5505 mcs 6
slot 4 index 0 rnti 5505 mcs 6
slot 4 index 0 rnti 5505 mcs 6
slot 15 index 0 rnti 5505 mcs 6
slot 4 index 0 rnti 5505 mcs 6
slot 4 index 0 rnti 5505 mcs 6
slot 4 index 0 rnti 5505 mcs 6
slot 4 index 0 rnti 5505 mcs 6
slot 4 index 0 rnti 5505 mcs 6
slot 4 index 0 rnti 5505 mcs 6
slot 4 index 0 rnti 5505 mcs 6
slot 4 index 0 rnti 5505 mcs 6
slot 15 index 0 rnti 5505 mcs 6
slot 4 index 0 rnti 5505 mcs 6
slot 4 index 0 rnti 5505 mcs 6
slot 4 index 0 rnti 5505 mcs 6
slot 4 index 0 rnti 5505 mcs 6
slot 4 index 0 rnti 5505 mcs 6
slot 4 index 0 rnti 5505 mcs 6
slot 4 index 0 rnti 5505 mcs 6
slot 4 index 0 rnti 5505 mcs 6
slot 15 index 0 rnti 5505 mcs 6
slot 4 index 0 rnti 5505 mcs 6
slot 4 index 0 rnti 5505 mcs 6
slot 4 index 0 rnti 5505 mcs 6
slot 4 index 0 rnti 5505 mcs 6
slot 4 index 0 rnti 5505 mcs 6
slot 4 index 0 rnti 5505 mcs 6
slot 4 index 0 rnti 5505 mcs 6
slot 4 index 0 rnti 5505 mcs 6
slot 15 index 0 rnti 5505 mcs 6
slot 4 index 0 rnti 5505 mcs 6
slot 4 index 0 rnti 5505 mcs 6
slot 4 index 0 rnti 5505 mcs 6
slot 4 index 0 rnti 5505 mcs 6
slot 4 index 0 rnti 5505 mcs 6
slot 4 index 0 rnti 5505 mcs 6
slot 4 index 0 rnti 5505 mcs 6
slot 4 index 0 rnti 5505 mcs 6
slot 15 index 0 rnti 5505 mcs 6
slot 4 index 0 rnti 5505 mcs 6
slot 4 index 0 rnti 5505 mcs 6
slot 4 index 0 rnti 5505 mcs 6
slot 4 index 0 rnti 5505 mcs 6
slot 4 index 0 rnti 5505 mcs 6
slot 4 index 0 rnti 5505 mcs 6
slot 4 index 0 rnti 5505 mcs 6
slot 4 index 0 rnti 5505 mcs 6
slot 15 index 0 rnti 5505 mcs 6
slot 4 index 0 rnti 5505 mcs 6
slot 4 index 0 rnti 5505 mcs 6
slot 4 index 0 rnti 5505 mcs 6
slot 4 index 0 rnti 5505 mcs 6
slot 4 index 0 rnti 5505 mcs 6
slot 4 index 0 rnti 5505 mcs 6
slot 4 index 0 rnti 5505 mcs 6
slot 4 index 0 rnti 5505 mcs 6
slot 15 index 0 rnti 5505 mcs 6
slot 4 index 0 rnti 5505 mcs 6
slot 4 index 0 rnti 5505 mcs 6
slot 4 index 0 rnti 5505 mcs 6
slot 4 index 0 rnti 5505 mcs 6
slot 4 index 0 rnti 5505 mcs 6
slot 4 index 0 rnti 5505 mcs 6
slot 4 index 0 rnti 5505 mcs 6
slot 4 index 0 rnti 5505 mcs 6
slot 15 index 0 rnti 5505 mcs 6
slot 4 index 0 rnti 5505 mcs 6
slot 4 index 0 rnti 5505 mcs 6
slot 4 index 0 rnti 5505 mcs 6
slot 4 index 0 rnti 5505 mcs 6
slot 4 index 0 rnti 5505 mcs 6
slot 4 index 0 rnti 5505 mcs 6
slot 4 index 0 rnti 5505 mcs 6
slot 4 index 0 rnti 5505 mcs 6
slot 15 index 0 rnti 5505 mcs 6
slot 4 index 0 rnti 5505 mcs 6
slot 4 index 0 rnti 5505 mcs 6
slot 4 index 0 rnti 5505 mcs 6
slot 4 index 0 rnti 5505 mcs 6
slot 4 index 0 rnti 5505 mcs 6
slot 4 index 0 rnti 5505 mcs 6
slot 4 index 0 rnti 5505 mcs 6
slot 4 index 0 rnti 5505 mcs 6
slot 15 index 0 rnti 5505 mcs 6
slot 4 index 0 rnti 5505 mcs 6
slot 4 index 0 rnti 5505 mcs 6
slot 4 index 0 rnti 5505 mcs 6
slot 4 index 0 rnti 5505 mcs 6
slot 4 index 0 rnti 5505 mcs 6
slot 4 index 0 rnti 5505 mcs 6
slot 4 index 0 rnti 5505 mcs 6
slot 4 index 0 rnti 5505 mcs 6
slot 15 index 0 rnti 5505 mcs 6
slot 4 index 0 rnti 5505 mcs 6
slot 4 index 0 rnti 5505 mcs 6
slot 4 index 0 rnti 5505 mcs 6
slot 4 index 0 rnti 5505 mcs 6
slot 4 index 0 rnti 5505 mcs 6
slot 4 index 0 rnti 5505 mcs 6
slot 4 index 0 rnti 5505 mcs 6
slot 4 index 0 rnti 5505 mcs 6
slot 15 index 0 rnti 5505 mcs 6
slot 4 index 0 rnti 5505 mcs 6
slot 4 index 0 rnti 5505 mcs 6
slot 4 index 0 rnti 5505 mcs 6
slot 4 index 0 rnti 5505 mcs 6
slot 4 index 0 rnti 5505 mcs 6
slot 4 index 0 rnti 5505 mcs 6
slot 4 index 0 rnti 5505 mcs 6
slot 4 index 0 rnti 5505 mcs 6
slot 15 index 0 rnti 5505 mcs 6
slot 4 index 0 rnti 5505 mcs 6
slot 4 index 0 rnti 5505 mcs 6
slot 4 index 0 rnti 5505 mcs 6
slot 4 index 0 rnti 5505 mcs 6
slot 4 index 0 rnti 5505 mcs 6
slot 4 index 0 rnti 5505 mcs 6
slot 4 index 0 rnti 5505 mcs 6
slot 4 index 0 rnti 5505 mcs 6
slot 15 index 0 rnti 5505 mcs 6
slot 4 index 0 rnti 5505 mcs 6
slot 4 index 0 rnti 5505 mcs 6
slot 4 index 0 rnti 5505 mcs 6
slot 4 index 0 rnti 5505 mcs 6
slot 4 index 0 rnti 5505 mcs 6
slot 4 index 0 rnti 5505 mcs 6
slot 4 index 0 rnti 5505 mcs 6
slot 4 index 0 rnti 5505 mcs 6
slot 15 index 0 rnti 5505 mcs 6
slot 4 index 0 rnti 5505 mcs 6
slot 4 index 0 rnti 5505 mcs 6
slot 4 index 0 rnti 5505 mcs 6
slot 4 index 0 rnti 5505 mcs 6
slot 4 index 0 rnti 5505 mcs 6
slot 4 index 0 rnti 5505 mcs 6
slot 4 index 0 rnti 5505 mcs 6
slot 4 index 0 rnti 5505 mcs 6
slot 15 index 0 rnti 5505 mcs 6
slot 4 index 0 rnti 5505 mcs 6
slot 4 index 0 rnti 5505 mcs 6
slot 4 index 0 rnti 5505 mcs 6
slot 4 index 0 rnti 5505 mcs 6
slot 4 index 0 rnti 5505 mcs 6
slot 4 index 0 rnti 5505 mcs 6
slot 4 index 0 rnti 5505 mcs 6
slot 4 index 0 rnti 5505 mcs 6
slot 15 index 0 rnti 5505 mcs 6
slot 4 index 0 rnti 5505 mcs 6
slot 4 index 0 rnti 5505 mcs 6
slot 4 index 0 rnti 5505 mcs 6
slot 4 index 0 rnti 5505 mcs 6
slot 4 index 0 rnti 5505 mcs 6
slot 4 index 0 rnti 5505 mcs 6
slot 4 index 0 rnti 5505 mcs 6
slot 4 index 0 rnti 5505 mcs 6
slot 15 index 0 rnti 5505 mcs 6
slot 4 index 0 rnti 5505 mcs 6
slot 4 index 0 rnti 5505 mcs 6
slot 4 index 0 rnti 5505 mcs 6
slot 4 index 0 rnti 5505 mcs 6
slot 4 index 0 rnti 5505 mcs 6
slot 4 index 0 rnti 5505 mcs 6
slot 4 index 0 rnti 5505 mcs 6
slot 4 index 0 rnti 5505 mcs 6
slot 15 index 0 rnti 5505 mcs 6
slot 4 index 0 rnti 5505 mcs 6
slot 4 index 0 rnti 5505 mcs 6
slot 4 index 0 rnti 5505 mcs 6
slot 4 index 0 rnti 5505 mcs 6
slot 4 index 0 rnti 5505 mcs 6
slot 4 index 0 rnti 5505 mcs 6
slot 4 index 0 rnti 5505 mcs 6
slot 4 index 0 rnti 5505 mcs 6
slot 15 index 0 rnti 5505 mcs 6
slot 4 index 0 rnti 5505 mcs 6
slot 4 index 0 rnti 5505 mcs 6
slot 4 index 0 rnti 5505 mcs 6
slot 4 index 0 rnti 5505 mcs 6
slot 4 index 0 rnti 5505 mcs 6
slot 4 index 0 rnti 5505 mcs 6
slot 4 index 0 rnti 5505 mcs 6
slot 4 index 0 rnti 5505 mcs 6
slot 15 index 0 rnti 5505 mcs 6
slot 4 index 0 rnti 5505 mcs 6
slot 4 index 0 rnti 5505 mcs 6
slot 4 index 0 rnti 5505 mcs 6
slot 4 index 0 rnti 5505 mcs 6
slot 4 index 0 rnti 5505 mcs 6
slot 4 index 0 rnti 5505 mcs 6
slot 4 index 0 rnti 5505 mcs 6
slot 4 index 0 rnti 5505 mcs 6
slot 15 index 0 rnti 5505 mcs 6
slot 4 index 0 rnti 5505 mcs 6
slot 4 index 0 rnti 5505 mcs 6
slot 4 index 0 rnti 5505 mcs 6
slot 4 index 0 rnti 5505 mcs 6
slot 4 index 0 rnti 5505 mcs 6
slot 4 index 0 rnti 5505 mcs 6
slot 4 index 0 rnti 5505 mcs 6
slot 4 index 0 rnti 5505 mcs 6
slot 15 index 0 rnti 5505 mcs 6
slot 4 index 0 rnti 5505 mcs 6
slot 4 index 0 rnti 5505 mcs 6
slot 4 index 0 rnti 5505 mcs 6
slot 4 index 0 rnti 5505 mcs 6
slot 4 index 0 rnti 5505 mcs 6
slot 4 index 0 rnti 5505 mcs 6
slot 4 index 0 rnti 5505 mcs 6
slot 4 index 0 rnti 5505 mcs 6
slot 15 index 0 rnti 5505 mcs 6
slot 4 index 0 rnti 5505 mcs 6
slot 4 index 0 rnti 5505 mcs 6
slot 4 index 0 rnti 5505 mcs 6
slot 4 index 0 rnti 5505 mcs 6
slot 4 index 0 rnti 5505 mcs 6
slot 4 index 0 rnti 5505 mcs 6
slot 4 index 0 rnti 5505 mcs 6
slot 4 index 0 rnti 5505 mcs 6
slot 15 index 0 rnti 5505 mcs 6
slot 4 index 0 rnti 5505 mcs 6
slot 4 index 0 rnti 5505 mcs 6
slot 4 index 0 rnti 5505 mcs 6
slot 4 index 0 rnti 5505 mcs 6
slot 4 index 0 rnti 5505 mcs 6
slot 4 index 0 rnti 5505 mcs 6
slot 4 index 0 rnti 5505 mcs 6
slot 4 index 0 rnti 5505 mcs 6
slot 15 index 0 rnti 5505 mcs 6
slot 4 index 0 rnti 5505 mcs 6
slot 4 index 0 rnti 5505 mcs 6
slot 4 index 0 rnti 5505 mcs 6
slot 4 index 0 rnti 5505 mcs 6
slot 4 index 0 rnti 5505 mcs 6
slot 4 index 0 rnti 5505 mcs 6
slot 4 index 0 rnti 5505 mcs 6
slot 4 index 0 rnti 5505 mcs 6
slot 15 index 0 rnti 5505 mcs 6
slot 4 index 0 rnti 5505 mcs 6
slot 4 index 0 rnti 5505 mcs 6
slot 4 index 0 rnti 5505 mcs 6
slot 4 index 0 rnti 5505 mcs 6
slot 4 index 0 rnti 5505 mcs 6
slot 4 index 0 rnti 5505 mcs 6
slot 4 index 0 rnti 5505 mcs 6
slot 4 index 0 rnti 5505 mcs 6
slot 15 index 0 rnti 5505 mcs 6
slot 4 index 0 rnti 5505 mcs 6
slot 4 index 0 rnti 5505 mcs 6
slot 4 index 0 rnti 5505 mcs 6
slot 4 index 0 rnti 5505 mcs 6
slot 4 index 0 rnti 5505 mcs 6
slot 4 index 0 rnti 5505 mcs 6
slot 4 index 0 rnti 5505 mcs 6
slot 4 index 0 rnti 5505 mcs 6
slot 15 index 0 rnti 5505 mcs 6
slot 4 index 0 rnti 5505 mcs 6
slot 4 index 0 rnti 5505 mcs 6
slot 4 index 0 rnti 5505 mcs 6
slot 4 index 0 rnti 5505 mcs 6
slot 4 index 0 rnti 5505 mcs 6
slot 4 index 0 rnti 5505 mcs 6
slot 4 index 0 rnti 5505 mcs 6
slot 4 index 0 rnti 5505 mcs 6
slot 15 index 0 rnti 5505 mcs 6
slot 4 index 0 rnti 5505 mcs 6
slot 4 index 0 rnti 5505 mcs 6
slot 4 index 0 rnti 5505 mcs 6
slot 4 index 0 rnti 5505 mcs 6
slot 4 index 0 rnti 5505 mcs 6
slot 4 index 0 rnti 5505 mcs 6
slot 4 index 0 rnti 5505 mcs 6
slot 4 index 0 rnti 5505 mcs 6
slot 15 index 0 rnti 5505 mcs 6
slot 4 index 0 rnti 5505 mcs 6
slot 4 index 0 rnti 5505 mcs 6
slot 4 index 0 rnti 5505 mcs 6
slot 4 index 0 rnti 5505 mcs 6
slot 4 index 0 rnti 5505 mcs 6
slot 4 index 0 rnti 5505 mcs 6
slot 4 index 0 rnti 5505 mcs 6
slot 4 index 0 rnti 5505 mcs 6
slot 15 index 0 rnti 5505 mcs 6
slot 4 index 0 rnti 5505 mcs 6
slot 4 index 0 rnti 5505 mcs 6
slot 4 index 0 rnti 5505 mcs 6
slot 4 index 0 rnti 5505 mcs 6
slot 4 index 0 rnti 5505 mcs 6
slot 4 index 0 rnti 5505 mcs 6
slot 4 index 0 rnti 5505 mcs 6
slot 4 index 0 rnti 5505 mcs 6
slot 15 index 0 rnti 5505 mcs 6
slot 4 index 0 rnti 5505 mcs 6
slot 4 index 0 rnti 5505 mcs 6
slot 4 index 0 rnti 5505 mcs 6
slot 4 index 0 rnti 5505 mcs 6
slot 4 index 0 rnti 5505 mcs 6
slot 4 index 0 rnti 5505 mcs 6
slot 4 index 0 rnti 5505 mcs 6
slot 4 index 0 rnti 5505 mcs 6
slot 15 index 0 rnti 5505 mcs 6
slot 4 index 0 rnti 5505 mcs 6
slot 4 index 0 rnti 5505 mcs 6
slot 4 index 0 rnti 5505 mcs 6
slot 4 index 0 rnti 5505 mcs 6
slot 4 index 0 rnti 5505 mcs 6
slot 4 index 0 rnti 5505 mcs 6
slot 4 index 0 rnti 5505 mcs 6
slot 4 index 0 rnti 5505 mcs 6
slot 15 index 0 rnti 5505 mcs 6
slot 4 index 0 rnti 5505 mcs 6
slot 4 index 0 rnti 5505 mcs 6
slot 4 index 0 rnti 5505 mcs 6
slot 4 index 0 rnti 5505 mcs 6
slot 4 index 0 rnti 5505 mcs 6
slot 4 index 0 rnti 5505 mcs 6
slot 4 index 0 rnti 5505 mcs 6
slot 4 index 0 rnti 5505 mcs 6
slot 15 index 0 rnti 5505 mcs 6
slot 4 index 0 rnti 5505 mcs 6
slot 4 index 0 rnti 5505 mcs 6
slot 4 index 0 rnti 5505 mcs 6
slot 4 index 0 rnti 5505 mcs 6
slot 4 index 0 rnti 5505 mcs 6
slot 4 index 0 rnti 5505 mcs 6
slot 4 index 0 rnti 5505 mcs 6
slot 4 index 0 rnti 5505 mcs 6
slot 15 index 0 rnti 5505 mcs 6
slot 4 index 0 rnti 5505 mcs 6
slot 4 index 0 rnti 5505 mcs 6
slot 4 index 0 rnti 5505 mcs 6
slot 4 index 0 rnti 5505 mcs 6
slot 4 index 0 rnti 5505 mcs 6
slot 4 index 0 rnti 5505 mcs 6
slot 4 index 0 rnti 5505 mcs 6
[UE-STAT] frame=0 dci_cnt=463 total_tbs=296320 ack_real=463 nack_real=0 fb_missing=0 decode_cnt=463
slot 4 index 0 rnti 5505 mcs 6
slot 15 index 0 rnti 5505 mcs 6
slot 4 index 0 rnti 5505 mcs 6
slot 4 index 0 rnti 5505 mcs 6
slot 4 index 0 rnti 5505 mcs 6
slot 4 index 0 rnti 5505 mcs 6
slot 4 index 0 rnti 5505 mcs 6
slot 4 index 0 rnti 5505 mcs 6
slot 4 index 0 rnti 5505 mcs 6
slot 4 index 0 rnti 5505 mcs 6
slot 15 index 0 rnti 5505 mcs 6
slot 4 index 0 rnti 5505 mcs 6
[UE-STAT] frame=100 dci_cnt=12 total_tbs=7680 ack_real=12 nack_real=0 fb_missing=0 decode_cnt=12
slot 4 index 0 rnti 5505 mcs 6
slot 4 index 0 rnti 5505 mcs 6
slot 4 index 0 rnti 5505 mcs 6
slot 4 index 0 rnti 5505 mcs 6
slot 4 index 0 rnti 5505 mcs 6
slot 4 index 0 rnti 5505 mcs 6
slot 4 index 0 rnti 5505 mcs 6
slot 15 index 0 rnti 5505 mcs 6
slot 4 index 0 rnti 5505 mcs 6
slot 4 index 0 rnti 5505 mcs 6
slot 4 index 0 rnti 5505 mcs 6
[UE-STAT] frame=200 dci_cnt=11 total_tbs=7040 ack_real=11 nack_real=0 fb_missing=0 decode_cnt=11
slot 4 index 0 rnti 5505 mcs 6
slot 4 index 0 rnti 5505 mcs 6
slot 4 index 0 rnti 5505 mcs 6
slot 4 index 0 rnti 5505 mcs 6
slot 4 index 0 rnti 5505 mcs 6
slot 15 index 0 rnti 5505 mcs 6
slot 4 index 0 rnti 5505 mcs 6
slot 4 index 0 rnti 5505 mcs 6
slot 4 index 0 rnti 5505 mcs 6
slot 4 index 0 rnti 5505 mcs 6
slot 4 index 0 rnti 5505 mcs 6
[UE-STAT] frame=300 dci_cnt=11 total_tbs=7040 ack_real=11 nack_real=0 fb_missing=0 decode_cnt=11
slot 4 index 0 rnti 5505 mcs 6
slot 4 index 0 rnti 5505 mcs 6
slot 4 index 0 rnti 5505 mcs 6
slot 15 index 0 rnti 5505 mcs 6
slot 4 index 0 rnti 5505 mcs 6
slot 4 index 0 rnti 5505 mcs 6
slot 4 index 0 rnti 5505 mcs 6
slot 4 index 0 rnti 5505 mcs 6
slot 4 index 0 rnti 5505 mcs 6
slot 4 index 0 rnti 5505 mcs 6
slot 4 index 0 rnti 5505 mcs 6
[UE-STAT] frame=400 dci_cnt=11 total_tbs=7040 ack_real=11 nack_real=0 fb_missing=0 decode_cnt=11
slot 4 index 0 rnti 5505 mcs 6
slot 15 index 0 rnti 5505 mcs 6
slot 4 index 0 rnti 5505 mcs 6
slot 4 index 0 rnti 5505 mcs 6
slot 4 index 0 rnti 5505 mcs 6
slot 4 index 0 rnti 5505 mcs 6
slot 4 index 0 rnti 5505 mcs 6
slot 4 index 0 rnti 5505 mcs 6
slot 4 index 0 rnti 5505 mcs 6
slot 4 index 0 rnti 5505 mcs 6
slot 15 index 0 rnti 5505 mcs 6
slot 4 index 0 rnti 5505 mcs 6
[UE-STAT] frame=500 dci_cnt=12 total_tbs=7680 ack_real=12 nack_real=0 fb_missing=0 decode_cnt=12
slot 4 index 0 rnti 5505 mcs 6
slot 4 index 0 rnti 5505 mcs 6
slot 4 index 0 rnti 5505 mcs 6
slot 4 index 0 rnti 5505 mcs 6
slot 4 index 0 rnti 5505 mcs 6
slot 4 index 0 rnti 5505 mcs 6
slot 4 index 0 rnti 5505 mcs 6
slot 15 index 0 rnti 5505 mcs 6
slot 4 index 0 rnti 5505 mcs 6
slot 4 index 0 rnti 5505 mcs 6
slot 4 index 0 rnti 5505 mcs 6
[UE-STAT] frame=600 dci_cnt=11 total_tbs=7040 ack_real=11 nack_real=0 fb_missing=0 decode_cnt=11
slot 4 index 0 rnti 5505 mcs 6
slot 4 index 0 rnti 5505 mcs 6
slot 4 index 0 rnti 5505 mcs 6
slot 4 index 0 rnti 5505 mcs 6
slot 4 index 0 rnti 5505 mcs 6
slot 15 index 0 rnti 5505 mcs 6
slot 4 index 0 rnti 5505 mcs 6
slot 4 index 0 rnti 5505 mcs 6
slot 4 index 0 rnti 5505 mcs 6
slot 4 index 0 rnti 5505 mcs 6
slot 4 index 0 rnti 5505 mcs 6
[UE-STAT] frame=700 dci_cnt=11 total_tbs=7040 ack_real=11 nack_real=0 fb_missing=0 decode_cnt=11
slot 4 index 0 rnti 5505 mcs 6
slot 4 index 0 rnti 5505 mcs 6
slot 4 index 0 rnti 5505 mcs 6
slot 15 index 0 rnti 5505 mcs 6
slot 4 index 0 rnti 5505 mcs 6
slot 4 index 0 rnti 5505 mcs 6
slot 4 index 0 rnti 5505 mcs 6
slot 4 index 0 rnti 5505 mcs 6
slot 4 index 0 rnti 5505 mcs 6
slot 4 index 0 rnti 5505 mcs 6
slot 4 index 0 rnti 5505 mcs 6
[UE-STAT] frame=800 dci_cnt=11 total_tbs=7040 ack_real=11 nack_real=0 fb_missing=0 decode_cnt=11
slot 4 index 0 rnti 5505 mcs 6
slot 15 index 0 rnti 5505 mcs 6
slot 4 index 0 rnti 5505 mcs 6
slot 4 index 0 rnti 5505 mcs 6
slot 4 index 0 rnti 5505 mcs 6
slot 4 index 0 rnti 5505 mcs 6
slot 4 index 0 rnti 5505 mcs 6
slot 4 index 0 rnti 5505 mcs 6
slot 4 index 0 rnti 5505 mcs 6
slot 4 index 0 rnti 5505 mcs 6
slot 15 index 0 rnti 5505 mcs 6
slot 4 index 0 rnti 5505 mcs 6
[UE-STAT] frame=900 dci_cnt=12 total_tbs=7680 ack_real=12 nack_real=0 fb_missing=0 decode_cnt=12
slot 4 index 0 rnti 5505 mcs 6
slot 4 index 0 rnti 5505 mcs 6
slot 4 index 0 rnti 5505 mcs 6
slot 4 index 0 rnti 5505 mcs 6
slot 4 index 0 rnti 5505 mcs 6
slot 4 index 0 rnti 5505 mcs 6
slot 4 index 0 rnti 5505 mcs 6
slot 15 index 0 rnti 5505 mcs 6
slot 4 index 0 rnti 5505 mcs 6
slot 4 index 0 rnti 5505 mcs 6
slot 4 index 0 rnti 5505 mcs 6
[UE-STAT] frame=1000 dci_cnt=11 total_tbs=7040 ack_real=11 nack_real=0 fb_missing=0 decode_cnt=11
slot 4 index 0 rnti 5505 mcs 6
slot 4 index 0 rnti 5505 mcs 6
slot 4 index 0 rnti 5505 mcs 6
slot 4 index 0 rnti 5505 mcs 6
slot 4 index 0 rnti 5505 mcs 6
slot 15 index 0 rnti 5505 mcs 6
slot 4 index 0 rnti 5505 mcs 6
slot 4 index 0 rnti 5505 mcs 6
slot 4 index 0 rnti 5505 mcs 6
slot 4 index 0 rnti 5505 mcs 6
slot 4 index 0 rnti 5505 mcs 6
slot 4 index 0 rnti 5505 mcs 6
slot 4 index 0 rnti 5505 mcs 6
slot 4 index 0 rnti 5505 mcs 6
slot 15 index 0 rnti 5505 mcs 6
slot 4 index 0 rnti 5505 mcs 6
slot 4 index 0 rnti 5505 mcs 6
slot 4 index 0 rnti 5505 mcs 6
slot 4 index 0 rnti 5505 mcs 6
slot 4 index 0 rnti 5505 mcs 6
slot 4 index 0 rnti 5505 mcs 6
slot 4 index 0 rnti 5505 mcs 6
slot 4 index 0 rnti 5505 mcs 6
slot 15 index 0 rnti 5505 mcs 6
slot 4 index 0 rnti 5505 mcs 6
slot 4 index 0 rnti 5505 mcs 6
slot 4 index 0 rnti 5505 mcs 6
slot 4 index 0 rnti 5505 mcs 6
slot 4 index 0 rnti 5505 mcs 6
slot 4 index 0 rnti 5505 mcs 6
slot 4 index 0 rnti 5505 mcs 6
slot 4 index 0 rnti 5505 mcs 6
slot 15 index 0 rnti 5505 mcs 6
slot 4 index 0 rnti 5505 mcs 6
slot 4 index 0 rnti 5505 mcs 6
slot 4 index 0 rnti 5505 mcs 6
slot 4 index 0 rnti 5505 mcs 6
slot 4 index 0 rnti 5505 mcs 6
slot 4 index 0 rnti 5505 mcs 6
slot 4 index 0 rnti 5505 mcs 6
slot 4 index 0 rnti 5505 mcs 6
slot 15 index 0 rnti 5505 mcs 6
slot 4 index 0 rnti 5505 mcs 6
slot 4 index 0 rnti 5505 mcs 6
slot 4 index 0 rnti 5505 mcs 6
slot 4 index 0 rnti 5505 mcs 6
slot 4 index 0 rnti 5505 mcs 6
slot 4 index 0 rnti 5505 mcs 6
slot 4 index 0 rnti 5505 mcs 6
slot 4 index 0 rnti 5505 mcs 6
slot 15 index 0 rnti 5505 mcs 6
slot 4 index 0 rnti 5505 mcs 6
slot 4 index 0 rnti 5505 mcs 6
slot 4 index 0 rnti 5505 mcs 6
slot 4 index 0 rnti 5505 mcs 6
slot 4 index 0 rnti 5505 mcs 6
slot 4 index 0 rnti 5505 mcs 6
slot 4 index 0 rnti 5505 mcs 6
slot 4 index 0 rnti 5505 mcs 6
slot 15 index 0 rnti 5505 mcs 6
slot 4 index 0 rnti 5505 mcs 6
slot 4 index 0 rnti 5505 mcs 6
slot 4 index 0 rnti 5505 mcs 6
slot 4 index 0 rnti 5505 mcs 6
slot 4 index 0 rnti 5505 mcs 6
slot 4 index 0 rnti 5505 mcs 6
slot 4 index 0 rnti 5505 mcs 6
slot 4 index 0 rnti 5505 mcs 6
slot 15 index 0 rnti 5505 mcs 6
slot 4 index 0 rnti 5505 mcs 6
slot 4 index 0 rnti 5505 mcs 6
slot 4 index 0 rnti 5505 mcs 6
slot 4 index 0 rnti 5505 mcs 6
slot 4 index 0 rnti 5505 mcs 6
slot 4 index 0 rnti 5505 mcs 6
slot 4 index 0 rnti 5505 mcs 6
slot 4 index 0 rnti 5505 mcs 6
slot 15 index 0 rnti 5505 mcs 6
slot 4 index 0 rnti 5505 mcs 6
slot 4 index 0 rnti 5505 mcs 6
slot 4 index 0 rnti 5505 mcs 6
slot 4 index 0 rnti 5505 mcs 6
slot 4 index 0 rnti 5505 mcs 6
slot 4 index 0 rnti 5505 mcs 6
slot 4 index 0 rnti 5505 mcs 6
slot 4 index 0 rnti 5505 mcs 6
slot 15 index 0 rnti 5505 mcs 6
slot 4 index 0 rnti 5505 mcs 6
slot 4 index 0 rnti 5505 mcs 6
slot 4 index 0 rnti 5505 mcs 6
slot 4 index 0 rnti 5505 mcs 6
slot 4 index 0 rnti 5505 mcs 6
slot 4 index 0 rnti 5505 mcs 6
slot 4 index 0 rnti 5505 mcs 6
slot 4 index 0 rnti 5505 mcs 6
slot 15 index 0 rnti 5505 mcs 6
slot 4 index 0 rnti 5505 mcs 6
slot 4 index 0 rnti 5505 mcs 6
slot 4 index 0 rnti 5505 mcs 6
slot 4 index 0 rnti 5505 mcs 6
slot 4 index 0 rnti 5505 mcs 6
slot 4 index 0 rnti 5505 mcs 6
slot 4 index 0 rnti 5505 mcs 6
slot 4 index 0 rnti 5505 mcs 6
slot 15 index 0 rnti 5505 mcs 6
slot 4 index 0 rnti 5505 mcs 6
slot 4 index 0 rnti 5505 mcs 6
slot 4 index 0 rnti 5505 mcs 6
slot 4 index 0 rnti 5505 mcs 6
slot 4 index 0 rnti 5505 mcs 6
slot 4 index 0 rnti 5505 mcs 6
slot 4 index 0 rnti 5505 mcs 6
slot 4 index 0 rnti 5505 mcs 6
slot 15 index 0 rnti 5505 mcs 6
slot 4 index 0 rnti 5505 mcs 6
slot 4 index 0 rnti 5505 mcs 6
slot 4 index 0 rnti 5505 mcs 6
slot 4 index 0 rnti 5505 mcs 6
slot 4 index 0 rnti 5505 mcs 6
slot 4 index 0 rnti 5505 mcs 6
slot 4 index 0 rnti 5505 mcs 6
slot 4 index 0 rnti 5505 mcs 6
slot 15 index 0 rnti 5505 mcs 6
slot 4 index 0 rnti 5505 mcs 6
slot 4 index 0 rnti 5505 mcs 6
slot 4 index 0 rnti 5505 mcs 6
slot 4 index 0 rnti 5505 mcs 6
slot 4 index 0 rnti 5505 mcs 6
slot 4 index 0 rnti 5505 mcs 6
slot 4 index 0 rnti 5505 mcs 6
slot 4 index 0 rnti 5505 mcs 6
slot 15 index 0 rnti 5505 mcs 6
slot 4 index 0 rnti 5505 mcs 6
slot 4 index 0 rnti 5505 mcs 6
slot 4 index 0 rnti 5505 mcs 6
slot 4 index 0 rnti 5505 mcs 6
slot 4 index 0 rnti 5505 mcs 6
slot 4 index 0 rnti 5505 mcs 6
slot 4 index 0 rnti 5505 mcs 6
slot 4 index 0 rnti 5505 mcs 6
slot 15 index 0 rnti 5505 mcs 6
slot 4 index 0 rnti 5505 mcs 6
slot 4 index 0 rnti 5505 mcs 6
slot 4 index 0 rnti 5505 mcs 6
slot 4 index 0 rnti 5505 mcs 6
slot 4 index 0 rnti 5505 mcs 6
slot 4 index 0 rnti 5505 mcs 6
slot 4 index 0 rnti 5505 mcs 6
slot 4 index 0 rnti 5505 mcs 6
slot 15 index 0 rnti 5505 mcs 6
slot 4 index 0 rnti 5505 mcs 6
slot 4 index 0 rnti 5505 mcs 6
slot 4 index 0 rnti 5505 mcs 6
slot 4 index 0 rnti 5505 mcs 6
slot 4 index 0 rnti 5505 mcs 6
slot 4 index 0 rnti 5505 mcs 6
slot 4 index 0 rnti 5505 mcs 6
slot 4 index 0 rnti 5505 mcs 6
slot 15 index 0 rnti 5505 mcs 6
slot 4 index 0 rnti 5505 mcs 6
slot 4 index 0 rnti 5505 mcs 6
slot 4 index 0 rnti 5505 mcs 6
slot 4 index 0 rnti 5505 mcs 6
slot 4 index 0 rnti 5505 mcs 6
slot 4 index 0 rnti 5505 mcs 6
slot 4 index 0 rnti 5505 mcs 6
slot 4 index 0 rnti 5505 mcs 6
slot 15 index 0 rnti 5505 mcs 6
slot 4 index 0 rnti 5505 mcs 6
slot 4 index 0 rnti 5505 mcs 6
slot 4 index 0 rnti 5505 mcs 6
slot 4 index 0 rnti 5505 mcs 6
slot 4 index 0 rnti 5505 mcs 6
slot 4 index 0 rnti 5505 mcs 6
slot 4 index 0 rnti 5505 mcs 6
slot 4 index 0 rnti 5505 mcs 6
slot 15 index 0 rnti 5505 mcs 6
slot 4 index 0 rnti 5505 mcs 6
slot 4 index 0 rnti 5505 mcs 6
slot 4 index 0 rnti 5505 mcs 6
slot 4 index 0 rnti 5505 mcs 6
slot 4 index 0 rnti 5505 mcs 6
slot 4 index 0 rnti 5505 mcs 6
slot 4 index 0 rnti 5505 mcs 6
slot 4 index 0 rnti 5505 mcs 6
slot 15 index 0 rnti 5505 mcs 6
slot 4 index 0 rnti 5505 mcs 6
slot 4 index 0 rnti 5505 mcs 6
slot 4 index 0 rnti 5505 mcs 6
slot 4 index 0 rnti 5505 mcs 6
slot 4 index 0 rnti 5505 mcs 6
slot 4 index 0 rnti 5505 mcs 6
slot 4 index 0 rnti 5505 mcs 6
slot 4 index 0 rnti 5505 mcs 6
slot 15 index 0 rnti 5505 mcs 6
slot 4 index 0 rnti 5505 mcs 6
slot 4 index 0 rnti 5505 mcs 6
slot 4 index 0 rnti 5505 mcs 6
slot 4 index 0 rnti 5505 mcs 6
slot 4 index 0 rnti 5505 mcs 6
slot 4 index 0 rnti 5505 mcs 6
slot 4 index 0 rnti 5505 mcs 6
slot 4 index 0 rnti 5505 mcs 6
slot 15 index 0 rnti 5505 mcs 6
slot 4 index 0 rnti 5505 mcs 6
slot 4 index 0 rnti 5505 mcs 6
slot 4 index 0 rnti 5505 mcs 6
slot 4 index 0 rnti 5505 mcs 6
slot 4 index 0 rnti 5505 mcs 6
slot 4 index 0 rnti 5505 mcs 6
slot 4 index 0 rnti 5505 mcs 6
slot 4 index 0 rnti 5505 mcs 6
slot 15 index 0 rnti 5505 mcs 6
slot 4 index 0 rnti 5505 mcs 6
slot 4 index 0 rnti 5505 mcs 6
slot 4 index 0 rnti 5505 mcs 6
slot 4 index 0 rnti 5505 mcs 6
slot 4 index 0 rnti 5505 mcs 6
slot 4 index 0 rnti 5505 mcs 6
slot 4 index 0 rnti 5505 mcs 6
slot 4 index 0 rnti 5505 mcs 6
slot 15 index 0 rnti 5505 mcs 6
slot 4 index 0 rnti 5505 mcs 6
slot 4 index 0 rnti 5505 mcs 6
slot 4 index 0 rnti 5505 mcs 6
slot 4 index 0 rnti 5505 mcs 6
slot 4 index 0 rnti 5505 mcs 6
slot 4 index 0 rnti 5505 mcs 6
slot 4 index 0 rnti 5505 mcs 6
slot 4 index 0 rnti 5505 mcs 6
slot 15 index 0 rnti 5505 mcs 6
slot 4 index 0 rnti 5505 mcs 6
slot 4 index 0 rnti 5505 mcs 6
slot 4 index 0 rnti 5505 mcs 6
slot 4 index 0 rnti 5505 mcs 6
slot 4 index 0 rnti 5505 mcs 6
slot 4 index 0 rnti 5505 mcs 6
slot 4 index 0 rnti 5505 mcs 6
slot 4 index 0 rnti 5505 mcs 6
slot 15 index 0 rnti 5505 mcs 6
slot 4 index 0 rnti 5505 mcs 6
slot 4 index 0 rnti 5505 mcs 6
slot 4 index 0 rnti 5505 mcs 6
slot 4 index 0 rnti 5505 mcs 6
slot 4 index 0 rnti 5505 mcs 6
slot 4 index 0 rnti 5505 mcs 6
slot 4 index 0 rnti 5505 mcs 6
slot 4 index 0 rnti 5505 mcs 6
slot 15 index 0 rnti 5505 mcs 6
slot 4 index 0 rnti 5505 mcs 6
slot 4 index 0 rnti 5505 mcs 6
slot 4 index 0 rnti 5505 mcs 6
slot 4 index 0 rnti 5505 mcs 6
slot 4 index 0 rnti 5505 mcs 6
slot 4 index 0 rnti 5505 mcs 6
slot 4 index 0 rnti 5505 mcs 6
slot 4 index 0 rnti 5505 mcs 6
slot 15 index 0 rnti 5505 mcs 6
slot 4 index 0 rnti 5505 mcs 6
slot 4 index 0 rnti 5505 mcs 6
slot 4 index 0 rnti 5505 mcs 6
slot 4 index 0 rnti 5505 mcs 6
slot 4 index 0 rnti 5505 mcs 6
slot 4 index 0 rnti 5505 mcs 6
slot 4 index 0 rnti 5505 mcs 6
slot 4 index 0 rnti 5505 mcs 6
slot 15 index 0 rnti 5505 mcs 6
slot 4 index 0 rnti 5505 mcs 6
slot 4 index 0 rnti 5505 mcs 6
slot 4 index 0 rnti 5505 mcs 6
slot 4 index 0 rnti 5505 mcs 6
slot 4 index 0 rnti 5505 mcs 6
slot 4 index 0 rnti 5505 mcs 6
slot 4 index 0 rnti 5505 mcs 6
slot 4 index 0 rnti 5505 mcs 6
slot 15 index 0 rnti 5505 mcs 6
slot 4 index 0 rnti 5505 mcs 6
slot 4 index 0 rnti 5505 mcs 6
slot 4 index 0 rnti 5505 mcs 6
slot 4 index 0 rnti 5505 mcs 6
slot 4 index 0 rnti 5505 mcs 6
slot 4 index 0 rnti 5505 mcs 6
slot 4 index 0 rnti 5505 mcs 6
slot 4 index 0 rnti 5505 mcs 6
slot 15 index 0 rnti 5505 mcs 6
slot 4 index 0 rnti 5505 mcs 6
slot 4 index 0 rnti 5505 mcs 6
slot 4 index 0 rnti 5505 mcs 6
slot 4 index 0 rnti 5505 mcs 6
slot 4 index 0 rnti 5505 mcs 6
slot 4 index 0 rnti 5505 mcs 6
slot 4 index 0 rnti 5505 mcs 6
slot 4 index 0 rnti 5505 mcs 6
slot 15 index 0 rnti 5505 mcs 6
slot 4 index 0 rnti 5505 mcs 6
slot 4 index 0 rnti 5505 mcs 6
slot 4 index 0 rnti 5505 mcs 6
slot 4 index 0 rnti 5505 mcs 6
slot 4 index 0 rnti 5505 mcs 6
slot 4 index 0 rnti 5505 mcs 6
slot 4 index 0 rnti 5505 mcs 6
slot 4 index 0 rnti 5505 mcs 6
slot 15 index 0 rnti 5505 mcs 6
slot 4 index 0 rnti 5505 mcs 6
slot 4 index 0 rnti 5505 mcs 6
slot 4 index 0 rnti 5505 mcs 6
slot 4 index 0 rnti 5505 mcs 6
slot 4 index 0 rnti 5505 mcs 6
slot 4 index 0 rnti 5505 mcs 6
slot 4 index 0 rnti 5505 mcs 6
slot 4 index 0 rnti 5505 mcs 6
slot 15 index 0 rnti 5505 mcs 6
slot 4 index 0 rnti 5505 mcs 6
slot 4 index 0 rnti 5505 mcs 6
slot 4 index 0 rnti 5505 mcs 6
slot 4 index 0 rnti 5505 mcs 6
slot 4 index 0 rnti 5505 mcs 6
slot 4 index 0 rnti 5505 mcs 6
slot 4 index 0 rnti 5505 mcs 6
slot 4 index 0 rnti 5505 mcs 6
slot 15 index 0 rnti 5505 mcs 6
slot 4 index 0 rnti 5505 mcs 6
slot 4 index 0 rnti 5505 mcs 6
slot 4 index 0 rnti 5505 mcs 6
slot 4 index 0 rnti 5505 mcs 6
slot 4 index 0 rnti 5505 mcs 6
slot 4 index 0 rnti 5505 mcs 6
slot 4 index 0 rnti 5505 mcs 6
slot 4 index 0 rnti 5505 mcs 6
slot 15 index 0 rnti 5505 mcs 6
slot 4 index 0 rnti 5505 mcs 6
slot 4 index 0 rnti 5505 mcs 6
slot 4 index 0 rnti 5505 mcs 6
slot 4 index 0 rnti 5505 mcs 6
slot 4 index 0 rnti 5505 mcs 6
slot 4 index 0 rnti 5505 mcs 6
slot 4 index 0 rnti 5505 mcs 6
slot 4 index 0 rnti 5505 mcs 6
slot 15 index 0 rnti 5505 mcs 6
slot 4 index 0 rnti 5505 mcs 6
slot 4 index 0 rnti 5505 mcs 6
slot 4 index 0 rnti 5505 mcs 6
slot 4 index 0 rnti 5505 mcs 6
slot 4 index 0 rnti 5505 mcs 6
slot 4 index 0 rnti 5505 mcs 6
slot 4 index 0 rnti 5505 mcs 6
slot 4 index 0 rnti 5505 mcs 6
slot 15 index 0 rnti 5505 mcs 6
slot 4 index 0 rnti 5505 mcs 6
slot 4 index 0 rnti 5505 mcs 6
slot 4 index 0 rnti 5505 mcs 6
slot 4 index 0 rnti 5505 mcs 6
slot 4 index 0 rnti 5505 mcs 6
slot 4 index 0 rnti 5505 mcs 6
slot 4 index 0 rnti 5505 mcs 6
slot 4 index 0 rnti 5505 mcs 6
slot 15 index 0 rnti 5505 mcs 6
slot 4 index 0 rnti 5505 mcs 6
slot 4 index 0 rnti 5505 mcs 6
slot 4 index 0 rnti 5505 mcs 6
slot 4 index 0 rnti 5505 mcs 6
slot 4 index 0 rnti 5505 mcs 6
slot 4 index 0 rnti 5505 mcs 6
slot 4 index 0 rnti 5505 mcs 6
slot 4 index 0 rnti 5505 mcs 6
slot 15 index 0 rnti 5505 mcs 6
slot 4 index 0 rnti 5505 mcs 6
slot 4 index 0 rnti 5505 mcs 6
slot 4 index 0 rnti 5505 mcs 6
slot 4 index 0 rnti 5505 mcs 6
slot 4 index 0 rnti 5505 mcs 6
slot 4 index 0 rnti 5505 mcs 6
slot 4 index 0 rnti 5505 mcs 6
slot 4 index 0 rnti 5505 mcs 6
slot 15 index 0 rnti 5505 mcs 6
slot 4 index 0 rnti 5505 mcs 6
slot 4 index 0 rnti 5505 mcs 6
slot 4 index 0 rnti 5505 mcs 6
slot 4 index 0 rnti 5505 mcs 6
slot 4 index 0 rnti 5505 mcs 6
slot 4 index 0 rnti 5505 mcs 6
slot 4 index 0 rnti 5505 mcs 6
slot 4 index 0 rnti 5505 mcs 6
slot 15 index 0 rnti 5505 mcs 6
slot 4 index 0 rnti 5505 mcs 6
slot 4 index 0 rnti 5505 mcs 6
slot 4 index 0 rnti 5505 mcs 6
slot 4 index 0 rnti 5505 mcs 6
slot 4 index 0 rnti 5505 mcs 6
slot 4 index 0 rnti 5505 mcs 6
slot 4 index 0 rnti 5505 mcs 6
slot 4 index 0 rnti 5505 mcs 6
slot 15 index 0 rnti 5505 mcs 6
slot 4 index 0 rnti 5505 mcs 6
slot 4 index 0 rnti 5505 mcs 6
slot 4 index 0 rnti 5505 mcs 6
slot 4 index 0 rnti 5505 mcs 6
slot 4 index 0 rnti 5505 mcs 6
slot 4 index 0 rnti 5505 mcs 6
slot 4 index 0 rnti 5505 mcs 6
slot 4 index 0 rnti 5505 mcs 6
slot 15 index 0 rnti 5505 mcs 6
slot 4 index 0 rnti 5505 mcs 6
slot 4 index 0 rnti 5505 mcs 6
slot 4 index 0 rnti 5505 mcs 6
slot 4 index 0 rnti 5505 mcs 6
slot 4 index 0 rnti 5505 mcs 6
slot 4 index 0 rnti 5505 mcs 6
slot 4 index 0 rnti 5505 mcs 6
slot 4 index 0 rnti 5505 mcs 6
slot 15 index 0 rnti 5505 mcs 6
slot 4 index 0 rnti 5505 mcs 6
slot 4 index 0 rnti 5505 mcs 6
slot 4 index 0 rnti 5505 mcs 6
slot 4 index 0 rnti 5505 mcs 6
slot 4 index 0 rnti 5505 mcs 6
slot 4 index 0 rnti 5505 mcs 6
slot 4 index 0 rnti 5505 mcs 6
slot 4 index 0 rnti 5505 mcs 6
slot 15 index 0 rnti 5505 mcs 6
slot 4 index 0 rnti 5505 mcs 6
slot 4 index 0 rnti 5505 mcs 6
slot 4 index 0 rnti 5505 mcs 6
slot 4 index 0 rnti 5505 mcs 6
slot 4 index 0 rnti 5505 mcs 6
slot 4 index 0 rnti 5505 mcs 6
slot 4 index 0 rnti 5505 mcs 6
slot 4 index 0 rnti 5505 mcs 6
slot 15 index 0 rnti 5505 mcs 6
slot 4 index 0 rnti 5505 mcs 6
slot 4 index 0 rnti 5505 mcs 6
slot 4 index 0 rnti 5505 mcs 6
slot 4 index 0 rnti 5505 mcs 6
slot 4 index 0 rnti 5505 mcs 6
slot 4 index 0 rnti 5505 mcs 6
slot 4 index 0 rnti 5505 mcs 6
slot 4 index 0 rnti 5505 mcs 6
slot 15 index 0 rnti 5505 mcs 6
slot 4 index 0 rnti 5505 mcs 6
slot 4 index 0 rnti 5505 mcs 6
slot 4 index 0 rnti 5505 mcs 6
slot 4 index 0 rnti 5505 mcs 6
slot 4 index 0 rnti 5505 mcs 6
slot 4 index 0 rnti 5505 mcs 6
slot 4 index 0 rnti 5505 mcs 6
slot 4 index 0 rnti 5505 mcs 6
slot 15 index 0 rnti 5505 mcs 6
slot 4 index 0 rnti 5505 mcs 6
slot 4 index 0 rnti 5505 mcs 6
slot 4 index 0 rnti 5505 mcs 6
slot 4 index 0 rnti 5505 mcs 6
slot 4 index 0 rnti 5505 mcs 6
slot 4 index 0 rnti 5505 mcs 6
slot 4 index 0 rnti 5505 mcs 6
slot 4 index 0 rnti 5505 mcs 6
slot 15 index 0 rnti 5505 mcs 6
slot 4 index 0 rnti 5505 mcs 6
slot 4 index 0 rnti 5505 mcs 6
slot 4 index 0 rnti 5505 mcs 6
slot 4 index 0 rnti 5505 mcs 6
slot 4 index 0 rnti 5505 mcs 6
slot 4 index 0 rnti 5505 mcs 6
slot 4 index 0 rnti 5505 mcs 6
[UE-STAT] frame=0 dci_cnt=463 total_tbs=296320 ack_real=463 nack_real=0 fb_missing=0 decode_cnt=463
slot 4 index 0 rnti 5505 mcs 6
slot 15 index 0 rnti 5505 mcs 6
slot 4 index 0 rnti 5505 mcs 6
slot 4 index 0 rnti 5505 mcs 6
slot 4 index 0 rnti 5505 mcs 6
slot 4 index 0 rnti 5505 mcs 6
slot 4 index 0 rnti 5505 mcs 6
slot 4 index 0 rnti 5505 mcs 6
slot 4 index 0 rnti 5505 mcs 6
slot 4 index 0 rnti 5505 mcs 6
slot 15 index 0 rnti 5505 mcs 6
slot 4 index 0 rnti 5505 mcs 6
[UE-STAT] frame=100 dci_cnt=12 total_tbs=7680 ack_real=12 nack_real=0 fb_missing=0 decode_cnt=12
slot 4 index 0 rnti 5505 mcs 6
slot 4 index 0 rnti 5505 mcs 6
slot 4 index 0 rnti 5505 mcs 6
slot 4 index 0 rnti 5505 mcs 6
slot 4 index 0 rnti 5505 mcs 6
slot 4 index 0 rnti 5505 mcs 6
slot 4 index 0 rnti 5505 mcs 6
slot 15 index 0 rnti 5505 mcs 6
slot 4 index 0 rnti 5505 mcs 6
slot 4 index 0 rnti 5505 mcs 6
slot 4 index 0 rnti 5505 mcs 6
[UE-STAT] frame=200 dci_cnt=11 total_tbs=7040 ack_real=11 nack_real=0 fb_missing=0 decode_cnt=11
slot 4 index 0 rnti 5505 mcs 6
slot 4 index 0 rnti 5505 mcs 6
slot 4 index 0 rnti 5505 mcs 6
slot 4 index 0 rnti 5505 mcs 6
slot 4 index 0 rnti 5505 mcs 6
slot 15 index 0 rnti 5505 mcs 6
slot 4 index 0 rnti 5505 mcs 6
slot 4 index 0 rnti 5505 mcs 6
slot 4 index 0 rnti 5505 mcs 6
slot 4 index 0 rnti 5505 mcs 6
slot 4 index 0 rnti 5505 mcs 6
[UE-STAT] frame=300 dci_cnt=11 total_tbs=7040 ack_real=11 nack_real=0 fb_missing=0 decode_cnt=11
slot 4 index 0 rnti 5505 mcs 6
slot 4 index 0 rnti 5505 mcs 6
slot 4 index 0 rnti 5505 mcs 6
slot 15 index 0 rnti 5505 mcs 6
slot 4 index 0 rnti 5505 mcs 6
slot 4 index 0 rnti 5505 mcs 6
slot 4 index 0 rnti 5505 mcs 6
slot 4 index 0 rnti 5505 mcs 6
slot 4 index 0 rnti 5505 mcs 6
slot 4 index 0 rnti 5505 mcs 6
slot 4 index 0 rnti 5505 mcs 6
[UE-STAT] frame=400 dci_cnt=11 total_tbs=7040 ack_real=11 nack_real=0 fb_missing=0 decode_cnt=11
slot 4 index 0 rnti 5505 mcs 6
slot 15 index 0 rnti 5505 mcs 6
slot 4 index 0 rnti 5505 mcs 6
slot 4 index 0 rnti 5505 mcs 6
slot 4 index 0 rnti 5505 mcs 6
slot 4 index 0 rnti 5505 mcs 6
slot 4 index 0 rnti 5505 mcs 6
slot 4 index 0 rnti 5505 mcs 6
slot 4 index 0 rnti 5505 mcs 6
slot 4 index 0 rnti 5505 mcs 6
slot 15 index 0 rnti 5505 mcs 6
slot 4 index 0 rnti 5505 mcs 6
[UE-STAT] frame=500 dci_cnt=12 total_tbs=7680 ack_real=12 nack_real=0 fb_missing=0 decode_cnt=12
slot 4 index 0 rnti 5505 mcs 6
slot 4 index 0 rnti 5505 mcs 6
slot 4 index 0 rnti 5505 mcs 6
slot 4 index 0 rnti 5505 mcs 6
slot 4 index 0 rnti 5505 mcs 6
slot 4 index 0 rnti 5505 mcs 6
slot 4 index 0 rnti 5505 mcs 6
slot 15 index 0 rnti 5505 mcs 6
slot 4 index 0 rnti 5505 mcs 6
slot 4 index 0 rnti 5505 mcs 6
slot 4 index 0 rnti 5505 mcs 6
[UE-STAT] frame=600 dci_cnt=11 total_tbs=7040 ack_real=11 nack_real=0 fb_missing=0 decode_cnt=11
slot 4 index 0 rnti 5505 mcs 6
slot 4 index 0 rnti 5505 mcs 6
slot 4 index 0 rnti 5505 mcs 6
slot 4 index 0 rnti 5505 mcs 6
slot 4 index 0 rnti 5505 mcs 6
slot 15 index 0 rnti 5505 mcs 6
slot 4 index 0 rnti 5505 mcs 6
slot 4 index 0 rnti 5505 mcs 6
slot 4 index 0 rnti 5505 mcs 6
slot 4 index 0 rnti 5505 mcs 6
slot 4 index 0 rnti 5505 mcs 6
[UE-STAT] frame=700 dci_cnt=11 total_tbs=7040 ack_real=11 nack_real=0 fb_missing=0 decode_cnt=11
slot 4 index 0 rnti 5505 mcs 6
slot 4 index 0 rnti 5505 mcs 6
slot 4 index 0 rnti 5505 mcs 6
slot 15 index 0 rnti 5505 mcs 6
slot 4 index 0 rnti 5505 mcs 6
slot 4 index 0 rnti 5505 mcs 6
slot 4 index 0 rnti 5505 mcs 6
slot 4 index 0 rnti 5505 mcs 6
slot 4 index 0 rnti 5505 mcs 6
slot 4 index 0 rnti 5505 mcs 6
slot 4 index 0 rnti 5505 mcs 6
[UE-STAT] frame=800 dci_cnt=11 total_tbs=7040 ack_real=11 nack_real=0 fb_missing=0 decode_cnt=11
slot 4 index 0 rnti 5505 mcs 6
slot 15 index 0 rnti 5505 mcs 6
slot 4 index 0 rnti 5505 mcs 6
slot 4 index 0 rnti 5505 mcs 6
slot 4 index 0 rnti 5505 mcs 6
slot 4 index 0 rnti 5505 mcs 6
slot 4 index 0 rnti 5505 mcs 6
slot 4 index 0 rnti 5505 mcs 6
slot 4 index 0 rnti 5505 mcs 6
slot 4 index 0 rnti 5505 mcs 6
slot 15 index 0 rnti 5505 mcs 6
slot 4 index 0 rnti 5505 mcs 6
[UE-STAT] frame=900 dci_cnt=12 total_tbs=7680 ack_real=12 nack_real=0 fb_missing=0 decode_cnt=12
slot 4 index 0 rnti 5505 mcs 6
slot 4 index 0 rnti 5505 mcs 6
slot 4 index 0 rnti 5505 mcs 6
slot 4 index 0 rnti 5505 mcs 6
slot 4 index 0 rnti 5505 mcs 6
slot 4 index 0 rnti 5505 mcs 6
slot 4 index 0 rnti 5505 mcs 6
slot 15 index 0 rnti 5505 mcs 6
slot 4 index 0 rnti 5505 mcs 6
slot 4 index 0 rnti 5505 mcs 6
slot 4 index 0 rnti 5505 mcs 6
[UE-STAT] frame=1000 dci_cnt=11 total_tbs=7040 ack_real=11 nack_real=0 fb_missing=0 decode_cnt=11
slot 4 index 0 rnti 5505 mcs 6
slot 4 index 0 rnti 5505 mcs 6
slot 4 index 0 rnti 5505 mcs 6
slot 4 index 0 rnti 5505 mcs 6
slot 4 index 0 rnti 5505 mcs 6
slot 15 index 0 rnti 5505 mcs 6
slot 4 index 0 rnti 5505 mcs 6
slot 4 index 0 rnti 5505 mcs 6
slot 4 index 0 rnti 5505 mcs 6
slot 4 index 0 rnti 5505 mcs 6
slot 4 index 0 rnti 5505 mcs 6
slot 4 index 0 rnti 5505 mcs 6
slot 4 index 0 rnti 5505 mcs 6
slot 4 index 0 rnti 5505 mcs 6
slot 15 index 0 rnti 5505 mcs 6
slot 4 index 0 rnti 5505 mcs 6
slot 4 index 0 rnti 5505 mcs 6
slot 4 index 0 rnti 5505 mcs 6
slot 4 index 0 rnti 5505 mcs 6
slot 4 index 0 rnti 5505 mcs 6
slot 4 index 0 rnti 5505 mcs 6
slot 4 index 0 rnti 5505 mcs 6
slot 4 index 0 rnti 5505 mcs 6
slot 15 index 0 rnti 5505 mcs 6
slot 4 index 0 rnti 5505 mcs 6
slot 4 index 0 rnti 5505 mcs 6
slot 4 index 0 rnti 5505 mcs 6
slot 4 index 0 rnti 5505 mcs 6
slot 4 index 0 rnti 5505 mcs 6
slot 4 index 0 rnti 5505 mcs 6
slot 4 index 0 rnti 5505 mcs 6
slot 4 index 0 rnti 5505 mcs 6
slot 15 index 0 rnti 5505 mcs 6
slot 4 index 0 rnti 5505 mcs 6
slot 4 index 0 rnti 5505 mcs 6
slot 4 index 0 rnti 5505 mcs 6
slot 4 index 0 rnti 5505 mcs 6
slot 4 index 0 rnti 5505 mcs 6
slot 4 index 0 rnti 5505 mcs 6
slot 4 index 0 rnti 5505 mcs 6
slot 4 index 0 rnti 5505 mcs 6
slot 15 index 0 rnti 5505 mcs 6
slot 4 index 0 rnti 5505 mcs 6
slot 4 index 0 rnti 5505 mcs 6
slot 4 index 0 rnti 5505 mcs 6
slot 4 index 0 rnti 5505 mcs 6
slot 4 index 0 rnti 5505 mcs 6
slot 4 index 0 rnti 5505 mcs 6
slot 4 index 0 rnti 5505 mcs 6
slot 4 index 0 rnti 5505 mcs 6
slot 15 index 0 rnti 5505 mcs 6
slot 4 index 0 rnti 5505 mcs 6
slot 4 index 0 rnti 5505 mcs 6
slot 4 index 0 rnti 5505 mcs 6
slot 4 index 0 rnti 5505 mcs 6
slot 4 index 0 rnti 5505 mcs 6
slot 4 index 0 rnti 5505 mcs 6
slot 4 index 0 rnti 5505 mcs 6
slot 4 index 0 rnti 5505 mcs 6
slot 15 index 0 rnti 5505 mcs 6
slot 4 index 0 rnti 5505 mcs 6
slot 4 index 0 rnti 5505 mcs 6
slot 4 index 0 rnti 5505 mcs 6
slot 4 index 0 rnti 5505 mcs 6
slot 4 index 0 rnti 5505 mcs 6
slot 4 index 0 rnti 5505 mcs 6
slot 4 index 0 rnti 5505 mcs 6
slot 4 index 0 rnti 5505 mcs 6
slot 15 index 0 rnti 5505 mcs 6
slot 4 index 0 rnti 5505 mcs 6
slot 4 index 0 rnti 5505 mcs 6
slot 4 index 0 rnti 5505 mcs 6
slot 4 index 0 rnti 5505 mcs 6
slot 4 index 0 rnti 5505 mcs 6
slot 4 index 0 rnti 5505 mcs 6
slot 4 index 0 rnti 5505 mcs 6
slot 4 index 0 rnti 5505 mcs 6
slot 15 index 0 rnti 5505 mcs 6
slot 4 index 0 rnti 5505 mcs 6
slot 4 index 0 rnti 5505 mcs 6
slot 4 index 0 rnti 5505 mcs 6
slot 4 index 0 rnti 5505 mcs 6
slot 4 index 0 rnti 5505 mcs 6
slot 4 index 0 rnti 5505 mcs 6
slot 4 index 0 rnti 5505 mcs 6
slot 4 index 0 rnti 5505 mcs 6
slot 15 index 0 rnti 5505 mcs 6
slot 4 index 0 rnti 5505 mcs 6
slot 4 index 0 rnti 5505 mcs 6
slot 4 index 0 rnti 5505 mcs 6
slot 4 index 0 rnti 5505 mcs 6
slot 4 index 0 rnti 5505 mcs 6
slot 4 index 0 rnti 5505 mcs 6
slot 4 index 0 rnti 5505 mcs 6
slot 4 index 0 rnti 5505 mcs 6
slot 15 index 0 rnti 5505 mcs 6
slot 4 index 0 rnti 5505 mcs 6
slot 4 index 0 rnti 5505 mcs 6
slot 4 index 0 rnti 5505 mcs 6
slot 4 index 0 rnti 5505 mcs 6
slot 4 index 0 rnti 5505 mcs 6
slot 4 index 0 rnti 5505 mcs 6
slot 4 index 0 rnti 5505 mcs 6
slot 4 index 0 rnti 5505 mcs 6
slot 15 index 0 rnti 5505 mcs 6
slot 4 index 0 rnti 5505 mcs 6
slot 4 index 0 rnti 5505 mcs 6
slot 4 index 0 rnti 5505 mcs 6
slot 4 index 0 rnti 5505 mcs 6
slot 4 index 0 rnti 5505 mcs 6
slot 4 index 0 rnti 5505 mcs 6
slot 4 index 0 rnti 5505 mcs 6
slot 4 index 0 rnti 5505 mcs 6
slot 15 index 0 rnti 5505 mcs 6
slot 4 index 0 rnti 5505 mcs 6
slot 4 index 0 rnti 5505 mcs 6
slot 4 index 0 rnti 5505 mcs 6
slot 4 index 0 rnti 5505 mcs 6
slot 4 index 0 rnti 5505 mcs 6
slot 4 index 0 rnti 5505 mcs 6
slot 4 index 0 rnti 5505 mcs 6
slot 4 index 0 rnti 5505 mcs 6
slot 15 index 0 rnti 5505 mcs 6
slot 4 index 0 rnti 5505 mcs 6
slot 4 index 0 rnti 5505 mcs 6
slot 4 index 0 rnti 5505 mcs 6
slot 4 index 0 rnti 5505 mcs 6
slot 4 index 0 rnti 5505 mcs 6
slot 4 index 0 rnti 5505 mcs 6
slot 4 index 0 rnti 5505 mcs 6
slot 4 index 0 rnti 5505 mcs 6
slot 15 index 0 rnti 5505 mcs 6
slot 4 index 0 rnti 5505 mcs 6
slot 4 index 0 rnti 5505 mcs 6
slot 4 index 0 rnti 5505 mcs 6
slot 4 index 0 rnti 5505 mcs 6
slot 4 index 0 rnti 5505 mcs 6
slot 4 index 0 rnti 5505 mcs 6
slot 4 index 0 rnti 5505 mcs 6
slot 4 index 0 rnti 5505 mcs 6
slot 15 index 0 rnti 5505 mcs 6
slot 4 index 0 rnti 5505 mcs 6
slot 4 index 0 rnti 5505 mcs 6
slot 4 index 0 rnti 5505 mcs 6
slot 4 index 0 rnti 5505 mcs 6
slot 4 index 0 rnti 5505 mcs 6
slot 4 index 0 rnti 5505 mcs 6
slot 4 index 0 rnti 5505 mcs 6
slot 4 index 0 rnti 5505 mcs 6
slot 15 index 0 rnti 5505 mcs 6
slot 4 index 0 rnti 5505 mcs 6
slot 4 index 0 rnti 5505 mcs 6
slot 4 index 0 rnti 5505 mcs 6
slot 4 index 0 rnti 5505 mcs 6
slot 4 index 0 rnti 5505 mcs 6
slot 4 index 0 rnti 5505 mcs 6
slot 4 index 0 rnti 5505 mcs 6
slot 4 index 0 rnti 5505 mcs 6
slot 15 index 0 rnti 5505 mcs 6
slot 4 index 0 rnti 5505 mcs 6
slot 4 index 0 rnti 5505 mcs 6
slot 4 index 0 rnti 5505 mcs 6
slot 4 index 0 rnti 5505 mcs 6
slot 4 index 0 rnti 5505 mcs 6
slot 4 index 0 rnti 5505 mcs 6
slot 4 index 0 rnti 5505 mcs 6
slot 4 index 0 rnti 5505 mcs 6
slot 15 index 0 rnti 5505 mcs 6
slot 4 index 0 rnti 5505 mcs 6
slot 4 index 0 rnti 5505 mcs 6
slot 4 index 0 rnti 5505 mcs 6
slot 4 index 0 rnti 5505 mcs 6
slot 4 index 0 rnti 5505 mcs 6
slot 4 index 0 rnti 5505 mcs 6
slot 4 index 0 rnti 5505 mcs 6
slot 4 index 0 rnti 5505 mcs 6
slot 15 index 0 rnti 5505 mcs 6
slot 4 index 0 rnti 5505 mcs 6
slot 4 index 0 rnti 5505 mcs 6
slot 4 index 0 rnti 5505 mcs 6
slot 4 index 0 rnti 5505 mcs 6
slot 4 index 0 rnti 5505 mcs 6
slot 4 index 0 rnti 5505 mcs 6
slot 4 index 0 rnti 5505 mcs 6
slot 4 index 0 rnti 5505 mcs 6
slot 15 index 0 rnti 5505 mcs 6
slot 4 index 0 rnti 5505 mcs 6
slot 4 index 0 rnti 5505 mcs 6
slot 4 index 0 rnti 5505 mcs 6
slot 4 index 0 rnti 5505 mcs 6
slot 4 index 0 rnti 5505 mcs 6
slot 4 index 0 rnti 5505 mcs 6
slot 4 index 0 rnti 5505 mcs 6
slot 4 index 0 rnti 5505 mcs 6
slot 15 index 0 rnti 5505 mcs 6
slot 4 index 0 rnti 5505 mcs 6
slot 4 index 0 rnti 5505 mcs 6
slot 4 index 0 rnti 5505 mcs 6
slot 4 index 0 rnti 5505 mcs 6
slot 4 index 0 rnti 5505 mcs 6
slot 4 index 0 rnti 5505 mcs 6
slot 4 index 0 rnti 5505 mcs 6
slot 4 index 0 rnti 5505 mcs 6
slot 15 index 0 rnti 5505 mcs 6
slot 4 index 0 rnti 5505 mcs 6
slot 4 index 0 rnti 5505 mcs 6
slot 4 index 0 rnti 5505 mcs 6
slot 4 index 0 rnti 5505 mcs 6
slot 4 index 0 rnti 5505 mcs 6
slot 4 index 0 rnti 5505 mcs 6
slot 4 index 0 rnti 5505 mcs 6
slot 4 index 0 rnti 5505 mcs 6
slot 15 index 0 rnti 5505 mcs 6
slot 4 index 0 rnti 5505 mcs 6
slot 4 index 0 rnti 5505 mcs 6
slot 4 index 0 rnti 5505 mcs 6
slot 4 index 0 rnti 5505 mcs 6
slot 4 index 0 rnti 5505 mcs 6
slot 4 index 0 rnti 5505 mcs 6
slot 4 index 0 rnti 5505 mcs 6
slot 4 index 0 rnti 5505 mcs 6
slot 15 index 0 rnti 5505 mcs 6
slot 4 index 0 rnti 5505 mcs 6
slot 4 index 0 rnti 5505 mcs 6
slot 4 index 0 rnti 5505 mcs 6
slot 4 index 0 rnti 5505 mcs 6
slot 4 index 0 rnti 5505 mcs 6
slot 4 index 0 rnti 5505 mcs 6
slot 4 index 0 rnti 5505 mcs 6
slot 4 index 0 rnti 5505 mcs 6
slot 15 index 0 rnti 5505 mcs 6
slot 4 index 0 rnti 5505 mcs 6
slot 4 index 0 rnti 5505 mcs 6
slot 4 index 0 rnti 5505 mcs 6
slot 4 index 0 rnti 5505 mcs 6
slot 4 index 0 rnti 5505 mcs 6
slot 4 index 0 rnti 5505 mcs 6
slot 4 index 0 rnti 5505 mcs 6
slot 4 index 0 rnti 5505 mcs 6
slot 15 index 0 rnti 5505 mcs 6
slot 4 index 0 rnti 5505 mcs 6
slot 4 index 0 rnti 5505 mcs 6
slot 4 index 0 rnti 5505 mcs 6
slot 4 index 0 rnti 5505 mcs 6
slot 4 index 0 rnti 5505 mcs 6
slot 4 index 0 rnti 5505 mcs 6
slot 4 index 0 rnti 5505 mcs 6
slot 4 index 0 rnti 5505 mcs 6
slot 15 index 0 rnti 5505 mcs 6
slot 4 index 0 rnti 5505 mcs 6
slot 4 index 0 rnti 5505 mcs 6
slot 4 index 0 rnti 5505 mcs 6
slot 4 index 0 rnti 5505 mcs 6
slot 4 index 0 rnti 5505 mcs 6
slot 4 index 0 rnti 5505 mcs 6
slot 4 index 0 rnti 5505 mcs 6
slot 4 index 0 rnti 5505 mcs 6
slot 15 index 0 rnti 5505 mcs 6
slot 4 index 0 rnti 5505 mcs 6
slot 4 index 0 rnti 5505 mcs 6
slot 4 index 0 rnti 5505 mcs 6
slot 4 index 0 rnti 5505 mcs 6
slot 4 index 0 rnti 5505 mcs 6
slot 4 index 0 rnti 5505 mcs 6
slot 4 index 0 rnti 5505 mcs 6
slot 4 index 0 rnti 5505 mcs 6
slot 15 index 0 rnti 5505 mcs 6
slot 4 index 0 rnti 5505 mcs 6
slot 4 index 0 rnti 5505 mcs 6
slot 4 index 0 rnti 5505 mcs 6
slot 4 index 0 rnti 5505 mcs 6
slot 4 index 0 rnti 5505 mcs 6
slot 4 index 0 rnti 5505 mcs 6
slot 4 index 0 rnti 5505 mcs 6
slot 4 index 0 rnti 5505 mcs 6
slot 15 index 0 rnti 5505 mcs 6
slot 4 index 0 rnti 5505 mcs 6
slot 4 index 0 rnti 5505 mcs 6
slot 4 index 0 rnti 5505 mcs 6
slot 4 index 0 rnti 5505 mcs 6
slot 4 index 0 rnti 5505 mcs 6
slot 4 index 0 rnti 5505 mcs 6
slot 4 index 0 rnti 5505 mcs 6
slot 4 index 0 rnti 5505 mcs 6
slot 15 index 0 rnti 5505 mcs 6
slot 4 index 0 rnti 5505 mcs 6
slot 4 index 0 rnti 5505 mcs 6
slot 4 index 0 rnti 5505 mcs 6
slot 4 index 0 rnti 5505 mcs 6
slot 4 index 0 rnti 5505 mcs 6
slot 4 index 0 rnti 5505 mcs 6
slot 4 index 0 rnti 5505 mcs 6
slot 4 index 0 rnti 5505 mcs 6
slot 15 index 0 rnti 5505 mcs 6
slot 4 index 0 rnti 5505 mcs 6
slot 4 index 0 rnti 5505 mcs 6
slot 4 index 0 rnti 5505 mcs 6
slot 4 index 0 rnti 5505 mcs 6
slot 4 index 0 rnti 5505 mcs 6
slot 4 index 0 rnti 5505 mcs 6
slot 4 index 0 rnti 5505 mcs 6
slot 4 index 0 rnti 5505 mcs 6
slot 15 index 0 rnti 5505 mcs 6
slot 4 index 0 rnti 5505 mcs 6
slot 4 index 0 rnti 5505 mcs 6
slot 4 index 0 rnti 5505 mcs 6
slot 4 index 0 rnti 5505 mcs 6
slot 4 index 0 rnti 5505 mcs 6
slot 4 index 0 rnti 5505 mcs 6
slot 4 index 0 rnti 5505 mcs 6
slot 4 index 0 rnti 5505 mcs 6
slot 15 index 0 rnti 5505 mcs 6
slot 4 index 0 rnti 5505 mcs 6
slot 4 index 0 rnti 5505 mcs 6
slot 4 index 0 rnti 5505 mcs 6
slot 4 index 0 rnti 5505 mcs 6
slot 4 index 0 rnti 5505 mcs 6
slot 4 index 0 rnti 5505 mcs 6
slot 4 index 0 rnti 5505 mcs 6
slot 4 index 0 rnti 5505 mcs 6
slot 15 index 0 rnti 5505 mcs 6
slot 4 index 0 rnti 5505 mcs 6
slot 4 index 0 rnti 5505 mcs 6
slot 4 index 0 rnti 5505 mcs 6
slot 4 index 0 rnti 5505 mcs 6
slot 4 index 0 rnti 5505 mcs 6
slot 4 index 0 rnti 5505 mcs 6
slot 4 index 0 rnti 5505 mcs 6
slot 4 index 0 rnti 5505 mcs 6
slot 15 index 0 rnti 5505 mcs 6
slot 4 index 0 rnti 5505 mcs 6
slot 4 index 0 rnti 5505 mcs 6
slot 4 index 0 rnti 5505 mcs 6
slot 4 index 0 rnti 5505 mcs 6
slot 4 index 0 rnti 5505 mcs 6
slot 4 index 0 rnti 5505 mcs 6
slot 4 index 0 rnti 5505 mcs 6
slot 4 index 0 rnti 5505 mcs 6
slot 15 index 0 rnti 5505 mcs 6
slot 4 index 0 rnti 5505 mcs 6
slot 4 index 0 rnti 5505 mcs 6
slot 4 index 0 rnti 5505 mcs 6
slot 4 index 0 rnti 5505 mcs 6
slot 4 index 0 rnti 5505 mcs 6
slot 4 index 0 rnti 5505 mcs 6
slot 4 index 0 rnti 5505 mcs 6
slot 4 index 0 rnti 5505 mcs 6
slot 15 index 0 rnti 5505 mcs 6
slot 4 index 0 rnti 5505 mcs 6
slot 4 index 0 rnti 5505 mcs 6
slot 4 index 0 rnti 5505 mcs 6
slot 4 index 0 rnti 5505 mcs 6
slot 4 index 0 rnti 5505 mcs 6
slot 4 index 0 rnti 5505 mcs 6
slot 4 index 0 rnti 5505 mcs 6
slot 4 index 0 rnti 5505 mcs 6
slot 15 index 0 rnti 5505 mcs 6
slot 4 index 0 rnti 5505 mcs 6
slot 4 index 0 rnti 5505 mcs 6
slot 4 index 0 rnti 5505 mcs 6
slot 4 index 0 rnti 5505 mcs 6
slot 4 index 0 rnti 5505 mcs 6
slot 4 index 0 rnti 5505 mcs 6
slot 4 index 0 rnti 5505 mcs 6
slot 4 index 0 rnti 5505 mcs 6
slot 15 index 0 rnti 5505 mcs 6
slot 4 index 0 rnti 5505 mcs 6
slot 4 index 0 rnti 5505 mcs 6
slot 4 index 0 rnti 5505 mcs 6
slot 4 index 0 rnti 5505 mcs 6
slot 4 index 0 rnti 5505 mcs 6
slot 4 index 0 rnti 5505 mcs 6
slot 4 index 0 rnti 5505 mcs 6
slot 4 index 0 rnti 5505 mcs 6
slot 15 index 0 rnti 5505 mcs 6
slot 4 index 0 rnti 5505 mcs 6
slot 4 index 0 rnti 5505 mcs 6
slot 4 index 0 rnti 5505 mcs 6
slot 4 index 0 rnti 5505 mcs 6
slot 4 index 0 rnti 5505 mcs 6
slot 4 index 0 rnti 5505 mcs 6
slot 4 index 0 rnti 5505 mcs 6
slot 4 index 0 rnti 5505 mcs 6
slot 15 index 0 rnti 5505 mcs 6
slot 4 index 0 rnti 5505 mcs 6
slot 4 index 0 rnti 5505 mcs 6
slot 4 index 0 rnti 5505 mcs 6
slot 4 index 0 rnti 5505 mcs 6
slot 4 index 0 rnti 5505 mcs 6
slot 4 index 0 rnti 5505 mcs 6
slot 4 index 0 rnti 5505 mcs 6
slot 4 index 0 rnti 5505 mcs 6
slot 15 index 0 rnti 5505 mcs 6
slot 4 index 0 rnti 5505 mcs 6
slot 4 index 0 rnti 5505 mcs 6
slot 4 index 0 rnti 5505 mcs 6
slot 4 index 0 rnti 5505 mcs 6
slot 4 index 0 rnti 5505 mcs 6
slot 4 index 0 rnti 5505 mcs 6
slot 4 index 0 rnti 5505 mcs 6
slot 4 index 0 rnti 5505 mcs 6
slot 15 index 0 rnti 5505 mcs 6
slot 4 index 0 rnti 5505 mcs 6
slot 4 index 0 rnti 5505 mcs 6
slot 4 index 0 rnti 5505 mcs 6
slot 4 index 0 rnti 5505 mcs 6
slot 4 index 0 rnti 5505 mcs 6
slot 4 index 0 rnti 5505 mcs 6
slot 4 index 0 rnti 5505 mcs 6
slot 4 index 0 rnti 5505 mcs 6
slot 15 index 0 rnti 5505 mcs 6
slot 4 index 0 rnti 5505 mcs 6
slot 4 index 0 rnti 5505 mcs 6
slot 4 index 0 rnti 5505 mcs 6
slot 4 index 0 rnti 5505 mcs 6
slot 4 index 0 rnti 5505 mcs 6
slot 4 index 0 rnti 5505 mcs 6
slot 4 index 0 rnti 5505 mcs 6
slot 4 index 0 rnti 5505 mcs 6
slot 15 index 0 rnti 5505 mcs 6
slot 4 index 0 rnti 5505 mcs 6
slot 4 index 0 rnti 5505 mcs 6
slot 4 index 0 rnti 5505 mcs 6
slot 4 index 0 rnti 5505 mcs 6
slot 4 index 0 rnti 5505 mcs 6
slot 4 index 0 rnti 5505 mcs 6
slot 4 index 0 rnti 5505 mcs 6
slot 4 index 0 rnti 5505 mcs 6
slot 15 index 0 rnti 5505 mcs 6
slot 4 index 0 rnti 5505 mcs 6
slot 4 index 0 rnti 5505 mcs 6
slot 4 index 0 rnti 5505 mcs 6
slot 4 index 0 rnti 5505 mcs 6
slot 4 index 0 rnti 5505 mcs 6
slot 4 index 0 rnti 5505 mcs 6
slot 4 index 0 rnti 5505 mcs 6
slot 4 index 0 rnti 5505 mcs 6
slot 15 index 0 rnti 5505 mcs 6
slot 4 index 0 rnti 5505 mcs 6
slot 4 index 0 rnti 5505 mcs 6
slot 4 index 0 rnti 5505 mcs 6
slot 4 index 0 rnti 5505 mcs 6
slot 4 index 0 rnti 5505 mcs 6
slot 4 index 0 rnti 5505 mcs 6
slot 4 index 0 rnti 5505 mcs 6
slot 4 index 0 rnti 5505 mcs 6
slot 15 index 0 rnti 5505 mcs 6
slot 4 index 0 rnti 5505 mcs 6
slot 4 index 0 rnti 5505 mcs 6
slot 4 index 0 rnti 5505 mcs 6
slot 4 index 0 rnti 5505 mcs 6
slot 4 index 0 rnti 5505 mcs 6
slot 4 index 0 rnti 5505 mcs 6
slot 4 index 0 rnti 5505 mcs 6
slot 4 index 0 rnti 5505 mcs 6
slot 15 index 0 rnti 5505 mcs 6
slot 4 index 0 rnti 5505 mcs 6
slot 4 index 0 rnti 5505 mcs 6
slot 4 index 0 rnti 5505 mcs 6
slot 4 index 0 rnti 5505 mcs 6
slot 4 index 0 rnti 5505 mcs 6
slot 4 index 0 rnti 5505 mcs 6
slot 4 index 0 rnti 5505 mcs 6
[UE-STAT] frame=0 dci_cnt=463 total_tbs=296320 ack_real=463 nack_real=0 fb_missing=0 decode_cnt=463
slot 4 index 0 rnti 5505 mcs 6
slot 15 index 0 rnti 5505 mcs 6
slot 4 index 0 rnti 5505 mcs 6
slot 4 index 0 rnti 5505 mcs 6
slot 4 index 0 rnti 5505 mcs 6
slot 4 index 0 rnti 5505 mcs 6
slot 4 index 0 rnti 5505 mcs 6
slot 4 index 0 rnti 5505 mcs 6
slot 4 index 0 rnti 5505 mcs 6
slot 4 index 0 rnti 5505 mcs 6
slot 15 index 0 rnti 5505 mcs 6
slot 4 index 0 rnti 5505 mcs 6
[UE-STAT] frame=100 dci_cnt=12 total_tbs=7680 ack_real=12 nack_real=0 fb_missing=0 decode_cnt=12
slot 4 index 0 rnti 5505 mcs 6
slot 4 index 0 rnti 5505 mcs 6
slot 4 index 0 rnti 5505 mcs 6
slot 4 index 0 rnti 5505 mcs 6
slot 4 index 0 rnti 5505 mcs 6
slot 4 index 0 rnti 5505 mcs 6
slot 4 index 0 rnti 5505 mcs 6
slot 15 index 0 rnti 5505 mcs 6
slot 4 index 0 rnti 5505 mcs 6
slot 4 index 0 rnti 5505 mcs 6
slot 4 index 0 rnti 5505 mcs 6
[UE-STAT] frame=200 dci_cnt=11 total_tbs=7040 ack_real=11 nack_real=0 fb_missing=0 decode_cnt=11
slot 4 index 0 rnti 5505 mcs 6
slot 4 index 0 rnti 5505 mcs 6
slot 4 index 0 rnti 5505 mcs 6
slot 4 index 0 rnti 5505 mcs 6
slot 4 index 0 rnti 5505 mcs 6
slot 15 index 0 rnti 5505 mcs 6
slot 4 index 0 rnti 5505 mcs 6
slot 4 index 0 rnti 5505 mcs 6
slot 4 index 0 rnti 5505 mcs 6
slot 4 index 0 rnti 5505 mcs 6
slot 4 index 0 rnti 5505 mcs 6
[UE-STAT] frame=300 dci_cnt=11 total_tbs=7040 ack_real=11 nack_real=0 fb_missing=0 decode_cnt=11
slot 4 index 0 rnti 5505 mcs 6
slot 4 index 0 rnti 5505 mcs 6
slot 4 index 0 rnti 5505 mcs 6
slot 15 index 0 rnti 5505 mcs 6
slot 4 index 0 rnti 5505 mcs 6
slot 4 index 0 rnti 5505 mcs 6
slot 4 index 0 rnti 5505 mcs 6
slot 4 index 0 rnti 5505 mcs 6
slot 4 index 0 rnti 5505 mcs 6
slot 4 index 0 rnti 5505 mcs 6
slot 4 index 0 rnti 5505 mcs 6
[UE-STAT] frame=400 dci_cnt=11 total_tbs=7040 ack_real=11 nack_real=0 fb_missing=0 decode_cnt=11
slot 4 index 0 rnti 5505 mcs 6
slot 15 index 0 rnti 5505 mcs 6
slot 4 index 0 rnti 5505 mcs 6
slot 4 index 0 rnti 5505 mcs 6
slot 4 index 0 rnti 5505 mcs 6
slot 4 index 0 rnti 5505 mcs 6
slot 4 index 0 rnti 5505 mcs 6
slot 4 index 0 rnti 5505 mcs 6
slot 4 index 0 rnti 5505 mcs 6
slot 4 index 0 rnti 5505 mcs 6
slot 15 index 0 rnti 5505 mcs 6
slot 4 index 0 rnti 5505 mcs 6
[UE-STAT] frame=500 dci_cnt=12 total_tbs=7680 ack_real=12 nack_real=0 fb_missing=0 decode_cnt=12
slot 4 index 0 rnti 5505 mcs 6
slot 4 index 0 rnti 5505 mcs 6
slot 4 index 0 rnti 5505 mcs 6
slot 4 index 0 rnti 5505 mcs 6
slot 4 index 0 rnti 5505 mcs 6
slot 4 index 0 rnti 5505 mcs 6
slot 4 index 0 rnti 5505 mcs 6
slot 15 index 0 rnti 5505 mcs 6
slot 4 index 0 rnti 5505 mcs 6
slot 4 index 0 rnti 5505 mcs 6
slot 4 index 0 rnti 5505 mcs 6
[UE-STAT] frame=600 dci_cnt=11 total_tbs=7040 ack_real=11 nack_real=0 fb_missing=0 decode_cnt=11
slot 4 index 0 rnti 5505 mcs 6
slot 4 index 0 rnti 5505 mcs 6
slot 4 index 0 rnti 5505 mcs 6
slot 4 index 0 rnti 5505 mcs 6
slot 4 index 0 rnti 5505 mcs 6
slot 15 index 0 rnti 5505 mcs 6
slot 4 index 0 rnti 5505 mcs 6
slot 4 index 0 rnti 5505 mcs 6
slot 4 index 0 rnti 5505 mcs 6
slot 4 index 0 rnti 5505 mcs 6
slot 4 index 0 rnti 5505 mcs 6
[UE-STAT] frame=700 dci_cnt=11 total_tbs=7040 ack_real=11 nack_real=0 fb_missing=0 decode_cnt=11
slot 4 index 0 rnti 5505 mcs 6
slot 4 index 0 rnti 5505 mcs 6
slot 4 index 0 rnti 5505 mcs 6
slot 15 index 0 rnti 5505 mcs 6
slot 4 index 0 rnti 5505 mcs 6
slot 4 index 0 rnti 5505 mcs 6
slot 4 index 0 rnti 5505 mcs 6
slot 4 index 0 rnti 5505 mcs 6
slot 4 index 0 rnti 5505 mcs 6
slot 4 index 0 rnti 5505 mcs 6
slot 4 index 0 rnti 5505 mcs 6
[UE-STAT] frame=800 dci_cnt=11 total_tbs=7040 ack_real=11 nack_real=0 fb_missing=0 decode_cnt=11
slot 4 index 0 rnti 5505 mcs 6
slot 15 index 0 rnti 5505 mcs 6
slot 4 index 0 rnti 5505 mcs 6
slot 4 index 0 rnti 5505 mcs 6
slot 4 index 0 rnti 5505 mcs 6
slot 4 index 0 rnti 5505 mcs 6
slot 4 index 0 rnti 5505 mcs 6
slot 4 index 0 rnti 5505 mcs 6
slot 4 index 0 rnti 5505 mcs 6
slot 4 index 0 rnti 5505 mcs 6
slot 15 index 0 rnti 5505 mcs 6
slot 4 index 0 rnti 5505 mcs 6
[UE-STAT] frame=900 dci_cnt=12 total_tbs=7680 ack_real=12 nack_real=0 fb_missing=0 decode_cnt=12
slot 4 index 0 rnti 5505 mcs 6
slot 4 index 0 rnti 5505 mcs 6
slot 4 index 0 rnti 5505 mcs 6
slot 4 index 0 rnti 5505 mcs 6
slot 4 index 0 rnti 5505 mcs 6
slot 4 index 0 rnti 5505 mcs 6
slot 4 index 0 rnti 5505 mcs 6
slot 15 index 0 rnti 5505 mcs 6
slot 4 index 0 rnti 5505 mcs 6
slot 4 index 0 rnti 5505 mcs 6
slot 4 index 0 rnti 5505 mcs 6
[UE-STAT] frame=1000 dci_cnt=11 total_tbs=7040 ack_real=11 nack_real=0 fb_missing=0 decode_cnt=11
slot 4 index 0 rnti 5505 mcs 6
slot 4 index 0 rnti 5505 mcs 6
slot 4 index 0 rnti 5505 mcs 6
slot 4 index 0 rnti 5505 mcs 6
slot 4 index 0 rnti 5505 mcs 6
slot 15 index 0 rnti 5505 mcs 6
slot 4 index 0 rnti 5505 mcs 6
slot 4 index 0 rnti 5505 mcs 6
slot 4 index 0 rnti 5505 mcs 6
slot 4 index 0 rnti 5505 mcs 6
slot 4 index 0 rnti 5505 mcs 6
slot 4 index 0 rnti 5505 mcs 6
slot 4 index 0 rnti 5505 mcs 6
slot 4 index 0 rnti 5505 mcs 6
slot 15 index 0 rnti 5505 mcs 6
slot 4 index 0 rnti 5505 mcs 6
slot 4 index 0 rnti 5505 mcs 6
slot 4 index 0 rnti 5505 mcs 6
slot 4 index 0 rnti 5505 mcs 6
slot 4 index 0 rnti 5505 mcs 6
slot 4 index 0 rnti 5505 mcs 6
slot 4 index 0 rnti 5505 mcs 6
slot 4 index 0 rnti 5505 mcs 6
slot 15 index 0 rnti 5505 mcs 6
slot 4 index 0 rnti 5505 mcs 6
slot 4 index 0 rnti 5505 mcs 6
slot 4 index 0 rnti 5505 mcs 6
slot 4 index 0 rnti 5505 mcs 6
slot 4 index 0 rnti 5505 mcs 6
slot 4 index 0 rnti 5505 mcs 6
slot 4 index 0 rnti 5505 mcs 6
slot 4 index 0 rnti 5505 mcs 6
slot 15 index 0 rnti 5505 mcs 6
slot 4 index 0 rnti 5505 mcs 6
slot 4 index 0 rnti 5505 mcs 6
slot 4 index 0 rnti 5505 mcs 6
slot 4 index 0 rnti 5505 mcs 6
slot 4 index 0 rnti 5505 mcs 6
slot 4 index 0 rnti 5505 mcs 6
slot 4 index 0 rnti 5505 mcs 6
slot 4 index 0 rnti 5505 mcs 6
slot 15 index 0 rnti 5505 mcs 6
slot 4 index 0 rnti 5505 mcs 6
slot 4 index 0 rnti 5505 mcs 6
slot 4 index 0 rnti 5505 mcs 6
slot 4 index 0 rnti 5505 mcs 6
slot 4 index 0 rnti 5505 mcs 6
slot 4 index 0 rnti 5505 mcs 6
slot 4 index 0 rnti 5505 mcs 6
slot 4 index 0 rnti 5505 mcs 6
slot 15 index 0 rnti 5505 mcs 6
slot 4 index 0 rnti 5505 mcs 6
slot 4 index 0 rnti 5505 mcs 6
slot 4 index 0 rnti 5505 mcs 6
slot 4 index 0 rnti 5505 mcs 6
slot 4 index 0 rnti 5505 mcs 6
slot 4 index 0 rnti 5505 mcs 6
slot 4 index 0 rnti 5505 mcs 6
slot 4 index 0 rnti 5505 mcs 6
slot 15 index 0 rnti 5505 mcs 6
slot 4 index 0 rnti 5505 mcs 6
slot 4 index 0 rnti 5505 mcs 6
slot 4 index 0 rnti 5505 mcs 6
slot 4 index 0 rnti 5505 mcs 6
slot 4 index 0 rnti 5505 mcs 6
slot 4 index 0 rnti 5505 mcs 6
slot 4 index 0 rnti 5505 mcs 6
slot 4 index 0 rnti 5505 mcs 6
slot 15 index 0 rnti 5505 mcs 6
slot 4 index 0 rnti 5505 mcs 6
slot 4 index 0 rnti 5505 mcs 6
slot 4 index 0 rnti 5505 mcs 6
slot 4 index 0 rnti 5505 mcs 6
slot 4 index 0 rnti 5505 mcs 6
slot 4 index 0 rnti 5505 mcs 6
slot 4 index 0 rnti 5505 mcs 6
slot 4 index 0 rnti 5505 mcs 6
slot 15 index 0 rnti 5505 mcs 6
slot 4 index 0 rnti 5505 mcs 6
slot 4 index 0 rnti 5505 mcs 6
slot 4 index 0 rnti 5505 mcs 6
slot 4 index 0 rnti 5505 mcs 6
slot 4 index 0 rnti 5505 mcs 6
slot 4 index 0 rnti 5505 mcs 6
slot 4 index 0 rnti 5505 mcs 6
slot 4 index 0 rnti 5505 mcs 6
slot 15 index 0 rnti 5505 mcs 6
slot 4 index 0 rnti 5505 mcs 6
slot 4 index 0 rnti 5505 mcs 6
slot 4 index 0 rnti 5505 mcs 6
slot 4 index 0 rnti 5505 mcs 6
slot 4 index 0 rnti 5505 mcs 6
slot 4 index 0 rnti 5505 mcs 6
slot 4 index 0 rnti 5505 mcs 6
slot 4 index 0 rnti 5505 mcs 6
slot 15 index 0 rnti 5505 mcs 6
slot 4 index 0 rnti 5505 mcs 6
slot 4 index 0 rnti 5505 mcs 6
slot 4 index 0 rnti 5505 mcs 6
slot 4 index 0 rnti 5505 mcs 6
slot 4 index 0 rnti 5505 mcs 6
slot 4 index 0 rnti 5505 mcs 6
slot 4 index 0 rnti 5505 mcs 6
slot 4 index 0 rnti 5505 mcs 6
slot 15 index 0 rnti 5505 mcs 6
slot 4 index 0 rnti 5505 mcs 6
slot 4 index 0 rnti 5505 mcs 6
slot 4 index 0 rnti 5505 mcs 6
slot 4 index 0 rnti 5505 mcs 6
slot 4 index 0 rnti 5505 mcs 6
slot 4 index 0 rnti 5505 mcs 6
slot 4 index 0 rnti 5505 mcs 6
slot 4 index 0 rnti 5505 mcs 6
slot 15 index 0 rnti 5505 mcs 6
slot 4 index 0 rnti 5505 mcs 6
slot 4 index 0 rnti 5505 mcs 6
slot 4 index 0 rnti 5505 mcs 6
slot 4 index 0 rnti 5505 mcs 6
slot 4 index 0 rnti 5505 mcs 6
slot 4 index 0 rnti 5505 mcs 6
slot 4 index 0 rnti 5505 mcs 6
slot 4 index 0 rnti 5505 mcs 6
slot 15 index 0 rnti 5505 mcs 6
slot 4 index 0 rnti 5505 mcs 6
slot 4 index 0 rnti 5505 mcs 6
slot 4 index 0 rnti 5505 mcs 6
slot 4 index 0 rnti 5505 mcs 6
slot 4 index 0 rnti 5505 mcs 6
slot 4 index 0 rnti 5505 mcs 6
slot 4 index 0 rnti 5505 mcs 6
slot 4 index 0 rnti 5505 mcs 6
slot 15 index 0 rnti 5505 mcs 6
slot 4 index 0 rnti 5505 mcs 6
slot 4 index 0 rnti 5505 mcs 6
slot 4 index 0 rnti 5505 mcs 6
slot 4 index 0 rnti 5505 mcs 6
slot 4 index 0 rnti 5505 mcs 6
slot 4 index 0 rnti 5505 mcs 6
slot 4 index 0 rnti 5505 mcs 6
slot 4 index 0 rnti 5505 mcs 6
slot 15 index 0 rnti 5505 mcs 6
slot 4 index 0 rnti 5505 mcs 6
slot 4 index 0 rnti 5505 mcs 6
slot 4 index 0 rnti 5505 mcs 6
slot 4 index 0 rnti 5505 mcs 6
slot 4 index 0 rnti 5505 mcs 6
slot 4 index 0 rnti 5505 mcs 6
slot 4 index 0 rnti 5505 mcs 6
slot 4 index 0 rnti 5505 mcs 6
slot 15 index 0 rnti 5505 mcs 6
slot 4 index 0 rnti 5505 mcs 6
slot 4 index 0 rnti 5505 mcs 6
slot 4 index 0 rnti 5505 mcs 6
slot 4 index 0 rnti 5505 mcs 6
slot 4 index 0 rnti 5505 mcs 6
slot 4 index 0 rnti 5505 mcs 6
slot 4 index 0 rnti 5505 mcs 6
slot 4 index 0 rnti 5505 mcs 6
slot 15 index 0 rnti 5505 mcs 6
slot 4 index 0 rnti 5505 mcs 6
slot 4 index 0 rnti 5505 mcs 6
slot 4 index 0 rnti 5505 mcs 6
slot 4 index 0 rnti 5505 mcs 6
slot 4 index 0 rnti 5505 mcs 6
slot 4 index 0 rnti 5505 mcs 6
slot 4 index 0 rnti 5505 mcs 6
slot 4 index 0 rnti 5505 mcs 6
slot 15 index 0 rnti 5505 mcs 6
slot 4 index 0 rnti 5505 mcs 6
slot 4 index 0 rnti 5505 mcs 6
slot 4 index 0 rnti 5505 mcs 6
slot 4 index 0 rnti 5505 mcs 6
slot 4 index 0 rnti 5505 mcs 6
slot 4 index 0 rnti 5505 mcs 6
slot 4 index 0 rnti 5505 mcs 6
slot 4 index 0 rnti 5505 mcs 6
slot 15 index 0 rnti 5505 mcs 6
slot 4 index 0 rnti 5505 mcs 6
slot 4 index 0 rnti 5505 mcs 6
slot 4 index 0 rnti 5505 mcs 6
slot 4 index 0 rnti 5505 mcs 6
slot 4 index 0 rnti 5505 mcs 6
slot 4 index 0 rnti 5505 mcs 6
slot 4 index 0 rnti 5505 mcs 6
slot 4 index 0 rnti 5505 mcs 6
slot 15 index 0 rnti 5505 mcs 6
slot 4 index 0 rnti 5505 mcs 6
slot 4 index 0 rnti 5505 mcs 6
slot 4 index 0 rnti 5505 mcs 6
slot 4 index 0 rnti 5505 mcs 6
slot 4 index 0 rnti 5505 mcs 6
slot 4 index 0 rnti 5505 mcs 6
slot 4 index 0 rnti 5505 mcs 6
slot 4 index 0 rnti 5505 mcs 6
slot 15 index 0 rnti 5505 mcs 6
slot 4 index 0 rnti 5505 mcs 6
slot 4 index 0 rnti 5505 mcs 6
slot 4 index 0 rnti 5505 mcs 6
slot 4 index 0 rnti 5505 mcs 6
slot 4 index 0 rnti 5505 mcs 6
slot 4 index 0 rnti 5505 mcs 6
slot 4 index 0 rnti 5505 mcs 6
slot 4 index 0 rnti 5505 mcs 6
slot 15 index 0 rnti 5505 mcs 6
slot 4 index 0 rnti 5505 mcs 6
slot 4 index 0 rnti 5505 mcs 6
slot 4 index 0 rnti 5505 mcs 6
slot 4 index 0 rnti 5505 mcs 6
slot 4 index 0 rnti 5505 mcs 6
slot 4 index 0 rnti 5505 mcs 6
slot 4 index 0 rnti 5505 mcs 6
slot 4 index 0 rnti 5505 mcs 6
slot 15 index 0 rnti 5505 mcs 6
slot 4 index 0 rnti 5505 mcs 6
slot 4 index 0 rnti 5505 mcs 6
slot 4 index 0 rnti 5505 mcs 6
slot 4 index 0 rnti 5505 mcs 6
slot 4 index 0 rnti 5505 mcs 6
slot 4 index 0 rnti 5505 mcs 6
slot 4 index 0 rnti 5505 mcs 6
slot 4 index 0 rnti 5505 mcs 6
slot 15 index 0 rnti 5505 mcs 6
slot 4 index 0 rnti 5505 mcs 6
slot 4 index 0 rnti 5505 mcs 6
slot 4 index 0 rnti 5505 mcs 6
slot 4 index 0 rnti 5505 mcs 6
slot 4 index 0 rnti 5505 mcs 6
slot 4 index 0 rnti 5505 mcs 6
slot 4 index 0 rnti 5505 mcs 6
slot 4 index 0 rnti 5505 mcs 6
slot 15 index 0 rnti 5505 mcs 6
slot 4 index 0 rnti 5505 mcs 6
slot 4 index 0 rnti 5505 mcs 6
slot 4 index 0 rnti 5505 mcs 6
slot 4 index 0 rnti 5505 mcs 6
slot 4 index 0 rnti 5505 mcs 6
slot 4 index 0 rnti 5505 mcs 6
slot 4 index 0 rnti 5505 mcs 6
slot 4 index 0 rnti 5505 mcs 6
slot 15 index 0 rnti 5505 mcs 6
slot 4 index 0 rnti 5505 mcs 6
slot 4 index 0 rnti 5505 mcs 6
slot 4 index 0 rnti 5505 mcs 6
slot 4 index 0 rnti 5505 mcs 6
slot 4 index 0 rnti 5505 mcs 6
slot 4 index 0 rnti 5505 mcs 6
slot 4 index 0 rnti 5505 mcs 6
slot 4 index 0 rnti 5505 mcs 6
slot 15 index 0 rnti 5505 mcs 6
slot 4 index 0 rnti 5505 mcs 6
slot 4 index 0 rnti 5505 mcs 6
slot 4 index 0 rnti 5505 mcs 6
slot 4 index 0 rnti 5505 mcs 6
slot 4 index 0 rnti 5505 mcs 6
slot 4 index 0 rnti 5505 mcs 6
slot 4 index 0 rnti 5505 mcs 6
slot 4 index 0 rnti 5505 mcs 6
slot 15 index 0 rnti 5505 mcs 6
slot 4 index 0 rnti 5505 mcs 6
slot 4 index 0 rnti 5505 mcs 6
slot 4 index 0 rnti 5505 mcs 6
slot 4 index 0 rnti 5505 mcs 6
slot 4 index 0 rnti 5505 mcs 6
slot 4 index 0 rnti 5505 mcs 6
slot 4 index 0 rnti 5505 mcs 6
slot 4 index 0 rnti 5505 mcs 6
slot 15 index 0 rnti 5505 mcs 6
slot 4 index 0 rnti 5505 mcs 6
slot 4 index 0 rnti 5505 mcs 6
slot 4 index 0 rnti 5505 mcs 6
slot 4 index 0 rnti 5505 mcs 6
slot 4 index 0 rnti 5505 mcs 6
slot 4 index 0 rnti 5505 mcs 6
slot 4 index 0 rnti 5505 mcs 6
slot 4 index 0 rnti 5505 mcs 6
slot 15 index 0 rnti 5505 mcs 6
slot 4 index 0 rnti 5505 mcs 6
slot 4 index 0 rnti 5505 mcs 6
slot 4 index 0 rnti 5505 mcs 6
slot 4 index 0 rnti 5505 mcs 6
slot 4 index 0 rnti 5505 mcs 6
slot 4 index 0 rnti 5505 mcs 6
slot 4 index 0 rnti 5505 mcs 6
slot 4 index 0 rnti 5505 mcs 6
slot 15 index 0 rnti 5505 mcs 6
slot 4 index 0 rnti 5505 mcs 6
slot 4 index 0 rnti 5505 mcs 6
slot 4 index 0 rnti 5505 mcs 6
slot 4 index 0 rnti 5505 mcs 6
slot 4 index 0 rnti 5505 mcs 6
slot 4 index 0 rnti 5505 mcs 6
slot 4 index 0 rnti 5505 mcs 6
slot 4 index 0 rnti 5505 mcs 6
slot 15 index 0 rnti 5505 mcs 6
slot 4 index 0 rnti 5505 mcs 6
slot 4 index 0 rnti 5505 mcs 6
slot 4 index 0 rnti 5505 mcs 6
slot 4 index 0 rnti 5505 mcs 6
slot 4 index 0 rnti 5505 mcs 6
slot 4 index 0 rnti 5505 mcs 6
slot 4 index 0 rnti 5505 mcs 6
slot 4 index 0 rnti 5505 mcs 6
slot 15 index 0 rnti 5505 mcs 6
slot 4 index 0 rnti 5505 mcs 6
slot 4 index 0 rnti 5505 mcs 6
slot 4 index 0 rnti 5505 mcs 6
slot 4 index 0 rnti 5505 mcs 6
slot 4 index 0 rnti 5505 mcs 6
slot 4 index 0 rnti 5505 mcs 6
slot 4 index 0 rnti 5505 mcs 6
slot 4 index 0 rnti 5505 mcs 6
slot 15 index 0 rnti 5505 mcs 6
slot 4 index 0 rnti 5505 mcs 6
slot 4 index 0 rnti 5505 mcs 6
slot 4 index 0 rnti 5505 mcs 6
slot 4 index 0 rnti 5505 mcs 6
slot 4 index 0 rnti 5505 mcs 6
slot 4 index 0 rnti 5505 mcs 6
slot 4 index 0 rnti 5505 mcs 6
slot 4 index 0 rnti 5505 mcs 6
slot 15 index 0 rnti 5505 mcs 6
slot 4 index 0 rnti 5505 mcs 6
slot 4 index 0 rnti 5505 mcs 6
slot 4 index 0 rnti 5505 mcs 6
slot 4 index 0 rnti 5505 mcs 6
slot 4 index 0 rnti 5505 mcs 6
slot 4 index 0 rnti 5505 mcs 6
slot 4 index 0 rnti 5505 mcs 6
slot 4 index 0 rnti 5505 mcs 6
slot 15 index 0 rnti 5505 mcs 6
slot 4 index 0 rnti 5505 mcs 6
slot 4 index 0 rnti 5505 mcs 6
slot 4 index 0 rnti 5505 mcs 6
slot 4 index 0 rnti 5505 mcs 6
slot 4 index 0 rnti 5505 mcs 6
slot 4 index 0 rnti 5505 mcs 6
slot 4 index 0 rnti 5505 mcs 6
slot 4 index 0 rnti 5505 mcs 6
slot 15 index 0 rnti 5505 mcs 6
slot 4 index 0 rnti 5505 mcs 6
slot 4 index 0 rnti 5505 mcs 6
slot 4 index 0 rnti 5505 mcs 6
slot 4 index 0 rnti 5505 mcs 6
slot 4 index 0 rnti 5505 mcs 6
slot 4 index 0 rnti 5505 mcs 6
slot 4 index 0 rnti 5505 mcs 6
slot 4 index 0 rnti 5505 mcs 6
slot 15 index 0 rnti 5505 mcs 6
slot 4 index 0 rnti 5505 mcs 6
slot 4 index 0 rnti 5505 mcs 6
slot 4 index 0 rnti 5505 mcs 6
slot 4 index 0 rnti 5505 mcs 6
slot 4 index 0 rnti 5505 mcs 6
slot 4 index 0 rnti 5505 mcs 6
slot 4 index 0 rnti 5505 mcs 6
slot 4 index 0 rnti 5505 mcs 6
slot 15 index 0 rnti 5505 mcs 6
slot 4 index 0 rnti 5505 mcs 6
slot 4 index 0 rnti 5505 mcs 6
slot 4 index 0 rnti 5505 mcs 6
slot 4 index 0 rnti 5505 mcs 6
slot 4 index 0 rnti 5505 mcs 6
slot 4 index 0 rnti 5505 mcs 6
slot 4 index 0 rnti 5505 mcs 6
slot 4 index 0 rnti 5505 mcs 6
slot 15 index 0 rnti 5505 mcs 6
slot 4 index 0 rnti 5505 mcs 6
slot 4 index 0 rnti 5505 mcs 6
slot 4 index 0 rnti 5505 mcs 6
slot 4 index 0 rnti 5505 mcs 6
slot 4 index 0 rnti 5505 mcs 6
slot 4 index 0 rnti 5505 mcs 6
slot 4 index 0 rnti 5505 mcs 6
slot 4 index 0 rnti 5505 mcs 6
slot 15 index 0 rnti 5505 mcs 6
slot 4 index 0 rnti 5505 mcs 6
slot 4 index 0 rnti 5505 mcs 6
slot 4 index 0 rnti 5505 mcs 6
slot 4 index 0 rnti 5505 mcs 6
slot 4 index 0 rnti 5505 mcs 6
slot 4 index 0 rnti 5505 mcs 6
slot 4 index 0 rnti 5505 mcs 6
slot 4 index 0 rnti 5505 mcs 6
slot 15 index 0 rnti 5505 mcs 6
slot 4 index 0 rnti 5505 mcs 6
slot 4 index 0 rnti 5505 mcs 6
slot 4 index 0 rnti 5505 mcs 6
slot 4 index 0 rnti 5505 mcs 6
slot 4 index 0 rnti 5505 mcs 6
slot 4 index 0 rnti 5505 mcs 6
slot 4 index 0 rnti 5505 mcs 6
slot 4 index 0 rnti 5505 mcs 6
slot 15 index 0 rnti 5505 mcs 6
slot 4 index 0 rnti 5505 mcs 6
slot 4 index 0 rnti 5505 mcs 6
slot 4 index 0 rnti 5505 mcs 6
slot 4 index 0 rnti 5505 mcs 6
slot 4 index 0 rnti 5505 mcs 6
slot 4 index 0 rnti 5505 mcs 6
slot 4 index 0 rnti 5505 mcs 6
slot 4 index 0 rnti 5505 mcs 6
slot 15 index 0 rnti 5505 mcs 6
slot 4 index 0 rnti 5505 mcs 6
slot 4 index 0 rnti 5505 mcs 6
slot 4 index 0 rnti 5505 mcs 6
slot 4 index 0 rnti 5505 mcs 6
slot 4 index 0 rnti 5505 mcs 6
slot 4 index 0 rnti 5505 mcs 6
slot 4 index 0 rnti 5505 mcs 6
slot 4 index 0 rnti 5505 mcs 6
slot 15 index 0 rnti 5505 mcs 6
slot 4 index 0 rnti 5505 mcs 6
slot 4 index 0 rnti 5505 mcs 6
slot 4 index 0 rnti 5505 mcs 6
slot 4 index 0 rnti 5505 mcs 6
slot 4 index 0 rnti 5505 mcs 6
slot 4 index 0 rnti 5505 mcs 6
slot 4 index 0 rnti 5505 mcs 6
slot 4 index 0 rnti 5505 mcs 6
slot 15 index 0 rnti 5505 mcs 6
slot 4 index 0 rnti 5505 mcs 6
slot 4 index 0 rnti 5505 mcs 6
slot 4 index 0 rnti 5505 mcs 6
slot 4 index 0 rnti 5505 mcs 6
slot 4 index 0 rnti 5505 mcs 6
slot 4 index 0 rnti 5505 mcs 6
slot 4 index 0 rnti 5505 mcs 6
slot 4 index 0 rnti 5505 mcs 6
slot 15 index 0 rnti 5505 mcs 6
slot 4 index 0 rnti 5505 mcs 6
slot 4 index 0 rnti 5505 mcs 6
slot 4 index 0 rnti 5505 mcs 6
slot 4 index 0 rnti 5505 mcs 6
slot 4 index 0 rnti 5505 mcs 6
slot 4 index 0 rnti 5505 mcs 6
slot 4 index 0 rnti 5505 mcs 6
slot 4 index 0 rnti 5505 mcs 6
slot 15 index 0 rnti 5505 mcs 6
slot 4 index 0 rnti 5505 mcs 6
slot 4 index 0 rnti 5505 mcs 6
slot 4 index 0 rnti 5505 mcs 6
slot 4 index 0 rnti 5505 mcs 6
slot 4 index 0 rnti 5505 mcs 6
slot 4 index 0 rnti 5505 mcs 6
slot 4 index 0 rnti 5505 mcs 6
slot 4 index 0 rnti 5505 mcs 6
slot 15 index 0 rnti 5505 mcs 6
slot 4 index 0 rnti 5505 mcs 6
slot 4 index 0 rnti 5505 mcs 6
slot 4 index 0 rnti 5505 mcs 6
slot 4 index 0 rnti 5505 mcs 6
slot 4 index 0 rnti 5505 mcs 6
slot 4 index 0 rnti 5505 mcs 6
slot 4 index 0 rnti 5505 mcs 6
slot 4 index 0 rnti 5505 mcs 6
slot 15 index 0 rnti 5505 mcs 6
slot 4 index 0 rnti 5505 mcs 6
slot 4 index 0 rnti 5505 mcs 6
slot 4 index 0 rnti 5505 mcs 6
slot 4 index 0 rnti 5505 mcs 6
slot 4 index 0 rnti 5505 mcs 6
slot 4 index 0 rnti 5505 mcs 6
slot 4 index 0 rnti 5505 mcs 6
[UE-STAT] frame=0 dci_cnt=463 total_tbs=296320 ack_real=463 nack_real=0 fb_missing=0 decode_cnt=463
slot 4 index 0 rnti 5505 mcs 6
slot 15 index 0 rnti 5505 mcs 6
slot 4 index 0 rnti 5505 mcs 6
slot 4 index 0 rnti 5505 mcs 6
slot 4 index 0 rnti 5505 mcs 6
slot 4 index 0 rnti 5505 mcs 6
slot 4 index 0 rnti 5505 mcs 6
slot 4 index 0 rnti 5505 mcs 6
slot 4 index 0 rnti 5505 mcs 6
slot 4 index 0 rnti 5505 mcs 6
slot 15 index 0 rnti 5505 mcs 6
slot 4 index 0 rnti 5505 mcs 6
[UE-STAT] frame=100 dci_cnt=12 total_tbs=7680 ack_real=12 nack_real=0 fb_missing=0 decode_cnt=12
slot 4 index 0 rnti 5505 mcs 6
slot 4 index 0 rnti 5505 mcs 6
slot 4 index 0 rnti 5505 mcs 6
slot 4 index 0 rnti 5505 mcs 6
slot 4 index 0 rnti 5505 mcs 6
slot 4 index 0 rnti 5505 mcs 6
slot 4 index 0 rnti 5505 mcs 6
slot 15 index 0 rnti 5505 mcs 6
slot 4 index 0 rnti 5505 mcs 6
slot 4 index 0 rnti 5505 mcs 6
slot 4 index 0 rnti 5505 mcs 6
[UE-STAT] frame=200 dci_cnt=11 total_tbs=7040 ack_real=11 nack_real=0 fb_missing=0 decode_cnt=11
slot 4 index 0 rnti 5505 mcs 6
slot 4 index 0 rnti 5505 mcs 6
slot 4 index 0 rnti 5505 mcs 6
slot 4 index 0 rnti 5505 mcs 6
slot 4 index 0 rnti 5505 mcs 6
slot 15 index 0 rnti 5505 mcs 6
slot 4 index 0 rnti 5505 mcs 6
slot 4 index 0 rnti 5505 mcs 6
slot 4 index 0 rnti 5505 mcs 6
slot 4 index 0 rnti 5505 mcs 6
slot 4 index 0 rnti 5505 mcs 6
[UE-STAT] frame=300 dci_cnt=11 total_tbs=7040 ack_real=11 nack_real=0 fb_missing=0 decode_cnt=11
slot 4 index 0 rnti 5505 mcs 6
slot 4 index 0 rnti 5505 mcs 6
slot 4 index 0 rnti 5505 mcs 6
slot 15 index 0 rnti 5505 mcs 6
slot 4 index 0 rnti 5505 mcs 6
slot 4 index 0 rnti 5505 mcs 6
slot 4 index 0 rnti 5505 mcs 6
slot 4 index 0 rnti 5505 mcs 6
slot 4 index 0 rnti 5505 mcs 6
slot 4 index 0 rnti 5505 mcs 6
slot 4 index 0 rnti 5505 mcs 6
[UE-STAT] frame=400 dci_cnt=11 total_tbs=7040 ack_real=11 nack_real=0 fb_missing=0 decode_cnt=11
slot 4 index 0 rnti 5505 mcs 6
slot 15 index 0 rnti 5505 mcs 6
slot 4 index 0 rnti 5505 mcs 6
slot 4 index 0 rnti 5505 mcs 6
slot 4 index 0 rnti 5505 mcs 6
slot 4 index 0 rnti 5505 mcs 6
slot 4 index 0 rnti 5505 mcs 6
slot 4 index 0 rnti 5505 mcs 6
slot 4 index 0 rnti 5505 mcs 6
slot 4 index 0 rnti 5505 mcs 6
slot 15 index 0 rnti 5505 mcs 6
slot 4 index 0 rnti 5505 mcs 6
[UE-STAT] frame=500 dci_cnt=12 total_tbs=7680 ack_real=12 nack_real=0 fb_missing=0 decode_cnt=12
slot 4 index 0 rnti 5505 mcs 6
slot 4 index 0 rnti 5505 mcs 6
slot 4 index 0 rnti 5505 mcs 6
slot 4 index 0 rnti 5505 mcs 6
slot 4 index 0 rnti 5505 mcs 6
slot 4 index 0 rnti 5505 mcs 6
slot 4 index 0 rnti 5505 mcs 6
slot 15 index 0 rnti 5505 mcs 6
slot 4 index 0 rnti 5505 mcs 6
slot 4 index 0 rnti 5505 mcs 6
slot 4 index 0 rnti 5505 mcs 6
[UE-STAT] frame=600 dci_cnt=11 total_tbs=7040 ack_real=11 nack_real=0 fb_missing=0 decode_cnt=11
slot 4 index 0 rnti 5505 mcs 6
slot 4 index 0 rnti 5505 mcs 6
slot 4 index 0 rnti 5505 mcs 6
slot 4 index 0 rnti 5505 mcs 6
slot 4 index 0 rnti 5505 mcs 6
slot 15 index 0 rnti 5505 mcs 6
slot 4 index 0 rnti 5505 mcs 6
slot 4 index 0 rnti 5505 mcs 6
slot 4 index 0 rnti 5505 mcs 6
slot 4 index 0 rnti 5505 mcs 6
slot 4 index 0 rnti 5505 mcs 6
[UE-STAT] frame=700 dci_cnt=11 total_tbs=7040 ack_real=11 nack_real=0 fb_missing=0 decode_cnt=11
slot 4 index 0 rnti 5505 mcs 6
slot 4 index 0 rnti 5505 mcs 6
slot 4 index 0 rnti 5505 mcs 6
slot 15 index 0 rnti 5505 mcs 6
slot 4 index 0 rnti 5505 mcs 6
slot 4 index 0 rnti 5505 mcs 6
slot 4 index 0 rnti 5505 mcs 6
slot 4 index 0 rnti 5505 mcs 6
slot 4 index 0 rnti 5505 mcs 6
slot 4 index 0 rnti 5505 mcs 6
slot 4 index 0 rnti 5505 mcs 6
[UE-STAT] frame=800 dci_cnt=11 total_tbs=7040 ack_real=11 nack_real=0 fb_missing=0 decode_cnt=11
slot 4 index 0 rnti 5505 mcs 6
slot 15 index 0 rnti 5505 mcs 6
slot 4 index 0 rnti 5505 mcs 6
slot 4 index 0 rnti 5505 mcs 6
slot 4 index 0 rnti 5505 mcs 6
slot 4 index 0 rnti 5505 mcs 6
slot 4 index 0 rnti 5505 mcs 6
slot 4 index 0 rnti 5505 mcs 6
slot 4 index 0 rnti 5505 mcs 6
slot 4 index 0 rnti 5505 mcs 6
slot 15 index 0 rnti 5505 mcs 6
slot 4 index 0 rnti 5505 mcs 6
[UE-STAT] frame=900 dci_cnt=12 total_tbs=7680 ack_real=12 nack_real=0 fb_missing=0 decode_cnt=12
slot 4 index 0 rnti 5505 mcs 6
slot 4 index 0 rnti 5505 mcs 6
slot 4 index 0 rnti 5505 mcs 6
slot 4 index 0 rnti 5505 mcs 6
slot 4 index 0 rnti 5505 mcs 6
slot 4 index 0 rnti 5505 mcs 6
slot 4 index 0 rnti 5505 mcs 6
slot 15 index 0 rnti 5505 mcs 6
slot 4 index 0 rnti 5505 mcs 6
slot 4 index 0 rnti 5505 mcs 6
slot 4 index 0 rnti 5505 mcs 6
[UE-STAT] frame=1000 dci_cnt=11 total_tbs=7040 ack_real=11 nack_real=0 fb_missing=0 decode_cnt=11
slot 4 index 0 rnti 5505 mcs 6
slot 4 index 0 rnti 5505 mcs 6
slot 4 index 0 rnti 5505 mcs 6
slot 4 index 0 rnti 5505 mcs 6
slot 4 index 0 rnti 5505 mcs 6
slot 15 index 0 rnti 5505 mcs 6
slot 4 index 0 rnti 5505 mcs 6
slot 4 index 0 rnti 5505 mcs 6
slot 4 index 0 rnti 5505 mcs 6
slot 4 index 0 rnti 5505 mcs 6
slot 4 index 0 rnti 5505 mcs 6
slot 4 index 0 rnti 5505 mcs 6
slot 4 index 0 rnti 5505 mcs 6
slot 4 index 0 rnti 5505 mcs 6
slot 15 index 0 rnti 5505 mcs 6
slot 4 index 0 rnti 5505 mcs 6
slot 4 index 0 rnti 5505 mcs 6
slot 4 index 0 rnti 5505 mcs 6
slot 4 index 0 rnti 5505 mcs 6
slot 4 index 0 rnti 5505 mcs 6
slot 4 index 0 rnti 5505 mcs 6
slot 4 index 0 rnti 5505 mcs 6
slot 4 index 0 rnti 5505 mcs 6
slot 15 index 0 rnti 5505 mcs 6
slot 4 index 0 rnti 5505 mcs 6
slot 4 index 0 rnti 5505 mcs 6
slot 4 index 0 rnti 5505 mcs 6
slot 4 index 0 rnti 5505 mcs 6
slot 4 index 0 rnti 5505 mcs 6
slot 4 index 0 rnti 5505 mcs 6
slot 4 index 0 rnti 5505 mcs 6
slot 4 index 0 rnti 5505 mcs 6
slot 15 index 0 rnti 5505 mcs 6
slot 4 index 0 rnti 5505 mcs 6
slot 4 index 0 rnti 5505 mcs 6
slot 4 index 0 rnti 5505 mcs 6
slot 4 index 0 rnti 5505 mcs 6
slot 4 index 0 rnti 5505 mcs 6
slot 4 index 0 rnti 5505 mcs 6
slot 4 index 0 rnti 5505 mcs 6
slot 4 index 0 rnti 5505 mcs 6
slot 15 index 0 rnti 5505 mcs 6
slot 4 index 0 rnti 5505 mcs 6
slot 4 index 0 rnti 5505 mcs 6
slot 4 index 0 rnti 5505 mcs 6
slot 4 index 0 rnti 5505 mcs 6
slot 4 index 0 rnti 5505 mcs 6
slot 4 index 0 rnti 5505 mcs 6
slot 4 index 0 rnti 5505 mcs 6
slot 4 index 0 rnti 5505 mcs 6
slot 15 index 0 rnti 5505 mcs 6
slot 4 index 0 rnti 5505 mcs 6
slot 4 index 0 rnti 5505 mcs 6
slot 4 index 0 rnti 5505 mcs 6
slot 4 index 0 rnti 5505 mcs 6
slot 4 index 0 rnti 5505 mcs 6
slot 4 index 0 rnti 5505 mcs 6
slot 4 index 0 rnti 5505 mcs 6
slot 4 index 0 rnti 5505 mcs 6
slot 15 index 0 rnti 5505 mcs 6
slot 4 index 0 rnti 5505 mcs 6
slot 4 index 0 rnti 5505 mcs 6
slot 4 index 0 rnti 5505 mcs 6
slot 4 index 0 rnti 5505 mcs 6
slot 4 index 0 rnti 5505 mcs 6
slot 4 index 0 rnti 5505 mcs 6
slot 4 index 0 rnti 5505 mcs 6
slot 4 index 0 rnti 5505 mcs 6
slot 15 index 0 rnti 5505 mcs 6
slot 4 index 0 rnti 5505 mcs 6
slot 4 index 0 rnti 5505 mcs 6
slot 4 index 0 rnti 5505 mcs 6
slot 4 index 0 rnti 5505 mcs 6
slot 4 index 0 rnti 5505 mcs 6
slot 4 index 0 rnti 5505 mcs 6
slot 4 index 0 rnti 5505 mcs 6
slot 4 index 0 rnti 5505 mcs 6
slot 15 index 0 rnti 5505 mcs 6
slot 4 index 0 rnti 5505 mcs 6
slot 4 index 0 rnti 5505 mcs 6
slot 4 index 0 rnti 5505 mcs 6
slot 4 index 0 rnti 5505 mcs 6
slot 4 index 0 rnti 5505 mcs 6
slot 4 index 0 rnti 5505 mcs 6
slot 4 index 0 rnti 5505 mcs 6
slot 4 index 0 rnti 5505 mcs 6
slot 15 index 0 rnti 5505 mcs 6
slot 4 index 0 rnti 5505 mcs 6
slot 4 index 0 rnti 5505 mcs 6
slot 4 index 0 rnti 5505 mcs 6
slot 4 index 0 rnti 5505 mcs 6
slot 4 index 0 rnti 5505 mcs 6
slot 4 index 0 rnti 5505 mcs 6
slot 4 index 0 rnti 5505 mcs 6
slot 4 index 0 rnti 5505 mcs 6
slot 15 index 0 rnti 5505 mcs 6
slot 4 index 0 rnti 5505 mcs 6
slot 4 index 0 rnti 5505 mcs 6
slot 4 index 0 rnti 5505 mcs 6
slot 4 index 0 rnti 5505 mcs 6
slot 4 index 0 rnti 5505 mcs 6
slot 4 index 0 rnti 5505 mcs 6
slot 4 index 0 rnti 5505 mcs 6
slot 4 index 0 rnti 5505 mcs 6
slot 15 index 0 rnti 5505 mcs 6
slot 4 index 0 rnti 5505 mcs 6
slot 4 index 0 rnti 5505 mcs 6
slot 4 index 0 rnti 5505 mcs 6
slot 4 index 0 rnti 5505 mcs 6
slot 4 index 0 rnti 5505 mcs 6
slot 4 index 0 rnti 5505 mcs 6
slot 4 index 0 rnti 5505 mcs 6
slot 4 index 0 rnti 5505 mcs 6
slot 15 index 0 rnti 5505 mcs 6
slot 4 index 0 rnti 5505 mcs 6
slot 4 index 0 rnti 5505 mcs 6
slot 4 index 0 rnti 5505 mcs 6
slot 4 index 0 rnti 5505 mcs 6
slot 4 index 0 rnti 5505 mcs 6
slot 4 index 0 rnti 5505 mcs 6
slot 4 index 0 rnti 5505 mcs 6
slot 4 index 0 rnti 5505 mcs 6
slot 15 index 0 rnti 5505 mcs 6
slot 4 index 0 rnti 5505 mcs 6
slot 4 index 0 rnti 5505 mcs 6
slot 4 index 0 rnti 5505 mcs 6
slot 4 index 0 rnti 5505 mcs 6
slot 4 index 0 rnti 5505 mcs 6
slot 4 index 0 rnti 5505 mcs 6
slot 4 index 0 rnti 5505 mcs 6
slot 4 index 0 rnti 5505 mcs 6
slot 15 index 0 rnti 5505 mcs 6
slot 4 index 0 rnti 5505 mcs 6
slot 4 index 0 rnti 5505 mcs 6
slot 4 index 0 rnti 5505 mcs 6
slot 4 index 0 rnti 5505 mcs 6
slot 4 index 0 rnti 5505 mcs 6
slot 4 index 0 rnti 5505 mcs 6
slot 4 index 0 rnti 5505 mcs 6
slot 4 index 0 rnti 5505 mcs 6
slot 15 index 0 rnti 5505 mcs 6
slot 4 index 0 rnti 5505 mcs 6
slot 4 index 0 rnti 5505 mcs 6
slot 4 index 0 rnti 5505 mcs 6
slot 4 index 0 rnti 5505 mcs 6
slot 4 index 0 rnti 5505 mcs 6
slot 4 index 0 rnti 5505 mcs 6
slot 4 index 0 rnti 5505 mcs 6
slot 4 index 0 rnti 5505 mcs 6
slot 15 index 0 rnti 5505 mcs 6
slot 4 index 0 rnti 5505 mcs 6
slot 4 index 0 rnti 5505 mcs 6
slot 4 index 0 rnti 5505 mcs 6
slot 4 index 0 rnti 5505 mcs 6
slot 4 index 0 rnti 5505 mcs 6
slot 4 index 0 rnti 5505 mcs 6
slot 4 index 0 rnti 5505 mcs 6
slot 4 index 0 rnti 5505 mcs 6
slot 15 index 0 rnti 5505 mcs 6
slot 4 index 0 rnti 5505 mcs 6
slot 4 index 0 rnti 5505 mcs 6
slot 4 index 0 rnti 5505 mcs 6
slot 4 index 0 rnti 5505 mcs 6
slot 4 index 0 rnti 5505 mcs 6
slot 4 index 0 rnti 5505 mcs 6
slot 4 