1159
1236
2679
1228
1210
2175
1257
1097
1383
2263
1372
1209
1845
1709
1162
1866
1670
1240
1263
2245
1143
1184
2521
1184
1196
2468
1426
1114
1393
1949
1528
1374
1855
1614
1211
1834
1397
1117
1635
1825
1166
1762
2208
1196
1190
2092
1397
1110
1118
2350
1546
1418
1470
1884
1568
1525
1642
1247
1217
2060
1309
1472
2253
1339
1314
2055
1236
1233
1245
2254
1395
1320
1919
1532
1247
1810
1559
1390
1241
1899
1330
1180
2513
1351
1306
2103
2357
1621
1326
1740
1976
1455
1195
1931
2531
1796
1285
1639
1236
1379
1860
1514
2279
1747
1347
1595
1526
1622
1540
1552
1711
1939
1469
1670
1356
1605
1587
1529
1558
1451
1282
1242
1982
1391
1353
2132
1250
1241
2692
1319
1553
1673
1273
1525
1317
1335
1392
1603
1527
1681
1286
1490
2047
1447
1338
1863
1325
1229
1279
2222
1342
1447
1764
1350
1312
1905
1602
1210
1376
1688
1523
1661
1913
1390
1457
1988
1237
1248
1225
2152
1576
1369
1518
1953
1297
1388
1872
1246
1509
2056
1245
1188
2489
1325
1347
2082
1260
1213
1363
1807
1870
1348
1496
1713
1265
1631
1791
1233
1380
1706
1400
1326
2374
1338
1343
3426
1252
1230
2180
1573
1501
2804
1225
1302
3250
1450
1297
2869
1254
1336
2294
1203
1148
1348
1968
1283
1222
1999
1236
1242
2356
1326
1214
2515
1292
1307
2039
1246
1267
2028
1276
1293
2508
1427
1328
1748
1229
1283
1251
1241
2517
1422
1251
2243
1294
1352
1910
1261
1237
2168
1259
1195
2588
1379
1326
2089
1235
1247
1427
1533
1877
1432
1248
1901
1850
1358
1367
1807
1276
1358
1681
1229
1588
1915
1315
1552
1825
1262
2688
1238
1222
1478
1801
1534
1571
1641
1591
1558
1554
1461
1270
1215
1166
1352
1671
1567
1258
1765
1246
1508
2323
1448
1208
1963
1274
1307
2127
1256
1231
2189
1244
1199
2544
1331
1326
2390
1245
1262
1260
1244
2217
1425
1213
1952
1376
1321
1807
1355
1228
2039
1286
1206
2421
1334
1318
2106
1328
1252
1305
2010
1553
1441
1540
1605
1289
1692
1496
1454
1337
1814
1341
1480
2314
1364
1343
1876
1258
1532
1242
1826
1560
1437
1460
1529
1288
1874
1468
1509
1222
1720
1529
1223
2404
1370
1339
2051
1264
1221
1400
1962
1455
1325
1810
1552
1269
1989
1633
1228
1379
1766
1322
1614
2012
1352
1366
2143
1310
1226
1352
2236
1496
1428
1523
1588
1300
1785
1738
1244
1825
1632
1300
1665
1857
1353
1479
2062
2630
1897
1293
1501
1522
1341
1507
1953
2844
1910
1316
1443
1260
1458
1983
1248
2385
1897
1362
1548
1223
1551
2967
1280
1399
2062
1273
1523
1587
1387
1595
1533
1282
1806
1322
1430
2011
1473
1328
1638
2585
1744
1309
1792
1280
1230
2112
1226
2422
1665
1293
1516
1241
1477
1755
1545
2472
1742
1338
1619
1221
1226
1243
2145
2683
1754
1215
1906
1334
1654
1979
1598
1479
1659
1578
1485
1758
1699
1423
1880
1668
1838
1558
1270
1593
1702
1471
1531
1739
1657
1182
1749
1170
1429
2004
1299
2233
1587
1232
1957
1279
1141
1497
2069
2398
1551
1055
2006
1167
1286
2302
1281
1761
1635
1230
1857
1861
1261
1324
2059
2209
1522
1174
2063
1290
1261
2062
1380
1624
1962
1326
1412
1240
1690
1400
1454
2959
1706
1311
1782
1269
1229
1236
1934
2751
1738
1205
1703
1294
1315
2333
1244
1267
2056
1288
1203
2420
1345
1318
2103
1242
1220
1432
2100
1545
1340
1699
1716
1263
1779
1466
1199
1826
1476
1590
1554
1898
1331
1492
2025
1422
1225
2690
1535
1554
1433
1489
1554
1562
1353
1335
1246
1229
1811
1248
1474
2336
1346
1327
2194
1230
1251
1357
1847
1848
1357
1436
1889
1606
1607
1608
1278
1591
1831
1510
1502
1607
1513
1361
1957
1955
1243
1240
1930
1227
1352
2068
1238
1276
2540
1314
1253
1537
1575
1428
1779
1442
1563
1638
1444
1538
1519
1216
1635
2153
1352
1182
2071
1257
1517
1894
1380
1248
1950
1418
1213
2451
1343
1342
2044
1225
1246
1401
2054
1608
1420
1354
1614
1438
1446
1811
1420
1238
2044
1381
1204
2449
1351
1331
1961
1280
1236
1452
2287
1258
1447
1769
1580
1299
1797
1385
1239
1702
1748
1506
1544
1806
1366
1716
1537
1249
1566
1228
1813
1784
1365
1478
2005
1273
1416
1743
1243
1239
2167
1243
1382
2417
1339
1318
2071
1277
1268
1441
2024
1429
1442
1628
1732
1287
1759
1701
1233
1391
1931
1276
1207
2351
1345
1333
2106
1365
1238
2673
1557
1534
1677
1264
1554
1639
1236
1154
1103
1514
1648
1410
1475
2057
1348
1581
1783
1396
1399
1262
1924
1656
1339
1572
1772
1276
1669
1705
1378
1195
2042
1245
1214
2574
1285
1325
2034
1234
1178
1384
2040
1648
1351
1262
1964
1353
1758
1541
1174
1383
2233
1277
1169
2518
1298
1303
2153
1241
1221
1416
1983
1557
1323
1691
1660
1296
1748
1726
1222
1698
1652
1238
1697
1939
1321
1405
1843
1357
1251
1120
2032
1965
1212
1340
2198
1153
1385
2087
1128
1148
2329
1138
1225
2640
1205
1218
2320
1148
1222
1287
2137
1561
1251
1633
2009
1147
1684
1797
1242
1287
1984
1203
1252
2390
1208
1223
2339
1149
1433
1289
2196
1521
1200
1791
1514
1133
2035
1775
1107
1355
1932
1265
1460
2273
1243
1213
2259
1369
1303
1154
2144
1669
1210
1624
1878
1157
1668
1514
1107
1631
1967
1140
1542
2113
1222
1580
2126
1289
1229
2856
1275
1564
1465
1475
1517
1618
1359
1328
1260
1231
1910
1255
1206
2683
1358
1336
2053
1260
1228
1538
1817
1523
1343
1923
1559
1259
1764
1444
1123
1658
1678
1147
1845
1747
1434
1726
1326
1412
1822
1116
1545
2169
1214
1207
2312
1144
1270
2370
1120
1133
2395
1155
1061
2744
1209
1193
2345
1118
1422
1308
1913
1598
1401
1790
1492
1470
1326
1884
1250
1129
2363
1120
1079
2854
1218
1191
2367
1110
1131
1683
2084
1636
1198
1669
1723
1281
1721
1798
1260
1419
1896
1250
1272
2413
1222
1195
2158
1234
1113
1472
2205
1664
1363
1596
1559
1158
2030
1338
1208
1668
1603
1196
1810
2176
1191
1307
2266
1118
1503
1228
2001
1577
1226
2000
1642
1409
1491
1667
1205
2146
1275
1283
3126
1049
1205
3435
1159
1139
1837
1112
1533
1912
1244
1485
2123
1175
1406
1590
1393
1286
1636
1858
1250
1822
1466
1299
1855
1190
1201
2834
1318
1565
1696
1484
1535
1590
1605
1312
1259
1226
1693
1476
1490
2122
1498
1318
1816
1695
1375
1295
1818
1232
1222
2022
1552
1581
1563
1589
1573
1240
1592
1439
1403
2112
1354
1337
1976
1496
1236
1280
1882
1606
1363
1617
1558
1429
1939
1421
1221
1387
1548
1454
1534
1957
1358
1475
1934
1547
1139
1112
2116
1556
1252
1631
1784
1154
1716
1706
1126
1528
1969
1185
1527
2384
1225
1156
2448
1661
1218
1187
1919
1201
1357
1870
1711
1604
1634
1482
1421
1095
1841
1674
1224
2424
1209
1201
2184
1258
1134
1404
2169
1563
1376
1695
1470
1295
2059
1299
1262
1738
1723
1270
1538
2034
1361
1419
1884
1320
1295
1230
2244
1569
1453
1342
2085
1299
1365
2090
1241
1251
2256
1294
1198
2342
1332
1315
2173
1275
1313
1246
2031
1537
1362
1570
1751
1268
1598
1950
1242
1243
1829
1352
1205
2563
1358
1331
2042
1256
1231
2776
1557
1622
1683
1462
1305
1573
1608
1589
1525
1300
1418
1254
1213
1886
1398
1378
2014
1256
1231
1249
2106
1491
1499
1886
1575
1292
1531
1560
1245
1609
1771
1285
1550
2124
1337
1333
2114
1333
1229
1358
2084
1348
1436
1720
1510
1375
1922
1538
1237
1488
2038
1160
1258
2391
1227
1209
2235
1258
1147
1339
2212
1461
1197
1926
1312
1442
1978
1282
1259
1928
1709
1154
1688
1767
1227
1687
1713
1300
1833
1167
1507
2134
1212
1301
2039
1324
1529
1963
1341
1139
2139
1392
1069
2563
1229
1202
2311
1111
1138
1386
2401
1317
1216
1694
1774
1165
1773
1722
1220
1402
2022
1279
1234
2611
1382
1323
2008
1271
1216
1497
2122
1352
1347
1830
1523
1296
1938
1289
1317
1753
1383
1350
1791
1764
1578
1601
1652
1490
1471
1206
1567
2086
1327
1397
1971
1360
1498
1815
1268
1236
1774
1252
1402
2488
1371
1354
2040
1221
1251
2654
1286
1524
1664
1263
1251
1323
1396
1611
1386
1230
2144
1262
1197
2539
1373
1356
1993
1269
1375
1231
2050
1664
1227
1675
1514
1312
1968
1364
1335
1555
1951
1150
1547
2082
1228
1371
2012
1286
1256
1122
2156
1746
1212
1667
1867
1143
1827
1677
1106
1560
1865
1249
1539
2277
1338
1358
2168
1259
1216
1373
1753
1748
1355
1443
1948
1259
1370
1744
1257
1353
1882
1368
1466
2250
1364
1339
2037
1324
1254
1222
1979
1371
1321
1909
1334
1368
2035
1378
1135
1838
1832
1262
1353
2225
1334
1331
1973
1348
1225
1256
2202
1557
1430
1687
1506
1404
1644
1625
1368
1370
1793
1389
1640
2180
1383
1334
1759
1238
1387
1235
2067
1473
1339
1804
1662
1289
1724
1523
1232
1561
1993
1246
1234
2399
1368
1317
2072
1235
1221
1489
1871
1417
1356
1818
1784
1268
1749
1617
1235
1589
1499
1256
1806
1858
1368
1505
1561
1283
1477
2508
1133
1372
1236
1560
1782
1261
1704
1792
1110
1284
2205
1147
1448
2376
1244
1195
2315
1114
1122
2013
2138
1300
1434
1513
1772
1327
1408
2034
1301
1254
1730
1289
1550
2364
1464
1354
1760
1239
1256
1435
2063
1350
1422
1726
1450
1320
1979
1292
1311
1485
2022
1321
1243
2127
1236
1511
1969
1425
1251
1160
2075
1594
1267
1671
1632
1196
1944
1334
1109
1959
1777
1133
1462
2281
1215
1341
2116
1129
1364
1400
1903
1639
1412
1573
1879
1262
1484
1851
1131
1111
2164
1449
1060
2449
1212
1189
2476
1395
1150
1396
1985
1547
1217
1864
1701
1142
1857
1615
1111
1684
1730
1123
1660
2195
1301
1552
1885
1378
1134
1291
2043
1564
1213
1762
1730
1167
1779
1719
1372
1279
1926
1188
1677
2105
1220
1235
2248
1430
1253
1119
2424
1686
1234
1542
1788
1183
1840
1635
1236
1274
1869
1468
1270
2233
1247
1218
2280
1145
1242
2812
1119
1188
1237
1807
1473
1422
1849
1264
1375
1821
1211
1468
1657
1724
1534
2731
1136
1120
2178
1114
1310
2451
1255
1085
2368
1184
1178
2277
1113
1138
2500
1142
1080
2778
1225
1242
2260
1154
1382
1394
1874
1840
1209
1826
1625
1150
1602
1715
1247
1450
1943
1276
1294
2554
1213
1232
2371
1269
1103
1266
2243
1435
1190
2123
1364
1293
1945
1298
1196
1635
1739
1155
1812
1861
1212
1727
1692
1387
1238
1126
2172
2048
1248
1400
1849
1262
1520
1985
1201
1211
2124
1214
1217
2688
1203
1194
2330
1215
1122
1495
2067
1574
1223
1868
1785
1137
1568
1865
1245
1110
2108
1477
1074
2411
1226
1231
2066
1289
1252
1249
2187
1454
1211
1896
1437
1282
1972
1228
1391
1623
1473
1457
1481
1958
1228
1529
2086
1113
1485
1112
1806
2341
1205
1075
2360
1162
1416
1987
1144
1174
2152
1137
1404
2476
1202
1259
2557
1246
1265
2913
1346
1231
1369
1296
1890
1587
1629
1569
1580
1545
1711
1312
1207
1559
1354
1338
2033
1288
1241
1222
2220
1564
1346
1786
1523
1528
1688
1568
1239
1523
1543
1251
1988
1670
1391
1657
1783
1323
1594
1235
1580
2029
1337
1268
2059
1362
1330
2070
1317
1259
1985
1358
1196
2377
1340
1348
2120
1223
1329
1281
2044
1616
1458
1320
1686
1400
1565
1639
1318
1362
2027
1326
1224
2502
1374
1335
2032
1237
1222
1294
1985
1679
1241
1691
1495
1252
2014
1295
1548
1748
1258
1376
1981
1738
1210
1667
1750
1220
1544
1125
1804
2138
1216
1350
2291
1163
1307
2053
1113
1145
2215
1165
1215
2981
1203
1198
2236
1375
1124
1419
1974
1654
1179
1687
1809
1322
1449
1753
1096
1163
2462
1130
1055
2800
1230
1224
2383
1243
1108
1267
2203
1335
1215
2015
1739
1158
1767
1490
1408
1294
1822
1257
1503
2027
1240
1474
1903
1422
1407
2533
1133
1462
1201
1367
1927
1426
1397
1832
1250
1095
2401
1153
1090
2902
1241
1221
2194
1111
1270
1493
1950
1559
1218
1877
1647
1184
1880
1583
1250
1400
1903
1131
1306
2638
1207
1229
2364
1128
1103
1549
1960
1644
1194
1722
1874
1171
1723
1761
1112
1305
1776
1270
1512
2078
1289
1341
2136
1297
1288
1107
2270
1829
1431
1482
1507
1291
1664
1701
1222
1545
1733
1264
1407
2390
1356
1349
1979
1129
1410
1567
1885
1414
1421
1549
1678
1280
1569
1899
1257
1255
2056
1371
1209
2606
1373
1362
1886
1238
1219
1378
2291
1430
1355
1777
1539
1431
1943
1301
1221
1683
1556
1361
1805
1753
1374
1483
1952
1233
1373
1225
2120
1707
1333
1602
1845
1294
1391
1829
1319
1310
1803
1243
1375
2596
1452
1350
1746
1305
1230
1309
2099
1422
1373
1591
1933
1301
1350
1990
1291
1249
1766
1247
1373
2263
1381
1340
2077
1269
1251
2770
1257
1537
1677
1255
1584
1557
1700
1324
1275
1239
1742
1588
1489
1991
1443
1337
1733
1335
1330
1232
2125
1380
1436
1726
1432
1310
1970
1434
1231
1608
1784
1274
1586
2205
1345
1326
1938
1270
1336
1593
1808
1628
1679
1461
1764
1550
1603
1295
1539
1547
1670
1571
1250
2015
1435
1317
2014
1235
1252
1383
2120
1409
1354
1802
1466
1271
1880
1648
1222
1388
2133
1266
1382
2320
1235
1192
2088
1444
1128
1097
2171
1515
1212
1787
1815
1159
1763
1653
1156
1650
1953
1120
1652
2250
1202
1210
2097
1302
1105
1398
2290
1720
1357
1584
1782
1272
1496
1801
1237
1234
1866
1274
1380
2380
1334
1327
2099
1256
1952
1227
1583
2546
1396
1190
1996
1362
1314
1849
1241
1234
2145
1290
1178
2614
1326
1328
2167
1310
1225
1345
1941
1624
1427
1375
1767
1280
1703
1446
1332
1511
1756
1496
1590
1917
1395
1354
2003
1261
1217
2806
1541
1624
1678
1491
1572
1597
1609
1794
1533
1254
1400
1251
1191
1618
1691
1375
1689
1898
1233
1254
1951
1719
1352
1602
1537
1363
1970
1593
1219
1328
1832
1515
1546
2079
1332
1332
1950
1387
1242
1238
1947
1785
1344
1455
1865
1280
1640
1870
1245
1229
1867
1247
1359
2390
1333
1346
2176
1236
1232
1440
1927
1806
1440
1225
1787
1564
1302
1906
1260
1237
1839
1181
1077
2695
1221
1228
2259
1266
1119
1301
2433
1429
1440
1676
1527
1576
1511
1581
1248
1540
1632
1459
1552
1948
1329
1610
1745
1382
1453
1255
1703
1793
1328
1576
1740
1254
1781
1890
1216
1388
1962
1262
1203
2442
1327
1306
2104
1237
1381
1245
2033
1687
1374
1444
1721
1555
1481
1627
1488
1223
2042
1258
1175
2514
1372
1352
2088
1264
1216
1267
2106
1568
1353
1792
1608
1256
1819
1309
1249
1604
1768
1248
1710
1885
1338
1462
1791
1394
1394
2694
1256
1224
1330
1216
2127
1394
1329
1657
1396
1230
1926
1417
1208
2505
1357
1362
2075
1220
1231
1241
2178
1515
1345
1887
1513
1264
1677
1833
1224
1284
1942
1267
1175
2439
1317
1342
2059
1276
1518
1240
2095
1611
1414
1587
1393
1406
1705
1639
1394
1258
1831
1401
1359
2289
1358
1335
1878
1275
1242
1237
2309
1559
1417
1480
1561
1267
1869
1478
1105
1726
1907
1133
1518
2213
1230
1225
2220
1126
1454
1418
1963
1508
1221
1697
1785
1164
1646
1906
1125
1106
2225
1135
1420
2781
1235
1215
2100
1407
1134
1373
2055
1389
1229
2017
1258
1298
2126
1315
1143
1874
1711
1130
1941
1839
1401
1530
1749
1297
1263
1343
2072
1688
1403
1515
1691
1291
1537
1936
1225
1241
2149
1288
1191
2395
1373
1324
2076
1223
1372
1262
2110
1699
1420
1344
1802
1311
1667
1722
1219
1273
1848
1388
1387
2327
1377
1321
1958
1256
1254
2893
1293
1540
1673
1485
1547
1573
1623
1579
1261
1280
1405
1279
1356
1928
1701
1614
1587
1281
1563
1530
1264
1587
1409
1381
1956
1316
1340
1998
1226
1240
2155
1251
1327
2447
1347
1357
2226
1233
1246
1340
2050
1515
1411
1390
1628
1408
1751
1723
1244
1219
2108
1242
1199
2539
1342
1306
2134
1246
1248
1419
2135
1426
1425
1575
1512
1407
1701
1405
1475
1401
1768
1258
1673
1935
1224
1592
1989
1234
1436
1131
2052
1580
1248
1769
1659
1319
1665
1808
1445
1245
1952
1202
1291
2544
1257
1194
2224
1195
824
1251
2448
1755
1037
1963
1604
1027
2195
1515
1131
1794
1689
1234
1515
2336
1207
1199
2271
1197
1126
1567
1912
1695
1242
1730
1542
1240
1833
1689
1128
1477
1997
1252
1368
2355
1210
1262
2363
1208
1119
1309
2199
1587
1207
1767
1698
1165
1940
1554
1068
1652
1820
1132
1643
2255
1205
1267
2233
1121
1171
2882
1569
1529
1680
1305
1556
1590
1632
1547
1271
1266
1562
1262
1301
2422
1343
1319
2086
1295
1252
1276
2132
1293
1347
1993
1313
1257
2228
1311
1217
1628
1707
1240
1859
1810
1362
1424
1739
1268
1561
1218
2028
1856
1417
1231
2045
1284
1316
2189
1211
1235
2056
1233
1190
2499
1342
1343
2120
1229
1226
1289
1936
1602
1312
1606
1672
1191
1781
1618
1175
1338
2059
1170
1477
2567
1194
1191
2408
1185
1105
1484
2064
1604
1206
1737
1610
1199
1991
1587
1128
1508
1884
1120
1635
2335
1203
1227
2277
1196
1166
1109
2736
1280
1288
1664
1656
1229
1909
1615
1159
1443
1868
1153
1508
2304
1233
1254
2212
1138
1168
1370
2295
1477
1247
1568
1921
1219
1566
1932
1127
1183
2313
1111
1108
2692
1216
1189
2324
1175
1113
1471
2297
1381
1204
1896
1696
1145
1852
1561
1195
1464
1944
1127
1578
2552
1336
1285
2268
1237
1149
2566
1605
1560
1681
1546
1307
1576
1351
1333
1312
1626
1628
1595
1505
2560
1484
1304
1797
1954
1345
1358
1682
1160
1228
2255
1185
1664
1686
1188
1692
1112
2000
1348
1189
2609
1359
1343
1980
1292
1250
1301
2315
1324
1523
1422
1963
1362
1491
1819
1269
1305
1884
1249
1558
2158
1369
1392
1787
1541
1299
1133
1839
1575
1222
1716
1634
1220
1915
1461
1361
1663
1608
1174
1554
2320
1210
1257
2274
1199
1186
1290
2241
1501
1428
1762
1744
1313
1350
1930
1304
1236
2156
1265
1196
2528
1351
1322
2043
1288
1293
1270
2340
1296
1427
1715
1292
1208
2129
1632
1141
1542
1691
1230
1775
2022
1227
1496
2002
1176
1501
1133
2176
1739
1218
1690
1641
1281
1652
1718
1112
1340
2175
1118
1360
2529
1199
1196
2324
1131
1193
1469
2210
1624
1244
1395
1964
1161
1237
1973
1243
1129
2254
1177
1154
3002
1207
1229
2183
1208
1152
2912
1549
1535
1707
1462
1529
1319
1384
1581
1288
1247
1491
1533
1520
2114
1405
1383
1859
1305
1249
1235
2132
1719
1356
1554
1485
1291
1917
1372
1292
1746
1851
1263
1543
2037
1349
1382
2129
1232
1269
1243
1850
1741
1349
1379
1971
1293
1382
2065
1269
1243
2153
1283
1194
2386
1333
1351
2088
1193
1149
1360
2294
1432
1220
1824
1357
1347
2027
1184
1240
1743
1658
1274
1591
2228
1152
1297
2167
1211
1126
1434
2119
1696
1245
1701
1658
1093
1834
1609
1097
1838
1799
1122
1310
2602
1208
1209
2308
1147
1130
1433
1999
1613
1193
1563
1886
1172
1518
2138
1108
1120
2212
1117
1388
2630
1199
1237
2155
1228
1109
1563
2054
1383
1200
1972
1620
1226
2135
1339
1148
1784
1718
1162
1610
2226
1194
1268
2169
1183
1291
1188
2254
1632
1193
1737
1716
1158
1758
1472
1137
1543
1900
1117
1557
2276
1229
1367
2161
1140
1150
3143
1538
1563
1679
1460
1279
1593
1628
1554
1259
1255
1412
1306
1516
2177
1490
1346
1757
1277
1261
1295
2315
1301
1454
1719
1406
1311
2100
1306
1225
1548
1538
1250
1900
1637
1372
1667
1804
1298
1466
1260
1987
1903
1425
1241
2057
1324
1326
1896
1234
1225
2134
1290
1203
2401
1253
1249
2213
1130
1163
1377
2102
1542
1248
1710
1789
1754
1221
1699
2597
1144
1207
3256
1066
1081
3282
1226
1141
3104
1118
1104
2968
1451
1197
1083
2190
1206
1188
2464
1667
1107
1603
1882
1077
2103
1531
1194
1928
1436
1104
1100
2350
1129
1239
2345
1108
1161
2526
1167
1097
1761
1207
1596
1753
1047
1823
1650
1149
1804
1559
1151
1880
2075
1196
1184
2302
1176
1193
2180
1128
1135
2439
1126
1088
2969
1239
1196
2247
1145
1126
1609
1111
2389
1224
1090
2443
1712
1215
1527
1844
1114
1523
1753
1105
1943
1795
1229
1704
1658
1117
2559
1110
1150
1746
1740
1276
1607
1812
1287
1541
1309
1765
1559
1411
1440
1709
1633
1570
1554
1586
1552
1274
1931
1470
1229
1955
1219
1200
2127
1126
1122
2899
1148
1091
2796
1271
1209
2194
1140
1129
1598
2005
1535
1296
1700
1789
1199
1772
1583
1224
1615
1602
1315
1514
2110
1212
1311
2144
1141
1325
1245
2060
1787
1236
1629
1897
1139
1806
1808
1115
1210
2051
1122
1371
2525
1188
1194
2321
1201
1190
1524
2048
1729
1352
1351
1895
1346
1331
1934
1293
1233
2090
1291
1208
2574
1330
1320
2215
1267
1223
1292
2259
1319
1410
1796
1313
1420
2040
1288
1220
1939
1509
1255
1829
1923
1477
1278
1785
1188
1721
1125
1899
1779
1221
1457
1927
1236
1615
1954
1141
1124
2333
1153
1075
2741
1209
1205
2263
1129
1183
1422
2020
1551
1220
1840
1775
1187
1675
1532
1179
1660
1644
1210
1581
2322
1218
1211
2318
1174
1167
2957
1534
1532
1478
1503
1528
1335
1602
1340
1247
1251
1472
1588
2207
1235
1441
1763
1358
1309
1866
1232
1510
2439
1360
1203
2138
1277
1332
1951
1252
1235
2163
1248
1212
2364
1364
1336
2168
1241
1238
1303
1896
1591
1387
1553
1748
1338
1450
1768
1158
1172
2484
1183
1069
2654
1247
1202
2307
1176
1355
1145
2347
1612
1320
1695
1389
1206
1925
1397
1536
1446
1745
1377
1421
2137
1234
1234
2160
1210
1187
1234
2219
1642
1252
1800
1488
1157
2014
1568
1169
1615
1957
1127
1430
2268
1234
1207
2206
1210
1169
1472
2087
1444
1226
1857
1809
1148
1954
1576
1069
1493
1951
1149
1600
2446
1144
1241
2266
1128
1135
1591
1987
1736
1165
1634
1681
1192
1860
1750
1145
1361
1890
1137
1684
2153
1178
1262
2303
1225
1122
1122
2458
1495
1428
1582
1619
1322
1759
1734
1227
1301
1760
1299
1560
2273
1357
1350
1880
1279
1249
2698
1290
1552
1698
1512
1321
1577
1642
1323
1244
1255
1754
1253
1239
2599
1402
1327
1940
1238
1231
1290
2215
1686
1367
1686
1483
1266
1928
1292
1228
1759
1560
1255
1738
2116
1352
1367
1822
1278
1352
1277
2081
1589
1453
1326
1793
1236
1659
1752
1160
1239
2248
1147
1403
2685
1255
1199
2186
1120
1130
1313
2099
1824
1240
1438
1831
1136
1542
1951
1146
1141
2360
1131
1086
2723
1196
1219
3141
1139
1112
1664
2112
1538
1213
1847
1624
1378
1734
1672
1149
1497
1795
1218
1788
1940
1206
1546
1646
1435
1403
1130
1939
1741
1195
1645
2120
1160
1553
1676
1454
1209
1869
1410
1575
2164
1220
1220
2258
1188
1239
1247
2484
1524
1375
1584
1740
1289
1776
1348
1229
1315
2090
1317
1198
2566
1340
1305
2067
1239
1236
1390
2059
1507
1364
1842
1700
1262
1630
1759
1232
1550
1494
1240
1614
1970
1343
1381
2079
1257
1303
2770
1381
1525
1705
1471
1526
1313
1381
1577
1266
1276
1890
1270
1302
2422
1357
1409
2043
1289
1240
1246
2295
1329
1422
1659
1739
1306
1680
1705
1235
1239
2053
1255
1229
2436
1362
1325
2162
1265
1240
1341
2008
1287
1260
1921
1443
1394
1907
1231
1442
1436
1857
1200
1622
2118
1225
1259
2160
1224
1454
1142
2054
1562
1237
1809
1578
1137
1886
1553
1184
1516
1938
1165
1322
2576
1212
1207
2285
1119
1127
1615
1836
1540
1222
1687
1867
1157
1640
1842
1400
1371
1722
1202
1686
2341
1242
1216
2165
1176
1131
1327
2360
1480
1214
1763
1532
1159
2023
1659
1151
1631
1728
1126
1768
1715
1206
1741
1617
1219
1681
1149
1913
1919
1223
1430
2063
1149
1537
1988
1106
1127
2476
1150
1184
2527
1224
1225
2347
1151
1191
1253
2311
1597
1434
1275
1897
1300
1579
1881
1262
1267
1900
1346
1310
2410
1355
1352
1925
1242
1246
2155
665
1482
872
2198
1574
1158
2096
1483
1244
1530
1810
1327
1512
2274
1155
1295
2170
1184
1377
1096
2360
1664
828
2238
1584
1024
2115
1707
1022
1729
1779
944
1906
2123
1012
1771
2245
1265
1136
1156
2291
1661
1223
1714
1714
1173
1730
1949
1152
1197
2168
1137
1252
2538
1199
1252
2547
1126
1109
1269
2353
1362
1463
1617
1493
1342
1879
1500
1293
1462
1976
1253
1291
2229
1359
1339
2112
1289
1287
1237
2194
1500
1354
1685
1474
1462
1742
1542
1316
1655
1782
1279
1810
1699
1340
1646
1920
1266
1274
1260
1854
1827
1328
1248
2059
1297
1299
1981
1316
1239
2133
1287
1277
2478
1357
1365
1944
1230
1251
1576
1848
1453
1374
1837
1470
1301
1960
1538
1216
1536
1799
1245
1693
1992
1343
1322
2121
1283
1234
1223
2034
1686
1377
1486
1865
1301
1568
1934
1257
1249
1878
1270
1341
2232
1337
1314
2179
1253
1253
2718
1576
1561
1682
1285
1541
1567
1648
1562
1321
1537
1716
1463
1478
1482
2076
1389
1285
3051
1253
1235
3804
1210
1374
3265
1235
1275
2174
1352
1275
1307
1871
1297
1137
2401
1271
1236
2108
1204
1226
1191
2258
1554
1236
1681
1689
1172
1888
1491
1242
1425
2028
1162
1464
2429
1209
1240
2310
1155
1177
1510
2050
1629
1211
1500
1790
1143
1611
1825
1357
1104
2191
1149
1142
2827
1205
1254
2284
1261
1114
1375
2051
1761
1194
1793
1326
1230
1971
1586
1173
1629
1682
1228
1773
2052
1209
1247
2417
1178
1228
1349
2310
1397
1433
1667
1379
1355
2152
1331
1220
1696
1776
1251
1596
2120
1352
1363
1815
1331
1310
1230
2068
1631
1378
1304
2141
1268
1311
2109
1309
1276
2126
1252
1196
2488
1335
1298
2100
1231
1263
1342
2209
1271
1344
1859
1476
1288
1972
1268
1264
1592
1523
1393
1831
1936
1439
1383
1976
1272
1244
2729
1244
1538
1446
1195
1551
1284
1747
1626
1290
1375
1947
1254
1384
2418
1353
1341
2135
1232
1237
1266
2146
1405
1375
1775
1566
1316
1755
1708
1226
1289
1920
1184
1356
2586
1194
1198
2354
1147
1139
1603
1984
1500
1242
1823
1622
1197
1991
1332
1171
1782
1667
1303
1623
1835
1323
1463
1887
1295
1541
1237
1721
1944
1366
1217
1987
1280
1486
1943
1260
1241
2165
1311
1211
2419
1335
1315
2076
1695
1352
1336
1718
1214
1265
2004
1449
1593
1574
1440
1557
1220
1982
1339
1182
2460
1336
1340
2073
1262
1233
1248
2201
1446
1370
1856
1392
1273
2218
1269
1216
1611
1632
1273
1727
1867
1343
1429
1986
1304
1282
1253
2065
1855
1425
1276
1995
1286
1321
1911
1259
1220
2161
1287
1235
2364
1346
1318
2257
1229
1241
1239
2170
1367
1336
1802
1669
1269
1554
1680
1217
1343
2014
1302
1231
2519
1367
1358
2002
1317
1247
2741
1241
1240
1329
1469
1463
1356
1745
1474
1317
1555
1834
1278
1449
2344
1367
1315
2008
1291
1249
1225
2337
1363
1398
1716
1636
1262
1909
1294
1294
1589
1850
1163
1619
2260
1241
1300
2113
1133
1182
1453
1903
1688
1217
1856
1599
1190
1638
1830
1166
1133
2457
1117
1093
2718
1197
1208
2474
1141
1135
1532
2197
1308
1432
1708
1455
1325
2064
1413
1237
1498
1928
1248
1588
2318
1340
1368
2058
1302
1245
1224
2114
1402
1418
1636
1736
1305
1803
1481
1253
1536
1948
1246
1320
2245
1329
1372
2039
1237
1309
1251
2279
1316
1418
1690
1746
1289
1587
1778
1261
1279
2100
1255
1200
2482
1383
1329
2095
1235
1231
1304
2239
1345
1381
1839
1518
1301
1904
1451
1217
1390
2067
1249
1314
2427
1347
1312
1972
1283
1261
1240
2057
1687
1349
1598
1771
1276
1667
1586
1238
1509
1605
1276
1797
2117
1423
1370
1996
1258
1232
2819
1538
1559
1477
1467
1523
1361
1608
1578
1252
1254
1465
1540
1496
1933
1436
1377
2061
1252
1251
1338
2158
1369
1441
1706
1363
1234
2184
1179
1233
1814
1525
1161
2006
1643
1234
1860
1569
1165
1664
1117
2028
1911
1208
1198
2358
1142
1182
2320
1104
1119
2372
1130
1061
2757
1228
1194
2287
1119
1190
1345
2142
1578
1373
1583
1625
1253
1720
1652
1227
1356
2169
1271
1285
2563
1337
1313
1990
1269
1256
1288
2148
1324
1357
1891
1557
1265
1919
1657
1228
1510
1891
1260
1319
2317
1374
1353
1918
1243
1225
1227
1968
1711
1314
1719
1568
1303
1909
1496
1228
1496
1759
1238
1637
2149
1327
1371
2201
1253
1256
1229
2098
1574
1468
1457
1719
1293
1393
1861
1514
1362
1728
1147
1078
2754
1226
1227
2327
1183
1111
1424
2166
1503
1238
1809
1614
1224
1890
1607
1188
1442
1980
1157
1607
2090
1290
1253
2075
1206
1344
2602
1117
1180
1222
1989
1720
1288
1569
1665
1318
1286
2346
1253
1233
3029
1383
1315
1960
1252
1223
1256
2285
1274
1382
1991
1450
1180
1894
1524
1192
1509
1706
1309
1661
1005
2014
1455
1174
2614
1919
1254
1625
2329
1383
1222
1680
1392
1250
2250
1366
1218
1872
1158
1217
3318
1411
1339
2324
1255
1281
1258
2179
1629
1441
1382
1820
1293
1660
1374
1299
1447
1879
1367
1342
2432
1379
1319
1944
1269
1222
1337
1885
1820
1359
1271
1880
1269
1483
1840
1383
1234
2117
1293
1335
2529
1337
1325
2167
1311
1214
1379
2218
1320
1435
1879
1593
1320
1786
1668
1230
1304
1986
1228
1577
2103
1359
1365
2008
1314
1243
1235
2074
1475
1343
1755
1745
1369
1924
1521
1229
1340
2003
1252
1340
2163
1350
1312
2134
1255
1223
1476
2011
1392
1417
1703
1646
1364
1551
1782
1304
1265
1907
1347
1244
2409
1370
1318
1919
1251
1251
2757
1530
1312
1672
1496
1271
1565
1637
1553
1265
1262
1430
1377
1347
2131
1481
1371
1708
1237
1223
1382
2068
1753
1457
1411
1915
1317
1438
1844
1217
1248
1881
1284
1580
2320
1372
1353
1889
1325
1233
1305
2186
1493
1405
1385
1760
1303
1456
2057
1266
1217
1794
1331
1329
2302
1333
1305
2412
1219
1249
1219
2050
1495
1381
1664
1479
1413
1827
1598
1306
1519
1946
1251
1497
2058
1310
1240
2135
1346
1122
1226
2250
1613
1202
1633
1641
1256
1861
1750
1103
1393
1991
1196
1375
2545
1218
1230
2050
1155
1204
1346
2101
1551
1221
1657
1828
1143
1835
1670
1192
1625
1822
1219
1359
2701
1234
1215
2072
1181
1118
1596
1972
1585
1202
1851
1625
1186
1855
1597
1405
1245
1986
1185
1566
2373
1212
1220
2100
1259
1114
1128
2357
1716
1225
1560
1832
1131
1838
1475
1127
1644
1813
1151
1666
2156
1199
1326
2319
1112
1167
2663
1135
1199
1747
1579
1579
1617
1393
1586
1539
1301
1775
1324
1223
2406
1388
1276
2040
1218
1129
1413
2096
1492
1262
1851
1398
1276
2077
1211
1267
1713
1612
1434
1518
2038
1211
1641
1865
1176
1267
1166
2224
1749
1231
1547
1898
1197
1503
1933
1166
1351
1968
1146
1465
2554
1235
1209
2353
1185
1106
1224
2269
1606
1231
1820
1705
1161
1790
1774
1121
1129
2163
1177
1157
2748
1223
1184
2375
1193
1139
1349
2245
1557
1201
1743
1686
1218
1936
1273
1379
1591
1807
1225
1643
2004
1203
1519
1956
1165
1325
1107
2506
1716
1430
1521
1757
1285
1643
1755
1290
1233
1799
1239
1415
2395
1396
1361
1993
1247
1237
1326
2200
1344
1460
1517
1685
1291
1660
1662
1284
1251
2178
1240
1225
2507
1353
1333
2013
1235
1224
1279
2200
1516
1337
1736
1678
1310
1878
1300
1236
1726
1485
1300
1869
1791
1370
1382
1788
1523
1246
2665
1288
1575
1714
1495
1533
1577
1595
1301
1254
1229
1697
1557
1555
1951
1317
1223
2137
1167
1169
1204
2120
1730
1269
1618
1951
1179
1462
1914
1181
1128
2254
1156
1062
2858
1208
1185
2603
1125
1117
1363
2244
1338
1415
1805
1595
1287
1777
1280
1292
1683
1542
1340
1948
1743
1386
1372
1806
1249
1562
1279
1779
2012
1343
1230
2023
1330
1515
1842
1224
1240
2185
1241
1206
2589
1358
1348
1981
1252
1239
1298
2107
1687
1346
1630
1667
1290
1628
1798
1236
1332
1805
1278
1306
2406
1332
1302
2234
1250
1221
1269
2103
1573
1350
1790
1669
1279
1759
1554
1236
1535
1567
1246
1728
1663
1336
1724
1929
1264
1321
1220
1668
2108
1456
1236
2113
1312
1350
1919
1334
1337
2024
1271
1218
2458
1364
1426
2138
1252
1231
1350
1921
1511
1411
1529
1895
1325
1335
1832
1296
1253
1984
1265
1225
2407
1343
1343
2031
1318
1238
2703
1531
1547
1677
1482
1295
1275
1328
1383
1246
1489
1831
1270
2710
1038
1242
2354
1200
1163
2191
1126
1570
2211
1276
1182
2240
1154
1420
2336
1109
1137
2007
1118
1215
2782
1212
1185
2319
1170
1190
1553
1838
1551
1224
1844
1659
1214
1818
1638
1166
1591
2241
1135
1116
2508
1217
1213
2481
1266
1152
1437
2010
1598
1202
1828
1769
1147
1862
1314
1206
1612
1617
1294
1871
1996
1212
1313
2040
1159
1400
1106
2270
1742
1421
1292
1966
1383
1399
1782
1447
1221
2093
1263
1205
2592
1341
1311
2187
1228
1251
1232
2246
1335
1437
1645
1716
1321
1593
1766
1306
1237
1966
1271
1216
2570
1369
1330
1937
1372
1267
1241
2171
1605
1433
1515
1629
1320
1636
1942
1261
1262
1812
1344
1286
2359
1356
1353
2197
1237
1238
1285
2225
1486
1352
1682
1712
1288
1667
1406
1284
1772
1473
1326
1717
2033
1342
1324
2037
1258
1260
2783
1542
1531
1448
1468
1556
1324
1361
1241
1200
1224
2223
1140
1378
2591
1255
1232
2229
1243
1129
1327
2187
1794
1237
1523
1617
1309
1920
1454
1114
1651
1959
1174
1506
2221
1236
1458
2030
1173
1179
1178
2238
1558
1232
1731
1819
1154
1737
1669
1186
1381
2026
1143
1605
2234
1213
1200
2359
1148
1291
1178
2242
1721
1354
1473
1772
1254
1716
1485
1341
1351
1986
1274
1197
2526
1339
1340
2028
1253
1255
1406
2025
1460
1403
1899
1285
1271
2108
1291
1232
1896
1348
1324
1818
1839
1342
1536
1910
1232
1511
1247
1717
1905
1336
1316
1974
1280
1447
1994
1235
1289
2068
1314
1304
2345
1340
1279
2207
1680
1351
1317
1893
1211
1294
1960
1425
1684
1850
1382
1307
1252
2002
1348
1324
2202
1356
1308
2270
1253
1242
1305
2044
1441
1363
1794
1592
1334
1797
1522
1279
1360
1689
1304
1788
1766
1354
1375
2037
1255
1557
2691
1249
1239
1675
1532
1167
1224
1566
1769
1147
1313
2140
1216
1341
2506
1252
1222
2128
1192
1167
1424
2311
1564
1255
1763
1660
1143
1470
1784
1245
1221
2117
1163
1087
2860
1201
1215
2454
1185
1104
1489
2050
1517
1224
1762
1711
1226
1887
1709
1116
1401
1796
1327
1645
2361
1209
1198
2205
1277
1258
1222
2116
1701
1417
1319
1581
1297
1815
1829
1237
1287
1891
1268
1320
2444
1366
1307
2167
1248
1232
1230
1980
1539
1367
1724
1952
1249
1313
1881
1486
1232
1794
1486
1199
2428
1352
1307
2100
1455
1232
1241
2064
1586
1335
1633
1623
1275
1759
1383
1442
1483
1482
1467
1555
1762
1373
1833
1614
1258
1693
1233
1508
2061
1352
1284
2033
1379
1330
1992
1333
1245
1983
1271
1448
2399
1357
1325
2100
1264
1222
1244
2074
1487
1312
1740
1892
1282
1344
1781
1248
1220
2017
1273
1208
2545
1355
1346
2184
1469
1237
2680
1268
1187
1254
1246
1676
1350
1633
1742
1248
1439
1902
1244
1482
2055
1259
1530
1860
1230
1364
1126
2197
1652
1204
1793
1622
1267
1817
1717
1222
1270
2084
1163
1476
2294
1218
1251
2329
1377
1167
1264
2083
1632
1237
1564
1761
1384
1582
1661
1346
1119
2110
1246
1057
2837
1222
1210
2357
1113
1122
1459
2326
1378
1195
1900
1462
1162
2174
1201
1227
1670
1518
1375
1857
1761
1190
1784
1755
1237
1370
1212
2061
1812
1218
1506
1878
1258
1755
1837
1121
1222
2178
1154
1237
2915
1204
1229
2111
1390
1153
1372
1855
1638
1347
1495
1798
1137
1657
2020
1346
1127
1965
1141
1087
2797
1216
1199
2281
1217
1143
1325
2300
1449
1204
2151
1238
1368
1893
2166
1116
1132
2599
1135
1063
3340
1235
1196
3372
1158
1156
2124
1419
1841
1774
1163
1634
1334
1690
1555
1150
1423
1666
1162
1867
2041
1210
1312
2214
1282
1240
2828
1287
1548
1688
1263
1525
1575
1618
1328
1269
1242
1823
2258
1231
1451
2093
1411
1268
2012
1258
1225
2240
1727
1374
1452
1686
1289
1699
1550
1254
1472
1811
1256
1527
2186
1334
1435
1969
1267
1440
1536
1752
1483
1426
1541
1643
1540
1516
1829
1222
1258
2090
1242
1211
2472
1351
1347
2033
1245
1233
1364
1896
1576
1347
1536
1736
1282
1699
1653
1350
1334
1943
1244
1173
2624
1349
1330
2033
1250
1273
1338
2155
1492
1374
1595
1690
1251
1873
1687
1330
1397
1736
1381
1559
2022
1361
1360
1782
1340
1275
1263
2136
1538
1414
1616
1745
1343
1873
1592
1249
1299
1821
1289
1524
2199
1379
1312
2039
1218
1255
1257
2272
1339
1360
1914
1733
1273
1493
1822
1262
1252
2011
1251
1216
2468
1334
1302
2090
1230
1297
1341
2271
1334
1414
1747
1411
1284
1960
1265
1269
1598
1459
1561
1696
1901
1375
1305
1799
1228
1455
2556
1122
1279
1212
1775
1747
1294
1570
1782
1318
1340
1929
1238
1326
2559
1354
1319
2017
1265
1211
1314
1958
1697
1374
1500
1934
1324
1381
1936
1235
1251
1867
1265
1512
2490
1348
1356
1983
1320
1285
1235
2159
1475
1418
1564
1367
1379
1891
1364
1243
1703
1619
1280
1709
1723
1357
1501
1855
1270
1565
1261
1742
1995
1353
1392
1858
1356
1414
2015
1237
1234
2071
1236
1200
2427
1349
1340
2073
1237
1228
1306
2206
1413
1344
1867
1693
1280
1710
1509
1313
1296
1990
1326
1227
2536
1343
1332
2057
1223
1226
1436
1976
1429
1356
1974
1524
1316
1940
1443
1235
1725
1503
1282
1719
1841
1346
1485
1872
1309
1572
1240
1712
1967
1341
1258
2004
1266
1469
2002
1236
1251
2105
1265
1304
2468
1360
1314
2030
1336
1262
1246
2163
1322
1410
1754
1604
1370
1770
1534
1250
1330
1847
1276
1230
2602
1219
1207
2298
1220
1129
2831
1141
1203
1255
1994
1353
1387
2124
1320
1113
1562
1486
1458
1676
1741
1262
1741
1811
1227
1789
1167
1608
1918
1228
1479
1950
1274
1557
2057
1137
1112
2179
1121
1075
2854
1222
1236
2220
1109
1132
1441
2095
1729
1216
1630
1728
1142
1869
1660
1198
1427
2316
1160
1058
2397
1195
1228
2506
1150
1133
1340
2188
1391
1215
3443
1106
1164
3886
1146
1100
3558
1258
1137
2720
1024
1203
3174
1180
1128
2024
1131
1333
1113
2050
1353
1108
2308
1333
1139
2104
1173
1195
2114
1926
1066
1633
1866
1130
2102
1540
1178
1877
1435
1104
2050
1677
1186
1862
1494
1134
1111
2317
1129
1071
2900
1226
1219
2303
1126
1186
2000
1149
2779
1288
1062
2589
1150
1185
2435
1147
1111
2259
1158
1172
2745
1235
1200
2331
1181
1166
1149
2249
1554
1193
1817
1906
1197
1598
1626
1157
1386
1856
1269
1572
2213
1230
1236
2220
1175
1195
2691
1123
1389
1213
1453
1743
1241
1714
1742
1170
1182
2283
1339
1069
2702
1225
1231
2421
1294
1252
1228
2217
1428
1491
1646
1551
1198
1980
1427
1547
1658
1453
1263
1592
1904
1356
1413
1810
1343
1316
1405
1884
1921
1430
1225
1930
1320
1450
1947
1246
1235
1969
1248
1199
2786
1423
1346
1945
1231
1252
1230
1773
1571
1377
1605
1741
1307
1556
1787
1343
1258
2055
1262
1204
2491
1414
1317
1976
1315
1251
1252
2151
1379
1416
1733
1389
1345
1717
1732
1267
1471
1719
1276
1614
2151
1396
1335
1900
1250
1310
1272
2113
1655
1438
1403
1893
1279
1640
1763
1277
1285
1805
1239
1461
2319
1377
1332
2007
1232
1229
1308
2004
1536
1321
1751
1737
1147
1623
1751
1155
1287
2152
1449
1145
2654
1250
1207
2204
1165
1143
1331
2216
1520
1209
1805
1779
1206
1854
1498
1122
1611
1775
1142
1608
2259
1214
1265
2272
1224
1156
2622
1142
1195
1194
1716
1844
1189
1666
1727
1148
2276
1390
1160
2077
1695
1236
1686
1638
1323
1712
1142
1825
1979
1212
1396
2237
1190
1215
2249
1167
1140
2417
1137
1087
2678
1233
1189
2330
1191
1145
1362
2145
1604
1202
1757
1567
1278
1931
1421
1209
1599
1634
1493
1454
2045
1310
1594
2217
1285
1291
1254
1629
2025
1535
1420
1602
1331
1519
1703
1315
1321
1924
1273
1341
2386
1261
1264
2456
1247
1170
1269
2064
1618
1278
1647
1692
1256
1659
1830
1172
1358
2088
1347
1171
2691
1218
1213
2142
1216
1148
1341
2260
1718
1195
1676
1305
1504
2071
1165
1123
2007
1405
1290
1808
1839
1342
1653
1663
1328
1468
1244
1772
1985
1336
1279
2103
1274
1353
2113
1251
1237
2130
1279
1215
2371
1379
1306
2101
1285
1223
1264
1913
1527
1218
1734
1853
1148
1720
1723
1149
1389
2161
1316
1328
2386
1224
1260
2153
1236
1116
2788
1128
1253
1202
1901
1516
1193
1992
1514
1188
1637
1994
1195
1198
2353
1228
1194
2187
1352
1325
1114
1926
1715
1206
1701
2027
1184
1528
1869
1135
1362
2076
1226
1322
2304
1214
1242
2394
1187
1111
1352
2335
1592
1191
1682
1648
1240
1954
1635
1169
1395
1943
1227
1375
2265
1209
1220
2578
1096
1127
1404
2212
1343
1443
1711
1250
1477
1850
1177
1531
1449
1768
1299
1655
2182
1242
1267
2093
1180
1443
1099
2164
1599
1218
1643
1753
1164
1794
1704
1259
1224
2184
1181
1251
2791
1256
1227
2204
1197
1101
1392
2109
1661
1247
1598
1750
1161
1637
1821
1183
1171
2252
1156
1081
2771
1215
1189
2444
1246
1106
1445
1930
1598
1226
1852
1576
1172
1919
1579
1134
1362
2036
1126
1733
2342
1213
1198
2187
1197
1170
1171
2209
1669
1237
1624
1857
1145
1692
1658
1105
1355
2074
1138
1606
2324
1246
1253
2170
1179
1210
2712
1126
1251
1235
1741
1589
1250
1573
1865
1147
1174
2279
1148
1192
2687
1230
1222
2193
1246
1169
1320
2355
1437
1225
1955
1258
1426
2130
1185
1124
1783
1521
1186
1900
1847
1227
1614
1866
1189
1601
1147
1904
1915
1219
1541
1898
1167
1619
1875
1117
1192
2336
1126
1270
2649
1186
1242
2459
1152
1128
1466
1967
1619
1215
1643
1793
1161
1670
2009
1148
1108
2217
1118
1099
2801
1199
1202
2343
1238
1160
1423
2200
1542
1197
1847
1608
1251
1951
1809
1175
1444
1930
1120
1349
2389
1215
1232
2142
1340
1114
1218
2420
1350
1196
1909
1578
1143
1981
1614
1212
1393
2055
1120
1448
2423
1229
1190
2286
1126
1190
1329
2266
1711
1427
1277
1740
1339
1546
1920
1269
1235
2102
1247
1236
2603
1396
1211
2097
1138
1136
1526
2052
1681
1244
1705
1877
1174
1600
1428
1191
1768
1383
1623
1756
1662
1215
1736
1802
1167
1742
2551
1127
1237
1775
1459
1608
1351
1602
1848
1270
1539
1707
1551
1485
1929
1429
1362
1950
1281
1235
1277
2047
1499
1296
1660
1750
1196
1815
1635
1165
1301
1995
1203
1323
2495
1231
1195
2516
1112
1151
1421
2227
1309
1429
1547
1775
1292
1587
1749
1302
1253
1845
1348
1314
2287
1486
1339
1877
1228
1272
1260
2326
1543
1419
1479
1650
1321
1861
1662
1233
1357
1984
1238
1328
2323
1368
1311
1965
1300
1247
1302
1954
1800
1351
1391
2094
1308
1358
1651
1571
1540
1552
1538
1523
2143
1455
1374
1910
1244
1232
1256
2149
1326
1433
1982
1322
1314
1954
1269
1233
1620
1499
1313
2013
1964
1357
1335
2010
1264
1306
1313
2220
1591
1451
1445
1740
1296
1795
1572
1150
1372
1937
2040
1112
1703
1637
1255
1943
1695
1193
1124
2088
1622
1245
1735
1784
1262
1532
1829
1151
1159
2067
1183
1100
2717
1221
1238
2304
1264
1163
2838
1128
1183
1206
1706
1371
1352
2025
1199
1743
1187
1670
1885
1086
1989
1551
1194
2062
1416
1183
1593
2043
1496
1430
1717
1712
1292
1714
1588
1238
1511
1809
1251
1450
2270
1358
1328
2063
1236
1230
1409
1996
1471
1719
1471
1812
1313
1372
1990
1232
1252
1843
1254
1221
2863
1378
1345
1923
1257
1242
1376
2096
1308
1431
1699
1312
1380
2116
1299
1252
1562
1725
1260
1634
1797
1368
1780
1256
1325
1707
1236
1723
2073
1373
1206
2095
1285
1305
2117
1225
1233
2139
1277
1189
2470
1340
1317
2221
1220
1226
1336
1746
1736
1362
1503
1845
1323
1787
1827
1095
1140
2105
1154
1159
2710
1223
1195
2296
1124
1155
1614
2056
1618
1210
1772
1617
1141
1853
1544
1200
1700
1765
1204
1446
2276
1231
1236
2059
1167
1195
1429
1908
1803
1242
1621
2078
1203
1407
1854
1192
1147
2032
1182
1490
2522
1225
1205
2235
1211
1152
2813
1261
1371
1398
1289
1631
1361
1625
1764
1243
1292
1949
1259
1301
2493
1385
1337
2128
1298
1231
1372
2140
1392
1450
1627
1684
1334
1674
1553
1257
1470
2000
1298
1512
2079
1365
1389
1868
1327
1305
1237
1966
1687
1347
1533
1783
1267
1754
1820
1230
1255
1988
1270
1231
2493
1337
1306
2074
1252
1258
1341
1991
1671
1369
1413
1857
1273
1579
1769
1230
1296
1916
1267
1329
2546
1337
1340
1957
1301
1153
1257
2336
1315
1428
1880
1507
1323
1857
1317
1234
1601
1479
1482
1748
1769
1347
1523
1766
1347
1521
1232
1819
1943
1368
1420
1953
1301
1505
1838
1239
1226
2087
1327
1172
2566
1329
1333
2192
1528
1363
1295
1893
1552
1425
1273
1778
1422
1418
1892
1163
1139
2361
1195
1074
2706
1247
1217
2438
1273
1258
1245
1936
1309
1449
1835
1490
1272
1963
1273
1275
1799
1707
1523
1502
1505
1706
1611
1584
1293
1530
2975
1582
1601
1429
1215
1262
1306
1341
1315
1570
1528
1477
1539
1507
2057
1440
1384
1763
1241
1232
1308
2331
1331
1429
1949
1556
1295
1763
1557
1260
1274
1859
1339
1556
2331
1351
1364
1830
1295
1250
1304
2223
1472
1432
1529
1477
1320
1862
1401
1280
1566
1669
1347
1516
1773
1223
1631
1898
1171
1738
1125
1844
1870
1215
1395
1939
1199
1543
2030
1088
1201
2342
1187
1093
2799
1249
1158
2271
1541
1208
1197
2212
1146
1144
2239
1276
1759
1543
1250
1655
1106
1909
1656
1074
2375
1202
1238
2287
1179
1119
1644
2105
1551
1213
1807
1677
1154
1825
1488
1119
1709
1821
1170
1712
2056
1208
1349
2304
1161
1180
1493
2190
1769
1207
1677
1564
1182
1961
1539
1196
1354
2258
1138
1212
2391
1228
1207
2358
1183
1178
1358
2137
1678
1214
1547
1971
1224
1390
1985
1106
1123
2207
1171
1120
2679
1190
1204
2342
1179
1122
2834
1114
1151
1211
1899
1403
1210
2118
1164
1582
1540
1780
1187
1691
1662
1231
1731
1843
1119
1719
1148
2030
1776
1277
1602
1840
1150
1596
1904
1097
1185
2292
1117
1249
2717
1216
1209
2231
1167
1210
1542
2151
1595
1216
1550
1762
1155
1636
1583
1192
1577
1855
1168
1637
2444
1230
1212
2159
1244
1125
1489
2159
1302
1411
1768
1696
1306
1709
1567
1279
1380
2031
1270
1460
2017
1348
1460
1813
1304
1288
1233
2113
1505
1419
1513
1748
1317
1605
1769
1277
1292
2025
1299
1317
2461
1318
1354
2092
1233
1283
1303
2224
1463
1351
1845
1363
1303
2003
1400
1280
1501
1973
1292
1263
2451
1346
1326
1985
1298
1226
1313
2140
1535
1324
1519
1718
1193
1797
1587
1215
1614
1705
1178
1505
2720
1239
1188
2251
1176
1174
1589
2164
1618
1226
1660
1663
1145
1837
1515
1182
1729
1441
1469
1580
1982
1227
1321
2203
1152
1190
2741
1125
1200
1203
1614
1858
1161
1634
1793
1193
1185
3814
1141
1088
2984
1243
1247
2170
1171
1206
1529
2189
1542
1209
1694
1757
1178
1581
1678
1226
1477
1963
1127
1478
2485
1211
1211
2354
1249
1122
1418
2042
1541
1214
1896
1969
1482
1457
1489
1128
1421
2077
1258
1424
2509
1219
1226
2232
1167
1134
1294
2241
1794
1219
1391
1746
1183
1901
1710
1117
1359
1939
1163
1463
2530
1196
1229
2142
1177
1120
1432
1999
1662
1212
1476
1983
1232
1396
2223
1331
1254
2081
1280
1194
2521
1363
1322
2087
1282
1230
1297
2244
1389
1343
1875
1294
1324
2147
1297
1238
1678
1461
1505
1860
1647
1385
1694
1645
1267
1673
1105
1430
2334
1224
1043
2483
1170
1201
2221
1133
1126
2621
1132
1056
2634
1203
1208
2325
1134
1167
1625
1806
1675
1204
1517
2073
1136
1469
2053
1109
1128
2074
1234
1234
2635
1219
1201
2338
1175
1142
2924
1256
1245
1353
1318
1473
1514
1955
1347
1287
1637
1523
1281
1719
1771
1549
1485
1605
1285
1694
1224
1854
1765
1327
1509
1817
1273
1549
1765
1353
1305
2060
1326
1197
2480
1354
1352
2006
1276
1293
1304
2003
1575
1370
1564
1607
1329
1829
1780
1230
1246
1892
1275
1288
2425
1361
1341
2060
1270
1238
1298
2116
1714
1335
1667
1463
1253
1818
1533
1251
1766
1578
1292
1577
1989
1344
1316
2163
1264
1251
1285
2072
1684
1335
1606
1890
1265
1755
1609
1286
1335
2073
1244
1291
2460
1319
1326
2288
1268
1241
1383
1940
1397
1463
1641
1710
1344
1866
1580
1245
1291
2031
1289
1277
2386
1341
1206
2102
1614
1129
1166
2064
1428
1244
1904
1641
1189
1858
1661
1197
1616
1804
1162
1602
2065
1203
1245
2193
1329
1107
1207
2249
1684
1220
1676
1646
1171
1820
1796
1156
1165
2089
1157
1338
2468
1218
1242
2179
1191
1171
3008
1124
1175
1249
1498
1966
1276
1450
1681
1294
1318
2128
1358
1207
2503
1348
1296
2069
1630
1327
1306
2052
1265
1252
2276
1296
1359
2084
1294
1268
1300
1902
1323
1512
2241
1384
1344
1994
1259
1228
1245
2215
1301
1442
1691
1885
1304
1532
1738
1289
1262
1975
1245
1304
2344
1374
1324
2109
1230
1242
1282
1863
1487
1335
1715
1783
1293
1583
1855
1255
1234
1931
1254
1180
2575
1387
1318
2224
1270
1234
1254
2113
1488
1402
1713
1487
1270
1933
1597
1258
1294
1929
1295
1369
2384
1365
1303
1981
1304
1263
1242
2183
1511
1354
1715
1657
1252
1899
1427
1211
1630
1798
1242
1525
2286
1216
1257
2150
1197
1313
1421
1843
1638
1218
1624
1719
1210
1940
1582
1161
1423
2204
1120
1421
2686
1198
1220
2269
1224
1142
1404
2125
1821
1201
1490
1701
1194
1878
1598
1157
1548
1797
1157
1498
2276
1201
1289
2185
1176
1156
2588
1580
1563
1682
1276
1371
1594
1372
1675
1570
1563
1692
1330
1492
1967
1472
1353
1768
1266
1241
1305
2052
1518
1387
1584
1720
1360
1570
1787
1257
1242
2237
1244
1209
2524
1342
1312
2126
1224
1236
1304
2196
1579
1332
1654
1626
1346
1726
1820
1262
1268
1724
1342
1285
2105
1348
1375
2039
1251
1287
1272
2163
1767
1349
1454
1694
1283
1710
1739
1238
1309
1779
1265
1627
2083
1337
1337
2166
1292
1234
1394
1953
1725
1458
1288
1691
1334
1778
1848
1258
1233
1856
1293
1265
2289
1345
1362
2016
1321
1233
1288
2171
1320
1358
1883
1307
1339
2084
1270
1254
1642
1666
1146
1907
1856
1225
1481
2089
1172
1579
1106
2047
1604
1197
1758
1659
1206
1791
1707
1215
1355
2297
1279
1195
2593
1362
1339
1995
1231
1240
1301
2086
1651
1344
1248
2070
1358
1349
1722
1293
1276
1924
1360
1279
2543
1372
1326
2024
1275
1219
2932
1282
1232
1415
1238
1618
1306
1684
1601
1241
1872
1337
1324
2060
1733
1326
1658
1742
1279
1486
1226
2023
1803
1350
1470
1809
1316
1544
1825
1264
1291
2090
1263
1285
2722
1370
1342
1932
1230
1255
1245
1934
1703
1335
1314
1920
1350
1334
2049
1247
1248
2082
1306
1194
2464
1326
1336
2444
1231
1246
1230
1959
1450
1366
1794
1343
1328
2058
1265
1252
1677
1532
1309
1777
1726
1343
1611
1714
1304
1561
1253
1754
2007
1236
1367
2067
1181
1586
1942
1110
1168
2528
1162
1208
2554
1222
1270
2200
1150
1273
1444
1885
1703
1313
2686
1155
1200
3018
1279
1156
1663
1932
1396
1465
2351
1256
1193
2217
1628
1242
1197
2231
1133
1130
2219
1146
1695
1843
1216
1537
1136
1947
1475
1158
2324
1268
1251
2274
1197
1210
1431
2066
1699
1395
1508
1803
1279
1607
1592
1237
1547
1629
1246
1667
2196
1335
1359
2045
1297
1225
2844
1239
1535
1708
1474
1555
1334
1599
1587
1262
1240
1601
1535
1500
2204
1455
1387
1739
1269
1273
1364
2149
1387
1447
1645
1389
1370
2057
1339
1263
1606
1770
1288
1622
2001
1361
1432
1843
1323
1341
1261
2188
1552
1434
1513
1686
1312
1666
1755
1215
1245
2133
1324
1334
2260
1354
1328
2103
1220
1243
1276
2160
1553
1423
1553
1640
1300
1489
1890
1263
1260
2168
1280
1241
2388
1364
1361
2018
1243
1239
1633
2015
1429
1363
1798
1481
1299
1771
1418
1346
1526
1577
1361
1736
1706
1340
1698
1634
1315
1561
1225
1993
1974
1524
1189
1901
1240
1419
1847
1222
1278
2175
1143
1267
2604
1215
1233
2461
1152
1169
1298
2076
1659
1241
1614
1721
1262
1684
1704
1229
1227
2232
1182
1217
2558
1214
1216
2279
1226
1137
1436
2161
1417
1245
1936
1475
1425
1834
1436
1150
1652
1734
1181
1804
1809
1202
1725
1702
1249
1489
2566
1131
1468
1701
1547
1376
1480
1634
1543
1497
1265
1824
1291
1253
2594
1370
1366
1841
1228
1250
1477
1999
1526
1370
1833
1571
1278
1936
1373
1243
1536
1886
1282
1231
2637
1359
1383
2012
1255
1241
1445
1786
1605
1356
1733
1551
1290
1859
1417
1341
1371
1894
1362
1363
2241
1348
1355
1842
1375
1264
1240
1946
1869
1336
1398
1940
1257
1610
1690
1291
1307
2058
1253
1294
2450
1327
1362
2247
1114
1113
1381
1987
1749
1222
1445
1766
1246
1575
2171
1144
1139
2078
1244
1078
2726
1215
1232
2331
1242
1234
1234
2251
1598
1214
1690
1627
1163
2038
1420
1386
1526
1890
1214
1512
2189
1273
1306
2060
1228
1233
1258
2121
1525
1235
1890
1630
1150
1849
1625
1216
1646
1900
1119
1375
2401
1216
1192
2214
1228
1216
1517
1928
1657
1203
1798
1937
1203
1315
1776
1106
1447
1984
1369
1327
2574
1203
1236
2108
1240
1127
2823
1130
1153
1228
1721
1497
1496
1878
1464
1200
1765
1551
1304
1526
1755
1257
1784
1514
1681
1548
1154
1778
1858
1249
1484
2102
1179
1609
1939
1130
1165
2144
1229
1068
2743
1222
1230
2207
1142
1179
1307
2212
1584
1207
1559
1838
1211
1705
1750
1367
1113
2196
1224
1063
2674
1258
1173
2336
1113
1191
1558
2026
1429
1214
1998
1439
1201
2180
1220
1179
1765
1469
1347
1818
1716
1182
1653
1849
1259
1605
1100
1879
1888
1138
1516
2037
1210
1584
1815
1176
1215
2272
1126
1193
2770
1245
1212
2216
1266
1137
1183
2402
1542
1233
1827
1667
1185
1675
1647
1189
1415
2020
1170
1298
2734
1170
1233
2266
1165
1107
1387
2179
1442
1190
1984
1379
1254
2083
1677
1135
1479
1937
1182
1799
1871
1252
1299
2129
1169
1566
1149
2031
1529
1219
1801
1681
1172
1814
1510
1240
1456
1842
1309
1479
2382
1213
1236
2395
1304
1243
2687
1544
1601
1692
1464
1311
1210
1209
1418
1602
1528
1511
2066
1232
1720
1612
1371
1697
1515
1108
1186
2151
1614
1227
1781
1466
1250
2156
1599
1140
1483
1986
1146
1735
2047
1213
1634
1992
1556
1101
1106
1906
1787
1232
1568
1791
1155
1827
1664
1188
1433
2014
1132
1418
2452
1238
1194
2285
1114
1129
1412
2158
1497
1204
1693
1792
1171
1531
1917
1138
1128
2433
1151
1548
2376
1351
1228
2187
1107
1168
1377
2106
1706
1394
1482
1665
1525
1507
1740
1660
1240
1709
1656
1189
2192
1448
1248
1883
1148
1569
1110
2260
1636
1240
1707
1615
1180
1949
1644
1139
1574
1672
1371
1544
2095
1248
1217
2737
1296
1237
1231
1730
1491
1434
1407
1853
1313
1333
1931
1268
1238
2103
1276
1206
2568
1337
1327
2372
1271
1262
1253
1794
1418
1413
1724
1587
1276
1988
1471
1263
1356
1824
1132
1637
2001
1211
1557
1836
1292
1382
2534
1123
1419
1224
1498
1916
1170
1552
1915
1126
1109
2372
1125
1119
2702
1210
1243
2229
1134
1279
1276
2178
1491
1226
1779
1661
1325
1670
1570
1252
1264
2100
1262
1051
2843
1211
1207
2248
1281
1127
1456
2130
1667
1220
1846
1649
1143
1958
1521
1271
1521
1628
1279
1537
2130
1275
1336
1962
1252
1288
1151
2178
1783
1215
1524
1780
1150
1889
1847
1120
1280
1953
1140
1493
2348
1215
1254
2250
1255
1113
1270
2118
1549
1210
1605
1899
1278
1472
1881
1256
1124
2217
1267
1091
2748
1208
1227
2305
1255
1309
1272
2190
1319
1271
1981
1570
1160
1935
1535
1318
1456
1911
1305
1287
2341
1225
1232
2251
1357
1239
1120
2199
1765
1202
1705
1573
1139
1905
1451
1120
1629
1814
1139
1612
2337
1235
1228
2253
1147
1330
1391
1859
1793
1206
1542
2103
1171
1351
1795
1143
1701
1882
1474
1203
2198
1342
1345
2026
1600
1225
2654
1249
1251
1702
1481
1519
1579
1356
1290
1233
1457
1917
1277
1465
2172
1374
1334
2042
1439
1274
1274
1827
1658
1358
1613
1666
1268
1759
1664
1229
1617
1629
1271
1730
1914
1373
1341
1999
1243
1620
1231
1662
1831
1329
1526
1688
1284
1470
1837
1220
1239
2257
1224
1203
2601
1347
1340
2095
1265
1239
1369
2075
1556
1356
2898
1230
1247
3617
1311
1253
3216
1460
1272
2331
1176
1362
2768
1305
1252
2247
1248
1223
1205
2329
1191
1127
2050
1882
1197
1577
1340
1289
1886
1479
1172
2115
1675
1175
2042
1220
1162
2314
1805
1114
1598
2200
1181
1522
1816
1149
1106
2228
1120
1483
2819
1232
1212
2492
1152
1121
1695
1531
2073
1461
1243
1618
1956
1311
1961
1846
1253
1471
1447
1238
1613
1900
1393
1499
1975
1341
1526
2040
1283
1420
1515
1669
1579
1859
1563
1315
1545
1700
1536
1468
1236
1406
1627
1281
1553
1671
2959
1304
1560
1701
1260
1611
1611
1592
1318
1253
1238
1415
1310
1235
2455
1368
1366
2021
1232
1244
2030
1513
2019
1440
1232
2691
1315
1277
1831
1141
1114
2263
1132
1083
2694
1239
1233
2127
1346
1130
1608
1956
1503
1410
1644
1515
1293
1674
1950
1218
1243
1973
1271
1226
2421
1357
1309
2155
1147
1104
1557
1912
1702
1253
1746
1867
1302
1327
1843
1258
1235
1887
1239
1194
2685
1358
1363
2095
1322
1261
1221
1835
1748
1443
1407
1843
1200
1684
1820
1251
1293
1790
1302
1539
2066
1242
1353
2121
1151
1166
1144
2320
1483
1235
1872
1722
1151
1849
1734
1255
1536
1956
1167
1307
2304
1221
1378
2130
1135
1264
1268
2352
1411
1438
1798
1644
1269
1693
1674
1241
1240
1916
1257
1211
2503
1358
1245
2328
1248
1222
1290
2086
1494
1410
1682
1673
1280
1532
1798
1518
1546
1674
1538
1331
2002
1462
1356
1939
1534
1524
2757
1266
1586
1663
1268
1268
1313
1318
1264
1223
1645
1637
1246
1641
2177
1378
1346
2040
1281
1243
1592
1661
1664
1359
1635
1811
1302
1436
1961
1131
1148
2382
1290
1219
2240
1367
1378
1980
1415
1243
1378
1863
1572
1342
1640
1633
1271
1996
1617
1219
1622
1618
1332
1838
1425
1412
1522
1715
1245
1426
1304
1753
1987
1405
1224
2081
1294
1637
1649
1240
1258
2082
1240
1202
2621
1365
1366
1953
1229
1257
1457
1905
1543
1252
1628
1618
1364
1575
1668
1339
1730
1923
1535
1261
2169
1458
1352
1858
1222
1222
1805
1844
1624
1626
1626
1329
1298
1800
1301
1209
1723
1468
1439
1759
1768
1340
1572
1818
1292
1714
1319
1654
1671
1735
1466
1658
1381
1640
1695
1525
1540
1482
1557
1480
1916
1413
1333
2073
1638
1221
1233
1782
1709
1344
1382
1825
1298
1409
1885
1191
1405
2044
1261
1199
2337
1345
1321
2035
1254
1281
3161
1326
1296
1704
1267
1526
1578
1414
1570
1321
1545
1691
1299
1497
1559
1774
1651
1598
1531
1563
1528
1548
1304
1422
1383
1438
1340
1910
1485
1219
1404
1908
1256
1425
2358
1375
1343
1886
1390
1258
1231
2192
1611
1336
1589
1897
1249
1608
1774
1529
1574
1685
1542
1282
1979
1491
1419
1841
1234
1213
1252
1969
1461
1344
1887
1486
1273
2144
1303
1266
1459
1514
1462
1763
1913
1361
1388
1738
1478
1176
1535
1922
1835
1661
1256
1719
1595
1608
1590
1333
1553
1661
1351
1203
2239
1338
1334
2129
1231
1248
1225
2140
1415
1361
1774
1811
1265
1697
1797
1242
1138
2192
1325
1191
2455
1365
1356
1964
1628
1214
1276
1872
1633
1327
1554
1523
1265
2024
1568
1614
1317
1670
1531
1350
1764
1429
1383
2009
1266
1246
1244
2038
1721
1471
1230
1728
1597
1627
1544
1536
1530
1467
1534
1499
1668
1417
1382
1827
1262
1231
2836
1259
1242
1339
1215
1658
1287
1398
1849
1432
1269
1973
1260
1389
2501
1233
1205
2227
1260
1139
1271
2326
1311
1252
2075
1712
1152
2045
1512
1114
1642
1899
1150
1605
2162
1209
1368
2343
1124
1122
1122
2234
1535
1196
1781
1660
1147
1903
1746
1282
1278
1917
1295
1278
2422
1226
1230
2416
1121
1110
1449
2141
1491
1205
1657
1843
1277
1443
1907
1257
1251
2226
1272
1063
2705
1207
1232
2262
1142
1096
1453
2296
1334
1220
2071
1357
1182
2171
1184
1274
1761
1448
1319
1829
1796
1279
1583
1777
1284
1535
1149
1783
1994
1197
1450
2011
1291
1706
1715
1119
1267
2165
1159
1356
2741
1218
1192
2144
1261
1168
1284
2099
1747
1205
1586
1907
1157
1499
1769
1124
1132
2335
1165
1049
2723
1212
1180
2430
1116
1158
1420
2308
1479
1351
1802
1820
1289
1682
1144
1445
1488
1719
1151
1712
2041
1248
1542
1974
1110
1582
2532
1116
1356
1212
1593
1694
1330
1794
1577
1318
1295
2155
1124
1311
2495
1218
1244
2462
1273
1224
1389
1860
1610
1326
1496
2008
1160
1493
1790
1312
1096
2136
1147
1528
2432
1246
1245
2287
1138
1135
1497
2001
1759
1223
1675
1671
1154
1858
1537
1120
1456
1730
1309
1568
2084
1240
1403
2036
1338
1276
1123
2044
1796
1237
1485
2070
1140
1501
1954
1291
1110
2222
1132
1058
2885
1229
1237
2208
1167
1294
1318
2086
1626
1230
1702
1564
1360
1735
1760
1220
1180
2080
1318
1063
2510
1267
1214
2262
1145
1111
1505
2331
1302
1219
2157
1350
1156
2202
1337
1117
2050
1439
1260
1887
1957
1332
1699
1839
1236
1240
1216
1736
2013
1247
1518
2088
1156
1304
1958
1130
1124
2311
1472
1512
2214
1435
1329
2165
1248
1109
1290
2966
1157
1238
2086
1418
1184
1917
1205
1174
1801
1460
1305
1770
1732
2069
1219
1504
1824
1124
2545
1160
1414
1239
1606
1551
1460
1897
1412
2567
1167
1220
3450
1122
1035
4338
1231
1138
3337
1204
1104
2427
1382
1314
1302
1955
1304
1188
2186
1114
1113
2302
1131
1430
2419
1235
1179
2222
1490
1147
1148
2083
1568
1252
1735
1703
1172
1910
1421
1533
1253
1921
1322
1470
2106
1257
1302
2217
1136
1222
1251
2198
1592
1233
1778
1688
1283
1834
1900
1133
1121
2235
1145
1085
2829
1236
1197
2247
1117
1126
1536
2302
1422
1239
1788
1842
1121
1834
1489
1332
1484
1782
1285
1384
2295
1265
1189
2262
1484
1106
1396
2130
1436
1219
2026
1431
1171
2026
1349
1213
1922
1852
1167
1755
2300
1230
1273
1965
1292
1273
1317
2114
1380
1192
2007
1623
1218
1789
1631
1150
1241
2158
1267
1223
2644
1332
1238
2239
1163
1971
1223
1817
1842
1260
1464
2169
1162
1383
1946
1153
1218
1636
1324
1490
1949
1242
1669
1653
1314
1404
2547
1137
1385
1724
1515
1732
1566
1367
1606
1531
1249
1670
1447
1073
2474
1238
1216
2176
1228
1321
1241
2261
1433
1212
1844
1499
1280
1875
1747
1147
1437
1830
1410
1351
2323
1230
1503
1962
1152
1277
1312
2144
1732
1252
1692
1551
1139
2038
1198
1475
1665
1304
1455
1834
1703
1450
1401
1804
1457
1370
1146
1782
2054
1226
1229
2186
1203
1317
2105
1283
1145
2214
1179
1293
2523
1250
1234
2328
1145
1141
1486
2127
1595
1235
1591
1876
1483
1289
1921
1160
1131
2191
1129
1080
2862
1233
1246
2509
1135
1123
1290
2259
1336
1219
2119
1551
1456
1730
1524
1110
1590
1626
1158
1892
1803
1222
1601
1905
1158
1684
1111
1948
1974
1210
1350
1818
1185
1874
1815
1125
1151
2140
1158
1270
2562
1222
1232
2291
1134
1283
1439
2018
1688
1241
1457
1861
1155
1633
1763
1258
1225
1980
1227
1238
2540
1214
1196
2428
1259
1092
2923
1134
1137
1221
1790
1503
1453
1785
1603
1109
1582
1569
1267
1926
1749
1205
1506
1948
1253
1321
1165
2228
1570
1202
1591
1988
1149
1612
1861
1380
1124
2041
1123
1416
2553
1234
1217
2205
1285
1274
1268
1944
1574
1218
1623
1843
1199
1627
1907
1299
1149
2228
1138
1055
2639
1240
1186
2472
1124
1199
1367
2454
1264
1219
1799
1455
1270
2017
1431
1187
1696
1734
1240
1636
1951
1241
1499
1941
1228
1364
1190
2020
1879
1232
1760
1859
1139
1431
1796
1141
1372
2314
1315
1222
2453
1346
1288
2157
1724
1318
1281
1886
1248
1247
1961
1809
1472
1544
1515
1239
1146
1871
1654
1213
2122
1262
1227
2318
1239
1152
1400
2484
1390
1440
1481
1675
1283
1692
1572
1217
1347
1996
1316
1335
2293
1349
1312
2099
1336
1243
1264
1955
1602
1335
1610
1764
1259
1665
1867
1233
1360
1774
1257
1379
2214
1357
1312
2098
1282
1217
2894
1289
1543
1674
1480
1552
1566
1627
1585
1260
1259
1410
1276
1210
2286
1348
1350
2083
1260
1236
1445
1850
1474
1355
1967
1662
1329
1640
1794
1257
1337
1603
1556
1597
1861
1421
1357
1884
1533
1223
1257
1863
1813
1347
1392
1809
1297
1624
1851
1392
1222
2102
1290
1172
2293
1346
1321
2136
1263
1238
1219
2016
1568
1341
1500
2105
1308
1328
1708
1498
1225
1924
1286
1208
2448
1369
1306
1986
1404
1257
1243
2245
1436
1401
1613
1429
1292
1864
1566
1212
1552
1602
1673
1376
2003
1340
1511
2077
1252
1205
1229
1973
1841
1346
1478
2047
1282
1354
1698
1357
1393
1775
1249
1392
2377
1370
1334
1978
1222
1280
1500
1884
1497
1378
1813
1722
1292
1398
1875
1235
1252
2033
1242
1191
2638
1318
1298
2128
1375
1226
1223
2060
1521
1339
1694
1757
1266
1892
1451
1231
1389
1679
1246
1793
1619
1350
1602
1960
1280
1388
2676
1532
1333
1687
1486
1530
1548
1393
1879
1258
1283
2128
1328
1183
2416
1376
1291
2024
1492
1370
1372
1780
1242
1302
1904
1350
1602
1832
1271
1734
1252
1724
1552
1180
2247
1361
1328
2094
1257
1259
1444
2108
1597
1437
1391
1680
1312
1657
1653
1248
1319
1978
1356
1337
2370
1383
1314
2148
1254
1226
1230
2104
1707
1335
1750
1516
1294
1732
1552
1217
1477
1677
1277
1659
2072
1312
1389
2167
1256
1262
1570
1939
1526
1465
1357
1656
1461
1460
1924
1282
1255
1900
1267
1215
2555
1361
1329
2041
1271
1248
1367
2075
1430
1380
1878
1396
1394
2219
1295
1252
1604
1710
1286
1603
1968
1344
1458
1945
1250
1530
1267
1929
1707
1342
1535
1585
1599
1499
1784
1222
1259
2002
1269
1244
2492
1371
1301
2108
1227
1223
1237
2301
1571
1371
1453
1759
1259
1694
1510
1225
1451
1968
1280
1218
2560
1351
1372
2057
1262
1267
2700
1260
1212
1358
1323
1807
1292
1709
1732
1218
1491
1670
1280
1522
2170
1327
1339
1973
1387
1219
1220
2093
1590
1431
1506
1496
1301
1921
1721
1252
1327
1842
1251
1682
2013
1334
1434
2041
1260
1278
1249
1931
1707
1462
1230
2007
1357
1346
1963
1305
1232
2187
1304
1197
2478
1350
1339
1995
1273
1506
1254
2141
1493
1356
1639
1396
1400
1942
1289
1210
1688
1647
1491
1823
1423
1335
1636
1770
1231
1571
1235
1740
2176
1332
1150
1965
1250
1430
1864
1321
1251
2185
1273
1203
2652
1344
1312
2130
1241
1230
1251
1932
1809
1368
1356
2005
1271
1339
1883
1231
1259
2072
1278
1200
2586
1306
1358
2221
1231
1233
1230
1996
1669
1322
1795
1359
1244
1954
1605
1227
1387
1856
1287
1588
2179
1441
1399
1750
1391
1256
1229
2094
1404
1362
1643
1669
1303
1687
1610
1226
1373
1735
1245
1527
2269
1337
1345
2117
1278
1247
2690
1530
1264
1672
1496
1267
1307
1600
1987
1287
1568
1688
1553
1475
1784
1468
1611
1613
1521
1536
1300
1372
1461
1446
1517
1795
1325
1675
1465
1219
1745
1387
1386
1654
1809
1332
1460
1822
1373
1615
1248
1504
2199
1382
1232
2117
1221
1333
1967
1261
1244
2180
1302
1185
2521
1278
1320
2209
1251
1247
1230
2023
1515
1343
1548
1829
1278
1407
1890
1356
1248
2019
1242
1177
2625
1357
1282
2190
1262
1208
1354
2063
1365
1370
1823
1551
1312
1887
1521
1496
1402
1501
1521
1516
1866
1343
1510
1747
1248
1658
1255
1858
1760
1367
1532
1712
1292
1804
1466
1386
1357
1921
1264
1176
2545
1351
1310
2133
1260
1221
1222
1904
1608
1335
1664
1720
1289
1395
1896
1319
1241
2053
1231
1308
2477
1367
1315
2179
1317
1254
1297
1988
1723
1331
1806
1498
1286
1664
1457
1334
1363
1693
1354
1743
1870
1349
1446
1991
1378
1265
2667
1263
1227
1337
1333
1834
1250
1388
1826
1370
1291
2105
1241
1166
2504
1334
1296
2117
1225
1352
1231
2067
1790
1349
1478
1577
1316
1736
1742
1401
1250
2071
1227
1203
2420
1361
1305
2073
1229
1246
1559
1927
1629
1325
1509
1700
1279
1790
2192
1246
1232
1894
1317
1199
2122
1325
1304
2193
1277
1245
1229
1944
1857
1328
1490
1955
1267
1494
1599
1245
1484
1834
1245
1400
2355
1323
1312
2234
1252
1262
1442
1913
1397
1465
1403
1939
1295
1527
1980
1260
1240
1937
1246
1231
2565
1354
1303
2075
1545
1215
1220
1975
1547
1368
1767
1496
1390
2085
1265
1243
1536
1633
1410
1745
1596
1390
1499
1869
1257
1626
1275
1576
1946
1323
1350
1954
1419
1393
1956
1252
1281
2094
1268
1209
2429
1355
1312
2008
1217
1258
1224
2318
1591
1329
1680
1685
1264
1599
1415
1454
1614
1620
1407
1502
2044
1332
1351
2035
1309
1226
2774
1278
1315
1347
1193
1407
1300
2356
1306
1246
1811
1537
1378
1902
1923
1325
1321
1945
1244
1409
1216
2020
1907
1425
1366
1796
1358
1511
1882
1294
1247
1832
1259
1340
2314
1354
1321
2005
1274
1264
1233
2026
1590
1331
1459
1934
1257
1525
1883
1229
1239
2240
1260
1170
2461
1374
1357
2072
1218
1259
1383
2139
1394
1390
1922
1234
1393
2033
1277
1350
1443
1806
1376
1419
2083
1348
1434
2002
1250
1357
1242
2028
1771
1350
1468
1847
1283
1540
1604
1529
1355
1875
1272
1385
2339
1319
1332
2134
1275
1246
1365
1861
1570
1335
1720
1871
1305
1387
1739
1257
1363
1936
1249
1522
2344
1371
1370
2040
1406
1243
1468
1927
1359
1423
1700
1512
1311
1946
1799
1255
1227
1926
1254
1516
2123
1367
1320
2005
1540
1230
1231
1900
1418
1414
1564
1620
1285
1838
1404
1241
1647
1680
1267
1703
2145
1378
1324
1798
1266
1384
2684
1541
1329
1671
1472
1284
1568
1383
1493
1513
1548
1701
1542
1567
1825
1457
1380
1668
1265
1234
1232
2135
1554
1361
1860
1511
1258
1924
1320
1239
1748
1413
1283
1860
1831
1339
1593
1744
1269
1666
1227
1632
1961
1348
1484
1846
1298
1379
2009
1228
1223
2146
1246
1189
2508
1358
1329
2239
1238
1233
1224
2048
1516
1475
1374
1667
1572
1596
1647
1242
1217
2249
1286
1207
2424
1384
1310
2173
1249
1263
1222
2199
1421
1319
1980
1541
1556
1415
1272
1615
1364
1674
1569
1612
1705
1462
1374
1669
1319
1544
1247
1855
1899
1371
1354
1740
1257
1796
1578
1228
1348
2137
1229
1522
2169
1393
1300
2020
1246
1217
1510
1851
1681
1329
1587
2004
1243
1586
1283
1655
1378
1357
1574
1765
1148
1798
1553
1298
2010
1399
1248
1901
1898
1333
1361
1836
1563
1502
1520
1216
1221
1866
1390
1362
2167
1348
1361
2236
1252
1254
2681
1549
1551
1668
1292
1566
1317
1340
1280
1220
1610
1832
1284
1390
2152
1270
1255
2098
1442
1109
1143
2175
1587
1224
1814
1544
1290
1766
1798
1116
1254
2129
1268
1084
2670
1261
1204
2169
1260
1246
1322
2097
1742
1240
1699
1450
1177
2076
1198
1258
1722
1571
1314
1752
1781
1359
1362
2279
1219
1115
1332
2380
1385
1414
1782
1562
1330
1816
1708
1257
1347
1814
1250
1401
2503
1344
1356
1986
1232
1228
1235
2060
1494
1346
1803
1558
1575
1429
1805
1253
1505
1955
1257
1359
2298
1340
1314
2133
1365
1253
1232
2135
1424
1314
1777
1401
1402
2009
1405
1244
1647
1646
1553
1538
1980
1352
1588
1487
1409
1458
1254
1794
1824
1316
1355
1947
1278
1607
1962
1271
1261
1933
1252
1194
2462
1335
1297
2118
1228
1261
1256
2007
1757
1339
1667
1723
1276
1657
1631
1274
1510
1697
1224
1514
2385
1317
1331
2122
1282
1227
2835
1227
1230
1331
1342
1700
1256
1784
1455
1238
1620
1771
1241
1783
2086
1330
1347
1818
1372
1229
1229
2155
1432
1433
1680
1559
1335
2138
1400
1244
1413
2196
1289
1345
1974
1358
1367
1970
1256
1520
1276
1753
1609
1350
1574
1832
1253
1417
1963
1230
1235
2261
1273
1192
2389
1353
1350
2122
1260
1226
1410
2104
1519
1357
1605
1700
1360
1761
1293
1324
1751
1500
1327
1576
1942
1352
1415
2123
1233
1230
1397
2166
1508
1343
1823
1564
1262
1730
1612
1229
1571
1766
1229
1491
2318
1338
1333
2031
1384
1250
1222
1897
1597
1308
1652
1707
1450
1543
2038
1254
1234
1839
1237
1208
2700
1331
1307
2138
1373
1215
1356
1896
1553
1400
1667
1692
1270
1906
1441
1228
1611
1620
1249
1659
1852
1392
1695
1484
1230
1921
1249
1517
2043
1356
1305
2219
1258
1322
1882
1419
1257
1763
1238
1196
2631
1368
1317
2020
1224
1321
2691
1229
1265
1331
1264
1679
1350
1604
1934
1325
1221
2005
1663
1206
2059
1334
1310
2057
1341
1273
1252
2007
1771
1349
1678
1797
1253
1659
1807
1257
1382
1502
1374
1670
1968
1369
1427
1917
1324
1496
1244
1776
1766
1333
1621
1695
1274
1582
1968
1239
1250
1872
1270
1347
2307
1324
1309
2212
1247
1219
1249
2142
1546
1344
1627
1769
1292
1534
1778
1225
1230
2014
1301
1190
2555
1341
1295
2120
1253
1248
1368
2036
1553
1336
1767
1421
1523
1731
1570
1518
1391
1605
1242
1570
1857
1359
1591
2000
1217
1491
1241
1920
1766
1435
1401
1854
1280
1749
1446
1382
1358
1870
1511
1520
1956
1333
1295
2145
1228
1222
1248
1975
1604
1369
1583
2023
1273
1546
1560
1387
1387
1397
1554
1859
1914
1325
1325
1791
1496
1529
1214
1857
1720
1322
1395
1883
1287
1985
1441
1243
1431
1622
1288
1649
1943
1313
1628
1720
1395
1363
2698
1284
1367
1710
1513
1534
1567
1667
1588
1564
1513
1430
1396
1269
1971
1380
1454
1909
1247
1230
1288
2072
1408
1366
1534
1823
1313
1837
1720
1236
1360
1995
1249
1243
2493
1333
1357
1953
1263
1257
1321
2160
1611
1360
1521
1719
1299
1941
1457
1215
1473
1987
1254
1336
2333
1326
1346
2230
1283
1246
1216
1830
1807
1433
1340
1851
1286
1593
1808
1245
1343
1649
1330
1694
1988
1366
1356
2128
1257
1250
1317
1844
1495
1338
1595
1803
1370
1593
2156
1250
1212
1998
1238
1163
2475
1333
1330
2156
1228
1244
1487
1993
1405
1329
1907
1391
1292
2132
1420
1234
1607
1899
1247
1401
2213
1321
1446
2084
1261
1248
1241
2078
1486
1358
1761
1584
1275
1806
1493
1356
1391
1902
1278
1403
2290
1357
1310
2055
1237
1240
1234
1977
1793
1329
1513
1794
1242
1772
1439
1247
1378
2013
1249
1174
2525
1326
1341
2101
1280
1243
2700
1259
1245
1324
1308
1546
1277
1883
1264
1366
1547
1752
1364
1749
1970
1332
1319
2054
1400
1249
1247
2200
1431
1435
1660
1835
1291
1768
1468
1242
1389
1993
1259
1367
2179
1338
1443
2062
1262
1223
1218
2179
1590
1335
1381
1787
1262
1703
1853
1381
1230
1917
1273
1186
2508
1345
1331
2124
1527
1203
1270
1988
1624
1364
2642
1232
1262
3553
1287
1242
2338
1380
1249
3022
1170
1325
2520
1253
1254
1217
1247
1859
1236
1384
1890
1234
1453
2196
1255
1386
1780
1344
1431
2011
1168
1401
1800
1249
1339
1976
1258
1392
2640
1335
1169
1979
1288
1349
2158
1229
1225
2209
1269
1182
2652
1343
1349
2131
1257
1261
1235
1251
2251
1315
1169
2228
1545
1327
1780
1573
1243
1513
1767
1189
1980
1410
1316
2067
1247
1507
1239
1778
1882
1429
1305
1854
1263
1638
1617
1228
1384
1909
1380
1373
2250
1359
1318
2075
1266
1229
2827
1284
1243
1364
1325
1589
1277
1432
1995
1235
1220
1954
1237
1368
2700
1352
1321
2049
1415
1245
1234
2035
1379
1337
1933
1340
1348
2081
1573
1235
1546
1549
1310
1625
2296
1338
1321
1978
1678
1419
1297
1546
1671
1331
1432
2003
1704
1382
1558
1638
1233
1719
1384
1365
2259
1397
1343
2124
1258
1269
1255
1993
1572
1331
1518
1923
1426
1392
1691
1383
1228
2026
1263
1190
2602
1343
1340
2025
1356
1226
1344
2125
1398
1337
1745
1380
1355
1990
1268
1423
1544
1706
1443
1479
1885
1368
1652
1693
1250
1350
1230
1777
2276
1348
1224
2013
1290
1318
1857
1242
1330
2189
1235
1165
2515
1337
1315
1954
1340
1259
1316
1875
1745
1331
1518
2140
1329
1320
1688
1218
1269
2159
1302
1210
2549
1331
1303
2363
1217
1257
1212
1995
1506
1320
1693
1689
1278
1892
1547
1256
1384
1758
1262
1523
1949
1457
1386
1774
1334
1314
2674
1287
1224
1329
1245
1618
1370
1680
1878
1367
1250
2538
1275
1175
2500
1349
1305
2059
1314
1285
1282
2212
1359
1309
1744
1625
1265
1697
1803
1231
1555
1952
1235
1602
2335
1372
1449
1729
1525
1228
1202
1849
1746
1372
1548
1656
1297
1894
1327
1353
1564
1557
1534
1431
1814
1388
1362
2057
1252
1548
1233
1826
1676
1354
1673
1744
1269
1611
1803
1227
1364
1792
1269
1448
2293
1359
1345
2101
1259
1260
1337
1817
1632
1350
1506
1949
1266
1377
1908
1261
1202
2136
1284
1179
2723
1351
1326
2119
1246
1257
1252
2132
1494
1308
1823
1542
1524
1759
1283
1236
1821
1585
1253
1817
1650
1345
1648
1782
1503
1486
1244
1498
1971
1326
1346
2030
1267
1376
2096
1257
1274
2044
1275
1169
2424
1329
1343
2117
1254
1234
1382
2150
1414
1375
1828
1625
1263
1722
1589
1241
1364
1833
1284
1378
2201
1322
1346
2073
1392
1218
2682
1271
1250
1350
1409
1432
1257
1783
1523
1242
1628
1668
1372
1737
1505
1495
1449
1676
1526
1546
1223
1756
2056
1352
1188
1986
1271
1453
1989
1501
1225
1779
1259
1174
2591
1313
1326
2064
1401
1239
1241
1923
1685
1316
1686
1586
1556
1506
1747
1371
1229
1972
1232
1215
2500
1349
1300
2213
1235
1273
1380
2091
1444
1341
1745
1598
1254
1945
1570
1256
1526
1492
1488
1406
1885
1312
1569
2069
1256
1357
1221
1573
1868
1332
1468
1907
1255
1467
1934
1237
1216
2198
1322
1176
2589
1316
1315
2111
1924
1324
1314
1659
1331
1247
1891
1774
1379
1963
1365
1280
1234
1862
1521
1224
2420
1426
1352
1766
1350
1264
1313
1985
1608
1347
1572
1730
1365
1565
1752
1257
1394
1933
1246
1350
2153
1332
1315
2041
1251
1352
1247
1954
1651
1369
1579
1731
1352
1593
1554
1492
1340
1943
1326
1306
2183
1366
1349
2003
1253
1226
2698
1233
1492
1426
1324
1503
1260
1756
1529
1273
1470
1863
1254
1384
2525
1371
1317
2127
1277
1251
1368
2041
1405
1326
1913
1350
1269
2157
1327
1262
1714
1663
1267
1799
1912
1353
1463
1793
1382
1227
1253
1872
2025
1321
1319
1858
1264
1503
1872
1259
1234
2171
1256
1171
2469
1354
1321
2036
1237
1233
1244
1991
1535
1367
1543
1872
1355
1324
1935
1585
1263
1929
1354
1320
2176
1354
1305
2071
1260
1284
1333
2181
1472
1448
1526
1495
1417
1754
1415
1481
1468
1542
1626
1381
2120
1345
1351
2014
1562
1215
1245
2040
1687
1377
1304
1745
1281
1792
1582
1359
1530
1938
1270
1410
2166
1319
1384
1951
1522
1237
1209
1855
1550
1330
1765
1801
1311
1523
1691
1219
1239
2094
1228
1195
2864
1359
1315
2144
1230
1248
1218
2136
1432
1414
1533
1731
1283
1658
1585
1236
1368
1627
1421
1553
1901
1391
1614
1423
1378
1563
2719
1258
1228
1378
1476
1816
1550
1627
1554
1525
1277
1749
1279
1200
2260
1404
1353
1918
1224
1380
1238
2165
1400
1364
1804
1517
1258
1933
1442
1474
1235
1585
1604
1385
1652
1632
1324
1597
1761
1241
1211
1931
1746
1353
1672
1598
1264
1656
1494
1252
1550
1617
1448
1566
1728
1357
1692
1642
1411
1459
1241
1719
2176
1334
1305
1723
1423
1378
1951
1383
1223
1978
1269
1165
2605
1320
1339
2032
1251
1426
1285
2015
1525
1421
1563
1581
1293
1493
2029
1268
1233
1997
1495
1187
2315
1355
1315
2017
1219
1238
1418
2187
1393
1372
1791
1414
1265
2089
1423
1252
1601
1842
1380
1407
2230
1392
1312
1941
1262
1221
1366
2024
1859
1333
1360
1801
1284
1739
1571
1217
1612
1577
1488
1491
1973
1364
1315
2120
1504
1223
1213
1924
1531
1319
1602
1980
1262
1368
1882
1238
1225
1966
1262
1391
2233
1338
1320
2049
1326
1277
2673
1563
1537
1724
1259
1556
1581
1357
1323
1270
1447
1957
1293
1780
1737
1376
1699
1538
1235
1690
1242
1716
2156
1384
1203
2092
1276
1329
2122
1227
1249
2087
1255
1194
2563
1334
1305
2108
1225
1222
1335
2038
1614
1448
1474
1773
1272
1776
1730
1268
1264
1884
1266
1220
2536
1345
1350
1906
1570
1219
1237
1898
1585
1413
1581
1896
1250
1624
1609
1391
1578
1478
1449
1649
1926
1342
1437
2012
1566
1327
1282
1992
1388
1238
1861
1518
1294
1954
1308
1527
1248
2106
1243
1515
2151
1420
1372
1968
1226
1273
1505
1791
1710
1355
1591
1667
1259
1872
1687
1249
1226
1895
1270
1365
2393
1351
1363
1985
1391
1233
1256
2007
1524
1332
1661
1577
1382
1988
1353
1309
1633
1726
1272
1750
1941
1373
1324
1944
1307
1409
1250
1793
1842
1351
1341
2006
1375
1538
1792
1267
1232
1816
1328
1356
2371
1383
1294
2036
1246
1229
2763
1233
1263
1343
1271
1655
1255
1723
1727
1251
1357
2040
1341
1320
2377
1356
1371
1994
1290
1257
1316
2161
1403
1429
1705
1735
1289
1711
1551
1223
1595
1737
1264
1689
1646
1359
1614
1782
1342
1351
1187
1878
1878
1335
1318
2020
1226
1485
1919
1363
1221
2118
1290
1199
2475
1322
1292
2127
1221
1249
1260
1952
1578
1347
1666
1626
1274
1487
1880
1307
1286
2056
1236
1197
2585
1355
1320
2095
1334
1228
1239
2068
1541
1325
1686
1641
1261
1867
1364
1328
1779
1523
1330
1752
1871
1344
1707
1965
1273
1277
1240
1634
1847
1436
1330
1946
1275
1579
1842
1322
1324
1929
1311
1317
2412
1355
1280
2173
1670
1348
1273
1751
1331
1277
1750
1514
1536
1694
1522
1339
1246
2064
1369
1218
2280
1427
1333
2071
1271
1246
1321
2241
1543
1425
1522
1577
1337
1659
1668
1241
1316
1791
1270
1606
2284
1389
1342
1911
1334
1247
2695
1258
1225
1355
1277
1643
1353
1660
1591
1321
1330
1995
1327
1200
2497
1369
1301
2057
1218
1226
1240
2248
1545
1364
1708
1212
1319
2198
1325
1219
1635
1725
1275
1649
2041
1330
1439
2002
1244
1521
1504
1616
1530
1330
1906
1646
1333
1516
1764
1557
1537
1479
1538
1486
1502
1541
1354
1832
1503
1250
1263
1771
1776
1349
1465
1757
1337
1551
1850
1258
1303
2022
1252
1301
2518
1325
1311
2092
1247
1220
1385
2110
1440
1424
1564
1736
1371
1358
1887
1300
1268
2042
1255
1190
2639
1356
1313
2125
1321
1214
1330
2196
1378
1450
1696
1399
1290
2053
1504
1300
1501
1664
1242
1659
1925
1382
1411
1878
1346
1360
1233
1894
1806
1365
1409
1954
1257
1504
1905
1264
1274
2256
1261
1181
2276
1328
1348
2106
1242
1232
1313
2031
1579
1356
1651
1912
1285
1484
1378
1320
1501
1544
1494
1785
1650
1417
1374
1965
1560
1247
2677
1261
1543
1679
1286
1539
1594
1382
1313
1233
1522
1524
1236
1539
1959
1387
1521
1850
1221
1552
1232
1623
1895
1359
1173
2123
1259
1286
2117
1225
1258
2077
1266
1185
2471
1357
1268
2113
1818
1330
1327
1788
1371
1236
1899
1449
1513
1821
1326
1406
1241
2045
1528
1188
2010
1499
1346
1898
1255
1213
1526
1875
1651
1312
1718
1371
1395
1877
1599
1222
1508
1711
1264
1602
2113
1324
1309
2037
1513
1240
1216
1871
1574
1357
1631
1683
1397
1647
1576
1468
1401
1854
1257
1360
2369
1347
1317
2071
1223
1226
1386
1978
1698
1318
1464
1855
1289
1383
1941
1237
1247
2127
1242
1195
2532
1318
1314
2133
1217
1224
1374
2074
1500
1308
1733
1567
1279
1909
1410
1240
1662
1783
1232
1580
1959
1341
1592
1830
1230
1385
1216
1817
1914
1345
1459
2107
1273
1323
1812
1247
1243
1952
1264
1176
2673
1320
1358
2111
1372
1261
2989
1552
1756
1457
1569
1399
1329
1599
1602
1529
1524
1445
1276
1198
1607
1586
1360
1707
1617
1297
1238
2011
1407
1383
1976
1394
1286
2071
1318
1265
1636
1678
1275
1645
1944
1384
1496
1713
1348
1326
1268
1894
1855
1367
1351
1970
1284
1519
1863
1258
1239
2143
1255
1181
2519
1381
1333
2106
1272
1247
1270
1941
1886
1334
1480
1608
1300
1529
1789
1233
1248
2180
1270
1190
2505
1337
1302
2120
1251
1209
1414
2034
1568
1348
1659
1556
1259
1892
1610
1228
1543
1609
1270
1968
1880
1422
1375
1743
1228
1574
1234
1842
1660
1379
1631
1866
1288
1703
1576
1259
1396
1832
1236
1388
2596
1317
1318
1899
1395
1236
1253
2144
1520
1376
1510
1578
1401
1620
1648
1262
1260
2126
1273
1191
2583
1368
1333
1990
1264
1251
1457
2123
1425
1413
1787
1416
1295
1841
1262
1515
1424
1662
1549
1559
2083
1325
1360
1884
1253
1418
2858
1543
1284
1674
1488
1284
1323
1664
1607
1557
1540
1706
1530
1560
1697
1489
1584
1872
1508
1564
1296
1526
1563
1559
1480
1289
1297
1583
1631
1541
1544
1451
1655
1517
1869
1671
1623
1564
1560
1713
1387
1276
1220
1285
1842
1412
1727
1416
1635
1483
1226
1518
1846
1232
1899
1703
1326
1768
1729
1266
1242
1955
1797
1400
1344
1819
1487
1403
1604
1576
1247
1883
1260
1216
2569
1309
1309
2066
1565
1247
1211
2189
1280
1416
1643
1668
1309
1579
2003
1224
1244
1887
1249
1210
2533
1329
1493
2023
1262
1213
1277
2310
1563
1339
1732
1462
1296
1990
1473
1240
1419
1448
1452
1681
2043
1346
1498
1908
1243
1324
1217
1833
1736
1348
1473
1905
1248
1726
1907
1252
1237
2155
1248
1210
2607
1356
1325
2021
1235
1255
1507
1749
1776
1357
1547
1876
1290
1357
1759
1268
1245
2055
1245
1360
2570
1342
1312
2093
1353
1230
2867
1344
1226
1705
1468
1543
1586
1605
1334
1248
1223
1575
1259
1856
1529
1443
1759
1435
1370
1763
1124
1542
2074
1232
1399
1998
1165
1372
2069
1121
1121
2345
1127
1491
2367
1213
1197
2426
1282
1110
1338
1989
1516
1198
1862
1333
1449
2086
1468
1277
1299
1893
1281
1346
2295
1208
1181
2358
1137
1110
1697
1944
1411
1244
1973
1457
1168
2004
1293
1226
1772
1523
1242
1822
1786
1227
1646
1698
1465
1499
1117
1725
2153
1202
1162
2404
1133
1456
2027
1108
1119
2465
1116
1451
2584
1197
1188
2419
1115
1131
1400
2089
1864
1220
1519
1790
1295
1739
1562
1292
1268
1981
1137
1526
2358
1201
1402
2132
1284
1116
1340
2197
1458
1217
1910
1450
1337
1941
1234
1445
1763
1506
1215
1703
1667
1219
1738
1869
1103
1691
1124
2015
1949
1218
1490
2032
1142
1672
2055
1119
1133
2090
1113
1234
2669
1206
1183
2300
1140
1104
3058
1127
1131
1253
1701
1955
1287
1318
1810
1519
1233
1754
1533
1196
2407
1346
1296
2137
1254
1238
1792
1503
1554
1417
1827
1542
1305
1709
1634
1215
1576
1754
1426
1396
2314
1377
1376
1927
1393
1257
1249
1981
1523
1373
1635
1744
1406
1760
1638
1234
1505
1900
1253
1205
2348
1322
1329
2100
1229
1223
1387
2044
1550
1330
1642
1852
1277
1383
1944
1367
1252
1985
1262
1185
2445
1322
1323
2094
1379
1232
1236
2245
1443
1424
1514
1470
1455
1871
1266
1359
1757
1406
1430
1416
1999
1331
1395
2065
1242
1329
1239
2183
1732
1369
1629
1585
1263
1676
1746
1232
1526
1593
1283
1731
2015
1329
1310
2224
1223
1252
1534
1693
1756
1341
1324
2113
1332
1298
2022
1221
1244
1828
1279
1192
2487
1380
1325
2218
1321
1232
1210
2014
1516
1393
1566
1656
1338
1782
1381
1296
1624
1512
1382
1935
1580
1348
1483
1916
1365
1545
2672
1261
1248
1679
1457
1334
1607
1614
1383
1561
1298
1870
1325
1222
3182
1380
1352
2026
1871
1426
1297
1738
2636
1613
1197
1793
1918
1565
1292
1843
1561
1623
1382
1610
1525
1487
1747
1752
2313
1524
1300
1594
1217
1222
2341
1216
1416
1784
1423
1366
1241
2012
1494
1211
2342
1473
1370
1920
1565
1248
1220
1890
1483
1435
1539
2002
1256
1445
1538
1248
1456
1904
1277
1496
2243
1349
1311
2087
1238
1370
1250
2031
1748
1338
1353
1849
1287
1518
1838
1396
1226
1975
1410
1211
2282
1347
1324
2053
1247
1254
1456
2195
1492
1457
1427
1580
1423
1742
1527
1401
1384
1792
1277
1577
2237
1348
1337
2027
1283
1214
1231
2012
1520
1336
1949
1532
1273
1960
1480
1240
1443
1828
1258
1454
2346
1338
1315
2155
1234
1237
1423
1888
1380
1413
1466
1999
1280
1362
1802
1231
1217
2151
1272
1188
2611
1363
1307
2214
1226
1223
2849
1266
1284
1691
1548
1541
1573
1357
1602
1566
1528
1438
1267
1240
1675
1356
1507
1719
1237
1623
1244
1976
1666
1356
1615
1644
1291
1963
1627
1230
1234
1880
1239
1559
2315
1378
1306
1962
1249
1251
1232
1994
1871
1340
1360
1842
1260
1527
1754
1531
1212
1767
1236
1175
2599
1335
1338
2172
1519
1255
1259
1938
1416
1429
1550
1588
1320
1866
1513
1273
1383
1860
1262
1599
2011
1322
1464
1982
1378
1267
1220
1818
1657
1337
1567
1996
1277
1544
1603
1456
1228
2125
1424
1383
2131
1328
1345
2084
1527
1228
1236
1816
1576
1349
1755
1596
1270
1930
1440
1406
1396
2114
1284
1204
2415
1355
1350
2038
1527
1220
1249
1945
1660
1352
1552
1677
1298
1757
1629
1218
1240
1911
1267
1556
2258
1354
1321
2396
1278
1267
1231
1703
1473
1418
1769
1670
1302
1639
1553
1239
1486
1715
1240
1871
1896
1399
1369
1854
1322
1268
2686
1271
1540
1670
1543
1560
1330
1295
1475
1545
1524
1669
1602
1484
1845
1443
1341
1935
1351
1241
1237
2164
1352
1435
1683
1381
1418
1936
1282
1334
1628
1419
1428
1868
1602
1378
1704
1475
2115
1507
1323
1929
1723
1469
1274
2072
2165
1691
1284
1567
1392
1652
1404
1650
2088
1772
1350
1559
2191
1554
1333
1341
1901
1477
1216
1920
1880
1347
1393
1660
1365
1761
1441
1311
2114
1344
1307
2231
2571
1711
1290
2038
1813
1351
1601
1702
2829
1900
1291
1388
1242
1568
2080
1284
2383
1861
1344
1603
1550
1536
1276
1633
2300
1839
1231
1916
1313
1344
2041
1238
1423
1756
1595
1753
2002
1442
1309
1708
2092
1655
1335
1838
1241
1207
1808
1356
2618
1782
1305
1529
1224
1533
1775
1530
2281
1717
1318
1833
1619
1241
1229
1865
2325
1749
1189
1817
1290
1335
1798
1397
1984
1771
1309
1387
1587
1339
1943
1662
2415
1728
2774
1276
1562
1562
1435
1535
1320
1942
1603
1565
1577
1588
1525
1550
1751
1981
1629
1560
1329
1584
1550
1560
2181
2139
1232
1247
1661
1340
1562
1518
1868
2382
1635
1495
1422
1449
1571
1577
1269
1416
1315
1235
1240
1224
1965
1570
1282
1808
1359
1625
1232
1580
1401
1413
1849
1436
1316
2042
1571
1241
1217
2049
1735
1425
1405
1437
1477
1684
1535
1393
1624
1777
1241
1407
2180
1332
1323
2056
1419
1245
1561
1842
1609
1410
1521
1510
1278
1602
1762
1406
1250
1997
1425
1247
2444
1369
1321
2075
1403
1242
1234
2137
1521
1344
1795
1430
1255
2184
1331
1236
1615
1656
1399
1567
1660
1418
1977
1430
1238
1739
1238
1430
2337
1475
1213
2002
1303
1330
1929
1240
1229
2067
1297
1200
2447
1352
1354
2187
1235
1222
1370
1953
1494
1357
1598
1925
1283
1351
1813
1265
1236
2037
1231
1195
2495
1341
1313
2152
1282
1250
2772
1353
1538
1700
1441
1515
1614
2028
1380
1259
1400
1715
1573
1480
1891
1429
1406
1930
1439
1265
1271
2071
1587
1418
1683
1561
1459
1747
1629
1229
1551
1761
1253
1574
2003
1352
1362
2008
2051
1249
1226
2032
1593
1337
2689
1246
1288
3093
1301
1230
2236
1679
1258
1365
2089
1328
1331
2155
1237
1221
1340
2089
1281
1420
1961
1543
1335
1624
1582
1247
1537
1543
1440
1660
1796
1343
1634
1506
1623
1232
1240
1768
1851
1346
1364
2083
1260
1467
1922
1423
1208
2190
1256
1196
2544
1336
1310
2173
1253
1217
1250
2055
1454
1349
1720
1823
1256
1717
1624
1543
1228
1865
1281
1177
2435
1345
1331
2053
1233
1390
1377
2086
1366
1361
1782
1524
1372
1868
1286
1322
1629
1627
1529
1540
1688
1355
1848
1638
1272
1518
1241
1600
2246
1352
1193
2269
1275
1342
1860
1249
1226
2034
1278
1169
2564
1339
1327
2147
1259
1222
2995
1521
1738
1471
1226
1218
1297
1311
1929
1499
1528
1469
1263
1193
2527
1382
1360
2047
1247
1238
1629
1820
1573
1372
1915
1566
1296
1610
1555
1242
1547
1801
1237
1687
1887
1343
1603
1690
1445
1260
1216
1893
1792
1319
1480
1958
1258
1416
1876
1408
1244
2156
1267
1175
2369
1328
1360
2045
1272
1237
1407
1991
1664
1314
1437
1688
1280
1952
1602
1199
1233
2156
1486
1098
2336
1231
1251
2222
1187
1109
1840
1950
1907
1426
1347
1784
1264
1768
1472
1559
1551
1672
1526
1250
1915
1491
1373
2036
1299
1244
1264
1682
1430
1422
1950
1585
1298
1750
1470
1235
1608
1781
1242
1750
2029
1369
1339
1871
1423
1247
1234
2169
1870
1427
1248
1819
1498
1428
1958
1241
1241
1913
1245
1201
2495
1371
1349
2052
1332
1254
1234
2130
1477
1357
1742
1743
1267
1720
1616
1212
1574
1720
1424
1410
1856
1349
1477
1957
1320
1525
2688
1268
1238
1439
1460
1875
1580
1611
1591
1545
1357
1687
1561
1477
1705
1485
1616
1864
1254
1535
1290
1555
1540
1473
1476
1683
1581
1596
1344
1566
1573
1675
1535
1254
1915
1417
1326
1965
1278
1211
1582
1825
1558
1377
1694
1676
1256
2004
1460
1224
1651
2074
1265
1183
2205
1365
2045
1531
1237
3182
1247
1237
4794
1332
1187
3214
1274
1312
2853
1224
1238
2187
1308
1198
1114
2091
1405
1275
1868
1550
1216
1960
1766
1354
1370
1842
1269
1412
1826
1223
1224
2160
1247
1216
2571
1377
1341
2036
1266
1214
1421
1225
2293
1351
1197
2148
1764
1303
1575
2235
1242
1335
2051
1204
1467
1950
1346
1235
1973
1251
1246
2164
2508
1332
1159
2136
1455
1310
2079
1297
1248
1933
1406
1219
2560
1453
1380
1831
1242
1221
1555
1835
1534
1379
1891
1768
1275
1340
1945
1277
1528
2055
1525
1490
1661
1658
1630
1599
1534
1314
2960
1597
1566
1701
1512
1556
1572
1609
1306
1227
1238
1435
1266
1218
1608
1453
1332
1720
1357
1240
1244
1964
1702
1415
1313
1958
1292
1334
2040
1229
1238
2231
1249
1196
2491
1396
1307
2022
1241
1326
1358
2037
1653
1413
1332
1854
1306
1417
2037
1230
1265
2289
1245
1214
2449
1358
1324
2055
1256
1251
1460
2099
1552
1420
1547
1663
1284
1831
1569
1221
1353
1910
1335
1354
2359
1364
1350
2059
1366
1241
1225
1898
1773
1344
1567
1652
1279
1833
1733
1244
1236
1827
1263
1567
2356
1351
1326
2012
1337
1226
1453
1933
1565
1413
1336
1761
1283
1758
1747
1231
1252
2146
1292
1232
2414
1331
1337
2178
1226
1241
1428
2056
1759
1412
1321
1749
1428
1400
1912
1234
1239
2166
1281
1201
2463
1320
1310
1986
1557
1222
1234
1859
1829
1384
1525
1798
1270
1532
1630
1522
1433
1645
1229
1429
2244
1343
1348
2099
1271
1230
3383
1242
1271
2279
1206
1247
3689
1299
1269
3826
1248
1342
1843
1572
1484
1339
1653
1736
1225
1660
1211
1364
2364
1349
1166
2014
1376
1302
2014
1285
1586
1683
1847
1267
2108
1423
1335
1909
1444
1224
1254
1934
1849
1435
1352
1816
1294
1674
1801
1215
1547
1702
1234
1545
2266
1345
1341
2055
1228
1225
1621
1842
1680
1373
1613
1676
1307
1489
1943
1256
1227
1960
1242
1560
2476
1346
1341
1915
1514
1230
1222
1906
1673
1345
1432
1646
1432
1918
1438
1216
1445
1789
1278
1620
1751
1410
1664
1553
1518
1387
1247
2023
1734
1421
1361
1667
1306
1737
1713
1220
1356
2286
1271
1221
2245
1350
1334
2071
1260
1231
1254
2283
1554
1350
1630
1823
1265
1758
1659
1235
1564
1734
1562
1222
2233
1342
1324
2164
1238
1218
1430
2152
1567
1313
1550
1930
1286
1616
1501
1225
1650
1421
1431
1703
1744
1421
1560
1840
1418
1575
2685
1247
1238
1342
1166
1807
1270
1415
2109
1225
1243
2199
1284
1196
2430
1351
1318
2216
1250
1225
1557
1768
1595
1316
1694
1565
1262
1870
1765
1223
1236
1988
1241
1544
2282
1321
1295
2247
1216
1216
1218
2122
1412
1329
1801
1592
1426
1718
1444
1416
1413
1655
1548
1667
1701
1438
1357
1972
1235
1619
1310
1679
1767
1366
1549
1348
1602
2200
1572
1262
1262
1437
1337
1363
2189
1370
1405
1919
1530
1349
1245
1834
1738
1349
1328
1845
1332
1589
1674
1509
1229
1694
1533
1347
2190
1322
1361
2084
1364
1232
1320
2022
1357
1351
1997
1375
1285
2042
1405
1240
1426
1916
1261
1502
2120
1327
1332
2076
1390
1235
1226
1925
1787
1343
1616
1834
1176
1444
1883
1341
1237
2019
1357
1331
2317
1323
1307
2120
1267
1223
1309
1874
1606
1321
1512
1862
1234
1853
1775
1231
1212
1827
1338
1478
2235
1359
1362
2061
1255
1227
2890
1534
1626
1655
1471
1298
1557
1622
1322
1232
1267
1849
1257
1382
2490
1725
1385
1475
1342
1233
1226
1251
1212
1699
1190
1258
2026
1341
1288
2083
1228
1320
2334
1250
1373
1993
1617
1561
1551
1301
1531
1848
1576
1677
1505
1541
1565
1366
1373
1596
1526
1695
1550
1484
1789
1436
1355
1781
1243
1351
1247
2231
1347
1365
1861
1358
1306
1911
1383
1323
1439
2127
1249
1351
2342
1348
1346
1951
1374
1245
1255
2118
1536
1336
1624
1758
1277
1910
1656
1396
1225
1816
1544
1195
2340
1325
1313
2084
1244
1212
1248
2072
1721
1341
1532
1837
1281
1541
1660
1405
1239
1989
1248
1178
2579
1328
1320
2217
1355
1232
1325
1840
1803
1321
1574
1931
1255
1527
1813
1234
1554
1543
1430
1410
1989
1357
1341
2135
1237
1221
1240
1979
1765
1343
1520
2044
1250
1399
1909
1578
1534
1698
1320
1498
1822
1432
1357
1783
1427
1396
2694
1243
1220
1348
1509
1611
1281
1409
1906
1414
1263
1897
1453
1217
2385
1362
1331
2035
1356
1225
1257
2255
1439
1331
1907
1376
1271
2030
1284
1232
1529
1882
1246
1524
1863
1337
1676
1774
1229
1541
1226
1690
2029
1366
1365
2060
1282
1390
1806
1234
1529
1818
1227
1174
2565
1321
1312
2188
1392
1239
1226
2017
1440
1335
1640
1612
1578
1585
1795
1236
1536
1669
1244
1400
2435
1339
1323
2200
1350
1230
1232
1954
1446
1344
1729
1511
1486
1729
1369
1416
1553
2006
1251
1359
2098
1346
1403
1934
1335
1335
1222
2100
1380
1430
1738
1573
1279
1912
1458
1237
1615
1712
1270
1831
1923
1340
1459
1873
1243
1335
1236
2121
1746
1355
1503
1894
1240
1528
1880
1236
1227
2177
1243
1189
2587
1361
1290
2248
1235
1221
1244
2135
1542
1329
1637
1819
1255
1784
1577
1228
1605
1420
1241
1810
2016
1330
1330
1796
1552
2211
2675
1249
1224
1424
1182
1705
1268
1408
1930
1984
1246
1343
1840
1214
1762
1695
1354
1619
1637
1242
1270
2093
1339
1340
1920
1800
1295
1772
1539
1246
1536
1752
1264
1552
1982
1328
1293
2173
1261
1245
1411
2043
1604
1321
1598
1617
1367
1636
1572
1229
1405
1975
1231
1417
2520
1359
1304
2041
1259
1217
1270
2060
1585
1327
1721
1670
1313
1695
1705
1220
1242
2073
1245
1582
2108
1324
1347
2097
1256
1250
1231
2119
1708
1447
1397
1878
1308
1478
1676
1239
1240
2267
1267
1224
2555
1364
1353
2042
1240
1246
1429
1907
1661
1357
1760
1481
1290
1866
1499
1246
1622
1966
1246
1359
2025
1358
1354
2025
1547
1529
1225
1885
1606
1372
1735
1841
1277
1399
1640
1447
1238
2034
1243
1412
2333
1341
1356
2272
1231
1233
1560
1726
1794
1326
1384
1848
1267
1409
1948
1262
1240
1882
1284
1542
2213
1326
1327
2308
1260
1246
2706
1255
1266
1467
1522
1552
1562
1379
1861
1542
1534
1673
1294
1198
1556
1391
1350
1870
1579
1220
1234
1845
1632
1364
1732
1512
1302
1996
1560
1218
1225
2148
1274
1227
2395
1380
1348
2070
1228
1237
1261
1985
1649
1404
1530
1784
1302
1778
1595
1227
1545
1998
1260
1427
2326
1338
1325
2208
1232
1220
1544
1733
1580
1343
1652
1773
1278
1622
1727
1224
1386
1723
1417
1558
1806
1336
1555
1930
1361
1235
1257
2058
1556
1423
1521
1890
1399
1731
1785
1237
1216
2201
1259
1193
2286
1374
1327
2111
1244
1245
1213
1920
1650
1343
1619
1852
1256
1779
1572
1424
1249
1996
1254
1175
2492
1326
1305
2161
1238
1246
1513
2107
1643
1442
1321
1689
1313
1828
1635
1333
1269
1886
1339
1358
2185
1335
1355
1985
1336
1336
1235
2022
1558
1337
1565
1982
1256
1684
1550
1243
1593
1622
1265
1610
2136
1377
1367
1951
1281
1234
2741
1549
1611
1408
1478
1569
1422
1601
1601
1579
1533
1709
1544
1514
1482
1448
1384
1528
1528
1378
1526
1759
1613
1688
1542
1555
1580
1601
1601
1268
1261
1624
1630
1493
1783
1434
1361
1850
1470
1234
1229
1986
1536
1429
1589
1774
1276
1565
1748
1358
1289
1973
1272
1282
2496
1349
1374
2017
1244
1292
1286
2032
1765
1339
1436
1702
1307
1568
1762
1426
1238
1898
1448
1233
2274
1375
1322
1978
1255
1246
1362
2161
1634
1347
1542
1805
1358
1689
1625
1393
1241
1815
1316
1360
2427
1372
1315
2033
1306
1259
1435
1757
1803
1391
1510
1974
1272
1573
1688
1249
1376
1682
1237
1713
2172
1346
1380
1966
1465
1258
1260
1995
1623
1432
1333
1874
1306
1518
1920
1253
1252
2122
1272
1230
2642
1378
1335
2099
1433
1252
1232
1977
1338
1367
1632
1620
1498
1805
1503
1234
1456
1804
1273
1497
2136
1355
1419
1657
1355
1471
2690
1256
1263
1675
1483
1562
1574
1369
1502
1518
1279
1986
1556
1518
1734
1466
1586
1787
1545
1520
1299
1753
1531
1667
1491
1279
1567
1636
1580
1526
1295
1426
1273
1223
2452
1398
1335
1902
1266
1214
1482
1930
1636
1375
1634
1634
1313
1792
1621
1246
1579
1658
1260
1911
1800
1440
1408
1861
1401
1244
1249
2126
1372
1455
1632
1550
1314
1830
1648
1239
1392
1798
1251
1557
2221
1338
1360
2093
1220
1238
1207
2188
1398
1352
1831
1595
1249
1774
1708
1491
1240
1856
1251
1188
2599
1368
1295
2086
1232
1256
1477
2129
1411
1426
1651
1387
1430
1967
1302
1347
1436
1794
1390
1615
1785
1352
1485
1928
1261
1354
1218
1910
2076
1368
1212
1866
1288
1610
1703
1367
1229
2081
1514
1211
2313
1345
1361
2141
1254
1219
1244
1905
1798
1365
1650
1747
1275
1514
1525
1231
1611
1652
1559
1479
1969
1438
1362
1869
2030
1256
2678
1238
1214
1359
1676
1619
1302
1509
1900
1218
1304
1885
1261
1572
2243
1342
1348
1867
1340
1246
1545
1966
1357
1434
1733
1476
1372
2066
1456
1239
1535
1771
1257
1481
2096
1370
1377
2088
1226
1215
1268
2300
1428
1411
1358
1984
1547
1318
1686
1502
1213
2070
1232
1207
2361
1351
1313
2098
1353
1381
1234
1904
1724
1343
1562
1680
1298
1822
1581
1472
1231
1817
1380
1210
2383
1356
1321
1966
1268
1237
1458
2075
1547
1362
1614
1600
1248
1923
1488
1231
1634
1899
1260
1424
2296
1329
1300
2151
1241
1212
1517
1773
1527
1332
1797
1762
1312
1386
1830
1232
1352
1961
1282
1386
2415
1316
1364
2049
1336
1244
1379
2051
1345
1419
1644
1762
1390
1700
1667
1258
1337
2031
1262
1295
2227
1357
1335
2088
1369
1305
1523
1745
1387
1431
1550
1626
1293
1723
1590
1235
1359
1824
1236
1550
2118
1342
1421
1995
1251
1316
2687
1538
1269
1692
1476
1273
1620
1627
1303
1476
1536
1668
1531
1280
2098
1439
1335
1936
1250
1261
1378
2163
1677
1370
1666
1555
1261
1830
1848
1210
1238
1859
1507
1235
2293
1350
1332
2131
1262
1231
1241
1958
1595
1345
1725
1750
1287
1639
1595
1239
1416
1996
1255
1578
2241
1349
1326
2033
1333
1256
1238
1978
1544
1387
1490
1754
1399
1640
1983
1255
1229
1883
1296
1185
2509
1344
1320
2181
1241
1250
1451
2154
1768
1427
1299
1713
1397
1577
1589
1321
1365
1936
1337
1328
2092
1362
1402
1878
1315
1332
1215
2141
1588
1442
1496
1803
1294
1626
1472
1320
1345
2048
1271
1354
2292
1335
1327
2069
1287
1213
1258
2155
1612
1340
1720
1529
1276
2055
1451
1210
1403
1830
1247
1624
2135
1355
1339
2076
1277
1253
1609
1763
1521
1364
1620
1923
1310
1560
1411
1242
1573
1529
1587
1643
1548
1322
1712
1590
1422
1551
2659
1261
1319
1332
1222
1845
1654
1603
1661
1298
1533
1666
1301
1488
2114
1454
1345
1897
1257
1238
1231
1877
1590
1339
1865
1691
1281
1307
1866
1304
1249
2202
1256
1199
2508
1344
1318
2085
1507
1230
1244
1916
1464
1348
1775
1426
1276
2002
1316
1307
1627
1721
1350
1608
1808
1346
1733
1709
1255
1732
1217
1520
1972
1369
1282
1946
1281
1553
1948
1310
1213
1973
1254
1496
2357
1300
1331
2129
1245
1238
1367
1956
1619
1357
1680
1958
1260
1290
1753
1302
1250
2139
1339
1213
2520
1331
1338
2151
1303
1253
1227
2111
1571
1336
1723
1377
1334
2131
1264
1229
1768
1566
1246
1815
1812
1324
1597
1752
1284
1586
1229
1895
1857
1380
1258
2112
1280
1310
2056
1177
1234
2093
1276
1188
2512
1294
1246
2349
1260
1227
1337
1970
1653
1360
1586
1652
1349
1561
1899
1229
1214
1939
1339
1168
2607
1381
1329
1929
1261
1231
2740
1538
1567
1682
1489
1273
1584
1608
1611
1253
1253
1721
1288
1253
2539
1355
1365
1961
1254
1252
1259
1963
1546
1354
1756
1630
1305
2036
1492
1222
1651
1458
1221
1993
1950
1419
1374
1796
1264
1351
1253
1916
1815
1363
1254
2158
1324
1328
1952
1228
1221
2155
1332
1191
2448
1360
1322
2211
1260
1264
1318
2121
1377
1441
1640
1485
1505
1934
1485
1245
1460
1723
1266
1372
2363
1341
1319
2006
1354
1240
1411
2139
1376
1424
1849
1571
1288
1513
1746
1449
1249
1932
1335
1300
2446
1392
1378
1838
1222
1255
1316
2008
1634
1375
1515
1772
1320
1543
1814
1253
1235
2189
1251
1226
2531
1334
1310
2075
1250
1273
1319
2211
1554
1396
1508
1728
1289
1649
1599
1224
1701
1576
1295
1566
2414
1330
1302
2144
1237
1472
1236
1894
1845
1335
1617
1794
1300
1490
1529
1222
1509
1751
1234
1748
2011
1346
1335
2495
1267
1273
2984
1526
1572
1486
1508
1621
1609
1587
1387
1249
1240
1454
1282
1201
2332
1395
1364
2213
1210
1251
1237
2069
1352
1448
1737
1465
1294
1955
1360
1242
1782
1872
1256
1346
2070
1324
1403
1902
1322
1293
1262
2182
1423
1413
1557
1726
1279
1638
1688
1289
1379
1940
1234
1727
2108
1362
1323
2015
1233
1488
1255
1633
1826
1336
1447
1937
1258
1363
1809
1226
1253
2129
1248
1194
2612
1354
1340
2138
1243
1223
1352
1953
1736
1358
1487
1617
1415
1708
1416
1409
1351
1750
1514
1532
2044
1367
1324
1943
1474
1269
1230
1851
1513
1337
1750
1618
1387
1907
1680
1248
1224
1773
1256
1529
2247
1348
1343
2145
1289
1262
1218
1977
1559
1441
1367
2020
1284
1347
1875
1378
1252
2126
1282
1218
2339
1355
1347
2168
1219
1236
1404
2068
1561
1345
1889
1369
1284
1864
1309
1239
1557
1418
1457
1662
1649
1486
1770
1633
1257
1513
2682
1258
1215
1380
1498
2001
1323
1320
1659
1490
1214
2088
1245
1217
2627
1346
1352
1923
1303
1261
1348
1855
1721
1357
1621
1974
1263
1307
1745
1255
1342
2038
1263
1372
2472
1322
1317
2156
1258
1266
1595
1930
1582
1449
1339
1784
1557
1492
1778
1229
1251
1904
1277
1485
2234
1404
1295
2052
1227
1246
1236
1986
1570
1332
1712
1504
1294
1873
1605
1221
1401
1841
1231
1571
2373
1340
1398
1814
1245
1485
1217
1781
1833
1484
1338
1823
1357
1348
1988
1313
1227
2183
1348
1242
2603
1430
1313
1832
1411
1305
1277
2122
1319
1428
1750
1270
1281
2323
1285
1235
1766
1543
1302
1933
1713
1408
1581
1581
1502
1570
1320
1886
1230
1257
1789
1539
1675
1505
1463
1431
1252
1775
1342
1400
2318
1331
1356
2052
1284
1246
1243
2001
1525
1438
1579
1932
1300
1320
1967
1227
1258
1790
1268
1209
2629
1356
1349
2215
1268
1222
2714
1256
1596
1677
1505
1293
1326
1329
1322
1490
1254
1520
1579
1733
2037
1404
1365
1698
1530
1278
1249
2102
1450
1443
1680
1529
1293
1718
1514
1252
1542
1823
1240
1552
2197
1372
1372
1960
1410
1224
1372
1716
1725
1363
1327
2015
1298
1374
1941
1256
1295
2075
1238
1343
2536
1341
1345
2114
1369
1248
1343
2154
1362
1323
2014
1267
1273
2095
1358
1234
1504
1758
1259
1680
2190
1324
1318
2147
1332
1242
1235
2050
1504
1443
1632
1814
1286
1524
1886
1252
1221
1919
1240
1342
2426
1352
1370
1967
1313
1236
1265
2379
1565
1452
1887
1544
1559
1387
1561
1544
1539
1507
1309
1201
2270
1379
1336
2040
1523
1359
1279
2078
1645
1371
1576
1677
1700
1395
1429
1832
1238
1499
1701
1234
2015
1411
1285
1971
1936
1347
1311
2043
1258
1253
2043
1357
1771
1736
1310
1352
1242
1713
1598
1199
2266
1387
1317
2086
1293
1246
2886
1533
1864
1674
1499
1279
1565
1655
1313
1245
1233
1447
1532
1531
1995
1467
1395
1620
1334
1220
1241
2071
1723
1414
1657
1528
1303
1705
1612
1236
1842
1534
1557
1753
1513
1356
1678
1632
1713
1492
1307
1803
1351
1228
1728
1804
1386
1752
1465
1353
1244
1818
1361
1369
2374
1344
1337
2199
1248
1249
1225
2169
1303
1415
1713
1498
1302
1792
1536
1220
1372
1887
1353
1362
2229
1371
1344
2050
1246
1227
1305
2222
1525
1362
1678
1709
1309
1727
1556
1208
1478
1532
1661
1357
2136
1348
1337
2076
1252
1243
1448
1878
1563
1401
1682
1813
1277
1702
1714
1224
1377
1814
1249
1484
2324
1364
1341
2101
1365
1255
1261
1881
1758
1331
1323
1966
1260
1511
1927
1240
1238
2156
1236
1167
2647
1346
1327
2337
1301
1255
1243
1843
1444
1445
1613
1603
1346
2075
1390
1234
1496
1722
1284
1562
2001
1335
1378
1921
1348
2108
2659
1272
1350
1337
1494
2111
1339
1346
1693
1318
1244
2039
1298
1204
2536
1357
1344
2031
1253
1224
1358
2214
1387
1409
1652
1587
1405
1617
1766
1315
1264
1992
1253
1224
2474
1346
1374
2148
1322
1269
1264
2181
1561
1360
1532
1656
1308
1757
1761
1314
1305
1922
1341
1381
2268
1349
1264
1938
1676
1319
1305
2128
1220
1241
1957
1515
1561
1808
1294
1482
1216
1962
1502
1194
2344
1335
1354
2031
1234
1264
1363
1910
1863
1347
1303
1988
1271
1483
1983
1239
1221
1850
1503
1206
2293
1327
1334
2179
1362
1226
1440
2050
1392
1445
1887
1379
1289
1923
1404
1263
1558
1754
1234
1740
1778
1344
1472
1849
1518
1558
1214
1489
2019
1339
1459
2056
1294
1327
1916
1247
1253
2120
1282
1183
2512
1336
1328
2195
1249
1248
1395
2216
1401
1446
1356
1701
1549
1547
1540
1476
1239
1736
1249
1407
2399
1389
1330
2048
1235
1227
2936
1255
1241
1342
1417
1583
1250
1954
1470
1334
1250
1768
1539
1361
1958
1353
1320
1996
1283
1251
1232
1969
1666
1443
1551
1714
1277
1799
1650
1250
1334
1925
1271
1414
2364
1351
1342
2076
1308
1242
1296
2000
1770
1334
1351
1815
1314
1463
1951
1259
1238
2233
1312
1171
2470
1337
1310
2232
1252
1254
1213
2108
1512
1333
1742
1525
1410
1920
1452
1243
1567
2053
1257
1291
2229
1345
1375
1894
1343
1243
1250
2228
1532
1333
1643
1723
1280
1741
1510
1288
1435
1975
1268
1421
2427
1337
1339
1982
1235
1238
1272
2298
1486
1330
1659
1551
1391
1794
1818
1245
1235
1810
1351
1370
2295
1353
1328
2030
1377
1227
1237
2029
1485
1337
1777
1602
1266
1852
1638
1218
1643
1699
1371
1471
1910
1357
1458
2050
1261
1481
1234
1805
1752
1318
1735
1745
1277
1361
1988
1250
1220
1787
1244
1302
2632
1348
1385
1860
1265
1231
2713
1283
1237
1343
1189
1771
1311
1531
2074
1214
1231
1999
1259
1180
2679
1343
1301
2405
1249
1258
1215
1991
1367
1356
1946
1489
1329
2048
1313
1224
1581
1744
1317
1699
1861
1337
1395
1800
1305
1598
1247
1727
1932
1373
1247
1998
1277
1326
2044
1271
1244
2169
1489
1183
2207
1319
1284
2108
1292
1342
1264
1958
1549
1369
1722
1756
1272
1653
1645
1346
1241
1979
1251
1400
2413
1363
1335
2123
1262
1219
1360
1991
1508
1351
1941
1472
1289
1783
1702
1254
1340
1782
1281
1616
2299
1337
1323
1825
1358
1228
1238
2040
1404
1341
1902
1443
1406
1971
1413
1248
1533
1914
1259
1513
1979
1318
1439
1916
1315
1529
1244
1780
1939
1315
1340
2061
1267
1509
1967
1401
1248
2028
1276
1168
2531
1357
1369
2076
1357
1221
1257
2142
1580
1417
1403
1706
1395
1788
1402
1378
1406
1370
1705
1398
1786
1547
1436
1765
1285
1355
2692
1295
1365
1373
1211
1962
1281
1330
1980
1251
1255
2112
1282
1193
2638
1317
1332
1969
1393
1260
1337
2019
1356
1455
1882
1534
1263
1758
1261
1238
1677
1509
1395
1799
1729
1346
1813
1731
1233
1493
1218
1764
2031
1332
1309
1801
1385
1363
2078
1241
1239
2150
1284
1190
2264
1335
1352
2118
1222
1253
1237
2273
1500
1357
1577
1923
1292
1507
1568
1362
1389
1861
1376
1394
2141
1356
1304
2104
1229
1241
1255
2238
1491
1315
1790
1774
1283
1690
1527
1362
1234
1955
1408
1200
2556
1340
1344
2072
1234
1226
1396
2136
1404
1349
1968
1427
1289
2019
1260
1227
1857
1358
1262
1965
1872
1328
1471
1419
1569
1375
1222
1746
2132
1339
1187
2193
1256
1297
2037
1372
1226
2074
1276
1182
2464
1317
1347
2189
1215
1277
1225
2156
1767
1324
1496
1807
1291
1386
1713
1378
1281
1931
1266
1201
2548
1377
1333
2055
1524
1214
2700
1566
1277
1437
1388
1376
1381
1865
1917
1361
1227
2191
1321
1250
2380
1372
1349
1864
1385
1233
1259
2133
1518
1342
1560
1812
1268
1507
1828
1213
1237
2194
1227
1180
2489
1348
1310
2120
1234
1354
1228
2140
1552
1368
1576
1799
1392
1543
1897
1224
1267
1861
1231
1226
2703
1325
1303
2200
1230
1222
1519
2061
1432
1372
1566
1674
1263
1934
1423
1246
1718
1371
1361
1675
1911
1348
1460
2040
1277
1246
1452
1937
1770
1445
1507
1719
1305
1475
1797
1233
1330
1908
1261
1402
2474
1352
1355
1989
1391
1267
1250
2141
1384
1408
1652
1545
1404
1826
1681
1254
1364
1841
1285
1392
2367
1353
1324
2058
1269
1244
1445
2102
1519
1430
1485
1784
1392
1621
1524
1338
1369
1910
1258
1389
1932
1358
1400
1867
1317
1718
1238
1510
2196
1349
1246
2074
1291
1332
1905
1230
1271
2150
1244
1201
2503
1359
1300
2045
1292
1283
2678
1292
1531
1539
1482
1547
1610
1610
1574
1538
1554
1663
1347
1241
1213
1711
1377
1770
1555
1542
1538
1332
1572
1697
1563
1529
1325
1680
1620
1276
1584
1718
1528
1513
1863
1458
1363
1810
1406
1251
1237
2020
1743
1353
1403
1856
1406
1716
1718
1249
1494
1772
1268
1384
2291
1341
1350
2142
1236
1276
1249
2165
1400
1439
1682
1543
1447
1652
1636
1227
1377
2006
1282
1240
2396
1358
1335
1990
1388
1217
1258
2062
1666
1353
1532
1724
1367
1787
1738
1311
1241
1830
1321
1201
2611
1388
1353
1944
1240
1225
1249
2164
1412
1345
1889
1579
1250
1938
1346
1254
1856
1721
1228
1507
2131
1331
1335
2036
1265
1367
1348
1692
1899
1336
1377
2047
1267
1314
1923
1229
1236
2035
1227
1481
2392
1326
1312
2201
1377
1249
1224
2126
1560
1425
1523
1685
1302
1672
1596
1254
1400
1836
1262
1556
1979
1347
1559
1660
1537
1228
2702
1260
1604
1679
1455
1208
1179
1240
1909
1387
1159
2142
1145
1095
2811
1233
1252
2234
1119
1426
1285
2038
3113
1237
1121
3373
1200
1218
3539
1109
1124
3401
1177
1081
3083
1198
1225
1157
2405
1375
1283
1990
1706
1435
1535
1892
1308
1370
1472
1235
1702
1802
1655
1518
1880
1458
1541
2325
1235
1379
1336
1528
1799
1563
1429
1704
1956
1435
1351
1985
1249
1325
1602
1207
2179
1394
1348
2222
1344
1242
1246
3043
1305
1415
1783
1242
1276
1954
1288
1310
1315
1696
1550
1428
1473
1888
1451
1288
1532
1573
1247
2057
1772
1377
1287
1879
1297
1593
1629
1230
1409
1816
1239
1684
1947
1343
1379
2134
1257
1233
1255
1285
2512
1429
1225
2314
1359
1318
1881
1356
1258
2141
1243
1237
3176
1364
1332
2469
1259
1242
1262
2266
1226
1343
1884
1380
1296
2002
1280
1216
1574
1353
1657
1691
1139
1662
1741
1282
1725
1577
2667
1272
1218
1351
1503
1656
1587
1364
1937
1296
1230
1692
1379
1215
2369
1360
1313
1898
1763
1376
1296
1983
1258
1230
1981
1325
1552
1829
1353
1597
1231
1705
1347
1307
2414
1346
1352
2049
1251
1232
1328
2185
1650
1432
1413
1677
1287
1681
1716
1325
1239
1984
1315
1213
2632
1483
1332
1873
1386
1249
1217
1991
1579
1351
1777
1563
1342
1737
1436
1370
1633
1533
1305
1810
1962
1487
1419
1712
1320
1231
1443
2167
1542
1440
1654
1684
1304
1723
1642
1226
1296
1889
1246
1339
2370
1345
1343
2049
1338
1255
1235
2305
1372
1410
1641
1528
1378
1632
1645
1235
1349
2090
1302
1208
2540
1363
1360
2213
1265
1239
1255
2171
1381
1422
1629
1692
1286
1655
1547
1306
1374
1823
1357
1613
1889
1363
1363
1985
1233
1604
1285
1893
1656
1355
1539
1890
1312
1577
1455
1292
1460
1916
1270
1354
2773
1387
1339
2183
1280
1217
2678
1574
1589
1711
1499
1326
1588
1650
1588
1599
1268
1446
1256
1267
1725
1416
1353
1944
1249
1219
1508
1883
1592
1338
1662
1920
1323
1688
1638
1239
1482
1721
1269
1665
2064
1320
1325
2004
1555
1231
1240
2076
1524
1454
1428
1606
1304
1783
1689
1288
1218
1947
1251
1353
2439
1386
1296
2059
1253
1244
1314
1935
1528
1333
1527
1882
1390
1363
1895
1315
1267
2040
1254
1201
2426
1375
1345
1951
1337
1232
1237
2301
1527
1422
1561
1413
1296
1887
1283
1374
1731
1653
1535
1274
1994
1466
1374
1821
1253
1233
1406
2158
1613
1410
1679
1682
1290
1695
1595
1240
1565
1568
1272
1847
2139
1463
1396
1733
1261
1218
1325
2006
1802
1435
1230
1942
1303
1330
1941
1236
1249
2111
1337
1240
2533
1332
1346
2097
1331
1268
1222
2097
1355
1423
1584
1900
1310
1640
1726
1273
1216
1974
1245
1316
2287
1343
1333
2122
1371
1266
2812
1591
1566
1675
1528
1513
1596
1626
1611
1276
1248
1415
1289
1187
1769
1370
1356
1885
1385
1248
1240
2145
1644
1424
1338
1671
1274
1683
1661
1235
1259
2234
1253
1220
2507
1365
1323
2127
1252
1270
1231
2155
1399
1346
1735
1583
1273
1752
1486
1222
1743
1677
1236
1462
2172
1343
1326
2055
1396
1239
1227
2072
1509
1438
1572
1627
1332
1832
1691
1253
1249
1865
1257
1404
2311
1336
1349
2023
1223
1254
1334
1998
1704
1352
1323
2151
1253
1529
1982
1507
1233
1820
1299
1215
2533
1337
1328
2078
1246
1203
1413
2349
1302
1446
1714
1582
1275
1915
1291
1213
1640
1905
1336
1631
1963
1341
1364
1870
1555
1495
1360
1481
1854
1459
1284
1563
1394
1536
1815
1251
1235
1990
1260
1196
2474
1449
1341
1786
1354
1333
1298
2042
1624
1437
1215
1967
1320
1328
1812
1248
1250
2023
1359
1328
2455
1389
1377
1939
1343
1241
2887
1256
1550
1700
1484
1513
1331
1594
1544
1259
1223
1422
1266
1549
1962
1517
1349
2000
1228
1224
1274
1954
1601
1349
1770
1660
1257
1753
1504
1356
1415
1918
1274
1469
2183
1346
1335
2000
1248
1392
1253
2151
1697
1427
1311
1686
1307
1582
1720
1241
1244
2303
1258
1213
2535
1335
1332
2162
1243
1220
1230
2279
1537
1418
1480
1554
1280
1891
1449
1236
1777
1430
1219
1704
1936
1336
1545
1702
1373
1538
1549
1587
1734
1425
1223
2099
1321
1312
1848
1414
1235
2090
1236
1197
2708
1382
1321
1933
1400
1254
1220
2004
1423
1345
1832
1478
1417
1878
1386
1230
1338
2115
1261
1206
2564
1355
1329
2309
1227
1240
1236
2065
1469
1339
1629
1611
1591
1511
1601
1535
1231
1710
1527
1555
1822
1319
1577
1723
1506
1417
1238
1967
1682
1339
1585
1748
1275
1664
1495
1405
1390
1782
1368
1396
2309
1335
1304
2153
1249
1219
2693
1241
1247
1340
1511
1595
1330
1370
1708
1541
1212
1789
1575
1216
2005
1404
1359
1924
1454
1251
1216
2000
1364
1366
1833
1543
1262
1978
1580
1227
1485
1706
1245
1652
1769
1355
1662
1544
1328
1842
1250
1609
2025
1343
1286
2071
1298
1323
2008
1318
1235
2019
1242
1188
2537
1362
1316
2052
1234
1230
1331
2068
1660
1440
1341
1426
1549
1688
1620
1316
1240
1847
1566
1214
2284
1358
1362
2000
1292
1233
1432
1987
1494
1379
1735
1600
1279
1679
1776
1313
1321
1866
1246
1451
2444
1435
1389
1734
1521
1215
1251
1912
1654
1371
1840
1424
1299
1811
1509
1399
1712
1692
1536
1529
1646
1419
1368
1925
1246
1249
1230
1850
2016
1403
1187
2147
1489
1347
1856
1415
1251
1999
1260
1181
2589
1368
1314
2064
1257
1239
1238
2118
1363
1352
1851
1727
1284
1620
1421
1371
1405
1558
1420
1495
2252
1344
1454
1823
1286
1810
2706
1260
1373
1351
1189
1801
1263
1378
2030
1236
1235
2281
1255
1182
2450
1369
1324
2060
1229
1253
1394
2102
1613
1359
1599
1602
1268
1960
1403
1253
1800
1772
1267
1335
2250
1352
1352
2065
1229
1230
1610
1938
1486
1364
1624
1599
1271
1903
1425
1223
1602
1707
1321
1597
1852
1327
1444
1983
1259
1345
1229
2025
1786
1404
1312
1795
1385
1473
1971
1262
1312
1978
1242
1195
2466
1360
1311
2104
1243
1214
1235
1945
1649
1339
1440
2058
1261
1390
1986
1385
1248
1996
1259
1178
2512
1341
1317
2087
1380
1242
1237
2097
1410
1355
1810
1418
1263
2088
1273
1211
1711
1761
1227
1672
1967
1334
1429
1910
1337
1351
1246
1895
1936
1349
1280
1951
1265
1572
1970
1241
1329
2052
1240
1177
2431
1355
1309
2176
1253
1211
1224
1999
1613
1511
1595
1941
1281
1337
1808
1230
1250
1996
1230
1175
2709
1369
1352
2024
1276
1239
2669
1259
1289
1676
1261
1915
1589
1630
1566
1289
1285
1689
1536
1224
2184
1491
1339
1965
1514
1291
1522
1561
1279
1447
1591
1534
1285
1767
1573
1528
1249
1879
1269
1581
2259
1366
1316
1905
1242
1237
1228
2272
1663
1415
1474
1461
1265
1703
1757
1367
1224
1994
1385
1219
2470
1381
1324
2199
1239
1228
1224
2207
1573
1348
1668
1518
1257
1837
1616
1226
1422
1686
1281
1717
1886
1338
1552
1748
1271
1735
1227
1606
2280
1346
1160
2068
1285
1325
2156
1223
1245
2125
1334
1215
2482
1315
1306
2222
1359
1221
1232
2232
1375
1409
1748
1539
1278
1588
1834
1272
1231
1915
1237
1327
2385
1352
1331
2174
1356
1237
1216
2033
1588
1360
1606
1820
1369
1509
1727
1221
1514
2127
1242
1177
2299
1353
1352
1969
1328
1324
1245
1938
1675
1389
1551
1679
1274
1663
1533
1330
1385
1838
1366
1339
2156
1364
1316
2167
1260
1221
2879
1283
1592
1720
2180
1259
1272
1812
1275
1351
1482
1417
1607
1397
1145
2075
1417
1274
1923
1341
1231
2170
1741
1405
1540
1548
1297
1824
1383
1327
1767
1337
1369
1682
1741
1341
1621
1957
1335
1386
1239
1926
1752
1350
1388
2029
1256
1393
1991
1242
1529
1825
1226
1215
2402
1338
1307
2138
1579
1212
1241
1878
1420
1410
1539
1762
1352
1332
1971
1340
1249
2019
1294
1190
2444
1370
1340
2015
1330
1237
1246
2176
1378
1403
1669
1532
1382
1803
1392
1325
1542
1807
1331
1410
2253
1392
1329
1807
1347
1322
1220
2172
1472
1349
1783
1628
1301
1757
1560
1232
1463
1720
1245
1679
2185
1383
1340
2057
1255
1229
1622
1689
1827
1383
1442
1968
1294
1507
1750
1370
1242
2061
1298
1175
2537
1377
1291
2091
1763
1320
1319
1750
1263
1219
2138
1417
1502
1769
1592
1541
1229
1534
1517
1415
1863
1397
1330
1966
1524
1254
2679
1256
1225
1720
1297
1649
1547
1355
1797
1555
1579
1695
1286
1260
2028
1462
1360
1776
1263
1238
1249
1930
1589
1335
1587
1786
1268
1622
1732
1361
1243
2143
1251
1217
2491
1370
1315
2042
1545
1205
1275
1953
1752
1361
1506
1722
1408
1496
1670
1394
1243
1877
1545
1202
2241
1367
1342
1907
1393
1241
1246
1902
1567
1367
1739
1679
1289
1661
1494
1222
1540
1858
1248
1656
2055
1329
1338
2016
1350
1237
1230
2086
1486
1352
1704
1828
1354
1689
1722
1257
1229
1894
1245
1535
2285
1336
1295
2304
1263
1225
1229
1968
1887
1424
1430
1539
1414
1728
1414
1379
1412
1681
1264
1758
2052
1354
1492
1803
1399
1401
1246
1849
1744
1370
1425
1885
1259
1701
1874
1242
1240
1962
1281
1192
2406
1345
1317
2129
1231
1223
1401
2089
1626
1348
1704
1686
1258
1672
1473
1220
1535
1696
1276
1586
2205
1336
1359
1955
2767
1247
2669
1260
1452
1694
1472
1428
1313
1619
1970
1530
1562
1677
1582
1520
1468
1483
1341
1520
1264
1543
1553
1659
1634
1454
1509
1647
1570
1637
1316
1524
1526
1487
1532
1515
1809
1398
1368
1937
1268
1242
1234
2062
1786
1362
1265
1953
1294
1336
1932
1264
1226
2148
1237
1197
2587
1328
1306
2292
1231
1272
1255
2227
1609
1402
1462
1402
1458
1817
1260
1406
1473
1853
1280
1474
2044
1330
1448
1822
1414
1368
1239
1741
1922
1357
1370
2125
1278
1397
2026
1399
1225
1885
1434
1185
2350
1367
1341
2000
1245
1221
1247
2319
1416
1334
1788
1753
1244
1851
1622
1225
1521
1681
1542
1172
2375
1360
1313
2146
1241
1234
1526
1912
1514
1358
1675
1503
1257
1848
1795
1242
1505
1607
1253
1518
2141
1344
1314
2033
1526
1210
1555
1520
1959
1318
1316
2041
1277
1405
2026
1237
1221
1944
1262
1395
2472
1313
1344
2165
1223
1262
2678
1255
1285
1676
1273
1465
1302
1426
1845
1245
1226
2217
1252
1209
2614
1356
1326
2411
1267
1247
1244
2115
1276
1410
1681
1495
1409
1856
1640
1240
1702
1682
1254
1615
2163
1354
1331
1727
1233
1592
1230
1677
1920
1340
1359
1971
1282
1370
2056
1390
1240
1962
1401
1210
2347
1397
1303
2108
1271
1223
1226
2262
1560
1446
1450
1505
1342
1817
1488
1249
1520
1976
1254
1218
2538
1376
1341
1977
1239
1224
1252
2039
1424
1348
1885
1440
1289
1850
1405
1596
1547
1574
1253
1754
2081
1360
1352
2016
1516
1220
1236
2016
1572
1380
1723
1803
1295
1714
1503
1250
1420
1897
1274
1634
2076
1324
1350
2031
1230
1252
1276
1997
1667
1340
1490
1797
1362
1629
1800
1331
1260
2103
1253
1180
2439
1322
1311
2138
1235
1249
1345
2197
1407
1425
1814
1409
1277
1892
1253
1534
1420
1564
1526
1414
1996
1346
1481
1929
1229
1504
2718
1240
1225
1349
1174
1933
1256
1383
1952
1265
1210
2303
1280
1184
2700
1389
1262
1990
1619
1338
1295
1896
1396
1226
1794
1496
1471
1568
1427
1437
1254
1834
1444
1507
2192
1337
1333
2048
1419
1271
1555
1865
1404
1428
1565
1413
1316
1936
1574
1244
1512
1836
1254
1573
2034
1453
1505
1823
1241
1238
1210
1887
1823
1336
1532
1729
1575
1440
1603
1375
1248
2020
1289
1506
2224
1335
1284
2057
1829
1366
1315
1670
1249
1255
1775
1412
1596
1777
1595
1411
1236
1810
1476
1222
2287
1340
1331
2162
1235
1210
1522
2139
1550
1348
1498
1436
1298
2105
1431
1229
1691
1339
1354
1737
1834
1345
1424
1940
1341
1599
1239
1538
2121
1330
1171
2139
1253
1342
1984
1243
1227
2151
1271
1161
2536
1340
1308
2314
1301
1261
1218
1724
1851
1458
1219
2108
1272
1431
1814
1257
1242
1989
1279
1191
2523
1359
1324
2067
1406
1255
2771
1299
1554
1438
1255
1685
1549
1367
1592
1554
1532
1687
1293
1251
1946
1379
1356
1876
1263
1536
1227
2027
1556
1337
1625
1505
1314
1952
1543
1218
1487
1839
1260
1418
2337
1362
1354
2004
1246
1228
1254
2007
1702
1359
1459
1986
1260
1508
1969
1236
1243
1915
1272
1210
2554
1345
1319
2015
1233
1225
1413
2082
1448
1346
1867
1588
1307
1844
1296
1244
1600
1575
1266
1757
1736
1360
1504
1804
1405
1341
1247
1791
1984
1358
1288
2062
1389
1352
1989
1387
1241
2039
1378
1200
2348
1331
1340
2282
1245
1232
1225
1960
1480
1323
1635
1646
1275
1703
1771
1308
1259
1937
1321
1242
2546
1362
1381
1882
1547
1262
1249
1938
1607
1348
1606
1411
1406
2042
1307
1228
1464
1502
1505
1590
1648
1495
1485
1877
1227
1867
1173
1560
2001
1370
1245
2218
1241
1341
1825
1261
1242
1974
1286
1298
2387
1366
1327
2524
1291
1230
2859
1563
1557
1450
1478
1539
1321
1364
1596
1644
1523
1697
1557
1276
1282
1448
1344
1933
1548
1261
1260
1854
1741
1345
1535
1806
1290
1735
1457
1370
1397
2071
1286
1169
2463
1333
1353
1943
1528
1233
1240
1843
1843
1330
1500
1582
1247
1774
1536
1327
1437
1937
1319
1603
2257
1365
1320
1844
1210
1218
1243
2081
1766
1339
1504
1606
1276
1781
1455
1498
1538
1762
1555
1188
2245
1331
1329
2128
1264
1258
1506
2134
1575
1442
1381
1803
1294
1539
1716
1524
1491
1619
1278
1392
2324
1348
1382
2010
1384
1223
1267
2017
1421
1339
1982
1536
1282
1976
1414
1244
1432
1895
1261
1557
2192
1344
1353
2118
1296
1258
1228
1735
1763
1420
1368
1952
1394
1347
1881
1251
1262
2088
1283
1197
2617
1362
1333
2208
1213
1257
1549
1819
1453
1345
1738
1710
1286
1699
1426
1376
1457
1660
1572
1557
1750
1351
1498
1870
1253
1400
2719
1557
1572
1679
1512
1308
1572
1620
1307
1240
1237
1823
1298
1199
2464
1369
1342
2001
1246
1253
1225
1903
1866
1371
1387
1881
1288
1467
1740
1332
1212
2011
1288
1197
2656
1371
1364
2141
1247
1231
1242
2123
1573
1456
1586
1585
1442
1693
1595
1220
1499
1571
1227
1597
1854
1335
1596
1835
1368
1356
1259
1863
1798
1451
1320
1944
1408
1336
1967
1265
1224
2128
1270
1235
2324
1380
1377
1964
1259
1268
1238
1930
1834
1334
1631
1625
1303
1505
1937
1340
1265
1929
1376
1205
2490
1340
1391
2043
1540
1249
1258
2099
1462
1429
1598
1674
1271
1818
1469
1516
1218
1525
1539
1459
2100
1351
1329
2199
1292
1232
1227
1911
1849
1416
1498
1807
1272
1564
1603
1228
1547
1852
1241
1421
2320
1374
1456
2109
1247
1236
1243
1942
1686
1422
1401
1725
1288
1775
1497
1224
1421
2038
1292
1689
1813
1359
1569
1935
1364
1262
2989
1280
1838
1690
1520
1266
1313
1343
1312
1245
1250
1628
1642
1554
1999
1452
1376
1628
1342
1242
1276
2028
1395
1379
1758
1394
1385
2009
1452
1339
1341
1699
1344
1367
2459
1490
1372
1900
1245
1234
1239
2012
1797
1461
1526
1557
1273
1432
1980
1237
1253
2127
1271
1218
2464
1340
1354
2076
1276
1241
1254
2138
1556
1429
1481
1800
1305
1586
1664
1241
1388
1916
1447
1398
2046
1375
1398
1823
1404
1241
1260
1823
1783
1340
1450
1845
1436
1480
1704
1278
1402
2045
1278
1401
2302
1341
1343
2019
1381
1236
1277
2232
1432
1417
1626
1691
1297
1774
1426
1414
1445
1945
1313
1532
2135
1483
1374
1848
1256
1230
1243
2164
1600
1357
1539
1555
1407
1896
1384
1248
1516
1533
1564
1395
1979
1483
1505
1655
1245
1518
1250
1986
1787
1356
1330
2138
1274
1294
1710
1233
1272
1965
1244
1356
2361
1329
1333
2174
1360
1274
2663
1561
1832
1704
1496
1569
1564
1349
1316
1209
1241
1533
1514
1488
1711
1475
1358
1899
1414
1236
1258
2039
1413
1390
1810
1580
1266
1891
1257
1243
1738
1788
1278
1648
2027
1348
1476
1791
1423
1381
1236
1749
1772
1362
1562
1784
1293
1560
1943
1233
1256
2002
1294
1221
2421
1385
1329
2123
1260
1227
1231
2098
1678
1358
1411
1651
1258
1620
1703
1370
1211
1998
1407
1187
2530
1369
1355
2074
1258
1243
1235
2110
1558
1441
1701
1613
1281
1513
1983
1237
1314
1679
1291
1620
2023
1344
1393
1929
1378
1258
1219
2080
1368
1432
1663
1532
1412
1763
1447
1350
1415
1869
1245
1720
2111
1362
1339
2133
1240
1258
1238
2081
1569
1367
1402
2018
1263
1326
1981
1316
1259
2059
1295
1184
2578
1375
1325
2118
1325
1262
1330
1962
1482
1371
1710
1682
1270
1776
1366
1365
1577
1591
1384
1665
1708
1324
1987
1455
1255
1985
2722
1252
1399
1353
1481
1855
1421
1344
1904
1267
1235
2222
1266
1208
2553
1382
1427
1994
1273
1246
1246
2161
1341
1373
1834
1676
1299
1754
1410
1287
1601
1841
1270
1549
2238
1331
1368
1970
1341
1243
1343
2085
1367
1435
1761
1640
1338
1624
1402
1242
1675
1674
1360
1693
1792
1350
1451
1769
1329
1455
1269
1942
1992
1423
1228
1783
1427
1320
1941
1581
1219
1744
1248
1206
2532
1365
1385
2089
1249
1266
1236
2035
1578
1338
1609
1766
1594
1341
1776
1504
1235
1979
1278
1171
2419
1370
1344
2043
1417
1231
1281
2138
1450
1435
1625
1407
1313
2108
1499
1373
1393
1669
1323
1527
2239
1369
1351
1938
1233
1259
1470
1971
1705
1374
1402
1787
1272
1693
1660
1512
1341
1928
1364
1219
2324
1336
1357
2080
1268
1216
1372
2017
1760
1331
1539
1758
1268
1365
1754
1232
1251
2116
1229
1194
2608
1380
1318
1992
1365
1221
2726
1258
1532
1681
1488
1566
1354
1335
1749
1273
1248
2006
1279
1220
2597
1375
1391
1867
1374
1236
1225
2172
1743
1350
1505
1620
1317
1796
1421
1343
1498
1795
1344
1524
2271
1340
1387
2053
1327
1242
1256
2293
1379
1443
1738
1777
1570
1618
1572
1555
1535
1706
1312
1235
1835
1377
1387
1989
1253
1349
1245
2243
1561
1466
1317
1750
1296
1866
1608
1269
1245
1886
1336
1336
2116
1350
1332
1976
1252
1335
1233
1864
1730
1362
1677
1805
1282
1582
1842
1223
1360
1896
1274
1219
2499
1362
1332
2127
1270
1242
1237
2099
1505
1449
1791
1778
1297
1538
1724
1256
1382
1850
1269
1382
2591
1346
1378
2044
1259
1235
1508
2075
1424
1436
1540
1859
1345
1470
1861
1241
1242
1728
1381
1332
2338
1408
1337
2114
1239
1238
1255
1939
1446
1437
1782
1693
1283
1586
1579
1254
1390
1962
1252
1544
2029
1365
1328
2067
1280
1239
2698
1540
1267
1691
1488
1279
1280
1336
1813
1217
1247
2209
1292
1218
2516
1396
1368
1789
1238
1543
1387
1909
1399
2302
1186
1241
3192
1383
1309
2645
1235
1332
2765
1211
1173
2572
1345
1274
1464
1716
1532
1520
2139
1449
1225
2633
1336
1350
2059
1222
1236
2222
1261
1235
3250
1331
1341
2497
1274
1235
1450
1840
1232
1394
1803
1227
1463
1829
1280
1468
1552
1380
1554
1793
1160
1694
1619
1250
1757
1597
1234
1733
2031
1350
1328
2022
1300
1406
2057
1249
1219
1744
1304
1196
2435
1364
1360
1876
1269
1343
1273
1535
2153
1432
1248
1791
1337
1330
2149
1249
1245
1988
1296
1202
3021
1356
1388
2335
1259
1208
1588
2620
1283
1453
1739
1233
1446
1855
1270
1228
1435
1337
1801
1590
1171
1765
1652
1242
1746
1393
1245
2217
1604
1427
1353
1769
1294
1614
1752
1257
1430
1535
1296
1657
1895
1373
1459
1730
1287
1463
2767
1363
1556
1554
1491
1531
1592
1696
1331
1390
1228
1272
2034
1232
1538
1921
1389
1359
1866
1282
1261
2156
1780
1339
1563
1526
1371
1861
1686
1252
1258
1889
1254
1322
2491
1332
1377
2099
1352
1246
1309
2241
1294
1431
1516
1548
1616
1550
1583
1220
1539
1846
1254
1382
2183
1331
1351
2150
1262
1235
1217
2142
1619
1352
1619
1604
1267
1951
1532
1213
1404
1811
1365
1399
2132
1388
1337
2222
1222
1237
1242
1952
1639
1345
1496
1489
1427
1866
1304
1388
1532
1484
1470
1777
1891
1538
1309
2006
1212
1215
1499
1854
1527
1312
1772
1538
1409
2056
1414
1241
1376
1859
1238
1545
1864
1361
1488
1736
1397
1404
1272
1796
1783
1326
1462
1896
1261
1529
2013
1221
1265
1897
1450
1203
2327
1369
1325
2125
1230
1238
1246
2060
1820
1347
1452
1706
1260
1512
1656
1260
1237
2009
1282
1198
2744
1454
1358
2037
2318
1252
2703
2508
1257
1358
2853
1243
1276
2009
1449
1250
1528
1839
1274
1672
1882
1358
1477
1931
1269
1286
1239
2150
1589
1534
1434
1575
1332
1786
1789
1279
1217
1807
1282
1514
2146
1350
1619
2056
1240
1261
1241
1995
1444
1422
1534
1786
1308
1530
1880
1239
1254
1906
1304
1219
2438
1365
1363
2117
1250
1237
1273
2245
1611
1460
1512
1429
1282
1964
1303
1233
1510
1946
1544
1224
1937
1357
1662
1724
1239
1504
1222
1604
1900
1380
1331
2062
1305
1393
1796
1260
1228
2192
1243
1198
2647
1346
1363
2080
1252
1230
1235
2320
1440
1444
1749
1651
1314
1898
1565
1217
1522
1691
1285
1522
2318
1367
1360
1946
1507
1275
1246
1804
1416
1390
1869
1437
1464
1963
1512
1239
1530
1909
1302
1412
2015
1387
1494
1953
1264
1228
1257
2008
1612
1371
1563
1960
1281
1533
1728
1491
1234
1609
1544
1512
1859
1393
1368
1929
1253
1247
2686
1297
1543
1668
1508
1296
1568
1585
1346
1267
1242
1837
1304
1226
2476
1390
1364
2199
1247
1250
1213
1997
1565
1362
1783
1669
1275
1845
1457
1247
1752
1549
1270
1865
1852
1335
1399
2005
1239
1527
1219
1839
1567
1367
1631
1672
1298
1808
1696
1272
1391
1793
1280
1415
2247
1335
1316
2283
1271
1240
1247
2040
1460
1437
1595
1814
1309
1536
2027
1540
1534
1682
1531
1468
1441
1456
1395
1367
1531
1533
1273
1982
1333
1431
1398
1593
1593
1605
1612
1527
1557
1687
1300
1203
1583
1412
1407
1853
1431
1242
1253
2077
1418
1449
1897
1713
1391
1869
1579
1521
1520
1457
1518
1500
1677
1668
1431
1593
1564
1535
1514
1276
1895
1746
1477
1521
1579
1597
1593
1269
1241
1664
1527
1512
1701
1444
1378
2033
1344
1242
1231
2058
1764
1365
1484
1758
1312
1639
1651
1316
1234
1691
1399
1334
2120
1344
1642
1864
1529
1218
2687
1252
1241
1679
1468
1299
1570
1574
1565
1535
1277
1589
1489
1239
2402
1497
1369
1685
1248
1239
1014
1603
1555
785
2179
1751
1047
1848
1756
1246
1239
2144
1164
1283
2675
1038
1224
2554
1218
808
1715
2193
1500
1092
2197
1365
972
2402
1430
1113
1578
1925
1067
1656
2391
1326
1375
2155
1318
1226
1254
2095
1779
1419
1279
1847
1282
1639
1900
1255
1221
1872
1279
1476
2262
1344
1382
2034
1229
1236
1379
1871
1571
1335
1535
1918
1272
1406
2024
1378
1262
1978
1274
1182
2498
1356
1395
1969
1375
1214
1253
2179
1446
1322
1923
1266
1280
2098
1312
1233
1603
1754
1270
1557
2199
1332
1413
2013
1252
1490
1210
1995
1628
1336
1459
1881
1251
1576
1718
1262
1377
1829
1261
1235
2433
1317
1375
2200
1285
1215
1265
2263
1405
1426
1787
1622
1310
1464
1710
1292
1529
1753
1509
1494
1904
1427
1387
1856
1371
1240
2663
1299
1243
1352
1316
1708
1586
1532
1765
1566
1609
1689
1537
1493
1476
1441
1352
1543
1537
1525
1522
1579
1567
1682
1488
1298
1606
1630
1640
1509
1302
1678
1543
1484
1858
1472
1635
1619
1513
1516
1268
1559
1612
1453
1477
1606
1594
1597
1481
1548
1538
1673
1533
1278
2046
1498
1397
1779
1329
1248
1442
2039
1365
1393
1691
1537
1271
1893
1554
1285
1495
1660
1285
1649
2192
1366
1340
1854
1340
1225
1221
1927
1698
1439
1281
1902
1313
1374
1907
1370
1230
2048
1254
1485
2305
1341
1349
2226
1228
1222
1228
1899
1530
1332
1567
1989
1269
1533
1974
1255
1251
1820
1272
1179
2576
1348
1328
2007
1388
1254
1244
1994
1673
1319
1616
1700
1293
1706
1668
1353
1258
1555
1592
1381
1897
1403
1349
2343
1238
1218
1229
2191
1510
1382
1497
1997
1275
1512
1752
1232
1365
1636
1427
1385
2298
1341
1385
2494
1258
1251
2679
1529
1570
1456
1471
1264
1327
1328
1602
1551
1533
1708
1517
1500
1674
1455
1393
1844
1369
1246
1461
2000
1410
1404
1663
1455
1329
2084
1318
1247
1545
1850
1321
1786
1533
1438
1642
1454
1285
1523
1260
1755
1991
1341
1491
1997
1312
1308
1957
1378
1279
1831
1566
1201
2200
1361
1318
2253
1273
1249
1252
2057
1635
1425
1346
1617
1312
1768
1471
1228
1522
2024
1257
1231
2548
1370
1356
2033
1247
1230
1478
2083
1501
1385
1449
1777
1307
1732
1481
1375
1622
1645
1245
1525
2116
1383
1347
1841
1391
1224
1273
2024
1589
1446
1430
1796
1319
1626
1793
1267
1370
1878
1234
1343
2591
1367
1341
1961
1369
1239
1240
1941
1474
1346
1849
1761
1244
1579
1584
1211
1273
2180
1278
1186
2503
1317
1338
2077
1218
1233
1496
2030
1426
1430
1681
1577
1320
1746
1313
1410
1412
1774
1389
1398
1876
1388
1540
1939
1267
1494
2665
1231
1228
1376
1424
1780
1282
1561
1779
1388
1224
2049
1296
1187
2622
1370
1314
2105
1623
1338
1319
1876
1318
1263
1754
1530
1361
1722
1554
1484
1235
1835
1311
1417
2332
1334
1344
2135
1230
1241
1299
2200
1356
1445
1755
1344
1298
2012
1581
1260
1325
1843
1309
1484
2054
1354
1314
2041
1324
1268
1239
2059
1530
1429
1570
1674
1335
1556
1721
1372
1242
2041
1262
1378
2256
1371
1320
1986
1248
1356
1250
2036
1572
1445
1472
1681
1385
1602
1796
1243
1280
1904
1356
1349
2347
1374
1369
1990
1252
1216
1523
1939
1618
1384
1531
1758
1289
1829
1668
1227
1432
1647
1365
1582
2008
1329
1457
1924
1412
1388
1251
1819
1890
1342
1449
1921
1373
1346
1700
1329
1243
2167
1271
1230
2718
1349
1362
1881
1250
1252
1359
1886
1751
1355
1260
1981
1375
1364
1680
1267
1243
2019
1265
1184
2630
1326
1367
2091
1363
1226
2739
1306
1537
1708
1277
1541
1595
1358
1573
1557
1317
1458
1269
1256
2002
1362
1403
1817
1363
1311
1280
2141
1440
1362
1621
2588
1299
1288
3332
1252
1245
2427
1257
1229
1949
1618
1318
1438
1931
1289
1232
2141
1413
1327
1848
1541
1310
1711
1607
1339
1238
2104
1288
1191
2477
1346
1331
2118
1240
1285
1380
1975
1508
1373
1769
1395
1273
2058
1260
1383
1385
1935
1385
1403
2168
1339
1347
2134
1383
1286
1267
2059
1506
1366
1509
1749
1284
1726
1435
1424
1639
1803
1316
1199
2356
1362
1352
2116
1253
1238
1257
1794
1802
1331
1589
1950
1285
1295
1806
1223
1257
2068
1284
1180
2683
1375
1348
2023
1326
1266
1302
1953
1444
1343
1762
1454
1374
1884
1372
1319
1544
1752
1283
1575
1711
1332
1805
1537
1313
1613
1228
1572
2196
1367
1249
2194
1286
1346
1895
1388
1259
1846
1333
1185
2518
1387
1343
1984
1238
1253
2691
1536
1599
1684
1471
1364
1567
1629
1560
1565
1312
1471
1531
1515
1259
1698
1618
1561
1277
1537
1594
1391
1339
1434
1737
1568
1288
1687
1534
1244
1592
1687
1233
1727
1918
1365
1357
1928
1332
1352
1327
2002
1473
1356
1737
1759
1371
1958
1394
1276
1432
2043
1296
1240
2117
1367
1344
1963
1254
1255
1237
1989
1623
1378
1475
1881
1562
1525
1578
1490
1235
1846
1288
1185
2483
1394
1349
1829
1408
1223
1263
2140
1349
1430
1767
1390
1292
2078
1287
1504
1565
1570
1503
1431
1987
1364
1311
1882
1226
1396
1241
1929
1726
1344
1535
1953
1278
1614
1658
1249
1524
1826
1280
1510
2221
1383
1367
1968
1454
1264
1278
2027
1397
1338
1670
1681
1292
1738
1620
1255
1403
2119
1276
1203
2353
1378
1342
2013
1244
1272
1527
1953
1768
1334
1310
1938
1265
1504
1733
1222
1533
1758
1281
1533
1993
1329
1327
2086
1424
1820
2700
1244
1223
1337
1185
1940
1293
1307
1986
1249
1238
2009
1284
1173
2574
1347
1306
2041
1286
1370
1235
2070
1469
1432
1580
1601
1392
1739
1795
1283
1290
1728
1350
1234
2453
1363
1416
1977
1284
1230
1532
2137
1514
1350
1457
1379
1297
2088
1312
1252
1588
1724
1275
1587
1923
1350
1627
1552
1507
1556
1227
1636
1896
1309
1310
2003
1288
1472
2055
1229
1231
1861
1304
1206
2688
1472
1400
1837
1248
1257
1246
1815
1586
1360
1686
1805
1281
1503
1898
1241
1274
2108
1278
1206
2448
1358
1327
2069
1268
1375
1236
2167
1415
1360
1823
1382
1257
1998
1417
1382
1464
1798
1299
1699
2005
1325
1306
1956
1232
1527
1271
2006
1576
1446
1454
1849
1317
1761
1443
1462
1538
1689
1588
1514
1845
1482
1352
1724
1247
1242
1500
1766
1561
1368
2024
1687
1317
1471
1448
1617
1542
1716
1518
1503
1931
1465
1351
1608
1587
1382
3008
1631
1530
1706
1501
1554
1570
1598
1345
1238
1251
1420
1236
1229
1765
1379
1317
1982
1518
1278
1254
1837
1385
1418
1843
1397
1271
2013
1582
1229
1414
1951
1238
1651
2145
1347
1319
1930
1262
1254
1245
2230
1554
1404
1475
1605
1284
1752
1630
1362
1230
2195
1276
1200
2520
1358
1348
1902
1236
1223
1329
2262
1528
1335
1684
1573
1237
1825
1491
1239
1609
1503
1376
1671
1880
1340
1486
1964
1235
1584
1233
1914
1575
1321
1342
1990
1301
1428
2108
1270
1227
1926
1415
1510
2110
1322
1326
2127
1261
1272
1216
2109
1464
1336
1713
1788
1310
1645
1786
1232
1221
2054
1268
1400
2354
1331
1345
2146
1257
1252
1472
2050
1400
1456
1575
1695
1309
1709
1679
1209
1346
1915
1281
1348
2218
1362
1353
1878
1334
1338
1240
1926
1718
1338
1522
1740
1286
1813
1366
1230
1537
1930
1263
1401
2256
1365
1301
2009
1273
1222
2689
1241
1521
1456
1451
1536
1213
1616
1726
1539
1543
1693
1630
1498
1829
1942
1531
1562
1298
1426
1348
1410
1550
1520
1739
1251
1540
1800
1482
1378
1230
2014
1524
1223
1929
1518
1349
1816
1436
1249
1247
1983
1421
1415
1612
1575
1307
1775
1594
1240
1416
1953
1306
1391
2273
1341
1344
2021
1224
1381
1267
1944
1663
1348
1329
1780
1435
1579
1879
1258
1251
2023
1400
1187
2325
1328
1339
2064
1277
1267
1476
2205
1446
1427
1360
1554
1309
1881
1507
1390
1644
1791
1248
1581
2052
1337
1316
2172
1232
1221
1269
2238
1568
1423
1542
1635
1315
1706
1681
1214
1414
1910
1255
1665
1991
1363
1382
1891
1236
1249
1446
1961
1542
1425
1394
1794
1600
1331
1761
1428
1238
1908
1256
1191
2575
1361
1374
2174
1247
1245
1369
2050
1437
1327
1583
1694
1296
1695
1623
1503
1273
1534
1531
1556
1790
1366
1452
1883
1401
1366
2687
1278
1613
1682
1258
1285
1572
1342
1306
1630
1270
1769
1561
1231
2292
1371
1370
1968
1236
1252
1259
1883
1900
1346
1363
1955
1270
1724
1774
1259
1510
1651
1270
1533
2211
1358
1364
2040
1269
1247
1257
2131
1552
1422
1838
1533
1286
1535
1686
1228
1533
1818
1251
1406
2416
1342
1328
2043
1381
1225
1238
1945
1462
1338
1792
1533
1544
1579
1583
1209
1522
1934
1305
1419
2176
1340
1361
2003
1235
1386
1272
1566
2022
1432
1247
2558
1300
1359
2365
1241
1225
2881
1273
1205
3199
1332
1362
1970
1259
1233
1527
1832
1531
1369
1700
1432
1417
1961
1429
1235
1438
1766
1246
1597
2261
1323
1361
1853
1518
1222
1260
1857
1652
1366
1599
1790
1292
1591
1831
1217
1256
2101
1280
1413
2153
1368
1346
1977
1246
1360
1227
1990
1676
1335
1482
1830
1291
1553
1795
1237
1247
1979
1339
1219
2500
1372
1314
2073
1296
1231
2937
1822
1255
1422
1511
1240
1291
1971
1306
1497
1516
1656
1516
1403
2021
1335
1474
2111
1258
1234
1248
2088
1846
1376
1382
1823
1271
1717
1641
1228
1592
1514
1301
1880
1962
1349
1360
1980
1388
1246
1236
1975
1405
1430
1521
1798
1342
1358
1959
1263
1228
2108
1330
1229
2324
1353
1349
2098
1499
1256
1227
1948
1431
1458
1522
1690
1585
1526
1646
1230
1526
1783
1398
1251
2139
1351
1360
2031
1537
1214
1265
1857
1811
1346
1493
1965
1275
1425
1600
1382
1374
1997
1281
1404
2334
1368
1370
1990
1233
1251
1259
2245
1398
1363
1526
1830
1269
1634
1866
1223
1255
1966
1268
1214
2458
1372
1341
2034
1278
1256
1446
1910
1460
1366
1790
1627
1277
1853
1300
1260
1580
1788
1291
1705
1944
1346
1348
1963
1371
1228
1241
2001
1603
1418
1416
2025
1301
1699
1657
1247
1236
1910
1237
1382
2328
1342
1343
2021
1227
1224
2900
1535
1515
1682
1278
1524
1545
1383
1298
1246
1274
1839
1273
1227
2471
1361
1360
2007
1552
1243
1237
2066
1454
1447
1560
1431
1278
1878
1461
1209
1541
1540
1520
1588
1915
1348
1643
2111
1292
1223
1240
1969
1612
1437
1555
1837
1309
1500
1697
1252
1412
1785
1234
1461
2491
1465
1350
1807
1274
1253
1796
1644
1568
1428
1361
1624
1325
1543
2041
1277
1239
1962
1256
1217
2475
1335
1390
2128
1403
1268
1231
2051
1363
1443
1656
1787
1291
1789
1450
1267
1453
2086
1325
1464
1696
1412
1431
1872
1271
1336
1247
2251
1535
1434
1617
1559
1284
1773
1764
1251
1251
1743
1356
1375
2191
1372
1377
2038
1236
1300
1234
2203
1572
1341
1714
1609
1300
1760
1575
1231
1331
1902
1329
1354
2386
1356
1337
2094
1255
1247
1441
1801
1587
1360
1740
1719
1319
1509
1886
1213
1521
1554
1283
1631
2042
1361
1358
2007
1388
1254
2691
1270
1291
1675
1259
1569
1609
1599
1567
1271
1535
1425
1292
1498
2226
1428
1376
1898
1237
1250
1240
2108
1470
1423
1502
1852
1288
1707
1496
1378
1280
1942
1309
1215
2513
1351
1327
2095
1249
1244
1525
1944
1656
1335
1531
1579
1287
1753
1443
1236
1530
1856
1563
1215
2009
1372
1335
2269
1308
1223
1246
1706
1666
1453
1412
1877
1293
1438
1775
1250
1396
1952
1246
1424
2290
1363
1366
2011
1404
1255
1238
2132
1548
1456
1542
1460
1290
1823
1661
1230
1521
1858
1279
1508
2253
1349
1351
2227
1248
1252
1245
2126
1448
1425
1658
1534
1257
1906
1587
1214
1604
1745
1268
1728
1896
1372
1387
1822
1345
1323
1256
1786
1870
1358
1296
1888
1267
1679
1865
1184
1188
2115
1305
1144
2587
1388
1297
2025
1517
1346
1307
1927
1400
1249
1716
1625
1623
1504
1309
1664
1226
1528
1848
1212
1930
1682
1342
1685
1407
1251
2675
1586
1523
1496
1244
1543
1355
1325
1278
1217
1542
1755
1405
1669
1794
1336
1632
2016
1261
1246
1239
1676
1728
1406
1628
1831
1255
1588
1840
1230
1266
1887
1289
1717
2025
1318
1311
2059
1597
1220
1228
1867
1563
1337
1623
1703
1296
1701
1828
1246
1227
2026
1380
1192
2422
1359
1359
1943
1233
1256
1476
2142
1482
1432
1387
1643
1295
1828
1799
1271
1276
1996
1266
1227
2648
1336
1330
2127
1243
1221
1257
1974
1455
1351
1827
1619
1297
1849
1501
1241
1564
1770
1290
1616
2201
1360
1332
1974
1320
1255
1454
1936
1436
1457
1472
1808
1301
1563
2118
1240
1257
1696
1599
1199
2058
1493
1385
2021
1245
1246
1238
1897
1547
1365
1723
1739
1240
1659
1415
1385
1535
1869
1542
1226
2178
1477
1353
1537
1400
1398
1290
1925
1581
1448
1377
1976
1286
1533
1514
1278
1450
1777
1279
1376
2318
1342
1331
2065
1256
1224
2777
1272
1530
1452
1466
1527
1512
1650
1581
1531
1540
1447
1783
1521
1673
1566
1368
1550
1241
1231
1221
2236
1544
1446
1838
1630
1279
1587
1693
1258
1543
1670
1263
1615
2203
1349
1345
1970
1420
1245
1500
1941
1779
1377
1516
1613
1333
1861
1621
1237
1548
1900
1265
1179
2284
1347
1345
2156
1261
1254
1604
1979
1414
1379
1387
1817
1303
1602
1823
1240
1227
2173
1299
1213
2476
1348
1343
1988
1436
1258
1250
2244
1431
1417
1519
1446
1312
1895
1282
1524
1545
1581
1571
1441
2087
1355
1480
1892
1232
1379
1238
2080
1676
1353
1487
1658
1249
1748
1627
1268
1530
1792
1245
1546
2115
1359
1323
2009
1272
1258
1533
1790
1532
1345
1482
2036
1282
1332
2030
1244
1247
1959
1259
1187
2762
1327
1381
1945
1522
1243
1246
1833
1473
1369
1840
1698
1250
1864
1626
1244
1512
1927
1240
1157
2438
1332
1327
2218
1265
1259
2660
1228
1565
1678
1304
1526
1323
1375
1701
1529
1253
1600
1296
1417
2225
1368
1372
2142
1236
1260
1253
2012
1481
1420
1583
1543
1382
1584
1696
1349
1246
2051
1343
1209
2594
1382
1351
2058
1261
1230
1228
2217
1709
1414
1483
1621
1316
1591
1698
1225
1473
1672
1371
1343
2178
1361
1401
1966
1340
1341
1230
1954
1637
1443
1478
1948
1334
1538
1692
1244
1227
1992
1242
1230
2480
1353
1333
2263
1252
1247
1216
1975
1449
1437
1558
1771
1268
1433
1917
1238
1229
2207
1329
1194
2507
1335
1326
2211
1275
1265
1574
1889
1441
1443
1544
1511
1482
1733
1489
1391
1492
1661
1558
1486
1768
1473
1624
1547
1240
1540
1230
1776
1896
1476
1348
1796
1304
1506
1814
1388
1229
2039
1254
1213
2450
1361
1343
2068
1238
1279
1270
1873
1857
1384
1656
1742
1273
1386
1650
1304
1307
1723
1365
1371
2320
1336
1349
2180
1243
1263
3086
1516
1588
1496
1464
1518
1352
1615
1641
1255
1232
1441
1287
1473
1565
1667
1670
1561
1526
1290
1526
1653
1491
1698
1905
1278
1350
3096
1287
1281
2814
1442
1279
3035
1157
1360
2729
1261
1222
2465
1254
1239
1445
1796
1339
1244
2101
1348
1266
2023
1226
1375
1799
1218
1286
2078
1380
1289
1834
1317
1227
2468
1512
1423
1476
2023
1283
1569
1558
1382
1397
1699
1414
1416
1966
1505
1323
1935
1572
1219
1239
1830
1814
1412
1382
1644
1325
1561
1827
1243
1380
2092
1285
1216
2290
1340
1317
2054
1267
1259
1242
2195
1412
1422
1788
1610
1304
1641
1794
1241
1248
1926
1296
1233
2496
1339
1365
2042
1291
1348
1242
2110
1376
1416
1657
1552
1374
1772
1599
1326
1344
1933
1245
1334
2408
1490
1370
1706
1269
1240
1453
2177
1554
1438
1438
1682
1396
1761
1405
1330
1409
1633
1287
1755
2053
1344
1356
2039
1258
1221
2803
1239
1576
1702
1489
1520
1425
1597
1579
1522
1543
1427
1523
1514
1653
1647
1404
1740
1585
1522
1511
1380
1539
1679
1380
1561
1581
1596
1600
1280
1571
1698
1532
1233
1808
1416
1364
1811
1354
1259
1244
1978
1612
1342
1562
1853
1269
1516
1736
1548
1233
2133
1248
1187
2287
1334
1346
2057
1245
1259
1262
2186
1605
1422
1484
1429
1458
1745
1441
1218
1542
1965
1517
1211
2090
1331
1347
2146
1261
1231
1449
1986
1343
1386
1831
1445
1299
1894
1464
1236
1659
1559
1426
1605
1835
1365
1597
1694
1570
1560
1231
1591
1826
1358
1515
1911
1348
1391
1863
1245
1235
2072
1287
1368
2310
1339
1341
2045
1560
1250
1234
2033
1545
1372
1471
1567
1251
1748
1741
1244
1232
2165
1293
1201
2567
1313
1340
2028
1215
1235
1398
2199
1465
1433
1589
1623
1282
1536
1489
1457
1366
1778
1331
1381
2383
1453
1394
1649
1243
1500
2968
1574
1559
1670
1464
1289
1303
1335
1615
1510
1255
1948
1541
1192
2271
1399
1315
1979
1226
1266
1398
2017
1645
1366
1460
1736
1288
1599
1817
1218
1264
2161
1229
1535
2304
1358
1356
2028
1268
1838
1233
1561
2462
1440
1215
2459
1295
1310
3171
1217
1247
2789
1226
1203
1955
1592
1303
1460
1546
1376
1235
2014
1449
1325
1755
1793
1280
1742
1470
1398
1415
1815
1289
1480
2121
1493
1354
1799
1279
1254
1248
2072
1727
1358
1473
1775
1288
1519
1633
1401
1373
1794
1284
1558
2122
1360
1354
2028
1418
1237
1212
2177
1668
1340
1741
1438
1313
1966
1624
1231
1388
1795
1274
1687
2021
1343
1331
1775
1392
1352
1220
1834
1804
1335
1468
1920
1349
1342
1860
1325
1352
2058
1281
1208
2443
1339
1330
2133
1238
1235
1330
2085
1557
1321
1576
1727
1571
1435
1506
1403
1243
1949
1406
1195
2400
1339
1309
2170
1242
1232
2839
1253
1249
1336
1562
1421
1414
1886
1296
1353
1798
1401
1457
1591
1895
1398
1620
1998
1239
1525
1209
1648
2166
1360
1212
1737
1292
1507
1866
1216
1430
1877
1276
1385
2472
1325
1345
2201
1252
1225
1228
1921
1564
1333
1589
2013
1275
1504
1910
1239
1218
1940
1431
1180
2622
1331
1334
1846
1375
1264
1232
2009
1454
1352
1676
1503
1415
1848
1421
1245
1552
1954
1279
1386
2142
1363
1299
1918
1351
1342
1222
1998
1607
1340
1570
1676
1362
1582
1691
1323
1349
2081
1252
1354
2407
1345
1294
2122
1228
1239
1391
1767
1813
1322
1499
1722
1536
1522
1533
1217
1588
2133
1512
1261
2126
1481
1348
1780
1401
1241
1254
1996
1557
1343
1667
1628
1281
1785
1290
1237
1675
1751
1328
1607
1918
1328
1458
1785
1364
1344
1220
1840
1898
1322
1352
2025
1353
1527
1755
1239
1517
1860
1236
1208
2413
1324
1327
2251
1220
1240
2665
1252
1598
1679
1490
1287
1293
1347
1496
1554
1270
1943
1532
1236
2087
1472
1344
2002
1232
1252
1253
1986
1601
1338
1737
1646
1276
1883
1611
1236
1403
1530
1449
1411
1942
1380
1364
2180
1252
1226
1251
1882
1727
1366
1399
1964
1261
1631
1874
1239
1238
1989
1255
1183
2501
1379
1341
2253
1269
1236
1329
1904
1481
1336
1568
1759
1266
1817
1757
1223
1237
1914
1275
1207
2668
1348
1324
2196
1340
1234
1243
2000
1454
1337
1775
1468
1360
2130
1405
1224
1557
2117
1248
1517
2195
1312
1302
2141
1536
1217
1229
1817
1582
1330
1715
1565
1250
1951
1460
1252
1449
1987
1255
1420
2339
1344
1297
2037
1232
1327
1273
2085
1668
1422
1347
1644
1396
1600
1849
1304
1241
1938
1338
1210
2479
1352
1328
2094
1260
1229
1330
2019
1570
1370
1608
1483
1284
2022
1266
1206
1864
1419
1265
1758
1861
1338
1498
1575
1436
1815
2706
1263
1232
1323
1509
1686
1349
1616
1884
1559
1533
1486
1563
1494
1827
1399
1392
1971
1543
1228
1221
1819
1563
1352
1508
1780
1270
1405
1874
1266
1241
2055
1311
1179
2510
1366
1323
2046
1244
1219
1595
1875
1595
1321
1621
1400
1430
1986
1301
1505
1564
1551
1280
1534
1817
1400
1493
1907
1230
1535
1225
1847
1929
1350
1463
1762
1313
1379
1953
1215
1246
2136
1238
1181
2634
1358
1314
2064
1248
1250
1232
1985
1783
1320
1418
1764
1286
1636
1559
1245
1521
1793
1586
1509
1808
1566
1332
2054
1228
1265
1232
2028
1554
1310
1795
1600
1240
1987
1295
1246
1511
1754
1222
1739
1845
1314
1736
1429
1449
1668
1529
1558
1673
1692
1480
1554
1570
1378
1975
1304
1263
1561
1242
1543
2325
1477
1355
1797
1280
1246
1235
2241
1602
1434
1412
1595
1459
1619
1374
1331
1339
1908
1552
1220
2249
1340
1303
2212
1251
1222
2683
1252
1216
1444
1320
1621
1921
1317
1435
1914
1236
1394
1958
1404
1660
1750
1329
1598
1632
1222
1232
1883
1680
1346
1577
1983
1273
1783
1646
1252
1308
1862
1296
1327
2547
1322
1322
1970
1323
1271
1260
1977
1500
1337
2992
1273
1303
1848
1291
1239
1537
1970
1247
1522
2381
1362
1356
1776
1410
1241
1234
2032
1577
1335
1695
1747
1280
1607
1724
1257
1393
1868
1310
1415
2224
1344
1352
1934
1416
1266
1253
2010
1561
1421
1489
1614
1328
1719
1755
1244
1408
1839
1281
1409
2360
1360
1351
2057
1250
1238
1244
2220
1509
1458
1488
1593
1262
1808
1607
1240
1237
2095
1294
1225
2548
1367
1350
2058
1267
1235
1453
2010
1342
1358
1879
1618
1265
1957
1374
1322
1630
1542
1278
1700
2066
1362
1308
2018
1549
1227
1221
1761
1805
1361
1419
1985
1360
1470
1722
1265
1239
1870
1288
1478
2298
1349
1355
2108
1268
1267
2684
1558
1523
1668
1287
1531
1595
1602
1553
1547
1533
1697
1597
1260
1184
1415
1383
1508
1609
1539
1285
1672
1573
1683
1901
1549
1548
1616
1587
1520
1287
1450
1272
1251
1873
1458
1637
1526
1277
1553
1233
1440
2371
1356
1184
1976
1272
1403
2040
1242
1234
2290
1285
1234
2596
1345
1345
2188
1255
1224
1233
1882
1815
1332
1278
1754
1300
1505
2060
1211
1257
1979
1300
1174
2573
1327
1337
2073
1547
1238
1223
1947
1401
1320
1791
1474
1350
1900
1506
1233
1576
1831
1255
1581
2187
1366
1318
1999
1407
1264
1230
2134
1363
1348
1909
1580
1275
1894
1424
1239
1577
1796
1292
1662
2082
1337
1468
1867
1261
1549
1215
1762
1724
1328
1543
1991
1311
1399
1873
1238
1247
2389
1283
1164
2407
1357
1315
2062
1218
1238
1560
1947
1553
1330
1684
1589
1282
1771
1378
1318
1507
1569
1309
1703
2073
1361
1348
2061
1290
1243
2679
1237
1241
1708
1243
1826
1626
1603
1565
1530
1545
1428
1269
1241
2204
1380
1366
1853
1251
1258
1441
1941
1424
1443
1401
1863
1373
1396
1859
1285
1256
2164
1262
1203
2467
1333
1352
2075
1412
1245
1217
1960
1408
1343
1824
1408
1274
2028
1458
1257
1896
1892
1351
1494
1897
1673
1595
1321
1536
1519
1317
1376
1621
1440
1375
1654
1468
1576
1753
1251
1246
1999
1243
1438
2358
1375
1322
1947
1251
1216
1236
2095
1577
1338
1460
1936
1299
1390
1854
1247
1244
2144
1237
1182
2592
1319
1400
2036
1226
1220
1531
1957
1424
1334
1968
1393
1284
2151
1305
1254
1625
1763
1260
1528
1682
1345
1630
1725
1414
1424
1250
1915
1859
1415
1230
2144
1300
1360
1861
1375
1253
2056
1289
1211
2492
1367
1315
2154
1253
1248
1343
2113
1438
1439
1494
1818
1301
1551
1620
1264
1262
2000
1246
1229
2424
1363
1338
2017
1219
1237
2835
1277
1568
1442
1232
1572
1557
1905
1552
1526
1277
1693
1513
1248
1547
1491
1557
1753
1311
1220
1244
1707
1931
1409
1543
1866
1295
1492
1780
1214
1244
2105
1230
1217
2589
1334
1380
2105
1276
1244
1377
1912
1587
1353
1558
1752
1326
1565
1795
1256
1254
2086
1237
1224
2531
1325
1361
2173
1255
1234
1469
2023
1364
1433
1628
1513
1389
1938
1649
1252
1333
2172
1267
1516
2262
1337
1352
1276
1992
1544
1262
1878
1241
1433
1800
1232
1392
2077
1264
1314
1537
1344
1548
1827
1161
1705
1658
1246
1684
1689
1250
1743
1988
1348
1443
1885
1254
1514
1842
1536
1226
1999
1268
1210
2514
1345
1351
2105
1243
1218
1227
2003
1456
1342
1705
1706
1266
1720
1695
1269
1248
2058
1239
1473
2562
1437
1370
1880
1250
1232
1614
1733
1481
1365
1787
1596
1295
1757
1562
1237
1517
1855
1264
1388
2373
1351
1327
2002
1381
1229
2693
1268
1227
1391
1329
2457
1363
1309
1824
1423
1241
1950
1260
1198
2663
1382
1371
1848
1236
1260
1698
1897
1431
1437
1563
1679
1277
1689
1691
1234
1254
1963
1273
1212
2539
1327
1309
2090
1247
1246
1470
2056
1372
1404
1760
2469
1291
1347
2006
1279
1249
2057
1291
1200
2328
1351
1328
1930
1331
1239
1253
2151
1445
1359
1668
1638
1291
1492
1756
1576
1237
1825
1542
1204
2271
1375
1328
2038
1300
1243
1579
1943
1690
1448
1485
1539
1550
1605
1309
1528
1525
1437
1432
1206
2180
1373
1359
1886
1224
1236
1571
2193
1431
1412
1839
1406
1366
1991
1445
1236
1592
1594
1385
1648
1958
1360
1329
2053
1222
1261
1325
2158
1399
1409
1646
1805
1312
1678
1615
1236
1336
1913
1290
1352
2404
1331
1303
2058
1280
1217
1260
2031
1540
1339
1528
1968
1266
1362
2036
1251
1250
1873
1330
1185
2403
1333
1343
2050
1347
1229
2686
1284
1544
1666
1478
1317
1574
1373
1530
1506
1557
1696
1528
1243
1855
1481
1375
1959
1223
1235
1237
1978
1426
1369
1880
1540
1289
1885
1397
1218
1635
1694
1251
1685
2046
1359
1413
1999
1228
1355
1235
2082
1559
1441
1306
1971
1281
1329
2013
1279
1239
2164
1249
1195
2478
1320
1317
2078
1367
1255
1435
1928
1444
1428
1589
1505
1402
1748
1679
1228
1363
1830
1269
1529
2056
1348
1593
1721
1438
1257
1236
2006
1616
1417
1526
1548
1307
1785
1473
1250
1524
2033
1263
1403
2361
1358
1323
1977
1268
1249
1241
2038
1552
1383
1858
1570
1283
1782
1549
1232
1406
1914
1261
1522
2298
1316
1322
1994
1272
1223
1391
1995
1529
1354
1746
1624
1272
1716
1715
1266
1498
1751
1237
1505
2295
1366
1312
1790
1382
1227
1230
1931
1653
1327
1580
2012
1273
1531
1597
1314
1303
2001
1240
1322
2378
1355
1303
2013
1327
1223
2703
1240
1230
1680
1459
1589
1320
1332
1623
1552
1233
2013
1571
1240
2179
1366
1347
1958
1224
1224
1416
2198
1398
1340
1700
1654
1287
1753
1565
1249
1700
1690
1543
1513
2176
1441
1357
1805
1440
1268
1536
1676
1684
1475
1581
1662
1405
1638
1603
1533
1537
1701
1525
1498
1494
1466
1370
1771
1270
1226
1247
1298
1974
1392
1194
2437
1292
1328
2317
1222
1278
2305
1277
1228
2803
1334
1400
2200
1258
1243
1269
2302
1287
1404
1810
1285
1289
2112
1314
1241
1692
1610
1269
1586
2130
1400
1324
1930
1397
1253
1232
1845
1508
1489
1509
1775
1327
1338
1999
1249
1247
2211
1308
1212
2351
1376
1370
1762
1360
1271
1283
2018
1667
1462
1309
1601
1375
1581
1669
1349
1238
2173
1269
1221
2498
1338
1354
2087
1248
1229
1234
2078
1350
1354
1854
1528
1275
1685
1418
1358
1421
1538
1772
1421
1816
1329
1538
1713
1553
1358
2686
1238
1233
1675
1266
1741
1572
1407
1537
1261
1227
2099
1341
1211
2380
1372
1345
1999
1230
1258
1231
2093
1479
1329
1705
1357
1380
1918
1276
1321
1442
1552
1653
1361
1762
1540
1604
1579
1889
1380
1340
1860
1247
1229
1997
1444
1515
1871
1335
1540
1247
1877
1371
1191
2327
1331
1331
2127
1218
1247
1221
2000
1432
1360
1852
1449
1308
1848
1497
1258
1549
1770
1263
1552
2113
1351
1350
2028
1220
1431
1251
1997
1537
1367
1654
1799
1278
1426
1846
1244
1213
2214
1252
1167
2428
1321
1298
1953
1343
1255
1607
1938
1357
1443
1789
1254
1551
1921
1265
1222
1541
1952
1281
1401
2238
1339
1314
2081
1254
1221
1216
2250
1557
1406
1700
1533
1250
1869
1556
1544
1233
1796
1226
1509
2270
1344
1308
2196
1262
1217
1271
1858
1577
1369
1659
1837
1271
1718
1685
1231
1327
2052
1282
1332
2377
1385
1384
1986
1355
1241
2872
1530
1592
1448
1503
1511
1355
1823
1594
1529
1257
1441
1288
1558
1964
1390
1351
2015
1227
1406
1217
2054
1534
1356
1713
1656
1317
1847
1551
1250
1391
1849
1247
1535
2160
1330
1328
2097
1258
1271
1265
1941
1613
1357
1627
1871
1285
1391
1908
1247
1247
2175
1340
1203
2363
1326
1333
2108
1237
1229
1405
2144
1428
1416
1623
1449
1315
1950
1337
1522
1565
1529
1264
1502
2222
1418
1367
1901
1252
1509
1224
1994
1522
1347
1509
1815
1268
1744
1480
1211
1598
1819
1239
1522
2343
1393
1339
1987
1276
1250
1380
1896
1625
1326
1617
1776
1269
1716
1716
1227
1395
2061
1292
1251
2500
1392
1414
1895
1220
1289
1506
2027
1388
1449
1601
1691
1310
1737
1587
1268
1533
1673
1304
1892
1693
1456
1336
1489
1540
1577
1550
1543
1669
1694
1486
1703
1547
1371
1583
1522
1305
1589
1598
1475
1903
1459
1295
1767
1606
1371
2772
1572
1265
1526
1433
1350
1562
1694
1552
1543
1539
1526
1586
1471
1189
1438
1367
1633
1287
1237
1254
1965
1431
1391
1880
1593
1283
1826
1492
1233
1585
1827
1231
1585
2173
1334
1392
1940
1356
1273
1227
2065
1531
1430
1521
1855
1347
1414
1817
1239
1334
2076
1276
1364
2343
1348
1332
2053
1232
1254
1362
2182
1376
1412
1734
1503
1293
1788
1563
1251
1331
1966
1257
1365
2380
1363
1337
2025
1330
1244
1438
2127
1376
1422
1673
1340
1292
1954
1296
1543
1554
1414
1603
1470
1920
1342
1636
1747
1224
1535
1215
1950
1767
1382
1450
1803
1247
1741
1557
1243
1378
2107
1242
1383
2317
1339
1331
2146
1262
1218
1544
1696
1510
1355
1514
1849
1298
1567
1786
1240
1398
2045
1249
1185
2723
1370
1342
2074
1223
1261
1527
1786
1534
1330
1683
1714
1279
1777
1597
1269
1499
1549
1282
1736
1930
1362
1587
1745
1226
1522
2647
1248
1215
1325
1896
1505
1544
1380
1593
1549
1246
1647
1268
1415
2314
1382
1335
1939
1247
1245
1269
2159
1639
1426
1384
1678
1312
1532
1892
1236
1268
2003
1307
1206
2530
1333
1345
2068
1268
1224
1394
2028
1473
1344
1818
1438
1300
1995
1481
1248
1496
1795
1256
1558
1906
1326
1502
1885
1239
1572
1226
1725
1795
1323
1475
1849
1277
1516
1836
1251
1391
1972
1269
1407
2424
1366
1363
2028
1250
1244
1252
1839
1468
1392
1609
1726
1283
1548
1876
1550
1206
2035
1297
1182
2393
1346
1342
2020
1257
1293
1259
2097
1389
1370
1892
1395
1273
2160
1267
1247
1622
1886
1249
1673
2006
1351
1304
1851
1382
1373
1225
2016
1630
1372
1419
1775
1291
1606
1717
1324
1249
2068
1272
1335
2433
1331
1325
2133
1237
1228
1253
1972
1787
1449
1295
1838
1292
1504
1739
1228
1327
1816
1366
1365
2262
1336
1360
2164
1233
1246
2674
1240
1529
1672
1362
1589
1597
1598
1595
1304
1537
1706
1517
1233
1742
1429
1348
1961
1241
1273
1239
2047
1420
1341
1690
1776
1261
1538
1747
1266
1258
2124
1257
1187
2558
1349
1306
2118
1272
1255
1267
2070
1542
1409
1361
1474
1435
1651
1485
1392
1229
1971
1300
1225
2469
1342
1378
2137
1251
1255
1509
1882
1403
1377
1767
1397
1468
1879
1291
1497
1806
1686
1528
1253
1758
1411
1399
1705
1396
1406
1231
1839
1842
1395
1360
1970
1274
1392
1854
1236
1522
1946
1252
1192
2502
1338
1328
2080
1205
1238
1269
1991
1680
1352
1460
2002
1260
1522
1764
1405
1234
2174
1262
1171
2486
1348
1326
2116
1227
1235
1401
2032
1479
1331
1685
1659
1294
1766
1578
1394
1428
1961
1251
1391
2167
1365
1299
1962
1415
1231
1262
1980
1578
1347
1619
1778
1251
1785
1452
1230
1451
1739
1273
1587
2246
1328
1330
1996
1274
1213
2789
1249
1538
1695
1467
1527
1318
1636
1592
1844
1235
1442
1927
1261
1514
2058
1348
1360
1762
1226
1245
2132
1367
1341
1850
1372
1361
2047
1478
1262
1444
2099
1304
1435
1900
1426
1329
1942
1379
1233
1239
1904
1622
1389
1520
1807
1262
1719
1559
1231
1516
1841
1287
1483
2154
1716
1334
1669
2025
1247
1249
2441
1252
1338
2941
1224
1299
3320
1282
1248
1316
1866
1250
1471
2344
1333
1334
2138
1254
1229
1296
1959
1523
1452
1488
1833
1309
1597
1744
1233
1357
1960
1266
1321
2478
1334
1317
2157
1251
1225
1229
2045
1542
1331
1758
1764
1278
1741
1386
1325
1505
1861
1242
1602
2215
1342
1302
2062
1226
1332
1260
2199
1476
1424
1638
1554
1291
1700
1830
1238
1277
1953
1270
1226
2510
1363
1295
2066
1217
1253
1372
2161
1343
1383
1752
1510
1286
1938
1272
1253
1823
1600
1249
1592
1862
1338
1491
2044
1532
1537
2954
1531
1551
1433
1206
1252
1293
1335
1524
1555
1532
1445
1562
1485
1943
1412
1345
1879
1245
1273
1780
1762
1568
1418
1427
1751
1296
1550
1720
1246
1231
2067
1290
1535
2245
1344
1330
2232
1226
1245
1374
1905
1414
1373
1812
1381
1279
2036
1413
1216
1579
1706
1286
1620
2060
1340
1355
2137
1258
1392
1203
1952
1624
1267
1808
1463
1273
1763
1724
1214
1512
1937
1311
1204
2370
1371
1318
2032
1267
1235
1390
1989
1529
1359
1496
1818
1260
1699
1727
1537
1192
1969
1224
1199
2563
1295
1285
2180
1227
1227
1507
1828
1528
1330
1877
1463
1289
1982
1469
1261
1561
1639
1239
1762
1948
1308
1627
1909
1231
1227
1368
2042
1659
1333
1609
1684
1304
1638
1703
1270
1385
1888
1290
1403
2252
1348
1296
2269
1239
1235
1238
2040
1518
1324
1644
1912
1261
1514
1578
1213
1249
2139
1344
1183
2390
1365
1336
2031
1253
1226
2830
1282
1264
1322
1315
1726
1300
1662
1573
1319
1325
1928
1380
1323
2145
1386
1325
1969
1271
1256
1216
2035
1708
1327
1593
1739
1270
1726
2432
1248
1236
3523
1278
1234
3391
1417
1370
2910
1295
1241
1433
1869
1404
1425
1627
1642
1310
1822
1425
1246
1474
2039
1269
1399
2013
1361
1402
2003
1241
1241
1376
1523
2110
1439
1208
1925
1288
1335
2371
1214
1262
2206
1263
1191
2822
1349
1338
2175
1253
1224
1661
2028
1256
1390
1883
1259
1418
1871
1261
1570
1393
1351
2057
1502
1449
1465
2082
1591
1526
1534
1314
1534
2023
1678
1261
1421
1313
1442
2273
1237
1232
2910
1277
1195
2258
1422
1353
2281
1271
1242
1243
2030
1273
1355
1915
1252
1269
2177
1270
1221
1728
1362
1562
1686
1131
1616
2037
1258
1318
1945
1229
1351
2417
1332
1166
2355
1252
1294
1936
1228
1271
2354
1248
1181
2816
1363
1374
1987
1271
1231
2691
1251
1223
1348
1457
1438
1292
1967
1306
1357
1593
1540
1320
1729
1838
1338
1565
1868
1230
1493
1205
1951
1520
1227
1826
1473
1258
2025
1420
1234
1239
2081
1255
1192
2590
1396
1320
2049
1234
1225
1446
1967
1658
1491
1375
1883
1313
1357
1949
1397
1270
1824
1255
1198
2627
1363
1314
2160
1245
1253
1404
1993
1670
1337
1672
1540
1294
1820
1485
1356
1376
1924
1250
1504
2220
1444
1413
1726
1240
1381
1237
1978
1780
1364
1479
1772
1263
1533
1813
1405
1222
1995
1394
1233
2530
1354
1319
2121
1229
1228
1223
1874
1847
1361
1480
1760
1243
1522
1726
1215
1398
1981
1262
1382
2486
1361
1347
2115
1222
1248
1224
2075
1535
1350
1664
1517
1250
2086
1554
1240
1407
1745
1284
1665
2011
1313
1476
1946
1223
1531
1212
1741
1842
1336
1364
2176
1266
1426
1671
1222
1331
1937
1309
1359
2373
1371
1336
2042
1789
1343
2707
1233
1235
1331
1190
2997
1271
1310
3802
1228
1262
2470
1250
1181
2113
1399
1316
1794
1537
1218
1236
2050
1811
1344
1387
2031
1304
1382
1711
1235
1330
2014
1276
1352
2456
1321
1357
2084
1262
1246
1333
1922
1477
1320
1732
1705
1258
1964
1398
1260
1412
1976
1265
1536
2221
1357
1305
2002
1389
1270
1258
1721
1736
1335
1305
1944
1288
1475
1940
1384
1272
2046
1267
1174
2376
1378
1294
2086
1234
1210
1246
2083
1719
1337
1519
1814
1250
1537
1892
1229
1234
2053
1354
1178
2526
1318
1297
2029
1225
1250
1507
2029
1529
1345
1649
1503
1260
2159
1558
1198
1564
1563
1216
1788
1931
1318
1451
1975
1234
1524
1498
1787
1565
1363
1682
1779
1305
1642
1657
1263
1521
1782
1244
1380
2161
1326
1346
2056
1249
1236
1532
2021
1508
1321
1748
1684
1284
1836
1639
1246
1370
2053
1264
1168
2252
1335
1331
2207
1247
1245
2680
1553
1533
1683
1503
1530
1311
1331
1316
1230
1243
1691
1770
1541
1442
1422
1616
1756
1244
1356
1226
2034
1798
1369
1479
1728
1259
1655
1709
1260
1246
2086
1278
1197
2581
1343
1333
2102
1272
1275
1252
1767
1851
1374
1351
1811
1282
1381
1965
1211
1217
2066
1535
1181
2307
1356
1319
2051
1397
1239
1456
1966
1357
1419
1660
1538
1304
1926
1491
1244
1495
1972
1241
1469
2129
1380
1326
1967
1376
1233
1236
2080
1748
1565
1372
1810
1284
1376
1964
1263
2605
2131
1370
1310
1368
1674
1775
1488
3141
2250
1344
1241
1541
1262
1346
1632
2046
1703
1332
1407
1239
1246
2405
1245
1429
1998
1356
1265
1984
1264
1218
2056
1572
1372
1967
1532
1270
1584
1784
1235
1387
1727
1269
1738
2184
1340
1319
1891
1519
1255
1216
1909
1558
1338
1712
1953
1264
1726
1536
1255
1527
1552
1239
1523
2108
1339
1587
1786
1231
1502
2707
1253
1221
1323
1477
1652
1610
1612
1574
1539
1309
1679
1564
1485
1696
1434
1365
1821
1388
1245
1227
2229
1429
1442
1728
1273
1609
2050
1297
1185
1527
1669
1527
1594
1991
1378
1454
2028
1262
1367
1247
1597
1934
1369
1327
2030
1293
1488
1858
1244
1254
2064
1443
1170
2481
1336
1269
2165
1589
1361
1281
1650
1219
1555
1588
1544
1806
1521
1536
1442
1218
1860
1794
1494
1510
1687
1622
1559
1590
1280
1519
1554
1290
1429
1680
1529
1587
1497
1602
1507
1239
1566
1561
1529
1906
1364
1585
1560
1389
1639
1251
1488
1984
1330
1346
2045
2101
1317
1412
1956
1247
1395
1779
1386
1726
1701
1346
1801
1589
1538
1286
1568
1698
1348
1379
1959
1320
1440
2108
1227
1224
1936
1399
1244
2464
1366
1328
2073
1225
1278
1260
2012
1373
1347
1909
1683
1275
1780
1439
1250
1461
1674
1326
1606
2027
1348
1410
1947
1249
1331
2690
1252
1285
1680
1540
1576
1589
1604
1556
1585
1240
1562
1518
1484
1696
1432
1403
2046
1252
1251
1251
1929
1399
1466
1699
1504
1280
1768
1661
1218
1366
2049
1329
1230
2403
1365
1342
2036
1257
1216
1412
2021
1563
1333
1738
1425
1262
1950
1253
1385
1477
1842
1239
1431
2026
1352
1676
1631
1223
1525
1231
1708
2018
1364
1447
1773
1280
1447
1848
1211
1230
2109
1259
1186
2677
1368
1323
2154
1265
1247
1451
1825
2326
1713
1213
1810
1282
1347
1961
1536
1249
1926
1305
1185
2446
1380
1381
2020
3110
1921
1354
1507
1459
1343
1775
1383
3468
2141
1334
1233
1247
1251
1686
1424
2714
1777
1360
1577
1223
1245
1404
1993
2262
1642
1218
2504
1283
1326
1978
1215
1540
2048
1282
1549
2135
1356
1296
2162
2651
1740
1317
1762
1226
1242
1925
1383
2769
1751
1308
1546
1252
1225
1943
1418
2356
1761
1355
1591
1400
1396
2680
1270
1957
1741
1208
1823
1288
1311
2036
1225
1668
1897
1291
1512
2129
1372
1323
1995
1845
1417
1288
1609
1967
1430
1170
1970
2264
1660
1299
1685
1269
1657
1603
1463
2010
1819
1354
1430
2209
1469
1312
1930
1250
1440
1773
1240
1500
2014
1252
1408
2075
1501
1332
1866
1189
1258
2232
1290
2655
1811
1311
1645
1270
1270
1929
1402
2848
2064
1303
1248
1554
1323
1831
1468
2289
1879
1396
1409
1253
1209
1268
2094
1601
1495
1405
2039
1301
1396
1795
1228
1231
2216
1239
1213
2649
1340
1430
2044
1242
1226
1521
1899
1550
1345
1695
1213
1285
2281
1263
1275
1679
1675
1291
1781
1896
1327
1609
1853
1575
1224
1231
1825
1701
1336
1516
1803
1268
1614
1669
1385
1249
2149
1274
1174
2466
1361
1306
2122
1249
1255
1234
2173
1552
1408
1357
1852
1324
1642
1724
1233
1255
2025
1418
1245
2308
1374
1312
2043
1287
1236
2696
1301
1283
1712
1500
1541
1562
1604
1335
1529
1540
1457
1248
1536
1854
1395
1359
1999
1255
1234
1244
2177
1527
1344
1774
1603
1302
1776
1621
1276
1451
1922
1281
1425
2224
1403
1357
2015
1239
1235
1241
2026
1870
1364
1212
1998
1277
1392
1915
1231
1224
2239
1281
1173
2598
1323
1345
2091
1251
1243
1535
2053
1544
1415
1530
1529
1449
1589
1900
1254
1246
2087
1251
1206
2296
1363
1326
1929
1357
1234
1244
2118
1519
1347
1647
1680
1301
1675
1814
1211
1358
1955
1233
1336
2348
1356
1351
2042
1277
1237
1462
2111
1440
1453
1355
1784
1283
1592
1765
1258
1230
2124
1268
1211
2602
1346
1329
2234
1300
1232
1238
1854
1491
1475
1671
1567
1307
1862
1416
1225
1523
1725
1265
1571
2114
1355
1342
2213
1249
1282
1242
1982
1516
1355
1568
1949
1262
1584
1736
1238
1223
1954
1260
1382
2327
1337
1307
2068
1241
1261
2687
1541
1530
1713
1295
1275
1298
1315
1660
1282
1239
1996
1285
1188
2519
1382
1314
2085
1207
1249
1528
1890
1432
1342
2003
1231
1252
2149
1295
1497
1574
1523
1239
1672
1738
1397
1619
1615
1249
1728
1233
1420
2381
1380
1177
2034
1297
1301
2077
1214
1228
2233
1267
1199
2472
1324
1344
2238
1271
1270
1228
2113
1404
1362
1769
1629
1288
1543
1693
1234
1227
2140
1284
1187
2592
1327
1324
2173
1388
1268
1252
1942
1653
1323
1581
1575
1412
1688
1714
1434
1245
1987
1304
1490
1947
1470
1382
1699
1408
1270
1251
2153
1418
1423
1750
1491
1278
1884
1387
1246
1539
1926
1254
1629
2096
1371
1348
1898
1243
1548
1219
1936
1665
1360
1337
1912
1409
1387
1811
1254
1227
2181
1268
1208
2573
1365
1307
2117
1259
1237
1235
2022
1558
1379
1630
1721
1300
1774
1619
1253
1405
1825
1246
1540
2173
1343
1320
2010
1385
1267
2700
1555
1549
1705
1470
1531
1349
1299
1258
1241
1225
1939
1255
1320
2363
1351
1316
2143
1262
1248
1223
1952
1421
1342
2020
1381
1284
1710
1813
1229
1261
2157
1298
1200
2481
1350
1356
2031
1269
1253
1554
1901
1452
1406
1605
1392
1320
1974
1463
1256
1520
1677
1508
1530
2100
1334
1342
1911
1224
1373
1217
2040
1755
1346
1430
1750
1293
1672
1697
1226
1374
1942
1234
1408
2411
1374
1327
1972
1263
1231
1230
1930
1806
1316
1511
1767
1281
1518
1771
1238
1254
2106
1245
1201
2642
1310
1375
1982
1547
1217
1241
1965
1354
1323
2021
1324
1277
2173
1277
1247
1829
1559
1283
1769
1821
1334
1445
1893
1365
1349
1236
2119
1699
1439
1523
1772
1303
1547
1641
1232
1274
2274
1308
1211
2394
1332
1341
2168
1234
1244
1270
2017
1613
1394
1541
1537
1269
1761
1434
1377
1408
1744
1391
1395
2355
1778
1352
1658
1595
1380
2681
1250
1220
1366
1414
1874
1539
1600
1533
1562
1550
1682
1543
1270
1861
1696
1620
1575
1274
1542
1527
1267
1669
1696
1485
1521
1346
1596
1843
1302
1249
1546
1572
1646
1758
1426
1346
2113
1264
1244
1615
1538
1601
1388
1332
1984
1266
1325
2156
1261
1256
2032
1262
1196
2538
1350
1342
2135
1229
1259
1347
2080
1457
1329
1775
1510
1428
1766
1412
1260
1504
1680
1555
1533
1713
1322
1515
1784
1252
1489
1255
1946
1919
1333
1438
1813
1274
1425
2064
1242
1253
2083
1266
1227
2451
1383
1329
1903
1286
1252
1385
1933
1538
1374
1846
1610
1299
1819
1379
1322
1458
1867
1241
1342
2391
1343
1394
2163
1253
1250
1261
2068
1527
1413
1437
1745
1289
1706
1559
1411
1542
1541
1283
1773
1669
1513
1631
1758
1232
1553
1249
1782
1905
1392
1224
2133
1267
1331
1976
1253
1221
1969
1270
1201
2480
1364
1354
1929
1430
1229
2696
1543
1272
1669
1224
1243
1290
1615
1809
1267
1254
2001
1276
1213
2496
1381
1337
1935
1215
1233
1532
2103
1529
1334
1777
1547
1257
1991
1278
1213
1534
1606
1526
1524
1869
1319
1630
1708
1227
1593
1235
1668
1968
1388
1350
2045
1305
1402
1741
1234
1404
2045
1237
1183
2510
1333
1323
2160
1220
1251
1516
1978
1459
1427
1530
1616
1297
1698
1811
1231
1250
2124
1246
1507
2157
1334
1371
2247
1321
1278
1235
2078
1377
1408
1689
1560
1267
1851
1614
1247
1629
1795
1264
1505
2098
1341
1366
2029
1224
1255
1226
2310
1547
1323
1734
1427
1284
1910
1490
1254
1401
2001
1266
1413
2166
1328
1324
2077
1272
1248
1254
2294
1592
1443
1356
1698
1293
1647
1728
1269
1348
2094
1250
1239
2600
1332
1341
2230
1291
1230
1253
1928
1497
1448
1714
1518
1318
1860
1460
1323
1436
1580
1385
1678
1810
1335
1437
1951
1340
1385
2718
1262
1301
1666
1251
1947
1590
1579
1550
1268
1520
1559
1560
1476
1864
1458
1347
2116
1231
1235
1232
1960
1441
1408
1705
1494
1316
1720
1677
1217
1403
2002
1265
1198
2578
1323
1340
2060
1244
1233
1615
1935
1558
1417
1560
1426
1290
1879
1274
1557
1544
1527
1536
1429
2038
1367
1323
1878
1242
1542
1241
1898
1868
1369
1441
1747
1276
1445
1848
1251
1223
2106
1273
1183
2640
1341
1343
2064
1270
1223
1371
1870
1583
1348
1671
1817
1285
1505
1875
1228
1253
2017
1247
1519
2168
1332
1304
2243
1232
1222
1224
2151
1552
1343
1693
1436
1425
2055
1314
1233
1509
1734
1263
1621
2039
1339
1446
1847
1348
1271
1249
2094
1650
1420
1444
1788
1280
1599
1849
1226
1343
2222
1263
1207
2439
1361
1306
2150
1245
1243
1398
2085
1534
1422
1390
1831
1311
1658
1722
1254
1271
1862
1552
1223
2182
1374
1334
2022
1270
1223
2843
1254
1536
1463
1484
1553
1583
1346
1348
1246
1443
1445
1828
1631
1674
1437
1384
1783
1535
1515
1518
1275
1765
1407
1307
1929
1310
1713
1853
1245
1224
1903
1268
1359
2587
1346
1387
1735
1394
1219
1227
2219
1644
1345
1359
1820
1440
1390
1797
1271
1234
2166
1250
1195
2398
1343
1345
2295
1233
1248
1261
2129
1401
1340
1794
1378
1556
1677
1579
1237
1409
1890
1248
1422
2091
1358
1317
2088
1367
1314
1301
2189
1623
1419
1391
1647
1279
1895
1387
1328
1497
1910
1254
1338
2433
1358
1305
2111
1274
1249
1242
1892
1822
1341
1292
1841
1301
1355
1906
1252
1257
2013
1246
1325
2462
1351
1334
2175
1279
1276
1438
1990
1567
1438
1449
1665
1283
1783
1686
1246
1376
1923
1338
1337
2305
1373
1261
2283
1558
1347
1298
2069
1278
1235
1804
1683
1447
1768
1556
1532
1216
1571
1429
1530
1849
1576
1339
2854
1253
1267
2704
1249
1524
1679
1262
1267
1302
1608
1864
1285
1228
1941
1254
1199
2554
1347
1368
2237
1242
1248
1228
1965
1444
1380
1779
1479
1349
1955
1557
1298
1407
1955
1293
1488
2127
1366
1389
1811
1337
1352
1241
2166
1608
1444
1394
1630
1319
1824
1667
1263
1552
1525
1275
1469
2368
1445
1406
1860
1992
1291
1310
2043
1683
1421
1455
1594
1461
1761
1518
1226
1536
2063
1330
1274
2243
1357
1368
2013
1239
1230
1413
1869
1779
1354
1418
1774
1281
1755
1634
1396
1386
1638
1482
1491
2277
1443
1391
1540
1239
1259
1583
1845
1662
1416
1388
1614
1307
1880
1667
1260
1333
1808
1285
1538
2151
1339
1363
2020
1237
1266
1249
2019
2040
1384
1305
1748
1408
1526
2108
1303
1262
1761
1267
1207
2610
1354
1339
2381
1268
1255
1228
1932
1626
1430
1345
1990
1302
1387
1785
1333
1334
1776
1328
1605
2117
1331
1358
1878
1251
1343
2703
1548
1552
1667
1515
1405
1572
1622
1563
1520
1280
1684
1553
1482
1249
1437
1352
1718
1356
1249
1356
2147
1349
1361
1443
1914
1293
1396
1890
1327
1230
1877
1359
1193
2514
1325
1324
2108
1336
1277
1463
1912
1417
1423
1689
1567
1327
1779
1646
1263
1503
2016
1239
1343
2122
1334
1381
2002
1325
1245
1243
1909
1632
1342
1588
1751
1304
1609
1605
1456
1332
1968
1291
1517
2047
1348
1333
1974
1251
1557
1231
1949
1682
1341
1487
1674
1449
1817
1459
1382
1250
2041
1389
1191
2371
1359
1329
2005
1245
1236
1639
2072
1428
1344
1718
1387
1330
2014
1300
1222
1813
1437
1556
1535
1992
1357
1340
2151
1242
1231
1214
2015
1982
1343
1541
1571
1270
1781
1588
1255
1354
1910
1284
1563
2140
1319
1313
2307
1253
1259
1237
2074
1509
1423
1571
1784
1295
1713
1618
1256
1252
1865
1383
1218
2454
1366
1344
2127
1253
1230
2723
1261
1230
1331
1359
1392
1407
1917
1271
1575
1359
1705
1334
1592
1847
1372
1463
1797
1330
1589
1256
1905
1899
1325
1265
1870
1274
1563
1778
1249
1243
2160
1260
1213
2539
1356
1312
2110
1227
1235
1225
2081
1741
1343
1703
1626
1302
1559
1570
1323
1381
1953
1259
1187
2570
1324
1355
2086
1345
1241
1319
1835
1853
1358
1639
1797
1250
1495
1696
1241
1501
1493
1520
1674
1625
1341
1608
1885
1529
1231
1229
1680
1858
1351
1325
2017
1405
1411
1949
1422
1237
2012
1256
1184
2390
1328
1306
2048
1579
1219
1235
1817
1769
1336
1478
1653
1272
1698
1886
1256
1262
1943
1244
1347
2341
1347
1325
2071
1223
1257
1345
2319
1379
1393
1592
1581
1274
1893
1569
1233
1857
1697
1540
1243
1893
1421
1367
2018
1238
1258
1248
2023
1822
1520
1230
1753
1802
1320
1394
3141
1247
1386
1775
1204
1659
1646
1356
1713
1235
1506
2666
1252
1226
1332
1223
2007
1301
1335
1692
1456
1218
1752
1353
1616
2098
1350
1350
2055
1337
1241
1224
2062
1403
1375
1812
1502
1403
1911
1481
1248
1474
1966
1266
1446
2167
1318
1398
2062
1369
1235
1234
1852
1567
1326
1692
1824
1264
1599
1712
1263
1357
1951
1342
1438
2250
1329
1313
2184
1228
1214
1528
1741
1839
1317
1498
1694
1290
1737
1451
1525
1218
2016
1245
1191
2494
1335
1354
1963
1261
1213
1527
1915
1550
1322
1753
1642
1266
1845
1563
1226
1517
1763
1236
1523
2299
1375
1330
2013
1435
1234
1239
1933
1489
1332
1901
1411
1279
1971
1551
1240
1385
1886
1259
1624
1968
1347
1462
2018
1248
1232
1215
2091
1891
1330
1404
1835
1283
1502
1988
1548
1256
1777
1298
1225
2363
1372
1322
2460
1235
1239
1257
1816
1599
1357
1742
1762
1267
1545
1805
1231
1250
1858
1328
1584
2127
1350
1327
2034
1952
1271
2691
1236
1236
1684
1521
1795
1366
1322
1386
1357
1352
1956
1245
1343
2421
1374
1333
1897
1265
1252
1242
2124
1580
1350
1500
1697
1531
1520
1583
1210
1596
1784
1564
1202
2272
1367
1372
2050
1259
1210
1234
2023
1551
1357
1684
1785
1273
1766
1555
1225
1396
1563
1234
2015
1498
1487
1619
1616
1425
1482
1348
1639
2043
1327
1217
2041
1557
1314
1815
1240
1223
2061
1343
1180
2542
1343
1370
2124
1248
1262
1250
2285
1407
1379
1563
1627
1338
1540
1603
1559
1205
2056
1537
1208
2169
1305
1376
1995
1367
1193
1245
2139
1757
1288
1675
1613
1242
1771
1724
1217
1431
1746
1271
1616
1924
1355
1396
1865
1332
1363
1227
1824
2189
1337
1214
2077
1260
1515
1767
1249
1239
2289
1245
1191
2461
1345
1340
2020
1258
1236
1445
1975
1414
1419
1812
1934
1407
1608
1608
1542
1521
1438
1524
1261
1774
1392
1409
1919
1394
1285
2670
1271
1543
1690
1245
1236
1312
1584
1827
1257
1238
1539
1307
1916
1856
1437
1345
1443
1400
1392
1255
2014
1769
1364
1433
1764
1323
1561
1793
1367
1259
1971
1243
1192
2531
1375
1345
1961
1222
1242
1270
2159
1691
1335
1533
1765
1272
1710
1620
1263
1450
2256
1283
1221
2017
1355
1343
2107
1236
1251
1441
2027
1659
1382
1701
1608
1311
1670
1711
1220
1376
1676
1246
1814
1944
1342
1455
1798
1334
1349
1239
2013
1810
1407
1268
1944
1406
1603
1879
1234
1241
1901
1261
1202
2804
1373
1326
1965
1232
1226
1251
2199
1362
1362
1917
1417
1300
2124
1618
1229
1523
1786
1252
1556
2106
1328
1329
2091
1257
1241
1388
2077
1467
1351
1767
1671
1257
1824
1528
1251
1420
1991
1242
1564
2159
1349
1378
1960
1228
1537
1223
2081
1716
1331
1580
1775
1272
1622
1724
1219
1264
2001
1264
1398
2310
1386
1297
1945
1277
1223
2854
1544
1540
1660
1254
1270
1295
1389
1762
1523
1521
1431
1570
1521
1938
1467
1361
1774
1255
1221
1358
3532
1246
1405
3141
1249
1285
2632
1261
1220
2402
1352
1303
2298
1225
1318
1297
2034
1551
1433
1300
1934
1294
1231
1688
1231
1657
1850
1274
1591
1239
1238
1908
1350
1150
2260
1327
1276
2697
1237
1244
2654
1548
1340
1591
1613
1282
1808
2442
1225
1229
2046
1310
1199
2415
1321
1390
2033
1254
1231
1270
1240
2506
1429
1200
1972
1329
1335
1954
1656
1239
1828
1461
1240
2301
1342
1315
1980
1792
1250
1254
1906
1219
1357
1937
1249
1280
2061
1297
1334
1540
1694
1554
1534
1427
1700
1395
1585
1529
1273
1544
1799
1796
1678
1528
1529
1318
1315
1614
1267
1224
2008
1291
1209
2553
1375
1342
2603
1232
1238
1242
1553
1988
1439
1245
2564
1314
1326
1812
1247
1225
2062
1258
1190
2623
1334
1322
2113
1244
1269
2674
1259
1283
1675
1502
1522
1560
1381
1656
1259
1217
1914
1362
1212
2563
1362
1316
2041
1239
1531
1226
1910
1569
1338
1962
1240
1297
2015
1286
1210
1711
1760
1235
1832
1624
1352
1634
1814
1253
1421
1212
1894
1963
1332
1309
1899
1401
1418
1754
1391
1244
2158
1250
1214
2519
1340
1345
2106
1242
1235
1390
1697
1613
1367
1346
1899
1265
1555
1778
1248
1377
1838
1391
1398
2219
1320
1328
1957
1250
1244
1320
2012
1668
1372
1511
1819
1477
1393
1872
1220
1502
2019
1261
1171
2378
1356
1319
2272
1217
1227
1234
1982
1414
1354
1711
1640
1277
1889
1658
1519
1245
1781
1235
1671
1965
1357
1610
1977
1222
1397
1249
1887
1660
1323
1525
1740
1282
1560
1758
1243
1241
2266
1253
1173
2568
1325
1374
2141
1211
1256
1446
2118
1426
1461
1535
1861
1283
1609
1423
1344
1608
1414
1356
1683
1821
1352
2726
1295
1248
2056
2688
1260
1224
1344
1494
1797
1634
1589
1336
1554
1540
1769
1589
1255
2085
1475
1484
1607
1281
1229
1321
2066
1743
1359
1552
1750
1284
1524
1831
1223
1268
1961
1246
1201
2569
1343
1318
2134
1554
1216
1258
1822
1917
1339
1564
1716
1285
1559
2025
1238
1204
1885
1274
1335
2474
1334
1339
1925
1408
1261
1318
1772
1601
1353
1586
1751
1368
1529
1662
1245
1351
1982
1262
1339
2388
1348
1341
2033
1365
1303
1249
2010
1551
1423
1529
1633
1320
1421
2003
1388
1273
1944
1265
1219
2512
1365
1338
2208
1374
1244
1241
2179
1511
1415
1595
1432
1424
1972
1310
1245
1875
1436
1556
1537
1806
1491
1365
1709
1296
1323
1262
1862
1816
1382
1348
1918
1311
1514
1892
1235
1328
1994
1277
1325
2461
1330
1365
2177
1247
1220
1445
1879
1446
1444
1350
1908
1348
1464
1844
1258
1228
1943
1255
1320
2438
1333
1366
2028
1231
1265
2793
1560
1758
1701
1463
1770
1375
1324
1293
1230
1239
1428
1247
1343
1972
1457
1407
1799
1379
1409
1238
2006
1734
1420
1327
1774
1315
1691
1976
1227
1254
1723
1358
1212
2528
1333
1321
1966
1377
1231
1229
2112
1609
1330
1472
1933
1272
1505
1727
1397
1247
1887
1396
1208
2493
1366
1353
2039
1247
1221
1559
1795
1426
1479
2093
1429
1316
1656
1526
1273
1464
1691
1523
1501
1577
1668
1636
1567
1525
1548
1550
1558
1564
1444
1258
1571
1378
1336
1959
1232
1263
2122
1294
1198
2522
1347
1307
2019
1323
1335
1251
2052
1370
1372
1670
1694
1393
1335
1888
1328
1258
1942
1286
1218
2541
1387
1292
2094
1241
1224
1391
2177
1385
1353
1707
1576
1257
1854
1562
1252
1577
1946
1240
1520
2021
1350
1384
2143
1251
1252
1444
1761
1513
1367
1794
1785
1267
1586
1750
1215
1340
1704
1284
1502
2254
1349
1367
2126
1259
1238
2760
1251
1282
1661
1286
1618
1620
1592
1635
1285
1532
1720
1545
1478
1603
1411
1353
2078
1309
1261
1434
2031
1311
1407
1686
1359
1384
1923
1616
1337
1352
1923
1248
1353
2140
1362
1369
1913
1323
1343
1249
1833
1775
1345
1557
1794
1277
1737
1594
1266
1224
2091
1252
1358
2272
1344
1354
2003
1241
1221
1437
1838
1744
1372
1699
1674
1287
1605
1616
1313
1361
1915
1300
1211
2455
1343
1339
2169
1318
1260
1433
1954
1503
1408
1879
1375
1295
1826
1382
1227
1590
1489
1386
1762
1647
1353
1834
1545
1336
1564
1224
1643
2091
1348
1350
2138
1276
1324
1991
1230
1246
2134
1258
1176
2539
1358
1309
2005
1272
1244
1279
2214
1277
1444
1608
1546
1330
1593
1892
1263
1570
2062
1295
1207
2177
1366
1346
2126
1350
1239
1240
2190
1387
1428
1731
1675
1266
1880
1275
1215
1542
1390
1590
1601
1868
1533
1334
2186
1261
1210
2705
1255
1223
1361
1181
2040
1279
1365
1793
1219
1376
2053
1290
1325
2411
1330
1317
2163
1223
1248
1530
1812
1575
1318
1560
1774
1276
1613
1905
1246
1219
1878
1240
1561
2247
1326
1309
2078
1221
1268
1406
1999
1562
1340
1581
1612
1579
1572
1679
1233
1387
1905
1561
1182
2226
1341
1323
1907
1525
1213
1269
1935
1656
1317
1553
1574
1427
1758
1715
1219
1236
1948
1524
1193
2211
1346
1303
2097
1229
1210
1560
1873
1598
1333
1488
1750
1285
1759
1558
1223
1592
1583
1388
1552
2161
1324
1350
2142
1547
1227
1214
1879
1566
1329
1811
1438
1294
1967
1426
1256
1537
1730
1233
1760
1916
1374
1455
1868
1405
1228
1224
1921
1680
1323
1585
1826
1258
1627
1725
1574
1254
1909
1250
1205
2501
1332
1305
2085
1221
1237
1386
2031
1523
1415
1653
1800
1285
1522
1608
1539
1237
1919
1394
1224
2287
1345
1363
2062
2143
1239
2693
1250
1238
1330
1547
1858
1562
1621
1558
1522
1255
1695
1294
1193
2125
1374
1324
1926
1237
1542
1248
2169
1561
1436
1485
1534
1313
1770
1566
1266
1380
1864
1244
1593
2173
1327
1337
2122
1272
1220
1388
1741
1635
1328
1507
1906
1271
1495
2069
1257
1241
1915
1334
1343
2275
1326
1349
2208
1246
1225
1510
1876
2053
1323
1501
1583
1262
1759
1911
1239
1308
1818
1221
1183
2392
1329
1304
2064
1430
1244
1218
1971
1431
1326
1753
1471
1439
1783
1439
1581
1399
1779
1659
1398
1970
1324
1315
2059
1230
1253
1267
2082
1823
1329
1511
1611
1261
1671
1732
1362
1253
1966
1381
1204
2365
1329
1329
2112
1231
1237
1454
2183
1398
1443
1703
1389
1295
2136
1265
1217
1583
1965
1270
1390
1889
1334
1483
1739
1376
1801
1233
1524
1865
1335
1286
2126
1314
1349
1876
1352
1227
2040
1239
1562
2424
1357
1333
2040
1276
1244
2829
1290
1217
1328
1170
1772
1252
1424
1961
1273
1231
2140
1248
1183
2661
1340
1358
2063
1418
1239
1220
2054
1435
1323
1908
1411
1280
2086
1304
1215
1654
1757
1265
1654
1973
1325
1493
1511
1417
1649
1221
1618
2018
1332
1336
2007
1278
1406
2102
1210
1238
2147
1270
1200
2460
1331
1363
2127
1237
1219
1412
2001
1698
1334
1504
1662
1545
1539
1552
1218
1593
2148
1512
1270
2060
1441
1384
1814
1257
1228
1237
2098
1594
1359
1621
1623
1290
1862
1607
1215
1470
1852
1263
1493
2293
1369
1347
1919
1419
1295
1237
1857
1763
1328
1584
1770
1287
1676
1859
1241
1230
2015
1294
1586
2366
1349
1377
1894
1219
1224
1431
1881
1570
1337
1504
1922
1277
1419
2097
1292
1256
1998
1253
1206
2433
1331
1339
2017
1353
1231
1343
1995
1565
1334
1719
1792
1258
1691
1454
1408
1430
1399
1428
1858
1702
1368
1481
1781
1260
1622
2682
1248
1236
1772
1474
1296
1276
1334
1833
1563
1242
2128
1231
1204
2457
1390
1336
2231
1233
1234
1237
2247
1555
1372
1471
1773
1264
1472
1943
1242
1256
1917
1251
1167
2544
1376
1361
2129
1247
1252
1563
1802
1591
1343
1726
1649
1271
1625
1688
1226
1547
1537
1544
1541
1878
1330
1317
2281
1237
1262
1225
2071
1893
1329
1560
1405
1273
1760
1643
1237
1408
1982
1305
1558
2093
1308
1326
2056
1232
1229
1233
2242
1594
1421
1229
1789
1279
1589
1853
1398
1263
1996
1456
1246
2493
1464
1373
1745
1418
1257
1236
2105
1402
1374
1823
1634
1276
1982
1468
1225
1363
1830
1354
1540
2093
1368
1415
2035
1236
1222
1355
1945
1837
1353
1390
2034
1288
1389
1726
1338
1340
1839
1244
1441
2454
1347
1368
1973
1268
1257
1364
1966
1518
1334
1532
2089
1291
1342
1854
1257
1240
1986
1391
1187
2337
1344
1345
2220
1555
1232
2674
1245
1223
1331
1213
1584
1591
1427
1505
1423
1423
1851
1447
1413
2114
1306
1369
1963
1371
1229
1264
2288
1385
1395
1701
1608
1390
1677
1464
1242
1614
1844
1312
1602
2237
1325
1340
1963
1680
1351
1288
1961
1672
1333
1599
1494
1257
2078
1568
1244
1234
1999
1234
1218
2520
1388
1338
2040
1216
1241
1398
2040
1560
1335
1605
1572
1263
1966
1734
1238
1403
1709
1238
1446
2246
1332
1359
1848
1344
1242
1217
1844
1846
1353
1455
1688
1304
1697
1685
1262
1283
2129
1282
1270
2691
1342
1337
1892
1258
1284
1232
2125
1325
1368
1905
1446
1304
1827
1808
1261
1260
1983
1286
1290
2480
1371
1308
1886
1265
1222
1317
2064
1448
1336
1831
1474
1333
1933
1266
1407
1455
1715
1320
1562
2234
1339
1354
1914
1252
1298
1626
1811
1595
1456
1464
1714
1602
1603
1331
1567
1256
1448
1312
1602
2151
1379
1379
2483
1263
1253
2764
1237
1220
1353
1304
1839
1284
1629
1751
1291
1269
1839
1260
1561
2365
1331
1375
1976
1277
1277
1281
2028
1447
1336
2051
1453
1318
1997
1468
1236
1539
1631
1273
1582
2167
1331
1407
2124
1294
1240
1239
2137
1662
1347
1520
1694
1268
1962
1464
1244
1444
1991
1237
1293
2210
1373
1352
2244
1231
1253
1251
2054
1495
1356
1605
1846
1256
1603
1746
1256
1254
2079
1258
1190
2444
1341
1325
2112
1237
1252
1285
2243
1309
1350
1979
1468
1476
1868
1532
1223
1485
1456
1427
1530
2060
1369
1427
2021
1242
1216
1273
2125
1736
1346
1511
1693
1277
1767
1709
1244
1311
1865
1294
1531
2453
1348
1344
1924
1257
1214
1286
1951
1452
1335
1608
1773
1350
1466
1921
1228
1240
2121
1233
1189
2622
1334
1370
2289
1249
1234
1239
2060
1619
1331
1600
1641
1512
1868
1723
1267
1324
1728
1374
1320
2147
1384
1336
1926
1378
1212
2675
1245
1259
1324
1314
1651
1267
1778
1623
1264
1360
1999
1297
1512
2150
1363
1325
2098
1251
1216
1495
1888
1567
1341
1537
1656
1300
1729
1649
1253
1241
2230
1271
1218
2444
1380
1400
1998
1279
1237
1448
2107
1356
1362
1592
1505
1326
1978
1386
1254
1497
1881
1251
1726
1980
1360
1370
1796
1415
1341
1238
1845
1877
1338
1453
1733
1388
1577
1872
1237
1351
1861
1359
1343
2256
1336
1320
2217
1280
1236
1248
1932
1492
1442
1526
1834
1319
1367
1980
1296
1269
2075
1270
1203
2550
1334
1321
2073
1247
1235
1358
2064
1365
1504
1831
1248
1271
2183
1295
1245
1648
1518
1369
1735
1868
1341
1445
1879
1256
1373
1246
2005
1870
1345
1309
1862
1332
1546
1727
1228
1325
2262
1285
1215
2449
1329
1276
2147
1626
1341
1293
2115
1241
1225
1714
1771
1371
1351
1762
1673
1258
1535
1566
1357
2072
1342
1321
2099
1350
1245
2669
1249
1559
1706
1477
1250
1306
1330
1746
1279
1319
1877
1248
1499
2312
1342
1318
2021
1300
1276
1248
2031
1482
1363
1754
1549
1256
1890
1516
1228
1617
1736
1235
1759
2148
1349
1340
1854
1228
1313
1225
2182
1548
1430
1586
1520
1400
1610
1661
1311
1229
1962
1569
1212
2370
1359
1336
2157
1222
1245
1215
2084
1583
1362
1865
1525
1254
1797
1638
1246
1641
1105
753
1800
2008
1097
1553
2171
1126
1326
1021
2389
1711
654
2210
1727
1227
1759
1743
1097
1689
1908
918
1843
2579
782
1285
2439
2174
1057
1013
2339
1239
1087
2202
1519
1866
1626
1464
1348
1233
1745
1382
1390
2075
1319
1441
1954
1301
1227
1308
2020
1398
1330
1850
1473
1334
1908
1355
1393
1378
1915
1332
1347
2297
1346
1310
2012
1298
1291
1239
2194
1453
1345
1754
1805
1257
1618
1753
1231
1311
1727
1261
1504
2258
1350
1327
2110
1252
1226
2661
1265
1224
1344
1411
1780
1265
1441
1805
1276
1363
2120
1270
1341
2684
1357
1323
2028
1334
1213
1302
1980
1543
1329
1992
1302
1251
1944
1541
1239
1428
1793
1238
1670
2058
1330
1397
1945
1306
1331
1218
2054
1588
1430
1466
1756
1366
1507
1932
1310
1240
2100
1286
1235
2331
1352
1314
2126
1269
1226
1321
1933
1676
1358
1523
1753
1282
1346
2017
1314
1229
2158
1256
1205
2440
1364
1347
1827
1324
1324
1217
2113
1506
1332
1777
1495
1290
1876
1576
1226
1552
1644
1276
1665
2230
1352
1344
2149
1249
1215
1226
2001
1525
1321
1954
1631
1257
1888
1424
1251
1563
1681
1246
1825
1848
1343
1343
2124
1501
1234
1219
1812
1515
1353
1607
1852
1300
1401
2189
1244
1226
1870
1277
1175
2540
1321
1332
2221
1251
1232
1370
2131
1373
1340
1824
1496
1380
1739
1391
1322
1554
1504
1525
1791
1749
1358
1618
1583
1276
2057
2690
1273
1243
1347
1466
1708
1313
1326
1903
1401
1235
2069
1266
1214
2507
1359
1382
1940
1216
1241
1341
2254
1340
1348
1974
1331
1284
1944
1375
1311
1751
1793
1250
1538
2239
1338
1347
2028
1261
1230
1241
2087
1540
1336
1860
1509
1292
1802
1267
1511
1587
1518
1228
1841
1874
1337
1470
1937
1235
1505
1220
1799
1991
1314
1348
1771
1285
1795
1731
2092
1251
1333
1883
1491
1391
1586
1594
1510
1628
1242
1222
1970
1817
1335
1437
1665
1575
1409
1573
1535
1218
1923
1395
1203
2504
1312
1306
2184
1375
1210
1257
2110
1519
1314
1645
1751
1246
1822
1401
1380
1546
1622
1308
1886
1739
1347
1620
1696
1254
1357
1211
2028
1790
1344
1481
1868
1256
1584
1814
1239
1504
1973
1293
1188
2581
1368
1344
2076
1251
1213
1508
1850
1770
1336
1438
1748
1233
1656
1658
1350
1381
1709
1376
1477
2200
1380
1326
2141
1253
1247
2913
1282
1581
1708
1459
1564
1432
1607
1583
1589
1535
1487
1562
1541
1430
1662
1379
1574
1519
1253
1530
1553
1569
1677
1532
1568
1578
1600
1289
1249
1237
1637
1304
1490
2114
1448
1340
1772
1265
1241
1261
2099
1527
1422
1499
1671
1283
1730
1673
1358
1232
2116
1258
1219
2313
1349
1320
2073
1285
1232
1441
2142
1606
1439
1296
1582
1315
1765
1654
1256
1574
1683
1236
1557
2505
1366
1318
1965
1412
1213
1241
2013
1425
1422
1771
1600
1327
1579
1783
1224
1346
1870
1295
1562
2121
1360
1346
2139
1216
1263
1226
1983
1486
1343
1959
1760
1298
1705
1580
1253
1222
2136
1266
1204
2421
1337
1317
2180
1290
1252
1446
2244
1390
1423
1415
1527
1574
1713
1409
1220
1402
1798
1361
1809
1687
1389
1566
1996
1215
1505
1258
1937
1528
1385
1577
1662
1292
1874
1367
1227
1532
1773
1271
1510
2233
1348
1366
2072
1252
1222
2688
1531
1601
1474
1505
1541
1606
1603
1569
1547
1539
1740
1283
1242
1481
1686
1463
1679
1243
1237
1379
1938
1539
1351
1957
1540
1267
1805
1820
1224
1494
1703
1240
1609
2100
1364
1315
1986
1409
1235
1223
1977
1570
1354
1643
1842
1270
1613
1978
1238
1231
1776
1267
1332
2381
1375
1330
2060
1246
1218
1635
1831
1610
1683
1501
1535
1585
1364
1625
1544
1273
1867
1585
1498
1799
1458
1387
1718
1337
1236
1280
2170
1663
1414
1332
1662
1302
1902
1569
1495
1228
1791
1371
1227
2473
1347
1349
2113
1250
1237
1551
2013
1682
1690
1554
1544
1572
1611
1345
1522
1547
1433
1299
1338
2075
1500
1364
1703
1344
1368
1297
1778
1723
1374
1611
1944
1298
1320
1945
1273
1259
2002
1257
1198
2660
1369
1327
2322
1258
1240
1219
1990
1507
1527
1512
2066
1275
1389
1762
1234
1487
1649
1262
1505
2129
1373
1354
2179
1530
1261
2678
1308
1555
1679
1281
1566
1585
1596
1545
1291
1248
1416
1260
1205
2072
1352
1361
2177
1211
1224
1251
2100
1545
1333
1813
1975
1274
1529
1571
1373
1226
1981
1375
1189
2462
1359
1320
2079
1222
1230
1505
2279
1392
1442
1518
1503
1432
1870
1275
1484
1480
1674
1235
1546
1845
1550
1358
1799
1227
1619
1260
1587
1942
1328
1517
1958
1292
1359
1994
1244
1215
1944
1247
1386
2578
1330
1348
2014
1263
1234
1445
1888
1507
1416
1366
1919
1393
1357
1853
1315
1249
2070
1251
1202
2643
1360
1354
2173
1232
1264
1441
2236
1335
1427
1541
1382
1392
1873
1761
1259
1408
2020
1265
1324
2221
1366
1315
1965
1333
1308
1266
2016
1559
1367
1629
1650
1286
1643
1763
1220
1344
2020
1235
1342
2293
1348
1349
2077
1263
1221
1346
1966
1746
1350
1324
1873
1252
1477
1748
1322
1361
2056
1233
1528
2191
1393
1353
1938
1539
1239
2708
1425
1235
1358
2057
1431
1313
1824
1499
1243
1756
1627
1538
1540
1807
1355
1367
1779
1494
1213
1228
1956
1248
1409
1892
1229
1292
2186
1267
1230
1793
1520
1271
1870
1741
1358
1717
1852
1251
1518
1224
1704
1874
1361
1344
2069
1262
1395
2043
1257
1238
2092
1270
1184
2493
1350
1316
2070
1248
1345
1248
2264
1379
1404
1847
1288
1270
2011
1315
1320
1490
1927
1241
1392
2226
1345
1346
2091
1386
1270
1228
2027
1647
1334
1660
1562
1270
1878
1588
1229
1391
1878
1252
1394
2456
1340
1472
1864
1253
1246
1537
1956
1497
1355
1754
1725
1305
1771
1609
1217
1511
1501
1251
1870
1998
1351
1324
1999
1548
1221
1209
1935
1463
1334
1683
1581
1440
1883
1553
1236
1524
1545
1260
1590
1788
1408
1573
1726
1376
1380
1220
1984
1878
1406
1364
2208
1328
1350
1435
1243
1252
2123
1264
1224
2366
1423
1335
2000
1239
1248
2685
1296
1555
1670
1499
1276
1564
1623
1330
1255
1230
1937
1250
1216
1155
2193
1380
1255
2432
1561
1249
1861
1950
1388
1443
1690
1274
1757
1560
1233
1486
1761
1238
1634
2205
1346
1327
1688
1385
1261
1257
2028
1851
1345
1344
2018
1284
1384
1903
1234
1361
2026
1309
1201
2604
1343
1316
2006
1229
1239
1222
2119
1798
1392
1363
1825
1283
1652
1727
1237
1223
1966
1315
1191
2493
1339
1362
2239
1229
1242
1244
2164
1332
1354
1730
1496
1349
1935
1540
1334
1354
1744
1385
1667
1865
1353
1390
1829
1272
1338
1293
1917
1833
1373
1341
1926
1354
1604
1643
1284
1345
2032
1234
1333
2538
1337
1338
2089
1254
1239
1240
1844
1762
1334
1417
1909
1286
1324
1921
1250
1220
2154
1338
1189
2511
1344
1372
2069
1273
1273
1261
2092
1584
1435
1402
1714
1292
1951
1407
1233
1424
1732
1306
1867
1671
1452
1625
1282
1555
1546
2980
1329
1517
1913
1539
1571
1586
1595
1338
1256
1242
1417
1324
1219
1801
1360
1291
2081
1490
1342
1329
2078
1309
1238
1931
2353
1294
1444
3101
1272
1233
3088
1233
1200
3423
1373
1384
2687
1247
1243
1226
2346
1463
1417
1608
1392
1302
1891
1282
1224
1824
2517
1283
1250
2356
1335
1311
2067
1251
1336
1334
1518
1791
1311
1425
1813
2071
1442
1334
1353
1235
1548
1616
1212
2250
1366
1352
1853
1879
1242
1239
2008
1246
1332
2141
1246
1273
2186
1286
1220
1678
1369
1536
1780
1177
1572
1875
1273
1535
1675
1245
1660
1985
1324
1333
2145
1295
1339
2089
1234
1247
1929
1272
1200
2407
1323
1360
1955
1235
1214
1675
1217
2498
1337
1167
2772
1326
1338
1986
1334
1242
2137
1298
1202
2343
1340
1356
2703
1272
1243
1510
2278
1243
1326
1912
1360
1424
2493
1275
1227
1644
1357
1393
1939
1228
1439
1911
1264
1432
1760
2685
1248
1232
1369
1495
1552
1572
1627
1601
1282
1245
1423
1332
1437
2330
1473
1304
1733
1957
1347
1307
1880
1333
1234
2007
1325
1632
1908
1313
1297
1291
1946
1415
1231
2386
1388
1337
2036
1239
1248
1353
1986
1504
1360
1783
1706
1285
1915
1402
1259
1574
2026
1304
1315
2039
1345
1352
2221
1577
1320
1315
1837
1224
1249
2075
1325
1684
1836
1360
1428
1249
1779
1504
1400
2000
1382
1310
2207
1353
1246
1220
2027
1368
1435
1638
1740
1300
1513
1657
1283
1340
2101
1273
1333
2427
1362
1374
2188
1240
1234
1255
2228
1376
1433
1643
1562
1321
1613
1653
1334
1243
2117
1254
1222
2384
1367
1330
2061
1341
1233
1229
2190
1516
1371
1712
1565
1362
1877
1274
1297
1588
1681
1326
1512
1943
1355
1404
1992
1246
1339
1237
2017
1707
1342
1494
2033
1265
1542
1593
1279
1417
1767
1256
1597
2235
1331
1323
2613
1252
1215
3400
1258
1244
2524
1196
1236
2457
1320
1253
1656
1270
1405
1670
1398
2112
1362
1304
1928
1239
1218
1332
2170
1485
1365
1995
1520
1252
1879
1521
1241
1574
1620
1285
1753
1923
1330
1369
1948
1342
1240
1612
1675
1746
1423
1323
1810
1411
1415
1925
1249
1228
2075
1239
1223
2449
1299
1336
2218
1226
1234
1214
1952
1525
1275
1641
2091
1263
1398
1725
1253
1234
2194
1271
1128
2659
1268
1453
2040
1266
1178
1381
2112
1420
1306
1882
1392
1649
1763
1332
1477
1371
1702
1520
1666
1844
1380
1379
1861
1236
1419
1211
2311
1462
1465
1587
1586
1287
2038
1306
1524
1524
1671
1244
1541
2041
1345
1335
2034
1254
1212
1407
1810
1682
1348
1494
2083
1277
1346
1865
1219
1229
2189
1257
1198
2562
1380
1387
2038
1526
1223
1215
1879
1406
1420
1636
1576
1283
1980
1454
1244
1519
1956
1535
1553
1654
1422
1339
1973
1439
1297
2685
1299
1525
1673
1248
1296
1566
1395
1593
1551
1255
1672
1296
1477
2181
1459
1346
1816
1234
1236
1275
2003
1675
1359
1504
1709
1266
1813
1775
1239
1250
2083
1241
1227
2350
1359
1331
2064
1258
1214
1542
2016
1665
1329
1554
1524
1265
1926
1285
1549
1496
1450
1539
1581
1858
1513
1326
1788
1253
1416
1265
1974
1801
1365
1408
1920
1291
1406
1844
1235
1544
1971
1247
1188
2347
1311
1357
2087
1233
1263
1226
2006
1775
1331
1533
1770
1269
1540
1801
1247
1244
2203
1260
1173
2637
1320
1287
2357
1258
1228
1373
2007
1389
1346
1721
1469
1437
1884
1588
1397
1364
1769
1414
1636
1912
1354
1460
1963
1374
1387
1219
1852
1661
1324
1567
1692
1398
1722
1745
1222
1269
1943
1317
1209
2490
1356
1313
2061
1234
1233
1438
1928
1750
1365
1536
1681
1280
1760
1538
1235
1474
2208
1268
1199
2244
1386
1346
2055
1250
1235
2715
1230
1556
1685
1524
1272
1298
1621
1576
1530
1565
1450
1532
1486
1773
1390
1383
1955
1501
1223
1225
1867
1388
1356
1801
1558
1265
2057
1599
1240
1526
1746
1299
1528
1999
1336
1462
2065
1249
1257
1353
2225
1450
1418
1474
1972
1330
1383
1902
1333
1241
2178
1269
1207
2367
1322
1329
2123
1300
1252
1370
1989
1542
1331
1752
1447
1566
1782
1260
1393
1461
1664
1426
1470
2097
1371
1307
1987
1630
1214
1218
1976
1749
1353
1318
1830
1279
1635
1641
1447
1384
1877
1288
1386
2286
1332
1301
2120
1246
1236
1377
1939
1388
1472
1911
1616
1267
1740
1628
1240
1380
1761
1234
1642
2113
1340
1331
2183
1268
1257
1221
2201
1572
1431
1472
1539
1416
1822
1697
1246
1383
1903
1294
1570
1779
1405
1602
1673
1502
1219
1281
1816
1734
1344
1472
1883
1441
1409
1602
1629
1241
1818
1423
1204
2233
1363
1326
2028
1262
1222
2730
1532
1549
1709
1461
1298
1285
1318
1486
1532
1271
1685
1681
1500
1981
1453
1402
1703
1347
1268
1443
2105
1372
1377
1704
1583
1307
1761
1376
1241
1588
1699
1257
1795
2009
1344
1338
1959
1323
1226
1310
2080
1509
1407
1570
1766
1289
1863
1627
1227
1326
1953
1245
1390
2319
1338
1309
2093
1225
1327
1230
2079
1571
1353
1605
1607
1355
1678
1623
1334
1263
2036
1259
1354
2382
1343
1318
2273
1278
1313
1252
1974
1589
1444
1540
1521
1288
1728
1801
1311
1345
1792
1323
1361
2389
1367
1307
1948
1330
1343
1233
2000
1593
1362
1692
1655
1257
1763
1635
1316
1549
1536
1774
1518
1987
1437
1372
1712
1279
1261
1438
1776
1806
1426
1368
1861
1282
1336
1787
1250
1237
2255
1239
1204
2631
1339
1336
2100
1233
1259
1359
1955
1544
1373
1678
1663
1257
1932
1567
1212
1529
1728
1277
1518
2027
1311
1611
1880
1502
1779
2644
1286
1231
1335
1199
1999
1295
1317
2061
1397
1236
1946
1408
1187
2507
1326
1308
2403
1263
1261
1268
1672
1512
1432
1717
1509
1379
1639
1678
1337
1238
2037
1255
1205
2549
1346
1324
2005
1341
1239
1258
2216
1630
1414
1397
1609
1311
1899
1656
1325
1235
1684
1395
1382
2047
1370
1431
2053
1245
1248
1268
1768
1917
1348
1330
2011
1257
1517
1983
1244
1234
1914
1240
1523
2330
1322
1308
2167
1221
1249
1375
1791
1875
1339
1194
2008
1309
1301
2017
1237
1221
2042
1278
1172
2542
1317
1381
2096
1379
1271
1249
2091
1421
1337
1905
1416
1400
2142
1288
1232
1624
1616
1271
1777
1591
1311
1766
1783
1320
1625
1255
1392
2125
1320
1165
2138
1616
1314
1840
1527
1219
1774
1261
1184
2540
1325
1356
2052
1231
1220
1228
2190
1541
1323
1693
1671
1254
1633
1594
1235
1697
1964
1529
1514
1808
1490
1347
1776
1252
1228
2843
1536
1553
1460
1277
1255
1308
1636
1499
1228
1448
1982
1238
1401
2389
1374
1363
1797
1356
1244
1231
2059
1386
1421
1621
1744
1342
1665
1724
1245
1346
1814
1242
1610
2126
1361
1320
2105
1255
1238
1248
2129
1427
1349
1599
1712
1426
1401
1882
1395
1229
2045
1277
1224
2513
1321
1315
2080
1225
1217
1441
2094
1593
1323
1763
1248
1554
1760
1256
1371
1560
1775
1384
1393
2244
1330
1383
1947
1245
1536
1213
2010
1595
1337
1450
1763
1280
1707
1754
1250
1274
1908
1255
1401
2465
1348
1299
2169
1248
1213
1246
1868
1535
1375
1800
1750
1284
1536
1766
1252
1227
1970
1219
1181
2823
1344
1315
2007
1254
1265
1207
2112
1591
1337
1603
1415
1428
2047
1262
1219
1504
1901
1261
1467
2259
1352
1357
1880
1521
1255
1253
2035
1662
1403
1470
1581
1330
1613
1866
1219
1258
1836
1290
1392
2328
1372
1334
1931
1254
1229
2888
1268
1251
1456
1477
1585
1567
1618
1333
1593
1550
1707
1310
1252
2218
1407
1335
1786
1386
1218
1233
2096
1604
1387
1752
1602
1268
1770
1614
1213
1564
1650
1257
1685
1958
1408
1485
1814
1440
1243
1232
1920
1795
1342
1414
1798
1298
1567
1824
1219
1332
2052
1298
1194
2430
1352
1313
2051
1226
1238
1317
1921
1615
1327
1468
1828
1287
1589
1740
1347
1231
2125
1277
1182
2546
1323
1321
2061
1348
1255
1262
1978
1608
1318
1589
1499
1354
1931
1293
1324
1770
1476
1366
1572
1931
1344
1460
1788
1327
1346
1232
1991
1724
1354
1498
1857
1254
1679
1809
1231
1333
1853
1273
1546
2325
1361
1331
1860
1359
1237
1528
1796
1552
1315
1574
1811
1457
1408
1851
1225
1244
2051
1270
1191
2488
1323
1317
2252
1270
1254
1493
2040
1419
1410
1605
1718
1290
1822
1446
1225
1419
1598
1289
1693
1803
1353
1544
1864
1260
1606
2678
1276
1235
1333
1227
1768
1316
1392
1930
1264
1226
2118
1253
1204
2510
1360
1335
2046
1272
1229
1448
1877
1651
1390
1401
1839
1307
1684
1669
1250
1344
2168
1255
1333
2208
1350
1370
2054
1268
1228
1335
2025
1521
1370
1844
1605
1291
1736
1606
1263
1317
1977
1233
1354
2376
1337
1347
1956
1350
1234
1261
2230
1515
1414
1542
1495
1347
1764
1652
1231
1343
1839
1252
1496
2278
1324
1380
1988
1252
1269
1261
1895
1735
1322
1523
2028
1271
1522
1666
1419
1238
2014
1272
1197
2612
1332
1334
2124
1535
1239
1254
1829
1578
1343
1660
1592
1451
1648
1459
1544
1555
1545
1562
1203
1876
1326
1661
1960
1271
1229
1227
2000
1784
1359
1388
1949
1289
1505
1934
1215
1235
1900
1279
1536
2118
1330
1347
2073
1236
1225
1539
1939
1686
1317
1537
1739
1276
1532
1918
1229
1218
1899
1293
1401
2455
1347
1334
2029
1285
1247
3070
1566
1235
1688
1858
1497
1418
1601
1592
1333
1544
1695
1529
1489
1446
1658
1646
1619
1534
1303
1532
1529
1468
1663
1529
1732
1565
1438
1589
1542
1541
1714
1281
1482
1868
1469
1383
1747
1286
1254
1251
1804
1406
1347
1897
1618
1303
1389
1957
1360
1260
2021
1231
1224
2539
1334
1396
2039
1237
1221
1371
2067
1507
1369
1649
1791
1299
1756
1448
1347
1528
1765
1551
1226
1848
1540
1326
1710
1598
1575
1238
1423
1909
1381
1377
1931
1416
1466
2079
1362
1240
1835
1306
1207
2645
1335
1253
2050
1614
1197
1216
1964
1763
1329
1333
1754
1281
1679
1891
1238
1251
1890
1256
1336
2429
1306
1284
2027
1361
1241
1307
2019
1467
1353
1709
1512
1419
1800
1538
1322
1398
1856
1262
1449
2103
1338
1581
1772
1559
1380
1236
1798
1901
1340
1304
1839
1459
1400
1894
1516
1221
1658
1257
1191
2719
1480
1345
1660
1276
1219
2696
1236
1223
1360
1869
1524
1553
1609
1326
1279
1234
1815
1255
1218
2545
1371
1350
1992
1237
1251
1540
2119
1404
1454
1898
1390
1286
1904
1742
1244
1380
1584
1391
1675
2038
1362
1342
1750
1416
1390
1249
1907
1813
1426
1368
1809
1304
1381
1749
1412
1237
2045
1279
1201
2463
1354
1311
2040
1242
1228
1435
1929
1755
1418
1370
1568
1416
1354
2217
1261
1245
1930
1252
1236
2482
1346
1371
2005
1269
1241
1353
1972
1720
1368
1541
1669
1370
1692
1385
1317
1649
1726
1396
1379
2154
1356
1332
2069
1246
1221
1264
2070
1576
1429
1537
1761
1288
1779
1597
1229
1572
1670
1232
1725
2007
1332
1358
1989
1548
1255
1214
1702
1973
1351
1501
1805
1328
1391
2089
1242
1229
1926
1319
1231
2351
1348
1372
2198
1549
1344
1239
1960
1491
1367
1671
1918
1272
1664
1718
1230
1519
1716
1243
1524
2105
1328
1327
1978
1420
1233
2710
1291
1234
1673
1486
1515
1298
1528
1331
1419
1281
1893
1410
1298
2209
1261
1249
2250
1130
1296
1270
2368
1311
1226
1942
1496
1313
1831
1534
1282
1448
2131
1115
1424
2340
1240
1185
2296
1161
1120
1499
2036
1704
1224
1739
1563
1152
1907
1327
1267
1685
1460
1250
1896
1840
1213
1648
1790
1217
1626
1127
1795
2150
1186
1161
2324
1153
1633
2031
1143
1104
2148
1172
1417
2371
1199
1194
2288
1119
1147
1511
1963
1618
1234
1474
1992
1468
1274
2091
1277
1147
2195
1149
1263
2727
1226
1266
2220
1142
1140
1595
2343
1436
1406
1846
1249
1571
1715
1257
1229
1689
1700
1237
2015
1672
1381
1676
1573
1254
1570
1231
1782
2305
1374
1173
1832
1266
1552
2054
1237
1237
1925
1513
1206
2259
1359
1311
2055
1240
1223
1544
1824
1712
1327
1520
1941
1302
1511
1450
1388
1393
1690
1267
1601
2292
1343
1346
2012
1225
1275
2960
1248
1214
1334
1563
1531
1581
1643
1319
1277
1473
1692
1529
1479
2048
1446
1410
1694
1369
1280
1230
1990
1354
1415
1737
1529
1284
1939
1402
1222
1635
1790
1285
1683
2297
1339
1316
1874
1264
1375
1266
1923
1804
1357
1455
1874
1311
1521
2003
1240
1247
2119
1283
1178
2531
1381
1321
2244
1661
1320
1261
1871
1771
1366
1505
1602
1285
1747
1650
1224
1476
1834
1257
1399
2473
1493
1359
1901
17976
1248
1284
2661
2001
1350
1241
1878
1293
1531
1719
1344
1318
2003
1314
1319
2410
1327
1279
2053
1885
1349
1352
2013
1285
1227
1857
1625
1568
1512
1432
1592
1274
1660
1550
1185
2224
1327
1309
2173
1313
1242
1329
2132
1597
1370
1591
1660
1374
1647
1771
1233
1248
1870
1377
1348
2034
1351
1347
2132
1232
1241
1252
2129
1825
1357
1658
1684
1333
1527
1525
1244
1442
2954
1264
1197
2556
1350
1339
2121
1251
1241
2987
1598
1582
1674
1498
1312
1575
1635
1550
1293
1251
1399
1282
1228
2034
1383
1404
1959
1272
1243
1256
2178
1355
1437
1791
1565
1312
1880
1532
1234
1616
1933
1235
1733
1779
1389
1509
1778
1370
1260
1235
2154
1477
1409
1625
1985
1300
1611
1792
1263
1255
1774
1313
1488
2201
1382
1359
2119
1215
1251
1218
2168
1439
1355
1542
1711
1574
1513
1626
1354
1225
2058
1268
1475
2242
1396
1378
1908
1321
1495
1251
1906
1919
1328
1254
1791
1358
1756
1723
1320
1251
1888
1411
1215
2575
1445
1381
1842
1222
1244
1252
2111
1394
1375
1872
1604
1290
1728
1406
1317
1670
1508
1287
1775
2059
1340
1341
2114
1272
1487
1228
1699
1831
1338
1320
2066
1272
1382
1921
1220
1258
2171
1393
1181
2538
1328
1345
2109
1388
1247
1229
1916
1572
1333
1654
1633
1283
1860
1608
1264
1336
1800
1252
1650
1946
1351
1597
1809
1515
1253
2664
1569
1552
1674
1324
1558
1602
1346
1271
1223
1216
1726
1313
1199
2451
1343
1334
1960
1259
1348
1264
1821
1551
1349
1555
1851
1269
1597
1768
1220
1249
2127
1266
1509
2265
1336
1299
2113
1267
1223
1383
2182
1388
1340
1837
1449
1293
1905
1283
1385
1744
1568
1264
1553
2073
1353
1463
1899
1232
1397
1247
1868
1776
1357
1353
1930
1339
1602
1817
1265
1221
1897
1267
1304
2373
1381
1324
2011
1226
1257
1629
1801
1420
1369
1628
1931
1416
1393
1709
1427
1225
1946
1242
1206
2787
1347
1323
2049
1228
1230
1448
2146
1429
1416
1723
1274
1319
2210
1282
1223
1663
1490
1383
1905
1896
1337
1433
1580
1328
1568
1272
1682
2152
1347
1199
1991
1270
1295
2096
1230
1249
2130
1287
1214
2523
1353
1306
2140
1242
1215
1323
1898
1857
1366
1328
2049
1306
1537
1839
1246
1241
1683
1248
1827
2093
1452
1384
1876
1283
1241
2745
1236
1578
1692
1528
1521
1322
1330
1272
1222
1345
1691
1402
1771
1564
1420
1595
1547
1586
1489
1228
1706
1755
1353
1546
1746
1274
1717
1610
1248
1412
2066
1308
1319
2324
1357
1384
2032
1276
1261
1357
2144
1621
1449
1312
1647
1324
1484
1917
1306
1222
2006
1262
1220
2568
1349
1320
2127
1240
1238
1219
2074
1814
1328
1481
1568
1264
1831
1707
1216
1430
1588
1386
1621
1843
1344
1480
1918
1391
1537
1232
1673
1816
1337
1364
1965
1276
1496
2028
1251
1220
1998
1236
1381
2430
1349
1308
2057
1357
1232
1248
2087
1395
1338
1861
1389
1370
2066
1449
1241
1320
1962
1253
1320
2431
1312
1350
2193
1309
1209
1332
2127
1341
1343
1776
1546
1350
1774
1372
1310
1480
1777
1344
1696
1831
1342
1406
1949
1261
1313
1218
2032
1815
1370
1537
1736
1278
1675
1937
1222
1224
1774
1259
1390
2376
1338
1320
2107
1269
1218
2844
1241
1237
1335
1256
1755
1258
1396
1855
1330
1231
2045
1254
1203
2801
1326
1391
1952
1256
1221
1446
2138
1365
1412
1724
1359
1284
2071
1388
1262
1661
1693
1287
1664
2143
1345
1368
2141
1352
1242
1220
2084
1554
1433
1500
1636
1284
1728
1623
1233
1385
2025
1272
1387
2294
1344
1323
2067
1273
1219
1270
2113
1499
1420
1635
1511
1361
1459
2094
1238
1263
1937
1289
1213
2499
1362
1378
1952
1506
1239
1229
2022
1704
1337
1508
1744
1411
1552
1547
1253
1461
1808
1523
1536
1979
1452
1339
1567
1299
1380
1272
1906
1786
1380
1617
1872
1295
1459
1835
1226
1272
1901
1245
1458
2344
1344
1342
1999
1383
1244
1210
2068
1522
1341
1695
1595
1542
1751
1666
1262
1225
1884
1244
1345
2398
1362
1336
2324
1284
1246
1217
1881
1574
1414
1582
1598
1271
1827
1472
1389
1511
1438
1387
2567
1153
1350
2209
1289
1216
2031
2699
1233
1268
1712
1532
1686
1556
1382
1824
1572
1532
1724
1310
1207
1810
1348
1356
2003
1252
1243
1413
2012
1602
1417
1534
1567
1300
1954
1407
1221
1516
1902
1245
1344
2576
1361
1345
1985
1228
1330
1342
2129
1593
1378
1578
1375
1356
2080
1362
1235
1490
1688
1375
1533
1958
1326
1435
1800
1365
1372
1263
1888
1951
1351
1474
1956
1285
1324
1867
1280
1250
2043
1251
1313
2454
1344
1372
2158
1307
1230
1318
1941
1492
1350
1587
1909
1385
1567
1991
1241
1239
1762
1237
1527
2262
1377
1301
2397
1266
1239
1224
1848
1405
1430
1837
1917
1306
1490
1896
1327
1235
1961
1246
1197
2493
1351
1303
1943
1316
1308
1267
2038
1666
1360
1600
1531
1377
1720
1510
1421
1333
2017
1323
1324
2259
1364
1368
2001
1522
1367
1234
1965
1716
1329
1503
1790
1278
1715
1593
1231
1238
1868
1395
1381
2227
1340
1345
2098
1258
1233
2816
1241
1551
1485
1206
1450
1347
1608
1881
1547
1524
1449
1307
1247
2113
1397
1356
1944
1353
1242
1258
2230
1564
1417
1513
1646
1296
1787
1596
1234
1523
1976
1300
1556
1975
1335
1455
1998
1243
1254
1205
2019
1839
1340
1504
1734
1424
1376
1941
1251
1221
2131
1274
1172
2500
1343
1306
2048
1245
1235
1493
2040
1426
1422
1702
1384
1402
1945
1284
1364
1466
1810
1237
1543
2296
1358
1315
1809
1354
1225
1247
2129
1514
1335
1600
1688
1295
1828
1505
1241
1725
1830
1243
1372
2231
1333
1309
2084
1219
1381
1344
2013
1405
1334
1873
1647
1283
1879
1544
1252
1531
1733
1379
1509
2165
1351
1327
2028
1381
1234
1484
1777
1727
1340
1558
1657
1242
1813
1403
1250
1369
1945
1263
1555
2011
1337
1487
1850
1311
1282
1230
2121
1668
1304
1531
1858
1270
1530
1659
1325
1307
2010
1243
1497
2336
1337
1301
1915
1488
1198
2651
1245
1243
1346
1177
1620
1417
1404
1732
1396
1243
2010
1267
1215
4046
1336
1328
3477
1241
1226
2194
1729
1462
1968
1339
1373
2164
1333
1284
1587
1405
1370
1248
1892
1639
1418
1609
2231
1243
1235
1772
1230
2558
1337
1198
2245
1301
1321
2147
1241
1229
2054
1238
1200
2938
1350
1388
2074
1318
1228
1499
1856
1526
1355
1515
1679
1301
1541
2022
1218
1231
2006
1260
1208
2504
1342
1373
2356
1280
1264
1216
1858
1417
1428
1670
1534
1402
1762
1522
1369
1381
1691
1415
1520
2049
1348
1565
1756
1502
1485
1223
1870
1727
1364
1409
1851
1321
1427
1666
1239
1390
2049
1302
1222
2343
1330
1341
2047
1235
1216
1418
1825
1532
1335
1663
2009
1277
1354
1767
1211
1245
2164
1243
1501
2341
1347
1384
2302
1257
1211
1228
1997
1515
1364
1996
1642
1280
1505
1755
1248
1497
1566
1260
1795
2155
1349
1326
2118
1491
1210
2703
1262
1210
1353
1211
1492
1259
1766
1825
1237
1339
1917
1255
1336
2305
1347
1414
1970
1234
1228
1324
2159
1430
1339
1767
1802
1260
1670
1792
1201
1259
1902
1260
1213
2606
1347
1345
2080
1527
1216
1227
1985
1588
1314
1682
1631
1282
1703
1435
1516
1518
1653
1553
1177
2345
1353
1320
2201
1226
1226
1259
2218
1480
1351
1576
1807
1277
1702
1622
1236
1525
1584
1241
1358
2489
1317
1339
2119
1230
1222
1292
2025
1510
1327
1687
1773
1296
1507
1923
1248
1477
1906
1539
1167
2409
1321
1347
1856
1367
1250
1347
2043
1619
1308
1677
1371
1363
2075
1275
1239
1617
1958
1284
1402
2272
1350
1347
2039
1383
1224
1241
1909
1546
1326
1780
1813
1257
1573
1581
1491
1272
1881
1251
1373
2312
1338
1338
2135
1230
1226
1349
1902
1836
1318
1242
1975
1359
1312
1807
1502
1234
1753
1971
1220
1831
1356
1318
2076
1258
1263
2938
1252
1244
1348
1436
1595
1289
1651
1679
1222
1599
1679
1255
1544
2195
1329
1375
2023
1489
1226
1225
2012
1522
1329
1776
1433
1284
1901
1516
1244
1503
1702
1249
1649
2170
1326
1338
2045
1230
1351
1265
1849
1581
1366
1598
1831
1337
1484
1823
1300
1237
2246
1255
1171
2470
1319
1296
2114
1216
1452
1267
2111
1376
1354
1875
1237
1260
2097
1286
1238
1660
1463
1408
1684
1907
1350
1676
1813
1251
1521
1217
1713
2036
1406
1154
2115
1596
1322
1715
1413
1226
1931
1404
1216
2537
1349
1336
2079
1225
1237
1442
1673
1599
1354
1746
1743
1299
1717
1653
1237
1224
1938
1355
1521
2149
1356
1340
2118
1320
1243
1276
1937
1398
1337
1812
1546
1373
2002
1603
1266
1307
1873
1294
1326
2490
1336
1350
2056
1332
1233
1213
2003
1535
1349
1646
1698
1262
1786
1443
1336
1401
1799
1294
1749
2042
1357
1329
2010
1241
1333
2763
1258
1289
1320
1236
1612
1545
1673
1626
1311
1328
1875
1430
1234
2406
1331
1337
1945
1235
1261
1525
2101
1538
1320
1617
1715
1270
1704
1580
1217
1736
1536
1252
1697
1988
1327
1503
1938
1285
1532
1239
1705
1888
1465
1350
1893
1317
1398
1891
1229
1243
2103
1245
1214
2460
1348
1358
2179
1224
1252
1230
1949
1853
1325
1475
1609
1392
1622
1857
1247
1225
1954
1250
1210
2600
1314
1318
2179
1321
1223
1306
2173
1331
1351
1739
1446
1460
1834
1558
1323
1462
1665
1345
1515
1942
1331
1409
1862
1366
1600
1257
1769
1836
1336
1499
1737
1374
1590
1775
1212
1261
2013
1358
1210
2498
1338
1339
1986
1258
1260
1323
1898
1584
1347
1502
1920
1284
1366
2003
1246
1223
2371
1266
1185
2455
1325
1303
2224
1252
1215
1493
1741
1556
1311
1909
1673
1294
1574
1548
1267
1557
1528
1521
1609
1488
1504
1617
1695
1378
1380
2660
1292
1368
1335
1225
1773
1388
1403
1957
1385
1225
1976
1245
1183
2651
1369
1288
2241
1250
1257
1382
1989
1408
1415
1720
1656
1287
1571
1789
1255
1378
1768
1291
1374
2330
1343
1356
2091
1273
1254
1231
2111
1598
1333
1746
1507
1248
2093
1416
1236
1375
1896
1270
1406
2195
1318
1370
2033
1251
1221
1243
1943
1608
1372
1714
1654
1276
1794
1636
1232
1346
1826
1234
1639
2149
1323
1351
2004
1422
1251
1517
1742
1511
1355
1606
1649
1580
1570
1707
1230
1227
1998
1263
1167
2703
1325
1310
2063
1228
1222
1515
1923
1394
1334
1855
1379
1513
1852
1321
1336
1594
1649
1294
1639
1792
1331
1584
1699
1371
1716
1221
1533
2137
1323
1221
1976
1313
1434
2146
1236
1249
1995
1233
1181
2541
1348
1329
2140
1282
1260
1249
2057
1640
1346
1424
1928
1247
1304
1993
1238
1246
1895
1532
1178
2419
1364
1346
1946
1284
1234
2818
1243
1217
1392
1468
1461
1253
1890
1597
1219
1536
2005
1237
1540
2097
1349
1317
1807
1385
1220
1231
1966
1667
1349
1645
1636
1538
1630
1706
1487
1492
1480
1278
1564
2108
1343
1458
1898
1411
1218
1245
1917
1704
1327
1542
1908
1276
1323
2008
1375
1229
2056
1224
1188
2488
1351
1367
2106
1242
1218
1518
2000
1633
1324
1606
1540
1553
1775
1274
1216
1617
1747
1310
1484
2129
1329
1314
1962
1345
1241
1231
1945
1823
1355
1452
1959
1258
1505
1728
1310
1345
2012
1238
1296
2403
1312
1352
2113
1229
1242
1556
2150
1554
1413
1671
1694
1322
1603
1608
1229
1549
1539
1280
1613
1860
1348
1695
2070
1443
1455
1348
1777
1230
1225
1871
1326
1800
1832
1302
1319
1264
1597
1662
1397
1869
1611
1385
1624
1715
1473
1227
1765
1621
1347
1650
2022
1266
1377
1585
1393
1374
2044
1289
1421
2615
1334
1332
2095
1242
1226
2958
1228
1241
1323
1165
1555
1413
1384
1815
1383
1261
2022
1539
1210
2424
1321
1355
2131
1223
1213
1528
2123
1492
1360
1520
1785
1244
1736
1677
1233
1698
1398
1236
1759
1837
1367
1570
1771
1410
1624
1250
1527
2253
1352
1167
1902
1277
1343
2063
1232
1238
2200
1247
1176
2610
1357
1357
2060
1312
1235
1294
1980
1487
1312
1681
1846
1340
1622
1748
1250
1230
2004
1262
1170
2675
1329
1306
2203
1265
1243
1616
2059
1405
1428
1459
2543
1280
1329
2060
1247
1228
2125
1264
1187
2630
1336
1327
2026
1378
1271
1230
1816
1640
1361
1409
1937
1250
1334
1998
1328
1235
2097
1253
1178
2562
1345
1344
1932
1337
1245
1250
2186
1366
1418
1675
1493
1278
1935
1787
1325
1244
1932
1302
1211
2519
1371
1326
2064
1526
1209
1239
1934
1545
1329
1664
1694
1421
1648
1694
1229
1236
1847
1537
1461
1902
1328
1666
1931
1270
1377
2692
1290
1544
1453
1470
1300
1307
1376
1872
1296
1308
1788
1285
1541
2309
1389
1352
1934
1342
1244
1290
2245
1361
1414
1731
1757
1320
1774
1614
1223
1513
1700
1262
1526
2481
1357
1358
1836
1389
1247
1225
1974
1540
1352
1652
1585
1401
1837
1376
1235
1487
1915
1292
1347
1923
1345
1722
1796
1236
1502
1263
1946
1855
1371
1326
1704
1268
1649
1841
1228
1266
2048
1504
1186
2199
1386
1330
1948
1249
1226
1229
2203
1552
1345
1455
1835
1245
1690
1753
1397
1233
2011
1262
1196
2782
1569
1407
1637
1429
1216
1238
2089
1387
1366
1959
1369
1275
2187
1296
1216
1632
1542
1243
1797
1902
1344
1457
1974
1242
1381
1247
2156
1560
1426
1570
1647
1276
1562
1866
1247
1228
2189
1260
1302
2665
1367
1314
2260
1292
1259
1260
1805
1665
1447
1298
1867
1277
1375
2015
1249
1250
1967
1268
1189
2477
1331
1307
1996
1132
1209
2839
1164
1118
1726
1755
1391
1602
1647
1573
1525
1570
1690
1581
1471
1326
1455
1607
1847
1545
1514
1311
1529
1792
1683
1495
1440
1576
1606
1401
1536
1560
1671
1529
1499
1865
1479
1366
1556
1406
1239
1237
2023
1426
1379
1483
1982
1285
1631
1612
1362
1332
1967
1282
1220
2431
1348
1348
2312
1255
1211
1239
2023
1580
1338
1624
1566
1590
1508
1582
1235
1541
1516
1417
1650
1919
1308
1612
1900
1395
1241
1230
1833
1771
1338
1442
1917
1248
1594
1789
1377
1231
2153
1281
1169
2471
1326
1370
2058
1225
1220
1406
2075
1571
1363
1499
1735
1263
1633
1793
1230
1237
2278
1240
1184
2499
1338
1310
2088
1231
1220
1394
2235
1371
1358
1737
1545
1243
1942
1430
1224
1681
1628
1500
1398
1885
1413
1462
2023
1246
1393
1244
1856
1783
1442
1355
1955
1328
1422
1804
1226
1379
1928
1293
1390
2334
1347
1352
1992
1754
1333
2684
1242
1216
1347
1507
1791
1357
1476
1880
1270
1227
1940
1251
1214
2661
1359
1360
2201
1236
1258
1231
1994
1468
1366
1772
1403
1301
2106
1305
1248
1561
1660
1308
1898
1550
1385
1740
1532
1275
1761
1257
1645
2017
1325
1324
2082
1280
1393
1883
1224
1244
2245
1264
1172
2432
1346
1291
2178
1244
1226
1233
2081
1634
1330
1519
1550
1551
1534
1595
1300
1319
1952
1320
1223
2559
1335
1339
1980
1235
1259
1513
1969
1560
1330
1581
1630
1273
1840
1436
1209
1660
1834
1227
1537
2099
1326
1355
1986
1516
1241
1214
1731
1962
1334
1356
1987
1281
1582
1791
1226
1241
2066
1270
1371
2317
1337
1357
2067
1232
1236
1226
2023
1596
1339
1610
1816
1290
1409
1952
1233
1261
2253
1255
1172
2411
1313
1303
2228
1236
1236
1585
2014
1454
1427
1647
1573
1295
2001
1303
1241
1465
1861
1270
2534
1305
1346
2082
1410
1260
1925
2669
1249
1225
1357
1221
1944
1415
1324
2156
1402
1294
1665
1468
1225
2408
1382
1330
2018
1229
1248
1343
2368
1284
1446
1918
1374
1279
1755
1446
1225
1541
1936
1277
1398
2401
1346
1345
2145
1226
1226
1516
1993
1541
1356
1517
1530
1253
1938
1748
1532
1211
1935
1277
1186
2452
1323
1298
2131
1246
1224
1243
2147
1497
1359
1936
1421
1312
1810
1531
1243
1593
1686
1262
1587
2221
1354
1329
2058
1258
1256
1233
2320
1410
1409
1705
1592
1232
2813
1258
1214
1714
1653
1236
1709
2110
1335
1478
2009
1262
1225
1392
2117
1415
1337
1818
1568
1291
1955
1635
1264
1339
1880
1241
1602
2279
1328
1318
2091
1525
1225
1220
1881
1594
1332
1664
1652
1271
1769
1581
1398
1389
1990
1270
1182
2374
1310
1310
2114
1239
1214
1429
1890
1662
1315
1600
1793
1253
1548
1712
1231
1401
1947
1237
1415
2382
1346
1336
2084
1238
1229
2944
1276
1230
1366
1387
1675
1574
1607
1571
1246
1546
1504
1553
1528
1929
1450
1394
1753
1255
1319
1226
2085
1542
1408
1653
1666
1308
1682
1662
1238
1361
1923
1286
1564
2151
1350
1344
1955
1244
1263
1318
1883
1737
1353
1461
1845
1279
1348
1924
1222
1240
2284
1252
1178
2634
1320
1312
2295
1231
1236
1424
2018
1375
1422
1647
1405
1396
1995
1259
1311
1575
1799
1236
1587
1938
1333
1455
1737
1320
1529
1284
1745
1956
1374
1323
1989
1305
1332
2138
1267
1223
2153
1249
1196
2603
1351
1306
2010
1230
1231
1542
1993
1550
1341
1683
1725
1244
1758
1642
1240
1380
1936
1241
1384
2408
1333
1330
2001
1243
1242
1552
1828
1653
1334
1692
1646
1274
1633
1677
1243
1380
1865
1282
1389
2269
1336
1369
2031
1339
1282
1227
2184
1363
1413
1671
1623
1291
1689
1562
1338
1345
1868
1393
1386
2256
1363
1391
1947
1263
1248
2697
1532
1276
1461
1479
1535
1556
1358
1390
1553
1281
2049
1540
1487
1830
1449
1385
1828
1524
1244
1228
2042
1545
1328
1706
1496
1288
2012
1434
1253
1469
2063
1275
1407
2172
1366
1370
1899
1235
1265
1232
2244
1418
1348
1908
1596
1276
1751
1425
1311
1616
1734
1250
1568
2321
1348
1346
1945
1249
1229
1469
2176
1426
1435
1624
1615
1326
1590
1715
1239
1230
2124
1230
1210
2721
1356
1340
1981
1217
1256
1519
1957
1551
1322
1688
1593
1260
1969
1528
1232
1544
1992
1262
1406
2134
1349
1311
2068
1240
1225
1241
2180
1507
1349
1747
1739
1299
1721
1535
1320
1391
1937
1252
1375
2131
1359
1652
1828
1242
1505
1271
1660
1790
1328
1419
1913
1269
1514
1995
1228
1244
2055
1259
1203
2523
1331
1312
2186
1238
1236
1387
2061
1590
1339
1688
1686
1253
1877
1476
1258
1615
1392
1397
1725
1870
1364
1476
1805
1406
1389
2719
1248
1573
1694
1536
1594
1628
1348
1318
1254
1236
1892
1340
1228
2625
1385
1326
1994
1750
1344
1270
1808
1437
1335
1861
1341
1290
2107
1312
1247
1583
1792
1272
1518
1986
1350
1362
2130
1220
1245
1473
2044
1631
1536
1513
1679
1469
1389
2134
1284
1268
1899
1287
1208
2493
1325
1317
2273
1251
1250
1214
1836
1878
1395
1447
1713
1301
1571
1790
1381
1217
1814
1284
1554
2224
1353
1348
1955
1585
1222
1242
2089
1673
1315
1400
1709
1260
1706
1844
1507
1243
1927
1286
1216
2280
1334
1325
2094
1250
1244
1497
2044
1540
1360
1713
1390
1282
2006
1475
1218
1738
1502
1260
1663
1910
1371
1488
1896
1531
1212
1531
1863
1547
1319
1862
1603
1461
1725
1597
1256
1412
1844
1286
1431
2158
1346
1369
1963
1261
1260
1315
2012
1714
1410
1326
1778
1313
1330
2051
1261
1272
1837
2298
1257
1503
1792
1480
1452
1703
1270
2656
1274
1941
1678
1305
1522
1579
1618
1595
1310
1230
1429
1287
1222
2468
1380
1393
1801
1378
1325
1226
1983
1593
1390
1673
1602
1254
1850
1791
1263
1327
1770
1267
1718
2176
1325
1340
1952
1234
1231
1222
2158
1783
1344
1373
1762
1438
1512
1745
1295
1239
2000
1300
1194
2463
1327
1372
2154
1278
1233
1499
1856
1416
1362
1833
1688
1297
1767
1588
1228
1544
1716
1502
1578
1815
1337
1350
2094
1519
1239
1230
1846
1578
1353
1590
1657
1408
1613
1884
1243
1262
1993
1297
1308
2654
1338
1354
1815
1418
1240
1241
2241
1428
1429
1602
1467
1382
1616
1652
1346
1231
2105
1256
1231
2535
1341
1339
2035
1262
1254
1695
1816
1439
1437
1773
1400
1303
1864
1268
1390
1513
1828
1412
1520
1991
1368
1359
2010
1227
1510
1252
1948
1635
1336
1581
1805
1300
1629
1454
1387
1400
1827
1415
1386
2140
1375
1360
2003
1272
1239
2845
1533
1530
1438
1236
1258
1286
1415
1570
1369
1256
1937
1365
1328
2351
1345
1329
2231
1255
1256
1452
2117
1359
1432
1726
1475
1321
2090
1395
1251
1508
1730
1274
1672
1924
1348
1436
1822
1354
1372
1230
2065
1777
1418
1315
2185
1354
1340
1829
1342
1239
2074
1341
1212
2311
1339
1303
2036
1817
1368
1285
1924
1263
1243
1628
1507
1675
1609
1428
1565
1287
1616
1620
1220
2148
1346
1332
2039
1251
1243
1564
2050
1455
1471
1432
1599
1384
1720
1411
1353
1502
1643
1528
1411
1906
1344
1455
1925
1372
1401
1233
1865
1844
1333
1575
1674
1316
1672
1734
1345
1493
1793
1289
1376
2377
1355
1366
2012
1233
1231
1211
2099
1683
1354
1392
1968
1268
1415
1912
1283
1251
2152
1248
1174
2610
1358
1309
2141
1244
1253
1507
1894
1429
1338
1775
1572
1306
1904
1313
1218
1614
1589
1566
1535
1696
1345
1625
1638
1430
1544
2689
1246
1265
1389
1466
1672
1586
1625
1577
1535
1287
1678
1524
1256
2071
1431
1330
1889
1226
1238
1517
1840
1641
1400
1439
1766
1283
1746
1658
1212
1506
1876
1267
1520
2362
1333
1365
1990
1247
1250
1451
2073
1514
1472
1558
1639
1315
1643
1398
1327
1582
1638
1335
1605
2001
1347
1453
2122
1283
1289
1218
1899
1736
1416
1559
1650
1314
1648
1746
1252
1542
1762
1236
1524
2140
1343
1319
2029
1390
1235
1226
2102
1607
1319
1406
2064
1294
1412
1785
1392
1258
2039
1380
1190
2425
1361
1325
2035
1261
1213
1440
2269
1473
1407
1645
1572
1336
1779
1616
1311
1350
1927
1274
1352
2636
1469
1369
1638
1268
1239
1459
2071
1556
1449
1367
1722
1273
1696
1656
1236
1448
1966
1264
1370
2422
1355
1366
2124
1256
1228
1253
2102
1401
1436
1508
1851
1335
1588
1664
1246
1325
1879
1313
1323
2451
1391
1353
1976
1272
1224
2794
1253
1532
1700
1511
1517
1573
1611
1584
1276
1220
1431
1265
1579
1941
1459
1386
1695
1273
1338
1397
1941
1709
1410
1507
1708
1298
1616
1732
1231
1342
1918
1255
1508
2216
1352
1353
2056
1250
1256
1220
2144
1731
1356
1556
1622
1431
1471
1825
1224
1521
1714
1284
1424
2448
1363
1312
2136
1268
1228
1232
2058
1570
1343
1756
1433
1244
1930
1439
1215
1772
1388
1398
1674
1824
1319
1581
1908
1241
1541
1236
1786
2081
1333
1327
1986
1297
1391
1897
1224
1220
2207
1240
1197
2525
1329
1334
2206
1229
1246
1241
2089
1440
1441
1473
1874
1312
1421
1845
1247
1259
2123
1292
1203
2547
1351
1381
2024
1233
1218
1483
2102
1590
1415
2083
1372
1326
2245
1291
1324
1608
1712
1314
1521
1982
1732
1635
1360
1549
1546
1534
1527
1311
1522
1266
1827
1333
1606
1588
1219
1571
1925
1761
1205
2208
1398
1288
2054
1758
1360
2809
1251
1237
1536
1500
1569
1349
1452
1315
1235
1243
1788
1390
1221
2493
1393
1358
1970
1273
1244
1441
2014
1559
1399
1582
1588
1266
1963
1497
1223
1683
1498
1407
1518
2095
1356
1377
1908
1276
1239
1454
2136
1437
1472
1684
1717
1326
1517
1781
1273
1341
1872
1265
1378
2374
1367
1348
2047
1349
1273
1247
2041
1530
1430
1583
1780
1290
1755
1729
1229
1239
2116
1229
1534
1963
1567
1354
1908
1228
1229
1259
2041
1734
1345
1650
1881
1291
1448
1619
1645
1402
1663
1644
1561
1872
1434
1383
1593
1239
1253
1279
1994
1696
1431
1582
1573
1271
2046
1511
1242
1439
1794
1305
1413
2304
1535
1455
1833
1333
1251
1261
2086
1596
1489
1499
1781
1562
1601
1353
1575
1278
1819
1272
1228
2545
1389
1437
2029
1274
1239
1449
1745
1584
1396
1793
1636
1293
1556
1783
1246
1395
1560
1416
1660
1861
1369
1528
1655
1407
1404
2662
1271
1232
1344
1345
1716
1471
1389
1871
1538
1212
2071
1250
1166
2553
1333
1362
2113
1240
1234
1219
2050
1581
1342
1652
1682
1416
1411
1887
1228
1250
2096
1246
1213
2509
1346
1362
2114
1392
1235
1241
2206
1395
1340
1704
1785
1256
1701
1423
1403
1395
1834
1384
1399
2097
1349
1341
2071
1227
1241
1405
1991
1736
1359
1530
1760
1264
1727
1546
1213
1516
1948
1247
1324
2251
1386
1343
2058
1244
1225
1384
1807
1853
1325
1548
2001
1276
1340
1958
1223
1247
2060
1257
1178
2586
1323
1324
2118
1378
1234
1544
1827
1539
1326
1700
1751
1258
1658
1839
1217
1512
1587
1271
1632
2179
1323
1355
1998
1424
1239
1249
2196
1683
1422
1531
1688
1596
1473
1636
1246
1528
2008
1262
1194
2319
1348
1328
1991
1529
1223
1281
1954
1633
1333
1572
1856
1297
1402
1923
1250
1274
1993
1447
1196
2194
1392
1328
2050
1233
1275
2845
1268
1238
1336
1345
1470
1448
2031
1479
1232
1515
1505
2082
1260
1500
3056
1330
1251
3169
1241
1225
3029
1227
1395
2582
1243
1326
2416
1268
1214
1243
2050
1261
1180
2595
1415
1340
2364
1262
1228
1494
2766
1232
1349
2013
1262
1279
2095
1294
1239
1487
1388
1536
1956
1157
1582
2094
1281
1406
1608
1269
1430
2191
1423
1197
2016
1327
1310
2172
1252
1231
1933
1264
1222
2464
1361
1382
2897
1417
1231
1265
1841
1273
1379
1857
1259
1279
2531
1273
1254
1814
1326
1411
1750
1196
1784
1824
1275
1389
1723
1232
1615
2051
1328
1270
2685
1273
1312
2053
1232
1228
2168
1244
1212
2933
1349
1318
2636
1236
1230
1253
1217
1221
1877
1227
1232
2421
1334
1290
2109
1255
1322
1904
1177
1157
2317
1370
1264
1989
1232
1238
2797
1495
1333
1784
1844
1275
1658
1683
1234
1251
1884
1477
1187
2591
1346
1342
1716
1228
1228
2672
1218
1515
1342
1294
1731
1583
1606
1429
1234
1409
2069
1243
1525
2332
1353
1376
1963
1240
1238
1383
1952
1601
1350
1732
1755
1300
1641
1619
1386
1360
1834
1276
1168
2553
1339
1352
2070
1250
1256
1390
2126
1762
1320
1705
1602
1263
1568
1934
1273
1315
1696
1356
1582
2016
1340
1316
2111
1321
1226
1329
2082
1725
1317
1568
1499
1369
1890
1627
1223
1331
1832
1288
1363
2236
1334
1366
1995
1360
1219
1258
2157
1512
1321
1785
1743
1275
1576
1742
1354
1265
2018
1301
1198
2595
1345
1333
2292
1285
1239
1260
2236
1439
1415
1675
1344
1330
2020
1303
1331
1595
1700
1251
1617
2170
1394
1337
1868
1355
1328
1239
1983
1794
1384
1522
1626
1280
1715
1630
1476
1381
1861
1247
1547
2215
1382
1355
2153
1272
1219
1243
1759
1644
1455
1342
2188
1279
1337
1690
2446
1254
1371
3464
1208
1143
3505
1358
1275
1634
1785
2737
1275
1262
1412
1229
1548
1267
1312
1741
1633
1225
1815
1392
1343
2265
1487
1427
1893
1506
1519
1266
1534
1386
1413
1769
1532
1316
1796
1470
1258
1799
1515
1269
1528
2240
1373
1360
1944
1273
1229
1243
2121
1677
1363
1471
1948
1300
1308
1836
1400
1239
2025
1415
1209
2419
1360
1353
2166
1230
1233
1510
1706
1566
1510
1529
1718
1272
1796
1671
1261
1374
1749
1235
1468
2219
1326
1334
1919
1395
1253
1255
2010
1789
1431
1559
1550
1271
1432
1846
1919
1238
1443
1814
1577
1634
1445
1465
1807
1424
1250
1245
2192
1604
1419
1527
1857
1274
1488
1650
1406
1230
2017
1275
1259
2475
1351
1366
2054
1247
1234
1546
1956
1679
1404
1495
1397
1567
1805
1276
1227
1710
1642
1550
1438
1959
1373
1351
2136
1286
1248
1216
1795
1983
1360
1459
1771
1288
1482
1763
1279
1397
1726
1239
1546
2190
1318
1345
2119
1280
1243
2946
1255
1556
1694
1470
1527
1336
1306
1421
1281
1252
2111
1550
1483
1631
1399
1353
2029
1248
1258
1510
1998
1556
1343
1668
1621
1294
1772
1578
1223
1550
2052
1300
1523
2223
1345
1350
2024
1410
1247
1237
2093
1647
1426
1354
1799
1304
1586
1792
1243
1345
1866
1309
1357
2244
1336
1338
2199
1275
1354
1232
2025
1549
1418
1311
1722
1326
1580
1890
1237
1225
2137
1279
1221
2524
1357
1349
2052
1275
1245
1235
2101
1530
1340
1771
1630
1274
1773
1535
1400
1433
1689
1285
1516
2245
1366
1347
2011
1243
1245
1614
2016
1424
1439
1918
1425
1302
1712
1421
1239
1632
1753
1255
1499
2248
1334
1369
2132
1326
1293
1234
2195
1558
1426
1402
1588
1592
1363
1795
1242
1245
2024
1275
1181
2504
1377
1313
2323
1259
1268
1224
1871
1458
1332
1777
1835
1256
1662
1627
1256
1402
1669
1430
1365
2272
1231
1244
2301
1129
1119
2812
1539
1561
1678
1518
1278
1588
1635
1326
1268
1260
1885
1284
1226
2475
1411
1340
1838
1234
1566
1236
1227
2253
1396
1221
2120
1266
1334
2543
1232
1225
2815
1271
1233
3299
1349
1348
2078
1222
1235
1276
2702
1230
1335
1956
1235
1260
2186
1256
1237
1697
1343
1446
2104
1363
1427
1693
1563
1234
1968
1269
1260
2268
1404
1201
1999
1317
1310
1991
1262
1275
2085
1237
1211
2560
1363
1330
1985
1274
1259
1214
1963
1953
1346
1465
1783
1293
1590
1789
1547
1238
1698
1218
1198
2733
1341
1360
1874
1545
1224
1258
1885
1431
1421
1833
1490
1298
1984
1443
1233
1637
1631
1225
1734
2328
1346
1332
1834
1396
1233
1260
1863
1613
1340
1663
1974
1284
1405
1792
1219
1545
1940
1253
1178
2302
1337
1300
2072
1221
1546
1227
1751
1869
1319
1347
1824
1285
1392
2028
1407
1239
1672
1418
1261
2329
1381
1348
1964
1249
1233
3086
1281
1541
1673
1231
1254
1572
1719
1417
1526
1563
1707
1523
1504
1729
1670
1627
1603
1368
1535
1547
1540
1561
1688
1520
1557
1597
1354
1319
1255
1231
1593
1558
1481
2096
1424
1387
1831
1408
1238
1239
2163
1837
1409
1234
1821
1330
1547
2068
1247
1229
1892
1243
1194
2902
1357
1348
2137
1215
1277
1499
1975
1514
1376
1418
1572
1399
2035
1384
1229
1453
2023
1316
1213
2219
1359
1367
1982
1339
1275
1608
1857
1574
1682
1492
1524
1564
1371
1439
1219
1418
2044
1269
1515
2156
1344
1316
2051
1254
1241
1243
2093
1803
1377
1460
1605
1570
1542
1734
1217
1263
1974
1387
1231
2457
1342
1331
2129
1231
1231
1559
1949
1437
1423
1628
1701
1268
1751
1463
1252
1676
1385
1346
1638
1797
1349
1600
1805
1339
1742
1246
1535
2096
1340
1165
2837
1272
1311
1869
1448
1249
1815
1243
1377
2381
1335
1377
2007
1434
1230
2811
1242
1242
1331
1226
1508
1375
1547
1942
1224
1256
1997
1300
1206
2441
1345
1333
2180
1271
1258
1264
2164
1380
1414
1619
1484
1406
1827
1610
1333
1608
1707
1264
1418
2085
1385
1444
1908
1234
1530
1241
1807
1771
1328
1565
1773
1281
1572
1850
1214
1246
2076
1279
1230
2444
1361
1367
2071
1261
1249
1235
2054
1608
1361
1395
1686
1315
1840
1426
1388
1397
2193
1283
1212
2271
1354
1353
2153
1228
1217
1538
1763
1701
1340
1671
1609
1431
1634
1794
1230
1374
1757
1387
1377
2086
1341
1334
2176
1236
1241
1224
2096
1422
1359
1907
1460
1284
2078
1398
1257
1614
1883
1234
1600
1925
1359
1428
2009
1249
1340
1219
2092
1725
1450
1322
1985
1298
1355
1998
1235
1251
2134
1271
1192
2575
1329
1320
2179
1227
1240
1525
2081
1458
1435
1703
1774
1281
1599
1262
1371
1437
1713
1513
1412
2040
1355
1313
2051
1256
1263
2864
1263
1281
1390
1492
1604
1580
1600
1503
1541
1555
1682
1518
1267
2039
1438
1357
1832
1250
1234
1474
1774
1609
1407
1748
1532
1294
1508
2140
1236
1245
1911
1256
1339
2596
1335
1365
1912
1372
1238
1449
2031
1590
1418
1652
1523
1286
1764
1689
1238
1505
1674
1251
1447
2076
1332
1502
1851
1555
1224
1230
2026
1929
1330
1237
1876
1555
1427
1670
1216
1237
2031
1287
1179
2550
1332
1322
2069
1283
1248
1563
2035
1707
1423
1436
1479
1572
1654
1565
1541
1312
1681
1580
1479
1887
1463
1339
1913
1264
1220
1417
2324
1440
1441
1603
1398
1467
2031
1312
1210
1397
1695
1453
1426
2231
1366
1314
1956
1229
1224
1571
1902
1689
1338
1569
1797
1279
1716
1418
1245
1468
1900
1337
1746
1913
1339
1338
2176
1228
1229
1620
1641
1585
1347
1611
1922
1284
1383
1870
1242
1238
1896
1243
1187
2675
1323
1318
2094
1219
1230
2982
1246
1217
1337
1341
1869
1269
1411
2008
1406
1232
1829
1252
1393
2263
1337
1318
1945
1427
1233
1244
2209
1467
1422
1625
1387
1441
1972
1432
1226
1466
1815
1264
1855
1882
1354
1394
2036
1242
1305
1238
1967
1916
1362
1200
1939
1571
1324
1777
1207
1221
2380
1288
1246
2465
1368
1331
2127
1226
1247
1233
2166
1396
1367
1761
1644
1278
1734
1878
1249
1376
1756
1241
1528
2222
1339
1325
2053
1565
1236
1213
1788
1833
1329
1319
1843
1284
1576
1926
1235
1366
1999
1282
1375
2392
1365
1349
2087
1277
1243
1219
1935
1794
1339
1457
1956
1243
1384
1922
1244
1245
2170
1266
1188
2495
1348
1349
2122
1248
1231
1457
1998
1432
1425
1618
1497
1430
1734
1429
1413
1451
1803
1249
1652
2026
1367
1348
1980
1241
1436
1280
1975
1771
1316
1527
1757
1289
1733
1427
1385
1401
1979
1266
1384
2139
1357
1321
2156
1257
1235
2672
1247
1534
1446
1464
1560
1324
1315
1655
1324
1340
2015
1262
1203
2696
1352
1379
1975
1238
1227
1337
2114
1484
1332
1909
1607
1266
1900
1274
1235
1593
1786
1246
1688
1627
1335
1953
1640
1323
1355
1228
1978
2073
1422
1225
1759
1362
1310
1983
1359
1228
2112
1284
1198
2394
1357
1332
2218
1226
1223
1234
2222
1535
1336
1451
1660
1253
1771
1677
1525
1242
2018
1267
1177
2540
1373
1365
2074
1528
1220
1265
1923
1762
1317
1519
1545
1402
1816
1526
1458
1403
1637
1606
1189
2062
1411
1322
2045
1261
1239
1529
1992
1698
1335
1513
1746
1261
1985
1267
1207
1635
1598
1249
1965
1886
1420
1350
2020
1290
1218
1240
1942
1773
1357
1411
1847
1296
1553
2038
1217
1223
1936
1543
1208
2461
1347
1322
2042
1229
1241
1248
2017
1805
1348
1351
1944
1295
2487
1278
1230
1567
1684
1298
1731
1811
1353
1494
1786
1450
1414
2683
1282
1376
1715
1306
1603
1658
1623
1572
2346
1276
1433
2116
1209
1302
1737
1501
1638
1323
1595
1263
1690
2295
1346
1219
1873
1275
1297
2212
1231
1262
2029
1261
1181
2606
1334
1338
2075
1393
1238
1383
2095
1380
1318
1689
1594
1557
1486
1429
1247
1645
1788
1263
1537
2098
1342
1575
2006
1302
1235
1245
1928
1683
1431
1482
1646
1277
1703
1819
1212
1282
1974
1285
1235
2541
1356
1331
2095
1265
1215
1271
2001
1769
1323
1354
1889
1321
1607
1678
1541
1233
1962
1299
1208
2504
1366
1345
2040
1262
1209
1333
2019
1473
1326
1867
1514
1314
1917
1291
1223
1748
1537
1247
2092
1678
1323
1612
1578
1515
1551
1217
1509
2225
1323
1173
2076
1586
1327
1636
1449
1251
1968
1318
1181
2465
1348
1312
2293
1298
1250
1230
1886
1441
1416
1522
2037
1279
1353
1711
1528
1251
1858
1529
1205
2180
1343
1342
2140
1271
1253
2703
1288
1252
1668
1459
1277
1550
1627
1611
1565
1321
1673
1531
1249
1887
1490
1359
1971
1247
1266
1268
1993
1502
1358
1937
1410
1286
1791
1557
1268
1619
1404
1283
1753
2072
1351
1331
2086
1251
1249
1241
2220
1685
1413
1365
1725
1334
1531
2004
1232
1237
1940
1418
1240
2571
1341
1331
2107
1410
1239
1221
1971
1424
1345
1783
1535
1256
1980
1296
1208
1783
1771
1245
1565
1952
1371
1315
1940
1568
1250
1232
2036
1695
1415
1369
1735
1270
1570
1824
1530
1232
1823
1407
1203
2406
1336
1316
2106
1248
1252
1264
2270
1595
1432
1725
1437
1301
1795
1684
1250
1261
2002
1282
1257
2471
1404
1381
1940
1404
1215
1539
1979
1437
1334
1595
1667
1261
1971
1293
1234
1725
1556
1249
1702
2012
1361
1496
1965
1251
1439
1257
1918
1813
1418
1385
1898
1312
1399
1681
1246
1318
1883
1293
1349
2553
1369
1333
1927
1277
1262
2674
1280
1538
1679
1286
1554
1330
1348
1912
1539
1527
1939
1532
1483
1335
1423
1630
1878
1545
1551
1523
1535
1288
1677
1275
1538
1255
1688
1613
1263
1397
1494
1423
1913
1664
1369
1420
2002
1254
1354
1242
1945
1910
1385
1196
2037
1381
1313
1920
1234
1231
2222
1291
1203
2582
1332
1314
2118
1225
1219
1453
1785
1609
1354
1699
1678
1362
1778
1573
1230
1512
1744
1254
1524
2299
1325
1359
1989
1268
1242
1605
1969
1738
1458
1575
1665
1304
1517
2012
1224
1230
1840
1252
1483
2499
1339
1329
1835
1318
1220
1263
2055
1447
1331
1724
1639
1248
1825
1664
1253
1355
1867
1221
1778
2027
1362
1428
2001
1255
1228
1412
2102
1527
1409
1468
1759
1438
1467
1887
1246
1244
2170
1308
1219
2417
1324
1349
2171
1285
1240
1256
2329
1564
1416
1655
1414
1291
1749
1306
1386
1462
1428
1695
1551
1849
1394
1597
1779
1280
1367
2696
1282
1225
1379
1462
2036
1531
1599
1354
1551
1549
1698
1322
1246
2229
1357
1346
2007
1281
1229
1246
1919
1538
1346
1782
1878
1287
1352
1714
1259
1348
2039
1261
1327
2563
1336
1340
2134
1360
1250
1442
1994
1405
1435
1802
1364
1293
1924
1396
1248
1501
1713
1258
1795
2018
1332
1603
1768
1546
1229
1236
1823
1699
1358
1496
2034
1296
1358
1819
1225
1236
2129
1222
1524
2196
1354
1321
2051
1252
1218
1241
2046
1724
1352
1429
1710
1241
1608
2023
1370
1228
1973
1388
1209
2345
1346
1317
2051
1255
1239
1236
2240
1544
1370
1681
1562
1272
1929
1464
1201
1641
1507
1367
1813
1880
1320
1372
1851
1548
1513
1226
1415
2300
1387
1158
2171
1276
1314
1914
1235
1235
2174
1257
1171
2462
1332
1342
2121
1242
1234
1482
1894
1525
1409
1326
1949
1984
1341
1305
1809
1234
1367
1940
1212
1297
2221
1408
1288
1873
1569
2686
1260
1227
1339
1191
1811
1561
1497
1608
1212
1236
1566
1579
1534
1875
1345
1449
1864
1413
1364
1242
1989
1673
1354
1550
1615
1275
2046
1622
1244
1389
1668
1227
1408
2442
1353
1312
1992
1255
1235
1442
1969
1746
1397
1296
1825
1313
1597
1727
1223
1339
2020
1373
1206
2495
1278
1338
2237
1238
1236
1218
2109
1562
1280
1807
1591
1304
1754
1574
1234
1547
1678
1394
1672
2089
1317
1354
1844
1408
1238
1264
1979
1602
1442
1512
1825
1282
1458
1824
1387
1235
2045
1270
1195
2562
1335
1337
2279
1816
1274
1276
1673
1769
1347
1504
1793
1347
1405
1975
1330
1243
1893
1273
1191
2560
1316
1345
2056
1234
1220
1334
2038
1679
1328
1615
1597
1366
1694
1854
1239
1263
2027
1291
1220
2502
1333
1318
2248
1260
1234
1234
2223
1592
1459
1547
1584
1285
1801
1618
1261
1350
1830
1360
1344
2256
1346
1352
2030
1264
1210
2688
1253
1321
1344
1269
1816
1275
1652
1765
1344
1245
1828
1522
1197
2397
1372
1342
1895
1253
1232
1545
1910
1449
1351
1781
1539
1269
1966
1458
1254
1546
1429
1393
1764
1933
1328
1571
1776
1501
1220
1265
1756
2223
1354
1164
1978
1280
1397
2011
1236
1250
2141
1280
1173
2385
1335
1296
2123
1221
1378
1246
2000
1597
1354
1553
1619
1284
1607
1853
1489
1262
1869
1340
1227
2428
1371
1361
2190
1257
1240
1395
1912
1748
1367
1403
2087
1316
1447
1740
1525
1567
1672
1530
1251
1759
1450
1348
1831
1400
1242
1229
2012
1839
1350
1433
1759
1282
1799
1606
1218
1432
1749
1301
1654
2125
1333
1373
2037
1338
1226
1239
2028
1547
1380
1554
1840
1281
1426
1911
1253
1226
2112
1276
1191
2518
1314
1325
2241
1269
1224
1338
2061
1797
1346
1354
1631
1375
1733
1569
1344
1327
1673
1329
1601
1885
1359
1416
1861
1357
1562
2721
1268
1253
1680
1498
1610
1580
1390
1267
1451
1251
2051
1265
1215
2380
1386
1331
1962
1259
1252
1234
2094
1609
1400
1478
1697
1296
1800
1534
1237
1388
1949
1282
1220
2717
1482
1351
1769
1231
1228
1449
1940
1619
1375
1599
1756
1282
1627
1884
1229
1390
1895
1241
1402
2184
1359
1366
2198
1258
1221
1353
1921
1561
1326
1741
1439
1417
1833
1639
1249
1407
1844
1274
1667
2057
1343
1371
2115
1250
1238
1224
1957
1590
1364
1392
1887
1432
1427
1862
1399
1274
2052
1265
1203
2341
1334
1313
2131
1260
1255
1332
2150
1437
1353
1890
1373
1294
1979
1277
1304
1546
1859
1323
1506
2113
1339
1300
2047
1456
1531
1558
1726
1622
1479
1533
1604
1572
1600
1323
1564
1542
1502
1014
1552
2350
1372
1376
1264
1556
2118
1615
1279
1610
1715
1443
1721
2711
2043
1293
1463
1299
1534
1766
1386
1454
1695
1641
1550
1540
1542
2954
1543
1285
1674
1762
1522
1349
1379
1296
1228
1259
1417
1251
1230
1829
1565
1347
1597
1604
1237
1234
2001
1731
1348
1566
1516
1283
1961
1580
1241
1488
1859
1271
1625
2029
1338
1349
2017
1255
1276
1257
2092
1916
1340
1398
1930
1539
1393
1562
1228
1246
2031
1265
1180
2561
1355
1330
2111
1266
1231
1495
2091
1435
1419
1808
1262
1426
1771
1391
1314
1502
1899
1247
1461
2258
1363
1320
1971
1559
1231
1245
2108
1664
1364
1592
1657
1285
1886
1417
1241
1548
1920
1254
1530
2038
1346
1357
2130
1240
1236
1239
1987
1972
1353
1483
1754
1273
1620
1723
1258
1384
1777
1290
1188
2761
1490
1374
1818
1246
1232
1508
2048
1541
1419
1691
1471
1334
1726
1704
1251
1380
1670
1392
1588
2167
1364
1302
2018
1676
1364
1321
1806
1228
1254
2089
1706
1561
1641
1817
1251
1257
1808
1272
1206
2548
1343
1356
2119
1266
1214
2697
1265
1528
1668
1260
1228
1307
1354
1826
1424
1248
2123
1271
1223
2413
1360
1330
2039
1235
1501
1268
2204
1383
1404
1814
1375
1294
1993
1289
1356
1634
1359
1461
1803
1584
1378
1616
1923
1258
1520
1239
1850
1891
1341
1275
1937
1296
1610
1681
1354
1234
2104
1303
1206
2520
1355
1334
2047
1647
1340
1285
1851
1664
1336
1619
1771
1280
1539
1699
1383
1231
1899
1251
1388
2548
1329
1401
2034
1245
1244
1360
1992
1533
1368
1992
1497
1298
1766
1557
1243
1545
1710
1232
1634
2270
1320
1334
2045
1331
1263
1284
1972
1563
1447
1524
1653
1371
1753
1625
1257
1397
1852
1299
1342
2063
1323
1333
2047
1252
1527
1213
1904
1736
1436
1355
1800
1371
1355
2044
1521
1437
1733
1301
1587
2019
1371
1416
1953
2908
1953
1302
1737
1659
1380
1470
1753
3651
2182
1295
1679
1264
1542
1701
1506
2001
1856
1378
1446
1569
1526
2736
1551
1299
1982
1512
1291
1281
1334
1721
1518
1298
1823
1327
1495
2197
1440
1406
1658
2539
1778
1351
1621
2052
1595
1175
1842
3202
2076
1318
1243
1588
1309
1920
1508
2373
2160
1381
1346
1407
1562
1549
1623
2156
1829
1286
1353
1608
1601
1865
1550
1551
2064
1580
1492
1426
1693
1542
1288
2202
1831
1341
2070
1326
1227
1886
1454
2124
1602
1357
1458
1570
1566
1266
1797
2400
1805
1380
1681
1247
1232
1229
1827
3302
2106
1194
1367
1356
1371
1862
1277
1864
2172
1353
1195
1925
1377
1315
2135
2343
1735
1294
1880
1230
1247
2045
1526
1449
1875
1336
1523
1218
1610
1551
1205
2812
1658
1334
1673
1386
1241
1239
1957
3883
2298
1252
1326
1637
1410
1791
1528
1611
2417
1598
1481
1223
1678
1641
1320
1520
1255
1127
1413
1874
1299
1268
2142
1173
1421
1929
1407
1176
2053
1307
1100
2898
1230
1246
3483
1137
1107
3804
1136
1108
1522
1108
1437
2664
1236
1159
2558
1110
1239
1703
1776
1368
1221
2106
1446
1243
1582
1218
1236
2635
1471
1225
2491
1267
1331
2111
1628
1234
1622
1845
1224
1958
2228
1354
1408
1911
1261
1251
2045
1251
1338
1927
1252
1271
2091
1308
1238
1395
1324
1681
1556
1170
1822
1542
1285
1865
2089
1269
1445
2403
1430
1269
1963
1291
1304
1694
1238
1259
2100
1264
1193
2288
1335
1320
2011
1259
1247
1248
1359
2436
1450
1216
1819
1438
1321
3205
1238
1257
1965
1415
1248
2273
1404
1382
2046
1228
1246
1286
2896
1245
1340
2066
1272
1295
1860
1288
1224
1658
1356
1454
1662
1131
1928
1541
1286
1789
1479
1234
1924
1837
1369
1509
1826
1275
1395
2085
1241
1266
1937
1397
1188
2204
1315
1348
2065
1593
1236
1210
1932
1539
1307
1711
1627
1257
1740
1642
1223
1523
1876
1225
1537
2067
1350
1318
2031
1297
1273
2655
1253
1216
1314
1216
1880
1599
1333
1663
1382
1240
2101
1257
1189
2616
1320
1300
2184
1223
1233
1427
2214
1420
1409
1769
1632
1301
1809
1263
1377
1589
1609
1277
1705
1649
1364
1771
1622
1243
1682
1232
1672
2185
1331
1234
2088
1294
1320
2014
1228
1259
2077
1256
1210
2502
1335
1323
2092
1266
1217
1252
1250
2142
1413
1217
1961
1459
1302
1794
1771
1232
1604
1494
1186
2435
1322
1403
2387
1417
1257
1229
2153
1565
1454
1626
1522
1282
1941
1439
1229
1411
1808
1284
1599
1917
1374
1511
1696
1401
1410
1256
1867
1733
1357
1584
1755
1311
1640
1712
1395
1270
2067
1324
1214
2377
1368
1363
2002
1242
1228
1420
1982
1651
1443
1404
1768
1378
1472
1810
1261
1253
2115
2013
1207
1777
1686
1385
1725
1499
1400
1237
1935
1828
1338
1508
1898
1250
1516
1541
1535
1546
1511
1396
1423
1802
1401
1494
1918
1279
1328
2712
1247
1575
1473
1568
1584
1626
1613
1310
1243
1216
1943
1290
1203
2683
1426
1365
1859
1253
1275
1296
1966
1398
1449
1522
2003
1331
1571
1747
1237
1251
1881
1357
1225
2575
1359
1333
1965
1837
1347
1296
1717
1266
1239
1909
1399
1673
1951
1287
1448
1253
2066
1306
1219
2200
1421
1360
1964
1272
1258
1307
1978
1613
1421
1370
1597
1308
1813
1489
1436
1410
1909
1256
1631
2321
1365
1370
1791
1228
1237
1264
2017
1796
1376
1426
1783
1418
1601
1860
1505
1257
1841
1554
1216
2199
1407
1385
1862
1405
1306
1603
1874
1515
1354
1514
1232
1299
2295
1349
1261
1719
1440
1263
1675
2073
1381
1356
1994
1417
1232
1464
2026
1459
1448
1820
1660
1326
1461
1805
1270
1478
1916
1547
1493
1934
1451
1387
1603
1411
1247
1218
2021
1581
1375
1420
2001
1312
1378
1802
1344
1251
1958
1278
1228
2420
1355
1352
2225
1244
1270
2799
1572
1790
1660
1734
1521
1364
1372
1643
1300
1731
1699
1757
1477
1230
1432
1362
1287
1242
1229
1229
1505
2044
1425
1239
1710
1292
1651
1662
1360
1249
2005
1255
1361
2442
1355
1339
2051
1250
1229
1274
1899
1815
1342
1411
1809
1304
1374
1927
1358
1253
2143
1262
1227
2294
1334
1344
2204
1390
1258
1264
2099
1554
1423
1711
1538
1299
2136
1297
1232
1500
1851
1289
1432
1862
1376
1511
1726
1485
1258
1252
2082
1666
1408
1390
1941
1473
1486
1906
1270
1239
1859
1306
1206
2585
1341
1336
1986
1237
1233
1269
2289
1457
1413
1493
1913
1299
1401
1838
1362
1251
2049
1284
1222
2412
1358
1351
2052
1286
1224
1362
2003
1466
1345
1824
1597
1297
2146
1282
1222
1648
1660
1357
1462
1928
1397
1513
2067
1279
1236
1228
1950
1852
1362
1351
1790
1298
1700
1464
1241
1546
1721
1273
1664
2196
1359
1339
1952
1272
1237
3068
1521
1558
1472
1478
1522
1333
1367
1587
1589
1517
1459
1256
1219
1940
1394
1391
2021
1434
1251
1220
1944
1454
1365
1847
1565
1585
1579
1663
1267
1548
1808
1269
1579
1987
1365
1347
1915
1229
1928
1531
1560
1441
1453
1467
1602
1452
1461
1813
1391
1281
2038
1285
1246
2377
1374
1357
2041
1243
1241
1258
2251
1460
1447
1648
1821
1560
1637
1570
1537
1294
1409
1270
1222
2449
1365
1372
1931
1265
1223
1430
1953
1816
1356
1354
1510
1402
1889
1527
1235
1641
1952
1343
1243
2356
1354
1355
1890
1535
1210
1219
1949
1557
1347
1912
1484
1283
1994
1431
1270
1570
1741
1260
1566
1845
1352
1704
1912
1222
1240
1263
1888
1703
1325
1515
2010
1261
1400
1990
1442
1256
2031
1289
1182
2278
1326
1307
2197
1242
1244
1227
2378
1449
1445
1731
1707
1569
1628
1607
1548
1567
1432
1275
1204
1542
1367
1467
1703
1268
1389
2714
1535
1765
1652
1494
1301
1569
1346
1336
1253
1225
2044
1419
1199
2489
1386
1331
1916
1242
1246
1511
1815
1823
1388
1426
1804
1284
1390
1775
1223
1256
2148
1266
1203
2607
1349
1342
2116
1263
1241
1384
2111
1579
1427
1579
1582
1286
1867
1439
1229
1426
1463
1588
1781
1552
1341
1701
1811
1228
1544
1249
1704
1950
1334
1479
2082
1301
1331
2023
1227
1230
2166
1245
1198
2466
1361
1360
1956
1425
1219
1256
2022
1632
1461
1411
1608
1286
1708
1609
1422
1279
1991
1411
1243
2298
1360
1313
2044
1224
1281
1411
2199
1426
1344
1773
1433
1283
2018
1438
1235
1618
1881
1261
1417
2095
1353
1382
1885
1232
1558
1260
1780
1740
1350
1717
1821
1299
1551
1544
1232
1432
1851
1244
1695
2945
1331
1349
2163
1262
1224
1581
1730
1578
1420
1446
2205
1273
1325
1928
1243
1225
1921
1268
1180
2628
1371
1355
2342
1283
1223
2667
1287
1521
1735
1493
1268
1330
1410
1324
1245
1504
1678
1578
1516
1976
1493
1375
1696
1427
1255
1296
1849
1547
1345
1736
1759
1281
1706
1440
1240
1846
1642
1287
1723
1846
1329
1454
1933
1349
1361
1251
1896
1956
1410
1267
1908
1278
1348
2229
1239
1250
2253
1303
1212
2398
1344
1354
2020
1388
1230
1228
2002
1719
1333
1585
1611
1477
1742
1458
1223
1428
1590
1481
1467
2204
1361
1374
1968
1272
1249
1214
2164
1754
1348
1654
1699
1259
1722
1688
1226
1615
1673
1274
1827
2012
1390
1487
1869
1610
1227
1250
1655
1708
1375
1480
2098
1303
1424
1852
1276
1264
2149
1529
1502
1961
1468
1432
1794
1249
1343
1244
2196
1571
1448
1480
1909
1626
1601
1575
1283
1543
1693
1305
1214
1792
1348
1656
1824
1394
1261
1244
1998
1524
1436
1834
1969
1580
1374
1572
1541
1529
1696
1302
1226
1873
1412
1370
1860
1247
1236
2723
1271
1315
1666
1480
1287
1288
1683
1813
1533
1545
1712
1549
1479
1834
1615
1619
1595
1525
1526
1560
1522
1548
1714
1254
1260
1269
1817
1332
1241
1691
1406
1408
1825
1711
1330
1560
1598
1243
1666
1233
1626
2230
1347
1202
2227
1270
1350
1898
1247
1233
2216
1240
1216
2529
1352
1334
2074
1344
1273
1238
1993
1677
1453
1540
1554
1299
1421
1873
1266
1229
1975
1244
1229
2598
1334
1311
2310
1434
1236
1255
1790
1612
1361
1991
1470
1293
1812
1499
1405
1796
1441
1270
1592
1897
1353
1477
1898
1398
1418
1248
1806
1951
1368
1393
1659
1294
1703
2015
1255
1231
1776
1572
1193
2234
1346
1338
2143
1236
1249
1519
1769
1661
1291
1332
1947
1288
1399
1827
1439
1277
2010
1210
1173
2583
1325
1364
2166
1244
1184
1548
1809
1508
1355
1898
1721
1251
1546
1557
1227
1512
1629
1277
1895
2030
1405
1277
2156
1258
1239
2659
1271
1533
1679
1511
1313
1335
1320
1889
1267
1241
2168
1278
1184
2738
1340
1315
2108
1253
1264
1230
2148
1621
1437
1407
1593
1312
1452
2017
1269
1215
2185
1273
1186
2400
1325
1331
2328
1248
1252
1604
1814
1547
1671
1548
1533
1564
1386
1320
1237
1433
1678
1610
1824
1827
1470
1367
1885
1256
1218
1259
1931
1675
1366
1524
1619
1298
1787
1481
1211
1442
1925
1278
1435
2341
1383
1369
2040
1481
1244
1248
1707
1709
1448
1386
1902
1300
1371
1961
1239
1370
2005
1292
1243
2605
1333
1354
2070
1352
1226
1459
2138
1577
1440
2015
1288
1316
1641
1271
1233
1787
1553
1265
1704
1680
1363
1604
1898
1225
1544
1254
1717
2187
1341
1214
2056
1292
1320
1901
1255
1228
2123
1314
1219
2453
1347
1318
2135
1558
1378
1281
1701
1244
1389
1801
1403
1794
1455
1495
1759
1251
1238
1769
1179
2100
1571
1295
1870
1569
1212
2703
1271
1254
1345
1504
1812
1555
1611
1349
1247
1537
1570
1541
1509
1753
1663
1652
1589
1295
1518
1530
1502
1818
1691
1507
1528
1333
1603
1585
1512
1262
1596
1279
1542
1995
1360
1375
1904
1413
1249
1260
2112
1426
1420
1456
1821
1460
1427
1685
1436
1233
1941
1255
1200
2484
1331
1351
1977
1470
1260
1357
1962
1380
1435
1825
1244
1289
1944
1281
1326
1605
1496
1393
1862
1590
1361
1513
1871
1247
1558
1242
1935
2073
1336
1198
1936
1285
1384
1956
1260
1221
2334
1288
1224
2492
1379
1402
1868
1282
1221
1256
1946
1612
1382
1527
2064
1275
1557
1669
1410
1241
1862
1282
1559
2262
1355
1329
1936
1559
1276
1229
1979
1429
1328
1883
1412
1287
1979
1434
1268
1470
1858
1269
2096
1472
1333
1850
1433
1391
1817
1244
1418
2359
1362
1241
2154
1318
1318
1876
1279
1245
1974
1288
1194
2559
1330
1341
2064
1290
1233
2784
1298
1583
1684
1284
1519
1568
1349
1589
1623
1323
1716
1316
1489
1850
1457
1357
1733
1361
1259
1251
2092
1629
1337
1635
1352
1313
2062
1271
1224
1596
1735
1347
1425
1884
1381
1694
1725
1279
1343
1241
1773
2010
1352
1355
2124
1282
1527
1734
1510
1216
1933
1436
1181
2434
1349
1311
2137
1240
1245
1216
2071
1689
1333
1692
1582
1248
1857
1600
1213
1255
2002
1222
1214
2557
1350
1345
2217
1224
1245
1221
2166
1690
1387
1407
1580
1398
2030
1388
1250
1360
1784
1306
1462
2414
1361
1349
1861
1383
1263
1224
2201
1553
1355
1687
1842
1254
1615
1492
1400
1415
1845
1264
1609
2268
1354
1375
1831
1237
1418
1263
2164
1683
1468
1382
1595
1479
1695
1709
1267
1290
2038
1250
1225
2515
1352
1346
2016
1223
1254
1529
2130
1421
1438
1460
1859
1324
1566
1539
1237
1582
1601
1388
1372
2056
1378
1375
1885
1367
1221
2665
1339
1569
1691
1511
1553
1350
1613
1577
1527
1265
1443
1249
1214
2385
1379
1379
1991
1357
1256
1234
2175
1511
1365
1700
1509
1380
1919
1626
1241
1345
1842
1267
1403
2210
1349
1450
2066
1372
1289
1223
1939
1628
1328
1609
1598
1588
1572
1635
1225
1494
1588
1428
1820
1653
1323
1430
1955
1220
1595
1265
1897
1868
1352
1466
1619
1301
1780
1409
1361
1471
2125
1247
1200
2434
1327
1314
1958
1256
1214
1569
1730
1706
1341
1542
2015
1262
1636
1450
1414
1393
1683
1471
1413
2171
1325
1364
2053
1439
1268
1239
1982
1406
1418
1714
1550
1309
1988
1406
1246
1493
1719
1251
1766
1908
1340
1617
1752
1360
1233
1576
1998
1954
1326
1500
1545
1424
1484
1611
1401
1238
1984
1236
1576
2159
1322
1309
2127
1222
1432
1248
2027
1653
1414
1498
1690
1335
1642
1851
1514
1302
1682
1543
1483
1802
1454
1390
1726
1229
1255
2725
1271
1224
1364
1553
1604
1262
1933
1496
1228
1420
1833
1414
1434
2111
1344
1365
2068
1272
1211
1266
2038
1440
1329
1894
1634
1295
1845
1444
1237
1592
1675
1309
1798
1778
1317
1459
2014
1339
1231
1236
2336
1505
1325
1595
1787
1274
1791
1725
1240
1263
2212
1272
1180
2428
1357
1323
2206
1261
1232
1352
2043
1825
1341
1420
1368
1400
1912
1457
1225
1533
1923
1283
1370
2138
1321
1415
1885
1357
1370
1230
1933
1892
1336
1302
2174
1296
1346
1801
1343
1250
2124
1233
1197
2551
1390
1345
1975
1211
1241
1221
2121
1658
1366
1406
1753
1303
1647
1753
1260
1262
2080
1281
1196
2521
1359
1333
1946
1225
1241
1434
2186
1451
1334
1743
1632
1281
1604
1465
1390
1459
1719
1439
1528
1873
1348
1359
2008
1442
1246
1238
1782
1905
1337
1485
1860
1272
1426
1849
1230
1221
2031
1278
1188
2590
1344
1338
2110
1241
1233
2680
1251
1231
1311
1503
1598
1278
1557
1260
1796
1255
1571
1707
1209
2138
1327
1305
2135
1274
1243
1447
2040
1651
1368
1622
1432
1299
1931
1515
1216
1595
1961
1263
1564
1969
1339
1345
1899
1442
1423
1242
1691
1914
1357
1393
1969
1302
1403
1797
1269
1231
2065
1285
1194
2545
1369
1306
2418
1217
1258
1241
1797
1450
1399
1669
1595
1436
1678
1785
1224
1221
2082
1251
1545
2168
1364
1311
2207
1386
1275
1253
1988
1766
1322
1402
1853
1278
1486
1949
1233
1238
2057
1255
1194
2318
1353
1307
2047
1221
1396
1272
2024
1446
1326
1862
1569
1306
1932
1479
1242
1587
1810
1290
1405
2150
1338
1307
2107
1248
1234
1220
2068
1819
1333
1515
1677
1245
1704
1719
1216
1608
1892
1285
1202
2598
1915
1308
1654
1604
1529
1226
1954
1692
1339
1355
1832
1274
1635
1622
1236
1563
1493
1437
1495
2003
1366
1417
1956
1346
1348
2779
1248
1230
1318
1445
1945
1305
1371
1855
1266
1221
2066
1227
1184
2535
1359
1379
2113
1377
1243
1254
1920
1515
1363
1784
1621
1330
2001
1571
1248
1237
1864
1282
1515
2158
1338
1307
2254
1273
1277
1619
2019
1293
1440
1547
1808
1323
1611
1624
1224
1466
1754
1259
1564
3732
1390
1350
3011
1221
1256
1860
2194
1581
1668
1573
1545
1614
1353
1483
1413
1247
1612
1866
1502
1953
1448
1346
1703
1564
1355
1333
1691
1253
1536
1821
1358
1599
1539
1615
1239
1211
2098
1248
1255
2409
1436
1492
1758
1403
1273
1285
2102
1427
1445
1792
1450
1487
1769
1524
1232
1583
1862
1317
1506
2107
1388
1403
1854
1419
1226
1239
1909
1838
1372
1508
1754
1256
1563
1842
1241
1238
2147
1311
1183
2462
1303
1276
2033
1260
1428
1232
1910
1859
1427
1208
1973
1300
1554
1518
1556
1236
1723
1406
1225
2362
1364
1441
2062
1288
1265
2697
1247
1295
1455
1504
1590
1409
1707
1618
1535
1543
1689
1534
1526
1468
1661
1393
1456
1231
1273
1521
1802
1862
1448
1510
1554
1280
1713
1695
1244
1368
1830
1259
1364
2320
1377
1373
1936
1263
1291
1246
2261
1376
1438
1519
1776
1298
1386
1847
1350
1249
2008
1254
1186
2502
1379
1318
2089
1576
1232
1216
1868
1587
1352
1606
1454
1287
2082
1280
1234
1883
1770
1288
1240
2189
1462
1324
1993
1237
1240
1236
2022
1732
1385
1508
1768
1287
1576
1899
1246
1413
1638
1260
1443
2357
1346
1308
2151
1299
1242
1255
2273
1453
1428
1562
1543
1303
1771
1642
1238
1414
2073
1282
1413
2250
1359
1326
2059
1335
1263
1259
1965
1406
1361
1893
1350
1389
2035
1285
1224
1784
1682
1270
1506
1796
1336
1514
1954
1218
1469
1160
1856
2092
1198
1404
2118
1179
1286
2181
1280
1146
2076
1335
1086
2512
1256
1157
2352
1739
1303
2636
1151
1112
1535
1696
1324
1578
1798
1558
1518
1274
1520
1538
1286
2013
1619
1332
1670
1246
1258
1234
2195
1566
1358
1689
1620
1279
1830
1594
1232
1773
1403
1237
1769
1978
1335
1360
1718
1558
1472
1238
1502
2206
1361
1185
2113
1272
1532
2050
1240
1208
2049
1236
1199
2694
1327
1360
2095
1247
1240
1272
2255
1556
1426
1438
1946
1355
1600
1820
1321
1529
1724
1536
1481
1630
1418
1358
1984
1563
1238
1236
1769
1715
1340
1522
1864
1384
1424
1636
1364
1376
1813
1364
1364
2118
1356
1394
1902
1359
1338
1233
1906
1901
1347
1406
1726
1274
1692
1739
1242
1387
1947
1246
1363
2384
1355
1412
1977
1259
1241
1324
2230
1584
1472
1202
1731
1291
1564
1888
1236
1259
2076
1269
1201
2627
1332
1321
2208
1263
1225
1537
1743
1552
1333
1798
1586
1310
1823
1260
1335
1617
1354
1362
1836
1588
1333
1719
1529
1480
1615
2722
1287
1223
1733
1263
1649
1589
1582
1655
1313
1555
1705
1565
1476
1895
1455
1337
1969
1238
1238
1203
2125
1438
1341
1570
2026
1279
1400
1885
1254
1244
2064
1262
1214
2362
1333
1357
2072
1271
1242
1423
2116
1670
1440
1365
1571
1317
1717
1663
1392
1249
1740
1415
1422
2011
1465
1388
1816
1255
1240
1224
2146
1688
1395
1514
1594
1300
1560
1638
1402
1398
1462
1632
1462
1917
1363
1329
2058
1248
1235
1238
2120
1571
1433
1424
1770
1322
1494
1834
1463
1244
1892
1280
1406
2483
1377
1372
2129
1295
1241
1218
2038
1425
1415
1963
1321
1282
2110
1264
1229
1689
1694
1266
1679
1719
1389
1656
1798
1288
1671
1214
1422
2295
1372
1170
2133
1293
1323
1985
1280
1216
2217
1256
1201
2533
1365
1430
2055
1206
1614
1265
1822
1983
1336
1518
1606
1621
1435
1453
1532
1237
1714
1536
1210
2255
1373
1330
2017
1249
1240
3009
1244
1211
1361
1599
1273
1302
2001
1597
1577
1525
1573
1538
1491
1920
1498
1344
1735
1579
1227
1239
2075
1447
1370
1769
1640
1282
1875
1638
1226
1429
1766
1270
1626
2147
1345
1313
2021
1260
1231
1249
2027
1821
1341
1381
1796
1276
1398
1995
1237
1232
2124
1294
1193
2530
1323
1318
2158
1554
1250
1250
2128
1266
1448
1695
1566
1286
1699
1611
1251
1423
1730
1279
1738
2091
1384
1342
1802
1258
1559
1244
1847
1806
1456
1363
1621
1321
1735
1788
1270
1263
1918
1251
1430
2179
1365
1313
2067
1726
1237
1246
3033
1259
1364
1977
1420
1240
2061
1312
1238
1457
1752
1252
1499
2274
1358
1352
2045
1263
1254
1249
2126
1563
1398
1627
1732
1283
1682
1734
1265
1431
1630
1293
1484
2006
1365
1506
1843
1451
1424
1224
1753
1740
1338
1436
2130
1343
1424
1868
1256
1237
1808
1285
1346
2435
1376
1380
1979
1236
1247
2715
1261
1538
1674
1274
1533
1339
1340
1655
1243
1209
2148
1261
1202
2607
1378
1322
2020
1414
1272
1236
2138
1301
1409
1886
1241
1306
2076
1431
1213
1695
1450
1407
1865
1779
1355
1491
1594
1420
1461
1233
1655
2248
1372
1213
2117
1256
1415
2113
1259
1277
2029
1243
1195
2461
1351
1304
2166
1237
1225
1435
1839
1711
1359
1499
1892
1280
1548
1650
1224
1540
1752
1256
1183
2532
1329
1366
2078
1238
1245
1426
2041
1424
1323
1805
1585
1262
1868
1531
1265
1579
1857
1257
1636
2119
1372
1354
1740
1446
1246
1248
2057
1436
1410
1708
1565
1327
2093
1489
1250
1383
1790
1273
1437
2261
1343
1325
2055
1262
1227
1260
1917
1685
1373
1317
1945
1404
1341
2013
1278
1271
1911
1354
1222
2467
1384
1321
2114
1595
1237
1247
2122
1465
1433
1490
1577
1291
2071
1336
1262
1418
1738
1527
1506
1719
1430
2507
1271
1274
3164
2676
1252
2619
1375
1191
3070
1304
1311
2468
1251
1225
1713
1683
1271
1169
1848
1417
1260
2003
1577
1222
1908
1861
1361
1369
1860
1318
1596
1624
1225
1477
1691
1331
1588
2599
1364
1309
2055
1262
1365
1286
1303
1995
1325
1159
1935
1926
1431
1443
1747
1223
1773
2330
1260
1379
2046
1331
1425
1872
1222
1248
1987
1242
1374
1938
1271
1266
2047
1293
1212
1652
1394
1422
1651
1180
1762
1753
1297
1749
1766
1232
1460
2088
1337
1279
1835
1288
1541
1844
1230
1274
1887
1272
1419
2335
1334
1318
2088
1241
1230
1437
1242
2364
1451
1194
2137
1302
1330
2751
1333
1252
1882
1396
1214
2447
1367
1357
2069
1251
1211
1554
2501
1222
1356
1952
1255
1302
2135
1306
1227
1707
1672
1268
1657
1977
1335
1354
2052
1415
1246
1207
1996
1590
1337
1683
1594
1269
1860
1274
1334
1631
1707
1346
1752
1704
1333
1431
1997
1351
1372
2674
1252
1297
1344
1323
1838
1334
1472
2043
1304
1238
1703
1360
1461
2340
1509
1399
1790
1232
1261
1255
1977
1570
1355
1633
1670
1312
1524
1848
1262
1268
2127
1260
1236
2510
1333
1306
2072
1352
1259
1266
1936
1633
1363
1577
1770
1375
1754
1744
1266
1235
1733
1393
1359
2001
1377
1306
2280
1290
1236
1264
1727
1662
1450
1507
1785
1299
1612
1820
1234
1364
1859
1250
1360
2414
1340
1322
2127
1277
1244
1240
2314
1579
1419
1548
1568
1302
1579
1898
1251
1255
2030
1589
1204
2387
1355
1366
1964
1258
1245
1207
2172
1598
1346
1708
1557
1275
1948
1260
1227
1726
1640
1279
1755
1596
1322
1789
1643
1252
1712
1236
1587
2347
1328
1174
2147
1280
1336
1990
1453
1263
2532
1256
1166
4352
1324
1351
3695
1248
1234
1264
1942
1615
1355
1573
2017
1300
1550
1603
1218
1369
1820
1338
1360
2335
1347
1330
2101
1288
1220
2693
1244
1528
1454
1487
1283
1303
1758
1627
1260
1612
1395
1591
1500
1649
1566
1526
1576
1341
1388
1245
1959
1771
1329
1571
1789
1217
1726
1716
1242
1330
2065
1240
1350
2589
1354
1360
1841
1346
1283
1332
1976
1788
1271
1492
1760
1324
1383
1848
1270
1195
2167
1260
1206
2567
1341
1330
2322
1229
1247
1586
1657
1873
1664
1516
1528
1569
1375
1604
1256
1271
1545
1544
1518
2003
1450
1347
1643
1387
1347
1277
1846
1791
1399
1531
1830
1265
1691
1651
1253
1554
2119
1551
1514
1913
1793
1668
1578
1534
1627
1280
1560
1556
1491
1250
1263
1390
1611
2036
1545
1537
1477
1587
1536
1719
1447
1401
1674
1299
1232
1627
1893
1573
1423
1571
1610
1292
1605
1657
1249
1407
1833
1449
1423
1867
1339
1665
1843
1217
1445
1237
1988
1575
1349
1708
1619
1263
1705
1586
1556
1239
1952
1267
1574
2011
1339
1316
2083
1294
1232
3015
1572
1568
1668
1281
1536
1323
1337
1285
1223
1250
2057
1558
1518
1983
1516
1617
1619
1510
1537
1277
1763
1318
1411
1607
1259
1592
1978
1293
1242
1551
1730
1260
1631
2091
1380
1375
1892
1270
1380
1410
2042
1845
1349
1346
1844
1288
1626
1850
1233
1361
1778
1281
1360
2289
1322
1325
2103
1361
1220
1362
1913
1587
1340
1391
1952
1271
1554
1993
1245
1225
2047
1268
1181
2719
1335
1371
1890
1249
1267
1635
2092
1517
1454
1381
1699
1472
1607
1878
1252
1213
1858
1406
1203
2281
1349
1373
2095
1576
1244
1251
1964
1472
1437
1429
1526
1313
1911
1427
1367
1465
1725
1252
1595
2248
1348
1321
2079
1252
1249
1237
2209
1601
1410
1251
2005
1288
1562
1878
1224
1281
1917
1554
1230
2223
1342
1346
2024
1262
1255
1633
1817
1562
1371
1674
1741
1283
1678
1496
1277
1564
1468
1419
1780
1717
1334
1498
1914
1416
1258
2687
1320
1532
1688
1492
1520
1323
1329
1685
1337
1224
1780
1277
1201
2622
1362
1314
2049
1245
1243
1210
2271
1583
1332
1693
1491
1430
1859
1549
1288
1362
1839
1249
1388
2297
1343
1305
2088
1345
1255
1240
2191
1623
1443
1624
1806
1300
1455
1472
1404
1437
2110
1270
1188
2465
1358
1372
1872
1416
1250
1256
1974
1697
1421
1406
1623
1297
1683
1878
1218
1262
1771
1557
1212
2251
1353
1328
2067
1252
1215
905
1713
1682
856
2050
1847
1072
1842
1831
1190
1054
2422
1308
1020
2881
903
875
3036
1003
1023
1534
2387
1396
998
2286
1565
931
2382
1395
1051
1799
1694
1291
1710
2150
1347
1509
1720
1399
1375
1235
1865
1909
1335
1469
1859
1543
1329
1806
1224
1220
2145
1291
1172
2471
1340
1332
2083
1216
1247
1470
1877
1490
1413
1501
1869
1318
1371
1770
1328
1259
1959
1347
1258
2452
1357
1328
2071
1367
1220
2669
1542
1290
1699
1462
1299
1577
1348
1317
1272
1468
1671
1545
1395
1959
1487
1372
1777
1241
1329
1543
2021
1643
1373
1710
1580
1316
1707
1623
1525
1498
1455
1276
1653
1991
1361
1515
1819
1248
1407
1229
1942
1742
1359
1360
1995
1285
1397
2031
1239
1261
2075
1246
1185
2593
1376
1345
2136
1272
1263
1229
2054
1538
1411
1946
1277
1285
2015
1317
1231
1636
1754
1274
1488
2140
1358
1372
2003
1270
1240
1259
2148
1623
1448
1389
1775
1327
1596
1715
1234
1353
2060
1252
1317
2437
1373
1320
2068
1339
1267
1264
1826
1792
1360
1350
1815
1280
1678
1877
1240
1233
2002
1230
1233
2485
1343
1300
2165
1249
1206
1410
1991
1561
1354
1628
1790
1296
1647
1797
1222
1985
1420
1256
1878
1626
1325
1792
1693
1260
1627
1240
1655
2065
1335
1189
2285
1289
1323
1902
1217
1241
1975
1226
1209
2631
1363
1331
2042
1373
1281
2672
1276
1527
1695
1464
1517
1328
1315
1548
1378
1531
1777
1540
1489
2005
1470
1368
1754
1349
1236
1441
2011
1728
1435
1339
1499
1382
1836
1526
1257
1553
1756
1286
1628
2034
1357
1455
1933
1326
1342
1248
1973
1688
1439
1303
1868
1306
1579
1746
1228
1340
2044
1246
1337
2367
1385
1334
2039
1232
1230
1219
2444
1748
1334
1440
1831
1293
1585
1986
1243
1282
1859
1438
1218
2436
1343
1350
2060
1247
1282
1401
2012
1725
1322
1539
1750
1584
1495
1419
1741
1350
1754
1537
1192
1858
1581
1364
1638
1602
1271
1255
1623
1834
1847
1211
1670
1467
1400
1964
1264
1239
1738
1491
1486
1664
1409
1567
2128
1323
1272
1258
2066
1468
1411
1448
1770
1331
1416
1892
1412
1246
2061
1329
1205
2459
1366
1381
1979
1255
1266
1265
2113
1538
1346
1693
1578
1293
1822
1365
1359
1536
1386
1726
1785
1592
1369
1599
1605
1246
1598
2696
1224
1396
1366
1507
1793
1592
1585
1535
1517
1548
1714
1528
1287
1933
1482
1368
1806
1241
1223
1539
1929
1532
1383
1797
1543
1269
1762
1481
1248
1596
1664
1274
1569
2083
1384
1346
2036
1245
1235
1335
2144
1413
1334
2071
1530
1277
1649
1675
1233
1407
1755
1292
1647
1963
1379
1331
1914
1354
1372
1234
1838
1791
1345
1447
1928
1308
1357
1901
1231
1237
2145
1274
1351
2428
1375
1334
1982
1343
1236
1271
1957
1793
1355
1389
1878
1316
1493
1951
1355
1257
1872
1273
1221
2550
1379
1344
2052
1366
1236
1244
2000
1526
1360
1741
1673
1307
1796
1565
1248
1527
1765
1360
1502
2093
1374
1329
2049
1261
1226
1349
2042
1758
1343
1671
1757
1274
1511
1820
1232
1511
1797
1270
1539
2114
1339
1318
2223
1280
1235
1232
2138
1516
1329
1812
1851
1288
1511
1809
1234
1234
1799
1399
1216
2610
1338
1318
1958
1242
1273
2935
1288
1535
1424
1240
1223
1299
1625
1600
1394
1401
1824
1257
1408
2297
1347
1385
1936
1230
1333
1251
1989
1524
1362
1730
1530
1295
1978
1359
1340
1636
1600
1335
1737
2001
1333
1423
1897
1251
1412
1223
1949
1887
1352
1448
1932
1294
1541
1787
1540
1270
1935
1323
1188
2362
1381
1322
2090
1889
1324
1309
1780
1377
1244
1910
1387
1570
1756
1385
1676
1263
1521
1536
1372
1932
1444
1342
1807
1538
1223
1227
1966
1667
1316
1574
1742
1322
1652
1640
1388
1349
1912
1487
1334
2383
1343
1367
1839
1222
1244
1322
1978
1780
1364
1554
1696
1287
1626
1873
1265
1236
1818
1285
1207
2578
1368
1321
2030
1267
1261
1354
2040
1504
1261
1850
1483
1279
1893
1352
1437
1565
1732
1340
1605
2042
1347
1291
1969
1250
1516
1246
1963
1638
1368
1553
1744
1261
1581
1636
1247
1234
2003
1382
1191
2612
1440
1357
1982
1258
1267
2864
1548
1782
1654
1514
1320
1304
1329
1327
1225
1230
1416
1244
1607
2094
1350
1367
2018
1232
1263
1333
2093
1474
1326
1763
1742
1272
1973
1590
1227
1509
1636
1281
1616
2033
1311
1497
2096
1260
1225
1221
1916
1696
1325
1581
1951
1245
1474
1904
1281
1242
1927
1266
1203
2449
1355
1343
2061
1234
1266
1225
2054
1781
1309
1540
1547
1438
1626
1557
1370
1374
1858
1271
1393
2472
1349
1347
1992
1395
1239
1385
2040
1628
1343
1485
1844
1252
1623
1555
1407
1580
1431
1402
1477
2098
1366
1313
2090
1255
1220
1250
2248
1599
1418
1810
1536
1339
1672
1612
1226
1445
1772
1265
1653
1965
1375
1427
2097
1253
1270
1247
1737
1932
1406
1287
2108
1264
1351
1978
1249
1249
2154
2154
1207
1642
1941
1354
1605
1755
1260
1228
1961
1414
1337
1875
1416
1280
2033
1279
1220
1874
1506
1241
1668
2020
1400
1459
1921
1248
1412
2693
1236
1240
1386
1488
1458
1630
1653
1772
1511
1287
1694
1279
1206
2140
1384
1371
1969
1264
1222
1262
1945
1687
1383
1435
1950
1274
1683
1805
1237
1237
1944
1258
1533
2290
1352
1316
2159
1264
1258
1457
1924
1432
1450
1778
1625
1333
1475
1605
1265
1462
1745
1238
1792
1911
1361
1340
1878
1416
1394
1234
1799
2014
1356
1356
1644
1475
1405
1977
1253
1228
1970
1251
1197
2564
1312
1350
2072
1241
1242
1568
1920
1558
1444
1254
1744
1316
1328
2094
1241
1272
2114
1303
1221
2568
1336
1323
2098
1541
1223
1250
2142
1456
1427
1714
1437
1407
1773
1552
1250
1450
1849
1633
1268
2367
1444
1329
1884
1522
1392
1343
1828
1236
1237
1961
1408
1603
1967
1315
1230
1380
2022
1257
1204
2444
1370
1358
2057
1362
1248
1257
1837
1612
1436
1348
2040
1326
1342
1909
1256
1265
2019
1233
1353
2487
1373
1387
2093
1353
1254
2885
1297
1521
1689
1492
1520
1364
1361
1594
1533
1529
1688
1535
1228
1412
1698
1636
1553
1521
1295
1532
1842
1515
1671
1254
1547
1565
1367
1565
1297
1341
1771
1282
1517
2123
1351
1350
2009
1327
1333
1274
2041
1609
1444
1291
1777
1292
1854
1726
1253
1236
2175
1272
1209
2347
1382
1329
2085
1218
1244
1403
1993
1644
1376
1676
1571
1290
2149
1271
1218
1545
1707
1419
1402
2217
1336
1380
2122
1290
1240
1265
2007
1872
1432
1352
1874
1298
1605
1803
1239
1379
1803
1265
1398
2466
1336
1334
2001
1239
1239
1434
2081
1345
1439
1765
1599
1313
1601
1871
1281
1258
1884
1243
1208
2644
1362
1354
1983
1310
1257
1228
2286
1451
1425
1606
1608
1265
1997
1285
1225
1508
1839
1286
1582
1855
1353
1507
1638
1250
1621
1143
1805
2075
1217
1298
2310
1189
1269
1955
1257
1138
2134
1295
1079
2669
1208
1220
2268
1172
1212
2743
1526
1556
1681
1466
1283
1558
1646
1340
1231
1257
1959
1351
1232
2505
1360
1313
2063
1233
1249
1627
1957
1552
1385
1511
1560
1288
1785
1463
1379
1657
1397
1253
1944
1450
1576
1554
1583
1513
1753
1227
1682
2100
1377
1206
1990
1289
1434
1951
1227
1238
2131
1285
1195
2611
1378
1352
2174
1224
1253
1549
1733
1731
1363
1351
1662
1611
1325
1714
1227
1219
2190
1294
1186
2550
1394
1323
2187
1230
1233
1583
1890
1643
1343
1544
1804
1379
1492
1678
1215
1345
2082
1233
1575
2089
1339
1341
1921
1543
1221
1245
1795
1642
1323
1673
1867
1277
1567
1533
1455
1424
1791
1268
1376
2242
1329
1412
1920
1265
1563
1234
1924
1667
1330
1478
1697
1281
1515
1867
1217
1238
2307
1245
1179
2548
1359
1314
2203
1279
1222
1226
2102
1561
1441
1509
1590
1308
1908
1424
1232
1514
1500
1476
1823
1499
1363
1590
1899
1483
1303
2705
1563
1544
1677
1476
1533
1331
1322
1290
1265
1217
2146
1261
1209
2446
1339
1325
2142
1242
1221
1254
1912
1626
1354
1502
1942
1279
1731
1542
1250
1426
2151
1324
1221
2252
1425
1385
1888
1247
1253
1457
2055
1419
1410
1697
1581
1270
1984
1576
1230
1237
1984
1530
1227
2195
1336
1307
2002
1267
1386
1238
1934
1793
1338
1425
1793
1304
1718
1657
1231
1390
1748
1244
1651
2230
1362
1348
1971
1406
1232
1446
1812
1845
1378
1423
2212
1346
1327
1643
1261
1265
2049
1255
1201
2890
1421
1337
1850
1255
1251
1341
2070
1590
1394
1655
1566
1259
1966
1589
1255
1407
1608
1255
1771
1891
1372
1611
1830
1391
1226
1228
1824
1860
1322
1370
2050
1261
1506
1986
1212
1252
2643
1292
1199
2366
1365
1308
2241
1222
1254
1372
2003
1452
1433
1424
1998
1316
1320
1703
1541
1252
1731
1552
1224
2276
1350
1358
2123
1240
1242
2702
1227
1297
1667
1455
1469
1561
1654
1579
1529
1303
1679
1534
1237
2120
1450
1363
1903
1258
1238
1239
2236
1633
1385
1539
1536
1303
1877
1498
1246
1807
1967
1255
1526
2096
1453
1371
1802
1311
1211
1404
1819
1825
1354
1357
1897
1286
1397
1972
1256
1230
2200
1286
1227
2423
1327
1336
2194
1397
1240
1219
2046
1483
1400
1797
1408
1297
1864
1379
1277
1393
2201
1272
1334
1981
1371
1340
1842
1397
1242
1248
2069
1603
1362
1781
1774
1271
1419
1809
1394
1249
1980
1582
1204
2216
1356
1345
2055
1235
1401
1242
1880
1774
1368
1397
1813
1395
1535
2118
1550
1316
1735
1606
1482
1770
1473
1640
1592
1530
1524
1288
1516
1240
1447
1648
1423
1320
2030
1482
1258
1623
1766
1265
1333
2082
1462
1439
1756
1264
1539
1243
1784
1967
1426
1506
1949
1301
1339
1759
1249
1229
1848
1270
1567
2380
1444
1392
1847
1416
1240
2830
1261
1219
1344
1206
1764
1283
1558
1769
1389
1241
2019
1268
1187
2587
1359
1312
2167
1409
1246
1244
2211
1303
1446
1678
1491
1288
1863
1278
1371
1582
1692
1273
1768
1852
1337
1510
1872
1360
1376
1251
2048
1912
1401
1208
1743
1288
1700
1892
1218
1257
2137
1293
1211
2488
1368
1297
2067
1219
1238
1517
1916
1694
1393
1328
1675
1419
1606
1699
1270
1452
2232
1303
1226
2385
1410
1361
1889
1434
1259
1260
1956
1550
1333
1713
2031
1262
1442
1945
1380
1372
1609
1373
1411
2239
1331
1369
1949
1240
1223
1392
2142
1518
1417
1599
1788
1309
1604
1730
1222
1400
1953
1264
1646
2014
1398
1341
1851
1363
1298
1237
2196
1503
1435
1632
1689
1387
1351
1904
1534
1236
1925
1264
1215
2537
1356
1347
2115
1244
1234
1533
1981
1417
1332
1862
1692
1254
1598
1568
1241
1417
1788
1408
1442
2007
1335
1458
2004
1379
1431
2681
1270
1246
1670
1245
1374
1579
1659
1781
1510
1299
1685
1559
1236
1953
1437
1374
1862
1301
1232
1222
2045
1696
1364
1715
1616
1263
1960
1414
1228
1596
1932
1259
1336
2165
1320
1328
2143
1283
1247
1443
1843
1538
1426
1485
1965
1323
1466
1806
1241
1260
1886
1259
1566
2164
1373
1336
1935
1359
1237
1233
2078
1438
1369
1745
1443
1409
1997
1431
1260
1495
1692
1381
1493
2187
1337
1341
2042
1237
1230
1325
2088
1670
1444
1376
1983
1300
1336
1987
1343
1245
1948
1253
1225
2702
1383
1344
2122
1229
1370
1369
2210
1404
1415
1943
1254
1282
2005
1271
1199
1689
1524
1506
1580
1858
1340
1489
1863
1245
1535
1259
1849
2010
1333
1470
1848
1278
1329
1880
1214
1247
2369
1292
1204
2363
1347
1301
2151
1614
1317
1324
1875
1255
1240
1947
1526
1445
2050
1443
1252
1233
1716
1747
1474
1958
1398
1367
1964
1266
1285
2686
1585
1585
1704
1509
1552
1337
1611
1358
1242
1227
1444
1250
1467
1947
1435
1366
1718
1445
1246
1230
2005
1588
1334
1536
1882
1259
1583
1944
1244
1267
2021
1281
1215
2281
1369
1308
2077
1245
1407
1235
2238
1675
1433
1367
1726
1277
1615
2043
1252
1254
1870
1367
1221
2299
1353
1390
2083
1220
1269
1393
2094
1524
1369
1763
1514
1375
1984
1419
1217
1440
1745
1356
1386
2063
1359
1442
1730
1381
1329
1261
2033
1866
1437
1363
2011
1303
1530
1778
1222
1224
2046
1251
1200
2682
1360
1397
1991
1243
1230
1642
1968
1381
1418
1599
1738
1310
1453
1700
1411
1414
1846
1255
1385
2343
1334
1344
2056
1379
1292
1247
2120
1794
1439
1495
1532
1583
1439
1593
1222
1542
1778
1418
1889
1642
1368
1670
1479
1229
1951
1278
1386
2387
1375
1192
2195
1300
1340
1914
1407
1254
1845
1579
1212
2218
1339
1319
2072
1239
1231
2831
1572
1273
1676
1482
1563
1564
1619
1570
1300
1272
1436
1256
1202
2488
1377
1372
1943
1276
1244
1479
2178
1391
1452
1660
1752
1290
1887
1292
1262
1732
1569
1543
1408
1991
1343
1341
2057
1259
1221
1227
2005
1758
1370
1707
1826
1257
1486
1641
1248
1379
1950
1271
1439
2226
1354
1324
2259
1247
1265
1258
2072
1688
1456
1355
1815
1331
1539
1888
1284
1252
1898
1257
1211
2463
1367
1352
1999
1254
1262
1631
2117
1573
1412
1518
1535
1599
1414
1693
1233
1240
2138
1303
1201
2136
1561
1345
1849
1549
1217
1248
1900
1428
1342
1984
1539
1313
1855
1529
1550
1349
1510
1670
1483
1759
1421
1486
1916
1377
1320
1266
1740
2039
1463
1320
1597
1283
1589
1696
1528
1278
1810
1343
1221
2443
1398
1424
1880
1285
1250
1341
2066
1427
1443
1669
1961
1568
1610
1608
1527
1530
1471
1303
1216
1932
1332
1433
1921
1288
1268
2683
1282
1282
1680
1303
1950
1612
1600
1588
1285
1531
1727
1294
1209
2003
1353
1359
2139
1267
1242
1227
1867
1575
1422
1983
1616
1320
1398
1624
1250
1431
1913
1298
1543
2127
1351
1367
1923
1354
1272
1261
2068
1644
1430
1511
1772
1314
1522
1683
1508
1227
1912
1278
1427
2328
1353
1363
1939
1396
1231
1238
2024
1478
1345
1719
1569
1314
1867
1524
1232
1655
1700
1294
1397
2337
1363
1367
1936
1273
1250
1700
1708
1589
1441
1824
1881
1568
1600
1575
1536
1528
1440
1313
1213
2082
1367
1386
1996
1222
1252
1555
1907
1581
1345
1678
1519
1322
1952
1276
1244
1693
1538
1277
1817
1732
1309
1625
1832
1259
1422
1232
1895
2026
1444
1252
1911
1321
1313
1978
1523
1243
1850
1258
1238
2492
1359
1375
2060
1234
1235
1403
1966
1590
1463
1399
1787
1341
1590
1845
1251
1260
1812
1542
1232
3556
1366
1355
3150
1238
1262
3482
1255
1226
1504
1509
1537
1345
1613
1556
1258
1554
1581
1243
1548
2019
1342
1331
2695
1277
1254
1252
1570
1977
1419
1225
2347
1284
1322
2014
1567
1244
1825
1381
1228
2504
1345
1362
2906
1457
1242
1222
2790
1244
1361
1780
1227
1302
2149
1263
1257
1731
1363
1449
1850
1169
1554
1905
1260
1412
1708
1228
1697
1888
1350
1338
1940
1252
1487
1845
1214
1243
2058
1311
1332
2249
1321
1308
2078
1281
1243
1333
1615
2359
1468
1221
1848
1402
1345
1895
1436
1339
1841
1436
1233
2514
1462
1403
1916
1258
1240
1873
2208
1256
1382
1903
1253
1265
2270
1277
1225
1955
1352
1463
1839
1223
1599
1708
1295
1595
1847
1266
1581
2185
1342
1197
1891
1434
1387
1738
1367
1253
1784
1543
1217
2202
1371
1335
2076
1563
1245
1232
1864
1553
1357
1656
1736
1280
1646
1784
1235
1357
1774
1249
1671
2048
1342
1351
2032
1246
1265
2868
1265
1532
1694
1482
1522
1323
1603
1322
1275
1229
1762
1283
1184
2792
1372
1351
2002
1547
1244
1261
1908
1771
1358
1504
1582
1279
1869
1612
1207
1540
1941
1292
1525
2059
1312
1348
2013
1281
1242
1228
2188
1851
1446
1423
1771
1286
1416
1704
1369
1243
1987
1350
1255
2394
1347
1368
2117
1232
1231
1370
1950
1794
1423
1312
1792
1293
1733
1434
1237
1454
1938
1302
1252
2494
1381
1351
1991
1294
1237
1458
1957
1720
1350
1645
1717
1257
1534
1875
1330
1354
1643
1502
1472
2039
1445
1348
1731
1360
1250
1237
2201
1369
1416
1731
1514
1311
1878
1599
1276
1421
1795
1282
1555
2105
1344
1436
1959
1240
1284
1234
2102
1558
1375
1593
1580
1363
1673
1618
2091
1258
1357
1870
1374
1652
1764
1337
1662
1708
1340
1272
1901
1806
1333
1454
1737
1298
1715
1566
1387
1356
1600
1357
1554
2137
1343
1352
2074
1276
1348
2729
1530
1601
1674
1527
1281
1566
1636
1611
1547
1282
1415
1256
1236
2062
1399
1353
1975
1269
1239
1458
1850
1521
1397
1779
1749
1286
1675
1565
1330
1380
1864
1289
1593
2082
1329
1351
2054
1381
1262
1263
2094
1358
1446
1594
1510
1420
1773
1793
1286
1323
1781
1252
1436
2253
1354
1324
2099
1234
1251
1319
2084
1768
1330
1537
1730
1304
1626
1513
1219
1447
1988
1258
1540
2228
1336
1337
2030
1417
1215
1268
1904
1702
1338
1456
1788
1308
1325
2057
1530
1220
1919
1552
1175
2338
1332
1325
1907
1429
1226
1237
2166
1385
1355
1909
1249
1277
2247
1321
1241
1687
1518
1350
1817
1660
1448
1653
1880
1325
1400
1250
1668
1934
1352
1395
1936
1284
1383
1983
1238
1270
2015
1347
1195
2428
1337
1392
1970
1238
1261
1572
1924
1559
1347
1529
1706
1282
1841
1858
1301
1539
1725
1553
1482
1609
1420
1360
1729
1245
1260
2701
1568
1530
1673
1272
1556
1341
1348
1678
1539
1274
1417
1322
1384
2137
1409
1366
1826
1406
1451
1283
1777
1599
1367
1580
1838
1302
1777
1592
1250
1380
1710
1237
1618
2130
1332
1448
1983
1271
1276
1253
1927
1766
1343
1341
1904
1271
1521
2032
1234
1215
2051
1252
1174
2483
1315
1398
2031
1248
1249
1552
1935
1417
1343
1808
1410
1271
2070
1279
1231
1592
1867
1297
1479
2119
1311
1380
1828
1382
1405
1249
1881
1773
1315
1377
1977
1304
1414
1896
1443
1270
1920
1425
1182
2473
1329
1308
2045
1251
1261
1257
2026
1380
1317
1811
1597
1313
1757
1750
1242
1544
1807
1273
1192
2297
1346
1335
2075
1253
1283
1457
1986
1697
1457
1333
1792
1421
1517
1867
1237
1253
1966
1292
1253
2270
1374
1366
1872
1532
1222
1216
1954
1558
1338
1775
1839
1266
1435
1829
1237
1387
1700
1276
1579
2315
1314
1393
1855
1464
1261
2658
1265
1231
1356
1288
1666
1295
1520
1825
1359
1223
2107
1273
1195
2674
1318
1322
2147
1233
1241
1330
2103
1459
1325
1826
1478
1367
1924
1597
1270
1676
1771
1260
1485
2084
1367
1331
2015
1249
1364
1246
2027
1676
1451
1337
1823
1401
1503
1763
1323
1245
2001
1347
1266
2403
1364
1352
2169
1247
1236
1230
2085
1594
1330
1728
1556
1255
1829
1457
1262
1510
1848
1282
1334
2426
1360
1378
2129
1304
1237
1431
1998
1348
1450
1558
1744
1309
1616
1893
1231
1340
1997
1326
1330
2241
1355
1377
1871
1331
1244
1245
2190
1658
1328
1737
1532
1299
1777
1689
1231
1383
1801
1278
1550
2154
1324
1329
2044
1268
1263
1359
1991
1618
1339
1594
1767
1291
1608
1757
1326
1252
2044
1296
1195
2523
1324
1307
2052
1290
1230
1351
2144
1384
1436
1758
1390
1280
2092
1268
1502
1466
1519
1455
1567
2074
1369
1350
1868
1263
1424
2681
1551
1547
1666
1541
1292
1317
1317
1330
1230
1456
1816
1279
1234
2425
1429
1368
1878
1264
1252
1510
1908
1473
1774
1499
1800
1396
1609
1611
1524
1525
1455
1533
1303
1744
1405
1419
1878
1263
1244
1325
2110
1673
1358
1580
1510
1388
1895
1569
1275
1351
1819
1290
1355
2291
1353
1319
2013
1342
1223
1257
2077
1588
1321
1728
1720
1264
1684
1917
1250
1249
1794
1251
1442
2309
1348
1329
2069
1245
1229
1239
2187
1678
1352
1524
1698
1272
1731
1837
1368
1247
1803
1423
1184
2515
1376
1330
1956
1273
1218
1579
1988
1570
1333
1919
1546
1257
1665
1466
1256
1791
1396
1260
1951
1787
1352
1645
1855
1543
1265
1524
1290
1997
1442
1221
1855
1304
1343
2056
1244
1237
3628
1288
1204
3111
1354
1356
1966
1264
1245
1259
1961
1761
1369
1467
1901
1249
1523
1670
1255
1240
1995
1556
1193
2381
1339
1364
1954
1235
1271
2868
1234
1226
1326
1306
1777
1273
1657
1435
1330
1734
1587
1369
1680
1843
1370
1356
1934
1356
1335
1257
1838
1713
1306
1595
1750
1377
1797
1750
1291
1241
1935
1246
1478
2450
1493
1683
1924
1510
1572
1527
1569
1530
1698
1315
1231
1302
1342
1796
1539
1519
1668
1310
1478
1841
1412
1375
1886
1404
1247
1247
2031
1657
1424
1548
1415
1299
1837
1607
1321
1348
1669
1523
1544
2001
1353
1364
1920
1352
1329
1238
2151
1764
1343
1294
1877
1277
1590
1740
1362
1325
2103
1276
1195
2425
1369
1357
1975
1257
1213
1564
1789
1522
1360
1762
1745
1269
1587
1849
1243
1229
2022
1309
1532
2194
1413
1384
2057
1231
1253
1434
2160
1427
1366
1959
1439
1294
1915
1449
1315
1403
1730
1281
1579
1930
1340
1544
1896
1327
1326
1231
1802
1994
1317
1392
2289
1286
1305
1873
1307
1228
1828
1368
1360
2369
1323
1275
2091
1863
1355
2763
1299
1222
1231
1132
1345
1572
1898
1580
1498
1229
1529
1751
1200
2078
1362
1322
2049
1212
1263
1458
1900
1619
1347
1718
1600
1251
2019
1302
1232
1516
1449
1560
1693
1764
1340
1523
1946
1249
1533
1275
1869
1883
1320
1385
1877
1288
1459
1878
1269
1279
2104
1272
1201
2519
1315
1333
2236
1236
1289
1599
1796
1735
1431
1248
1936
1379
1369
1814
1248
1230
1959
1279
1220
2532
1340
1325
2070
1516
1262
1248
2084
1534
1337
1631
1656
1446
1723
1676
1245
1613
1552
1380
1578
1988
1359
1417
1855
1734
1408
1292
1949
1288
1249
2080
1344
1482
1954
1322
1360
1240
2004
1244
1478
2230
1333
1346
2082
1242
1218
1230
2020
1890
1308
1464
1730
1269
1517
1826
1228
1240
2226
1240
1198
2558
1326
1331
2168
1240
1267
1533
2031
1461
1467
1569
1764
1308
1668
1482
1224
1552
1428
1426
1840
1705
1333
1586
1723
1392
1697
2703
1282
1233
1357
1200
1707
1285
1352
2052
1260
1213
2437
1307
1184
2533
1332
1366
2076
1242
1257
1465
2170
1379
1419
1764
1542
1312
1737
1604
1228
1371
1847
1283
1770
2176
1344
1341
1839
1335
1265
1239
2118
1784
1363
1389
1755
1289
1654
1753
1269
1249
2015
1276
1545
2147
1371
1344
1914
1423
1223
1253
1943
1554
1349
1644
1490
1450
1754
1457
1233
1541
1835
1236
1509
2313
1374
1323
2066
1231
1247
1245
2139
1666
1325
1527
1740
1259
1788
1607
1381
1272
1915
1561
1202
2354
1339
1387
2177
1272
1256
1240
2075
1524
1491
1700
1538
1282
1866
1476
1226
1603
1681
1263
1680
1962
1362
1496
1703
1392
1414
1223
1817
1983
1343
1520
1838
1271
1528
1872
1250
1248
2165
1266
1168
2484
1353
1307
2119
1237
1245
1461
2098
1642
1303
1257
1907
1275
1224
2170
1127
1145
2268
1146
1478
2447
1207
1262
2393
1149
1133
3074
1121
1132
1220
1871
1441
1287
1788
1606
1537
1248
1575
1567
1546
1871
1348
1464
1839
1240
1509
1273
1796
1711
1331
1658
1911
1250
1679
1460
1237
1531
1989
1284
1192
2617
1340
1352
1972
1229
1214
1487
2161
1479
1332
1515
1977
1283
1612
1543
1242
1474
2087
1274
1205
2579
1382
1351
1898
1263
1237
1529
1808
1674
1333
1790
1758
1292
1579
1776
1224
1386
1709
1275
1581
2060
1305
1342
2208
1226
1228
1509
1907
1513
1331
1696
1552
1243
2028
1673
1237
1381
1685
1263
1728
2073
1345
1589
1850
1227
1407
1221
2217
1520
1320
1829
1577
1372
1603
1775
1239
1256
2002
1293
1175
2637
1321
1346
2039
1344
1219
1259
2234
1406
1441
1646
1443
1407
1841
1362
1374
2379
1381
1291
2023
1539
1337
1802
1596
1319
1944
1244
1414
2144
1337
1176
2115
1309
1335
2019
1243
1263
2002
1296
1200
2510
1384
1356
2003
1269
1260
2701
1548
1549
1669
1496
1284
1328
1329
1374
1612
1551
1680
1529
1282
2109
1488
1418
1642
1295
1150
1421
2260
1255
1254
1981
1760
1190
1771
1586
1188
1610
1813
1150
1397
2169
1228
1408
2261
1254
1131
1341
2184
1494
1213
1815
1658
1143
1985
1595
1118
1605
1803
1135
1478
2344
1212
1283
2325
1106
1212
1321
2071
1825
1208
1543
1672
1298
1587
1874
1126
1141
2377
1173
1068
2743
1196
1263
2224
1185
1168
1352
2274
1583
1221
1684
1523
1233
1885
1602
1483
1248
1861
1358
1465
2280
1217
1207
2216
1173
1280
1183
2355
1468
1214
1861
1483
1155
2098
1410
1401
1595
1755
1169
1631
2090
1231
1384
2420
1279
1270
1179
1659
2019
1395
1381
1896
1221
1277
2145
1204
1143
2265
1190
1174
2611
1251
1334
2201
1300
1156
1285
2393
2403
1448
1309
3422
1302
1347
2294
1266
1189
2117
1172
1328
2169
1243
1244
2123
1318
1119
2603
1137
1575
1670
1512
1298
1340
1667
1394
1651
1280
1740
1598
1277
2175
1505
1391
1692
1271
1248
1247
1998
1565
1378
1743
1562
1320
1830
1542
1227
1501
1845
1333
1690
1919
1365
1385
2008
1290
1233
1324
2234
1461
1449
1557
1601
1308
1750
1340
1339
1575
1697
1276
1713
1820
1336
1625
1643
1426
1422
1249
1698
2167
1339
1225
2044
1500
1341
1842
1416
1262
2093
1285
1235
2457
1371
1335
1982
1340
1273
1265
1906
1679
1385
1285
2000
1392
1315
1945
1337
1249
1979
1349
1334
2355
1339
1349
2020
1266
1243
1448
2146
1396
1433
1729
1371
1352
2098
1345
1230
1737
1579
1450
1569
2393
1353
1336
1941
1284
1249
1228
2067
1593
1381
1583
1894
1277
1628
1783
1267
1320
1767
1281
1351
2278
1345
1337
2154
1248
1217
1474
1751
1634
1335
1440
1987
1284
1467
1930
1267
1242
1841
1397
1353
2522
1347
1391
1777
1367
1238
2689
1544
1519
1700
1485
1511
1605
1342
1343
1260
1221
1705
1289
1549
2084
1461
1366
1701
1316
1304
1272
2074
1522
1440
1578
1583
1370
1713
1590
1315
1324
2096
1269
1306
2326
1392
1395
1973
1262
1243
1253
2162
1521
1443
1521
1933
1293
1468
1600
1497
1247
1790
1464
1207
2297
1350
1319
2073
1245
1237
1452
2157
1390
1390
1616
1665
1268
1798
1615
1244
1529
1815
1271
1534
2187
1326
1350
1960
1333
1236
1244
2162
1527
1416
1527
1781
1322
1721
1797
1270
1236
1924
1283
1337
2294
1336
1348
2058
1236
1240
1354
1914
1601
1327
1523
1794
1301
1542
1810
1401
1227
1994
1247
1173
2525
1333
1328
2088
1370
1225
1275
2063
1561
1329
1673
1526
1289
1893
1561
1225
1402
1851
1280
1460
2087
1339
1416
2060
1276
1232
1233
1975
1647
1417
1455
2076
1275
1380
1733
1225
1393
1748
1385
1565
2290
1349
1353
1908
1385
1245
2906
1548
1593
1451
1488
1546
1608
1590
1334
1527
1534
1455
1286
1202
1841
1399
1399
1911
1253
1246
1375
2232
1341
1441
1783
1467
1316
1727
1527
1258
1534
1634
1245
1807
1865
1356
1498
1716
1306
1695
1239
1675
1973
1369
1366
1881
1310
1361
1926
1324
1235
2169
1311
1205
2448
1676
1308
1986
1285
1224
1233
1926
1682
1414
1607
1658
1258
1578
1599
1283
1604
2032
1546
1247
2140
1498
1336
2060
1568
1506
1298
1853
1530
1440
1500
1560
1564
1635
1318
1237
1768
1702
1521
1284
1929
1683
1363
1546
1292
1238
1234
1843
1928
1350
1669
1655
1303
1648
1723
1239
1249
2107
1308
1200
2549
1391
1337
1991
1507
1354
1525
1757
1826
1668
1490
1526
1574
1614
1895
1511
1514
1535
1250
1185
2248
1351
1404
2038
1244
1274
1251
2172
1671
1331
1664
1812
1316
1780
1247
1225
1490
1838
1280
1636
1999
1322
1717
1920
1224
1236
2655
1275
1218
1362
1438
1565
1309
1633
1691
1549
1263
2161
1583
1476
1929
1691
1632
1305
1526
1550
1537
1245
1686
1427
1641
1514
1283
1487
1827
1549
1310
1748
1536
1514
1923
1461
1331
2097
1234
1242
1255
2075
1672
1434
1479
1814
1296
1750
1278
1209
2027
1548
1301
1841
1439
1373
2022
1265
1644
1643
1317
1657
1744
1626
1125
2035
1558
1486
1548
1476
1226
1741
1493
1469
2205
1361
1317
2066
1240
1214
1478
1934
1569
1329
1529
2157
1435
1325
1543
1274
1284
2089
1255
1623
2178
1362
1333
2056
1631
1258
1247
1896
1700
1321
1712
1209
1272
2255
1294
1223
1718
1900
1251
1621
1898
1302
1725
1705
1259
1311
1348
1983
1778
1475
1843
1509
1572
1368
1895
1536
1520
1731
1334
1478
1809
1436
1390
1730
1222
1270
1275
1890
1791
1326
1454
1817
1299
1486
1669
1207
1667
1641
1675
1222
2145
1346
1345
2038
1259
1256
2706
1242
1248
1354
1468
1577
1274
1849
1544
1219
1855
1516
1315
1655
1923
1357
1305
1994
1733
1413
1314
1880
1248
1250
2044
1485
1513
1829
1574
1247
1236
1879
1232
1189
2583
1339
1329
2080
1249
1225
1239
2199
1496
1329
1750
1676
1293
1891
1721
1249
1232
2037
1265
1203
2309
1328
1340
2215
1268
1257
1241
1992
1513
1327
1803
1241
1262
2304
1334
1249
1658
1663
1537
1474
1597
1426
1737
1704
1248
1655
1242
1566
1908
1415
1177
2084
1287
1623
1758
1255
1226
2116
1278
1221
2546
1363
1360
2057
1234
1228
1500
1929
1522
1381
1438
1938
1272
1479
1824
1276
1294
2022
1539
1495
2040
1460
1374
2043
1299
1252
1238
1811
1823
1441
1652
1494
1306
1571
1859
1267
1242
2241
1287
1201
2253
1372
1370
2016
1500
1260
1544
1905
1702
1451
1502
1805
1305
1632
1539
1276
1252
1706
1277
1502
2261
1403
1360
1981
1248
1240
2703
1273
1217
1345
1467
1838
1267
1527
1694
1476
1217
1934
1272
1173
2692
1369
1349
1979
1256
1212
1238
2125
1716
1315
1599
1682
1279
1844
1546
1243
1646
1641
1236
1716
2022
1341
1346
2123
1228
1245
1224
2120
1708
1341
1589
1726
1323
1630
1583
1256
1482
1961
1274
1510
2195
1361
1644
1984
1331
1536
1550
1553
1525
1691
1270
1232
1312
1923
1811
1254
1259
1585
1263
1496
2245
1358
1376
1971
1245
1244
1466
1989
1521
1362
1718
1505
1599
1944
1557
1298
1531
1742
1518
1487
1658
1690
1647
1278
1260
1237
1331
1919
1685
1443
1511
1604
1298
1891
1888
1537
1545
1697
1349
1488
1771
1702
1608
1328
1562
1519
1247
1219
1633
1432
1495
1927
1594
1634
1928
1534
1295
1670
1549
1479
1889
1576
1385
1508
1337
1563
1556
1577
1303
1432
1886
1483
1339
1623
1850
1257
1550
1469
1249
1536
1885
1386
1614
1903
1545
1522
2975
1544
1560
1690
1454
1316
1300
1325
1278
1251
1214
1667
1248
1213
2333
1390
1354
2019
1220
1239
1638
1774
1586
1344
1719
1515
1292
1753
1576
1239
1480
1914
1233
1242
2517
1362
1317
2218
1237
1228
1286
2104
1533
1433
1832
1540
1562
1669
1569
1544
1531
1675
1353
1224
1761
1382
1345
1900
1260
1652
1222
1657
1886
1348
1585
1662
1257
1496
1670
1256
1678
1709
1271
1644
2065
1333
1309
2151
1227
1223
1259
2038
1868
1338
1468
1720
1273
1675
1714
1207
1232
2077
1644
1211
2173
1327
1315
2044
1245
1315
1510
2066
1676
1437
1474
1268
1294
2085
1301
1226
1706
1921
1270
1500
1859
1393
1914
1917
1525
1551
1525
1561
1536
1672
1313
1730
1616
1594
1573
1556
1542
1719
1294
1197
1625
1340
1380
2035
1234
1219
1243
2177
1552
1704
1487
2282
1558
1616
1546
1555
1543
1670
1296
1211
1546
1362
1386
1873
1658
1237
2680
1261
1229
1672
1480
1287
1314
1926
1538
1263
1254
1647
1286
1534
1963
1467
1384
2068
1251
1228
1244
2081
1681
1373
1651
1636
1272
1501
1812
1508
1545
1581
1516
1512
1808
1703
1413
1877
1545
1518
1557
1309
1665
1483
1244
1663
1268
1517
2015
1274
1236
2078
1557
1476
1885
1420
1364
1762
1509
1236
1530
1872
1520
1671
1295
1542
1545
1823
1301
1225
1665
1656
1290
2027
1254
1430
1796
1651
1559
1559
1535
1533
1511
1676
1510
1837
1549
1379
1602
1557
1584
1704
1321
1214
1972
1339
1329
1913
1523
1253
1248
1908
1563
1373
1645
1716
1291
1853
1523
1534
1557
1687
1513
1244
1959
1447
1373
1851
1291
1250
1298
2019
1559
1381
1689
1728
1416
1611
1738
1233
1548
1597
1505
1520
1837
1439
1371
1670
1215
1544
1246
1676
2005
1364
1213
2091
1287
1483
1948
1245
1225
1887
1265
1205
2579
1332
1375
2000
1264
1278
2695
1560
1546
1671
1298
1521
1338
1311
1684
1265
1210
2052
1326
1539
2083
1457
1353
1606
1572
1556
1527
1867
1340
1671
1519
1516
1555
1620
1585
1250
1244
1552
1292
1938
1893
1362
1336
1859
1233
1251
1228
2068
1902
1327
1608
1663
1262
1769
1533
1571
1560
1751
1537
1279
2017
1475
1378
1891
1235
1227
1730
1810
1905
1446
1240
1499
1311
1694
1727
1259
1624
1677
1273
1207
2552
1336
1326
2214
1273
1231
1466
1853
1757
1355
1725
1743
1269
1485
1941
1526
1552
1580
1545
1468
1811
1426
1363
2255
1231
1246
1241
1890
1668
1426
1647
1554
1293
1685
1794
1264
1251
1867
1304
1821
2072
1458
1372
1928
1235
1265
1223
1926
1675
1379
1545
1805
1314
1540
1729
1253
1276
2275
1260
1209
2340
1365
1341
2057
1244
1248
1262
2202
1695
1444
1592
1649
1305
1751
1575
1532
2172
800
384
3851
723
743
4888
796
1112
4095
937
834
4885
851
942
1404
3362
1049
1048
3751
707
968
3453
1199
991
2649
1247
954
2374
1329
952
2719
1607
1342
1854
1491
1266
1861
1515
1224
1722
1873
1227
1586
1879
1325
1347
1942
1590
1213
1237
1740
2002
1338
1414
2053
1306
1402
1759
1224
1234
2057
1257
1186
2586
1313
1332
2127
1259
1259
1428
1936
1648
1315
1542
1671
1286
1597
1848
1266
1428
1981
1278
1509
2131
1463
1363
2002
1230
1245
1890
1783
1250
1527
1708
1255
1503
1699
1581
1546
1547
1675
1309
1499
1829
1670
1652
1304
1527
1528
1278
1414
1728
1425
1422
1766
1315
1677
1760
1220
1242
2026
1565
1203
2130
1365
1346
1800
1484
1215
1246
2054
1881
1365
1376
1901
1291
1313
1917
1453
1223
2132
1304
1181
2428
1318
1357
2072
1234
1222
1453
2040
1414
1406
1900
1599
1329
1573
1666
1249
1349
1624
1452
1586
2081
1331
1375
2025
1389
1251
2664
1290
1231
1360
1347
1512
1449
1642
1675
1226
1501
1920
1249
1359
2335
1358
1346
2037
1234
1230
1363
1988
1595
1336
1756
1657
1241
1455
1914
1448
1271
1882
1270
1196
2537
1354
1366
2123
1218
1208
1623
2007
1613
1302
1527
1478
1266
1918
1460
1252
1425
1685
1558
1461
2046
1385
1320
2112
1229
1222
1250
2060
1970
1339
1475
1708
1296
1613
1907
1273
1429
1651
1234
1444
2369
1339
1308
2051
1275
1205
1561
1733
1624
1337
1413
1883
1287
1577
2037
1217
1262
1958
1611
1169
2238
1352
1388
2218
1241
1244
1222
2148
1609
1344
1698
1591
1607
1780
1861
1305
1530
1688
1533
1480
1465
1431
1363
1891
1260
1222
1267
2135
1976
1434
1250
3044
1296
1310
3877
1231
1255
3093
1276
1181
1995
1468
1363
1761
1428
1411
1235
1897
1812
1355
1415
1788
1390
1638
1420
1223
1373
2033
1259
1369
2585
1374
1348
1958
1271
1259
2787
1258
1243
1320
1289
1627
1302
1787
1645
1233
1594
1436
1275
1861
1765
1342
1568
1749
1560
1207
1242
1762
1934
1332
1228
1989
1263
1501
2193
1286
1239
2030
1569
1476
1798
1434
1311
1955
1551
1364
1329
1799
1224
1257
2175
1438
1697
1876
1366
1440
1211
1691
1422
1190
2258
1417
1393
1897
1246
1243
1457
1946
1427
1352
1753
1431
1298
2045
1315
1242
1625
1814
1271
1434
2101
1340
1544
1904
1222
1553
1215
2042
1632
1337
1520
1751
1251
1487
1787
1422
1414
2017
1265
1224
2469
1330
1322
2089
1230
1235
1455
1808
1564
1356
1829
1790
1288
1608
1616
1202
1572
1777
1604
1177
2391
1365
1339
2002
1226
2047
1206
1573
2113
1328
1169
2204
1283
1298
1999
1210
1244
2164
1277
1167
2478
1341
1361
2079
1272
1279
1241
2032
1718
1306
1650
1734
1318
1675
1619
1164
1327
1778
2312
1097
1606
2871
1250
1160
3965
1151
2551
1563
1460
1229
1555
1711
1347
1367
1994
1323
1120
2171
1295
1173
2578
1330
1246
2432
1490
1297
1245
2103
1635
1252
1648
1462
1765
1820
1184
1546
1130
1827
1612
1072
2262
1257
1255
2188
1238
1220
1233
2245
1758
1236
1726
1800
1136
1612
1732
1239
1480
2130
1173
1214
2444
1225
1248
2194
1156
1215
1615
1708
1686
1281
1589
1895
1143
1495
1997
1139
1137
2176
1144
1051
3106
1217
1244
2152
1277
1121
1292
2153
1447
1303
1840
1438
1739
1819
1472
1279
1576
1729
1291
1464
1873
1357
1539
1766
1229
1540
1231
1891
1905
1344
1513
1818
1288
1433
1924
1222
1245
2072
1282
1180
2485
1321
1358
2098
1270
1245
1269
2062
1722
1354
1503
1741
1296
1607
1850
1379
1255
1823
1377
1066
2496
1265
1217
2362
1153
1279
1509
2211
1405
1229
1696
1988
1160
1555
1527
1152
1795
1411
1364
1679
1886
1246
1391
1931
1266
1625
2561
1114
1425
1188
1406
1992
1143
1432
2142
1141
1121
2413
1146
1411
2724
1215
1227
2128
1273
1138
1291
2262
1489
1230
1785
1777
1164
1652
1814
1109
1555
2095
1137
1289
2194
1198
1240
2308
1312
1112
1286
2202
1971
1224
1482
1930
1139
1569
1792
1274
1311
2076
1142
1282
2520
1200
1208
2218
1277
1296
1125
2210
1653
1224
1637
1609
1157
1891
1622
1099
1572
1887
1435
1286
2411
1206
1217
2225
1151
1122
1461
2090
1627
1213
1620
1807
1147
1796
1746
1476
1115
2005
1358
1067
2742
1230
1233
2215
1118
1103
1464
2140
1610
1220
1928
1692
1149
1987
1344
1123
1777
1695
1511
1586
1907
1199
1510
1900
1448
1142
1135
2058
1865
1215
1500
1869
1133
1937
1837
1158
1147
2088
1162
1251
2900
1201
1223
2202
1238
1123
1232
2250
1689
1205
1483
1909
1294
1275
1850
1246
1140
2191
1219
1075
2665
1220
1188
2307
1114
1481
2563
1110
1332
1218
1967
1319
1277
1953
1604
1218
1581
1568
1568
1447
2096
1371
1339
1949
1251
1521
1247
1982
1579
1358
1706
1584
1267
1765
1458
1235
1525
1888
1293
1510
2162
1358
1391
2018
1234
1235
1542
1703
1998
1360
1507
1880
1309
1401
2007
1228
1238
1942
1192
1172
2744
1266
1324
2377
1191
1224
1160
2018
1498
1362
1699
1554
1230
1990
1586
1192
1384
1852
1199
1674
2049
1305
1354
1982
1578
1230
1247
1726
2079
1338
1461
1843
1259
1405
1946
1406
1222
2005
1373
1174
2464
1338
1313
2055
1503
1349
1317
1872
1249
1243
1937
1396
1689
1719
1464
1519
1262
1684
1502
1406
1955
1401
1334
2015
1288
1254
1929
1415
1532
1604
1601
1478
1859
1425
1276
1585
1227
1555
1889
1540
1530
1786
1330
1609
1524
1240
1247
2116
1580
1339
1923
1701
1346
1576
1596
1235
1379
1767
1280
1423
2287
1338
1384
2248
1303
1239
2665
1241
1203
1358
1513
1565
1276
1680
1810
1295
1243
1846
1268
1509
2325
1352
1334
2219
1512
1276
1227
1855
1785
1353
1609
1593
1567
1536
1579
1228
1567
1844
1239
1402
2275
1319
1314
1966
1434
1238
1253
2137
1639
1438
1370
1731
1294
1679
1890
1216
1256
2105
1292
1203
2391
1359
1304
1944
1427
1219
1220
2202
1578
1350
1676
1569
1289
1806
1451
1203
1559
1724
1551
1200
2481
1358
1351
1989
1260
1262
1386
1945
1411
1331
1865
1664
1268
1830
1440
1427
1512
1406
1436
1867
1773
1364
1492
1992
1226
1267
1231
2222
1713
1413
1672
1593
1289
1575
2068
1225
1249
1790
1283
1404
2555
1433
1374
2061
1286
1346
1248
2006
1420
1428
1434
1881
1636
1642
1552
1276
1523
1675
1297
1208
2073
1368
1362
1961
1228
1225
1730
1855
1459
1444
1778
1405
1306
1849
1293
1375
1450
1577
1462
1426
2180
1376
1370
2186
1222
1211
2708
1259
1212
1336
1493
1449
1247
1742
1907
1218
1234
2097
1284
1225
2648
1345
1342
2146
1235
1227
1235
1993
1867
1331
1545
1795
1299
1400
2034
1553
1544
1449
1524
1489
2018
1440
1394
1737
1231
1223
1416
1906
1413
1363
2056
1533
1254
1660
1633
1241
1529
1616
1278
1596
2084
1322
1481
1977
1570
1264
1233
1925
1617
1428
1564
1557
1304
1595
1705
1266
1268
2157
1258
1561
2119
1324
1339
2090
1229
1405
1239
2025
1761
1425
1405
1723
1303
1446
1934
1428
1255
1886
1408
1250
2372
1372
1377
1857
1221
1233
1566
1968
1630
1326
1676
1756
1281
1770
1470
1399
1225
1881
1548
1204
2006
1331
1345
2215
1245
1229
1218
2133
1644
1351
1614
2004
1273
1384
1821
1396
1413
1880
1280
1200
2507
1326
1348
2269
1243
1235
1412
1958
1654
1480
1393
1795
1320
1420
1950
1243
1245
1894
1430
1186
2324
1362
1359
2276
1323
1264
2678
1295
1531
1687
1304
1225
1308
1458
1683
1252
1399
1895
1284
1408
2250
1358
1327
1920
1413
1242
1228
2087
1564
1359
1854
1571
1260
1775
1435
1401
1419
1855
1272
1436
2296
1332
1328
2148
1274
1219
1259
2284
1696
1434
1382
1892
1307
1423
1854
1389
1248
1860
1432
1246
2302
1345
1385
2015
1250
1244
1399
2082
1513
1354
1756
1665
1268
1658
1598
1225
1517
1646
1564
1672
1717
1444
1387
1740
1269
1540
1215
1793
1872
1353
1368
2008
1286
1406
1955
1252
1231
2121
1259
1191
2541
1346
1362
2146
1541
1214
1240
1897
1425
1337
1804
1484
1426
1935
1583
1229
1528
1938
1256
1575
1865
1316
1314
2298
1261
1246
1236
2348
1661
1417
1543
1798
1295
1322
1790
1253
1251
2256
1264
1196
2428
1351
1360
1927
1258
1522
1248
1876
1746
1322
1522
1699
1257
1950
1586
1210
1277
1859
1239
1429
2396
1350
1349
1988
1251
1223
2694
1264
1556
1667
1504
1336
1304
1419
1466
1438
1420
1878
1520
1227
2229
1344
1361
1958
1258
1219
1533
1915
1554
1345
1881
1549
1297
1905
1289
1216
1794
1404
1243
1891
1872
1336
1679
1718
1517
1222
1241
2020
1949
1324
1246
1866
1304
1578
1869
1231
1246
2007
1273
1177
2543
1319
1338
2269
1225
1244
1213
2081
1442
1347
1761
1503
1461
1622
1613
1392
1242
1923
1274
1567
2207
1355
1354
2029
1248
1244
1406
2097
1438
1334
1682
1421
1257
2141
1256
1220
1694
1770
1547
1464
1946
1324
1618
1994
1254
1227
1267
1920
1734
1348
1515
1844
1281
1777
1495
1231
1553
1828
1230
1563
2305
1337
1320
2102
1237
1238
1406
1798
2296
1332
1215
2094
1288
1299
2036
1251
1233
2489
1271
1168
2231
1320
1309
2190
1259
1389
1381
1777
1451
1289
1883
1642
1306
1734
1637
1169
1553
1622
1427
1619
1763
1329
1523
1906
1425
1203
2670
1219
1504
1356
1332
1675
1276
1444
1823
1264
1211
2247
1291
1180
2598
1313
1318
2329
1230
1259
1203
1893
1624
1344
1493
1706
1261
1556
1897
1432
1227
1826
1292
1187
2491
1338
1331
2094
1423
1230
1243
2163
1378
1352
1777
1646
1257
1881
1309
1226
1903
1558
1255
1589
2035
1338
1650
1787
1234
1389
1242
1803
1722
1362
1519
1986
1304
1490
1895
1255
1393
1708
1253
1413
2368
1333
1333
2217
1260
1251
1403
1761
1692
1318
1335
1909
1281
1534
2012
1248
1219
2010
1274
1169
2670
1334
1333
2253
1290
1229
1215
2121
1609
1438
1620
1567
1268
1823
1261
1401
1559
2055
1249
1456
1957
1419
1378
1829
1268
1570
1306
1866
1710
1402
1512
1853
1272
1426
1850
1398
1252
2136
1269
1256
2302
1351
1322
2206
1232
1215
1269
1987
1777
1340
1409
1829
1274
1459
1932
1247
1234
1874
1418
1191
2422
1355
1368
2073
1256
1235
2971
1538
1602
1667
1257
1286
1320
1299
1295
1262
1682
1443
1450
1627
1960
1328
1503
1569
1576
1540
1212
1715
1989
1326
1233
1914
1287
1643
1831
1244
1211
1935
1236
1400
2393
1388
1340
2063
1221
1232
1235
2130
1815
1351
1501
1680
1601
1405
1712
1426
1241
1925
1278
1166
2652
1340
1323
2242
1248
1225
1370
2094
1465
1421
1612
1477
1473
1747
1460
1211
1476
1528
1576
1665
1775
1362
1637
1704
1250
1479
1275
1849
2076
1352
1352
1818
1441
1399
1788
1269
1220
2324
1260
1206
2591
1406
1362
2038
1236
1226
1527
1965
1432
1349
1850
1673
1256
1671
1457
1244
1494
1825
1466
1194
2496
1338
1320
2153
1230
1229
1527
1794
1433
1356
1835
1568
1247
1962
1594
1244
1405
1697
1416
1676
1892
1345
1369
2103
1548
1224
1216
1835
1569
1331
1563
2125
1253
1643
1762
1239
1258
1778
1308
1384
2341
1331
1373
2028
1241
1256
2798
1564
1547
1668
1265
1565
1590
1634
1562
1282
1231
1426
1256
1192
2226
1343
1333
2111
1250
1266
1229
2221
1560
1328
1741
1487
1264
1867
1516
1218
1606
1432
1430
1784
1734
1371
1865
1584
1265
1546
1249
1515
2340
1331
1194
2191
1292
1307
1961
1220
1250
2404
1267
1198
2503
1325
1324
2096
1260
1208
1420
1838
1587
1358
1498
2013
1276
1344
1855
1213
1247
2145
1278
1568
2246
1335
1364
2177
1243
1261
1665
1872
1520
1408
1675
1622
1313
1549
1860
1241
1549
1621
1271
1492
2420
1331
1353
1983
1413
1250
1238
2059
1411
1351
1830
1521
1251
1970
1589
1228
1546
1928
1283
1565
1886
1334
1329
2046
1244
1259
1417
2005
1609
1384
1517
1862
1429
1423
1880
1213
1263
2112
1266
1187
2479
1344
1344
1975
1435
1253
1264
1953
1428
1326
1866
1715
1267
1909
1278
1229
1679
1684
1264
1466
2151
1362
1337
2014
1264
1209
2969
1278
1243
1344
1514
1538
1248
1679
1700
1412
1422
1683
1433
1439
2299
1379
1369
2051
1267
1239
1229
1992
1543
1357
1739
1782
1290
1552
1855
1241
1236
1839
1263
1456
2236
1352
1363
2192
1402
1251
1234
1865
1433
1360
1593
1837
1281
1591
1779
1551
1230
1800
1269
1170
2317
1322
1343
1932
1404
1218
1246
2173
1584
1339
1668
1401
1588
1773
1440
1390
1421
1578
1406
1479
2357
1468
1367
1735
1273
1275
1258
2132
1611
1443
1235
1939
1277
1536
1744
1532
1237
1898
1311
1212
2470
1396
1378
1894
1538
1200
1239
1923
1468
1354
1842
1528
1302
1941
1470
1246
1656
1639
1409
1699
1864
1345
1503
1604
1419
1419
1235
2741
1440
1400
2041
1248
1323
1757
1434
1261
1562
1994
1274
1428
2250
1333
1348
2109
1245
1232
1251
1904
1842
1329
1398
1919
1270
1514
1610
1264
1399
1900
1432
1179
2436
1336
1302
2068
1564
1219
2704
1248
1242
1346
1863
1519
1555
1369
1564
1527
1313
1411
1287
1352
2323
1476
1360
1710
1221
1555
1237
2006
1757
1353
1535
1552
1284
1867
1470
1253
1587
1968
1256
1549
2234
1359
1358
2035
1240
1224
1223
1977
1926
1333
1527
1783
1252
1548
1808
1376
1241
1902
1255
1184
2627
1325
1350
2224
1239
1236
1414
1959
1457
1426
1817
1543
1268
1963
1558
1260
1225
1733
1253
1577
2024
1344
1356
2032
1415
1230
1221
1867
1908
1365
1345
1908
1289
1429
2039
1336
1233
2053
1309
1188
2568
1342
1314
2211
1234
1249
1584
1931
1454
1445
1752
1830
1548
1369
1563
1577
1277
1580
1556
1484
2020
1501
1422
1872
1268
1230
1276
2038
1579
1365
1577
1462
1276
2139
1258
1344
1582
1578
1312
1455
2413
1341
1308
2165
1232
1231
1266
2096
1581
1429
1391
1767
1296
1663
1616
1283
1416
1710
1241
1826
2024
1353
1375
1885
1250
1249
3063
1311
1525
1723
1520
1511
1629
1610
1625
1314
1248
1414
1267
1216
1963
1393
1366
2063
1369
1123
1123
2221
1639
1446
1606
1599
1375
1773
1517
1283
1363
1997
1273
1426
1919
1371
1482
1800
1383
1400
1279
1791
2024
1292
1597
2118
1170
1230
2250
1131
1235
2129
1166
1056
2780
1221
1284
2267
1117
1451
1162
2263
1537
1209
1796
1466
1143
1894
1744
1290
1301
1897
1171
1319
2613
1216
1241
2237
1114
1103
1470
2324
1614
1256
1651
1737
1330
1775
1535
1275
1270
1897
1448
1380
2309
1219
1263
2305
1136
1101
1297
2563
1415
1234
1854
1464
1292
1819
1669
1122
1284
1968
1165
1528
2428
1189
1253
2270
1272
1134
1448
2028
1794
1208
1457
1852
1161
1567
2018
1135
1115
2179
1152
1051
2843
1203
1230
2403
1454
1141
1275
2106
1760
1221
1591
1604
1309
2079
1290
1119
1690
1601
1177
2023
1513
1246
1692
1903
1115
1671
2527
1129
1434
1233
1233
2057
1252
1284
2222
1135
1138
2386
1188
1095
2704
1215
1213
2310
1122
1104
1438
2372
1444
1229
1941
1364
1177
2095
1717
1118
1270
2039
1152
1289
2616
1247
1194
2248
1134
1120
1678
1946
1464
1237
1985
1445
1174
2166
1163
1435
1634
1541
1246
1742
1941
1413
1381
2118
1247
1501
1112
1914
1706
1194
1598
1935
1153
1706
1779
1111
1244
2140
1123
1427
2663
1222
1241
2202
1138
1121
1387
2269
1569
1239
1578
1900
1433
1269
1852
1310
1111
2170
1259
1066
2687
1207
1223
2601
1120
1127
1250
2432
1273
1213
2055
1386
1297
2029
1308
1241
1654
1668
1277
1847
1720
1200
1779
1827
1254
1656
1142
1734
2075
1196
1164
2193
1286
1514
1861
1127
1123
2562
1156
1073
2760
1206
1207
2304
1138
1232
1272
2040
1632
1261
1672
1828
1180
1714
1547
1244
1670
1517
1296
1578
2148
1217
1273
2278
1254
1131
2750
1152
1271
1257
1692
1701
1179
1728
1697
1106
1431
1617
1589
1613
1685
1275
1720
1699
1240
1526
1111
1835
2187
1217
1219
2094
1270
1421
1976
1209
1137
2269
1132
1278
2552
1233
1246
2226
1214
1108
1370
2242
1536
1217
1479
1971
1255
1369
2038
1224
1136
2233
1211
1100
2645
1192
1210
2356
1226
1188
1262
2161
1559
1218
1772
1595
1242
1910
1727
1101
1383
2068
1222
1317
2554
1226
1230
2410
1313
1227
1246
1984
1780
1458
1314
1781
1271
1671
2005
1220
1218
1912
1291
1541
2197
1379
1373
1945
1237
1244
1471
1924
1567
1449
1358
1766
1320
1514
1956
1258
1224
2027
1243
1200
2583
1356
1324
2177
1289
1251
1387
1870
1638
1623
1384
1536
1760
1389
1592
1565
1363
1786
1370
1199
2197
1357
1350
1936
1375
1215
1265
1914
1634
1340
1554
1835
1270
1568
1641
1257
1304
1971
1257
1337
2411
1352
1344
2068
1255
1248
2684
1235
1224
1336
1413
1798
1501
1654
1531
1224
1489
1801
1391
1376
2211
1335
1364
2050
1278
1216
1356
2172
1537
1442
1611
1506
1321
1821
1417
1243
1534
1724
1272
1779
1796
1373
1476
1758
1380
1363
1221
1846
1973
1359
1365
1930
1423
1371
1948
1240
1226
2279
1286
1198
2417
1335
1326
2103
1261
1254
1228
2023
1420
1359
1841
1684
1583
1365
1721
1289
1232
2095
1323
1481
2056
1428
1381
1741
1269
1245
1250
2109
1706
1341
1555
1454
1306
1956
1664
1242
1372
1632
1429
1376
1960
1375
1552
2113
1285
1226
1249
1738
1766
1425
1562
1822
1280
1388
1834
1224
1374
1996
1306
1229
2471
1361
1333
2016
1284
1293
1241
2314
1436
1414
1474
1814
1300
1481
1975
1244
1267
1963
1248
1189
2512
1358
1322
2069
1490
1231
1258
1915
1452
1353
1752
1684
1258
2119
1460
1234
1365
1794
1292
1478
1958
1324
1486
1784
1361
1538
2713
1244
1244
1336
1183
1756
1293
1365
1959
1475
1247
2037
1319
1218
2507
1369
1268
2165
1731
1348
1312
1856
1215
1237
1953
1415
1564
1776
1441
1543
1256
1767
1498
1225
2151
1511
1305
1947
1260
1247
1525
1870
1740
1331
1490
1796
1266
1649
1850
1247
1357
1637
1256
1578
2018
1333
1374
2037
1371
1226
1231
2169
1657
1346
1514
1631
1298
1743
1603
1246
1360
1951
1251
1387
2400
1359
1313
2143
1235
1263
1231
1988
1528
1326
1472
2143
1273
1377
1875
1351
1274
2012
1282
1193
2511
1318
1296
2135
1285
1265
1559
1962
1385
1436
1819
1413
1291
2049
1254
1496
1490
1671
1253
1911
1960
1350
1349
1874
1258
1367
1234
2164
1726
1339
1540
1735
1270
1716
1596
1374
1257
2186
1239
1212
2441
1227
1201
2274
1143
1244
1443
1886
1667
1215
1578
1957
1184
1574
1860
1374
1104
1864
1454
1056
2506
1193
1225
2459
1430
1127
2825
2031
1103
1227
4013
1124
1158
3763
1180
1129
3422
1193
1123
3143
1009
1218
2958
1304
1260
1219
1242
1830
1248
1449
1987
1225
1390
2092
1288
1208
1669
1376
1513
1629
1150
1747
1629
1272
1812
1520
1239
1807
1834
1338
1387
2061
1284
1358
1884
1264
1257
1947
1283
1366
2143
1319
1399
1868
1249
1228
1444
1219
2324
1332
1186
2437
1260
1315
2146
1399
1232
2034
1256
1166
2526
1328
1336
2102
1502
1201
1247
2771
1312
1350
1896
1242
1269
2184
1305
1369
1432
1312
1529
1809
1130
1685
1553
1271
1682
1699
1232
1806
2113
1331
1262
1916
1271
1391
1874
1230
1251
2067
1233
1180
2386
1358
1343
1916
1281
1229
1434
1559
1962
1434
1273
1882
1290
1312
2004
1858
1251
1565
1794
1189
2004
1427
1400
1965
1224
1268
1255
1998
1841
1373
1209
1949
1297
1394
1915
1215
1226
2141
1281
1201
2491
1336
1345
2230
1235
1232
2775
1559
1526
1671
1258
1530
1549
1348
1551
1254
1235
1486
1310
1392
2273
1380
1361
1974
1220
1226
1260
2226
1592
1326
1706
1570
1287
1836
1418
1239
1499
1863
1240
1531
2265
1386
1304
2020
1265
1247
1457
1842
1815
1374
1389
1801
1297
1655
1888
1253
1242
1885
1247
1365
2373
1333
1365
2067
1273
1249
1543
1768
1673
1342
1734
1493
1265
1866
1594
1241
1536
1886
1255
1379
2235
1327
1313
2093
1411
1227
1217
2011
1565
1370
1656
1620
1422
1647
1640
1399
1252
1999
1291
1515
2245
1340
1348
2150
1227
1236
1357
2015
1410
1423
1636
1573
1564
1653
1718
1231
1228
1989
1303
1219
2499
1393
1354
2035
1393
1256
1232
2585
1308
1411
1752
1291
1279
2102
1272
1212
1674
1876
1236
1421
2195
1467
1386
1935
1248
1226
1219
1884
1830
1344
1337
2267
1312
1332
1733
1243
1326
2089
1256
1340
2236
1339
1330
2032
1332
1237
2890
1534
1593
1472
1444
1528
1559
1597
1321
1528
1525
1312
1125
1075
2330
1222
1271
2234
1279
1140
1398
2402
1390
1410
1785
1392
1282
2082
1259
1223
1648
1900
1257
1435
2202
1330
1330
1974
1374
1268
1246
1937
1616
1324
1635
1730
1290
1626
1656
1387
1376
1864
1389
1368
2274
1333
1308
2253
1245
1240
1390
2018
1582
1432
1354
1730
1332
1457
1864
1542
1218
1959
1239
1230
2500
1345
1343
2052
1249
1247
1458
2016
1588
1428
1485
1671
1428
1780
1318
1242
1519
1573
1488
1660
1893
1350
1578
1825
1311
1559
1517
1314
1975
1437
1269
1876
1312
1328
2013
1233
1242
2042
1143
1255
2592
1208
1237
2286
1248
1147
1379
2252
1620
1228
1519
1674
1423
1721
1676
1210
1315
2029
1156
1317
2513
889
598
2714
990
997
1712
2146
1650
945
2057
1599
1360
1691
1587
1212
1645
1642
1234
1709
2046
899
1737
1969
1275
1545
1551
1598
1739
972
1998
1880
1145
1713
1900
953
1447
2326
1210
1187
2499
1231
1202
2362
1157
1121
1596
1946
1753
1207
1540
1771
1169
1605
1839
1215
1265
2121
1139
1063
2861
1204
1201
2335
1257
1108
1415
2254
1639
1207
1792
1657
1152
1943
1641
1130
1585
1598
1242
1780
1964
1221
1523
1757
1249
1610
1103
1837
2101
1209
1228
2149
1267
1400
1990
1223
1133
2286
1146
1213
2614
1227
1205
2319
1116
1118
1510
2092
1513
1214
1662
1739
1198
1665
1878
1373
1109
2238
1106
1084
2898
1201
1216
2349
1255
1142
1311
2399
1590
1439
1506
1784
1309
1528
1526
1375
1391
1776
1247
1408
2387
1379
1365
1977
1277
1242
1247
2092
1537
1447
1511
1775
1281
1633
1824
1271
1231
1843
1269
1359
2352
1368
1336
1994
1393
1251
1233
2128
1532
1430
1671
1926
1350
1340
1706
1571
1523
1698
1518
1473
1723
1418
1421
1738
1405
1252
2677
1256
1284
1665
1291
1537
1580
1616
1554
1267
1530
1675
1312
1604
1539
1727
1637
1330
1538
1548
1519
1598
1535
1697
1480
1707
1323
1656
1751
1520
1528
1444
1282
1194
2252
1372
1352
2017
1228
1240
1486
1884
1776
1411
1222
1872
1304
1485
1838
1221
1257
2158
1241
1198
2532
1349
1350
2140
1214
1235
1338
2114
1700
1324
1565
1727
1255
1702
1589
1240
1682
1541
1525
1496
1798
1362
1486
1923
1401
1342
1249
1803
1802
1351
1347
1895
1297
1502
1843
1381
1259
2039
1352
1349
2264
1326
1303
2133
1349
1275
1230
2141
1555
1357
1612
1604
1364
1522
1835
1260
1219
2123
1241
1187
2622
1323
1322
2089
1363
1228
1363
1891
1435
1454
1716
1383
1400
1891
1399
1353
1412
1862
1259
1721
2025
1197
1250
2172
1127
1432
1150
1855
1955
1251
1321
2165
1280
1199
2111
1387
1142
1894
1400
1062
2534
1199
1242
2287
1251
1112
3074
1141
1107
1201
1496
1758
1173
1759
1748
1357
1398
1842
1401
1390
2199
1214
1196
2364
1232
1143
1401
2064
1649
1200
1696
1692
1257
1862
1669
1151
1307
1897
1129
1581
2363
1206
1197
2337
1388
1148
1415
1944
1729
1188
1626
1702
1285
1671
1650
1373
1398
1974
1121
1522
2275
1201
1185
2355
1175
1202
1317
2057
1614
1218
1625
1727
1238
1546
1834
1349
1130
2167
1136
1073
2746
1213
1189
2328
1274
1123
1448
2298
1331
1246
1758
1543
1258
1888
1471
1449
1448
1558
1563
1325
1967
1267
1415
1937
1224
1389
1133
2062
1861
1225
1513
1899
1175
1707
1736
1235
1327
2270
1299
1216
2347
1345
1350
1994
1385
1262
1445
2111
1390
1551
1362
1620
1500
1386
1762
1512
1245
1871
1484
1200
2301
1340
1347
2111
1366
1225
1230
2043
1463
1321
1770
1629
1297
1840
1282
1466
1566
1554
1607
1576
1587
1365
1665
1567
1393
1561
2699
1259
1559
1440
1251
1640
1624
1595
1585
1530
1548
1458
1252
1235
2305
1393
1400
1979
1229
1224
1452
1851
1735
1364
1331
1787
1289
1560
1850
1244
1297
1972
1255
1191
2574
1355
1352
2046
1386
1271
1248
2019
1370
1367
1844
1377
1255
2116
1254
1257
1631
1928
1280
1480
2011
1331
1450
1877
1466
1231
1221
1917
1743
1324
1570
1710
1269
1687
1644
1245
1388
1996
1237
1503
2227
1349
1323
2000
1222
1484
1265
1803
1664
1310
1574
1726
1293
1829
1722
1213
1255
1948
1487
1194
2337
1336
1318
2092
1265
1259
1344
2152
1526
1331
1778
1255
1273
2188
1314
1242
1592
1602
1243
1735
1799
1482
1487
1707
1496
1639
1232
1546
2154
1350
1177
2072
1297
1322
2032
1253
1253
2089
1256
1183
2722
1340
1354
1959
1358
1241
1269
2165
1490
1350
1583
1845
1272
1473
1849
1246
1238
1974
1255
1197
2502
1336
1342
2198
1270
1266
2674
1277
1536
1668
1297
1258
1303
1599
1597
1550
1525
1680
1320
1501
1310
1424
1723
1739
1596
1526
1296
1643
1648
1415
1472
1870
1307
1588
1768
1260
1369
1705
1294
1621
2055
1364
1482
1923
1240
1372
1267
2004
1755
1343
1310
1928
1248
1233
2213
1192
1147
2464
1138
1105
2676
1209
1206
2247
1442
1164
1253
1783
1897
1307
1385
1825
1279
1745
1620
1223
1374
1738
1768
1271
1762
1802
1305
1554
1806
1194
1114
2033
1823
1234
1479
1885
1257
1511
1957
1134
1374
1974
1162
1321
2570
1200
1369
2315
1209
1103
1275
2049
1608
1226
1659
1776
1153
1683
1901
1267
1120
2251
1141
1081
2805
1227
1238
2222
1267
1134
1322
2379
1313
1222
2026
1189
1357
2142
1183
1104
1860
1819
1177
1622
2241
1239
1284
2012
1184
1600
1143
1944
1843
1231
1578
1978
1149
1548
1786
1110
1689
2109
1125
1172
2356
1210
1204
2296
1202
1414
2678
1125
1135
1206
1653
1860
1222
1563
1820
1136
1242
2319
1167
1150
3002
1225
1199
2188
1170
1126
1317
2297
1413
1207
1989
1605
1150
2101
1402
1138
1621
1693
1139
1795
2115
1224
1310
2194
1275
1388
1127
1942
1699
1226
1586
1950
1130
1640
1772
1295
1219
2047
1314
1300
2420
1228
1189
2384
1189
1324
1356
1998
1668
1212
1636
1632
1222
1715
1923
1132
1176
2205
1277
1092
2585
1216
1213
2230
1122
1177
1679
2046
1647
1223
1687
1539
1253
1940
1497
1423
1453
1605
1398
1373
2492
1216
1195
2044
1196
1177
1551
2075
1522
1224
1847
1485
1160
2197
1398
1139
1663
1738
1276
1840
2082
1230
1224
2213
1140
1122
1308
2074
1798
1207
1414
2135
1165
1355
2096
1192
1122
2339
1144
1066
2774
1192
1184
2717
1292
1285
1230
2018
1482
1439
1552
1827
1327
1437
1878
1287
1243
1864
1339
1284
2261
1332
1345
1956
1297
1276
2715
1242
1255
1346
1479
1578
1378
1913
1647
1227
1242
1942
1280
1216
2551
1350
1310
2019
1241
1230
1321
1970
1743
1348
1361
1744
1266
1637
1731
1255
1302
2046
1461
1181
2564
1347
1337
2084
1309
1220
1377
1949
1781
1353
1523
1675
1295
1735
1739
1116
1408
1810
1290
1576
2214
1202
1253
1967
1336
1196
1146
2138
1831
1195
1513
1930
1151
1691
1856
1130
1410
2017
1171
1446
2254
1207
1281
2357
1125
1180
1180
2314
1556
1217
1709
1851
1213
1480
1977
1206
1137
2297
1180
1042
2734
1219
1186
2386
1178
1238
1364
2164
1702
1200
1627
1589
1218
1957
1724
1182
1276
1700
1446
1508
2155
1217
1409
2070
1216
1293
1271
1976
2715
1197
1060
2383
1215
1249
2295
1148
1141
2429
1128
1068
2849
1227
1194
2264
1115
1403
1377
2024
1641
1232
1403
2121
1173
1412
1851
1201
1290
2138
1251
1173
2570
1237
1222
2209
2732
1608
2655
1169
1535
1450
1187
1865
2558
1587
1493
1584
1133
1436
2088
1307
1738
1576
1487
1538
1662
1115
1233
2343
1641
1318
1627
1846
1415
1518
1693
1222
1371
2059
1143
1444
2456
1218
1298
2144
1325
1193
1209
2168
1791
1207
1513
1665
1219
1637
1891
1274
1139
2364
1113
1068
2668
1199
1212
2436
1205
1177
1372
2165
1745
1207
1731
1669
1215
1680
1820
1174
1430
1591
1347
1575
1964
1231
1531
1893
1180
1591
1114
2014
1754
1203
1624
1897
1144
1653
1922
1167
1400
2064
1118
1253
2781
1238
1204
2331
1185
1130
1612
2020
1625
1434
1406
1678
1307
1316
1963
1265
1249
2130
1282
1204
2603
1352
1346
2264
1274
1269
1241
2135
1338
1440
1704
1745
1297
1765
1568
1221
1439
2073
1257
1446
1930
1332
1422
1814
1317
1293
1341
1960
1767
1324
1714
1716
1272
1467
1766
1327
1323
1799
1372
1533
2148
1382
1333
2012
1287
1232
2719
1263
1238
1339
1221
1773
1306
1415
1978
1218
1224
2225
1268
1205
2674
1329
1339
2056
1228
1235
1374
2095
1340
1354
1992
1408
1288
2061
1534
1226
1777
1336
1283
1951
1890
1320
1457
1868
1271
1491
1244
1729
2000
1321
1257
2093
1301
1323
1997
1229
1234
2166
1252
1192
2530
1313
1324
2242
1333
1268
1243
1910
1611
1425
1573
2023
1274
1472
1985
1238
1229
1777
1263
1465
2071
1316
1363
2187
1232
1254
1324
2133
1401
1417
1705
1514
1416
1679
1519
1341
1392
1519
1727
1605
1604
1399
1478
1877
1412
1326
1241
1835
1849
1356
1596
1761
1251
1785
1765
1213
1227
2060
1283
1512
2259
1368
1290
1993
1467
1350
1313
1846
1233
1250
1863
1688
1455
1480
1539
1775
1244
1532
1623
1381
1931
1622
1343
1847
1382
1235
1452
1839
1677
1328
1602
1913
1346
1646
1572
1304
1542
1695
1512
1490
1618
1422
1621
1788
1228
1250
2665
1248
1364
1673
1572
1514
1560
1364
1488
1526
1552
1775
1365
1522
1675
1730
1635
1428
2203
1799
1345
1378
2062
1596
1232
1815
3337
2083
1354
1227
1242
1225
1916
1523
2301
1750
1327
1715
1264
1215
1357
1975
2739
1740
1228
1687
1258
1319
2004
1272
2899
2274
1347
1211
1451
1462
1778
1364
3373
2239
1315
1908
1248
1225
2045
1346
2160
1656
1328
1869
1241
1366
1869
1358
2502
1658
1318
1745
1275
1236
1352
1818
3085
2076
1193
1610
1284
1325
2127
1238
1428
1977
1288
1356
2238
1400
1324
1933
2574
1737
1320
1611
1419
1229
1942
1523
2718
1806
1300
1694
1221
1246
1853
1382
1990
1619
1337
1716
1390
1242
1245
2044
2498
1638
1175
1766
1519
1325
1840
1385
1438
1886
1351
1200
2441
1357
1258
2112
2359
1718
1346
1441
1258
1213
2016
1369
2247
1615
1283
1681
1288
1219
1978
1364
2251
1621
1324
1816
1268
1252
2705
1313
2047
1867
1286
1501
1601
1593
1649
1368
1525
2068
1511
1481
1783
1431
1361
1714
1389
1253
1234
2134
1459
1418
1659
1401
1412
1953
1447
1266
1430
1793
1248
1698
2090
1349
1438
1934
1248
1347
1235
1977
1648
1413
1426
1848
1321
1396
1902
1371
1233
2142
1246
1185
2604
1354
1314
2049
1378
1231
1251
2117
1478
1425
1551
1633
1431
1780
1560
1369
1237
1779
1357
1367
1997
1361
1365
2030
1235
1248
1362
2115
1699
1337
1560
1777
1263
1737
1708
1237
1468
1632
1306
1681
1993
1339
1317
2076
1228
1237
1487
2000
1693
1344
1355
1754
1259
1505
2082
1256
1234
1959
1952
1203
2032
1772
1353
1788
1358
1259
1233
1987
1502
1321
1673
1688
1275
1734
1725
1235
1365
2089
1253
1354
2440
1331
1324
2051
1319
1230
1229
2022
1535
1318
1727
1680
1248
1803
1437
1248
1454
1843
1278
1524
2078
1320
1390
2045
1248
1312
2777
1536
1280
1427
1225
1339
1288
1300
2012
1330
1249
2080
1315
1203
2464
1344
1304
2098
1258
1233
1315
2145
1376
1357
1907
1567
1305
1816
1745
1236
1492
1669
1331
1700
1939
1318
1395
2067
1229
1250
1443
2009
1590
1430
1717
1764
1282
1490
1774
1238
1230
2118
1280
1188
2700
1348
1343
1894
1232
1255
1475
1969
1623
1359
1324
1725
1427
1494
1930
1292
1249
1911
1257
1357
2195
1370
1332
1992
1242
1258
1618
1876
1560
1414
1729
1370
1281
1780
1393
1367
1475
1760
1373
1447
2163
1343
1334
2106
1259
1243
1267
2283
1385
1440
1728
1535
1281
1877
1458
1263
1520
1799
1274
1540
2213
1354
1330
2014
1547
1235
1248
1803
1683
1327
1551
1688
1428
1639
1863
1219
1247
1972
1373
1297
2323
1338
1332
2163
1238
1232
1517
2051
1566
1358
1608
1557
1282
1915
1425
1244
1523
1652
1298
1628
2197
1333
1322
2133
1400
1264
2664
1269
1544
1661
1317
1524
1290
1353
1599
1533
1237
1663
1288
1217
2422
1357
1386
1899
1501
1223
1268
2091
1423
1411
1707
1421
1297
1988
1426
1379
1392
1802
1392
1410
2291
1350
1352
2054
1280
1243
1234
2244
1717
1412
1466
1751
1586
1537
1513
1252
1615
1825
1543
1249
2108
1508
1365
1862
1285
1240
1225
2101
1691
1347
1825
1534
1260
1722
1647
1220
1374
1763
1296
1531
2107
1327
1363
2045
1262
1214
1493
1952
1768
1316
1392
1760
1434
1393
1888
1257
1249
2135
1267
1201
2660
1467
1361
1853
1259
1245
1612
1945
1573
1387
1554
1392
1259
2134
1252
1219
1693
1866
1254
1492
1994
1329
1437
1794
1390
1447
1253
1729
1952
1206
1421
1994
1192
1535
1938
1266
1163
2103
1255
1270
2446
1217
1204
2329
1165
1267
1253
2166
1495
1218
1787
1748
1158
1824
1567
1127
1558
1754
1244
1275
2433
1211
1244
2319
1162
1141
2928
1148
1120
1219
1762
1661
1180
1858
1750
1118
1434
1889
1270
1645
2160
1197
1204
2182
1253
1161
1257
2301
1699
1206
1710
1522
1279
2121
1452
1101
1701
1694
1130
1695
2207
1237
1373
2312
1121
1110
1340
2121
1673
1430
1535
1696
1568
1323
1723
1516
1236
1891
1256
1215
2514
1326
1321
2215
1260
1220
1262
2040
1938
1380
1441
1470
1536
1694
1584
1393
1230
1716
1392
1373
2236
1326
1310
2156
1232
1216
1512
1893
1827
1333
1487
1731
1271
1648
1619
1384
1356
1881
1233
1376
2406
1316
1323
2071
1281
1224
1530
1990
1520
1329
1671
1599
1360
1615
1838
1248
1226
2088
1251
1506
2302
1325
1333
2080
1230
1245
1555
1966
1619
1339
1593
1522
1547
1788
1288
1200
1823
1719
1236
1530
2011
1307
1483
1858
1367
1358
1254
1859
1736
1347
1669
1880
1251
1524
1556
1207
1522
1769
1560
1160
2274
1339
1353
2058
1288
1242
2684
1240
1226
1397
1600
1782
1320
1488
1517
1573
1561
1692
1572
1258
1832
1401
1363
1924
1380
1223
1234
2146
1532
1361
1747
1551
1282
1876
1574
1237
1468
1731
1259
1806
2016
1314
1352
1951
1366
1232
1240
2038
1763
1319
1519
1660
1311
1665
1847
1242
1356
1923
1249
1368
2296
1323
1308
2069
1221
1234
1378
1978
1574
1323
1771
1548
1445
1588
1814
1256
1244
1878
1258
1190
2518
1346
1336
2118
1266
1221
1387
1962
1734
1340
1538
1579
1419
1793
1533
1374
1373
1699
1444
1368
2076
1323
1572
1948
1259
1227
1239
1933
1540
1334
1753
1829
1270
1722
1469
1237
1613
1768
1313
1454
3068
1349
1343
2117
1245
1228
1625
1710
1843
1362
1382
1721
1276
1710
1691
1225
1402
2068
1282
1199
2479
1320
1309
2133
1314
1233
1456
1934
1408
1411
1768
1673
1300
1700
1580
1247
1545
1846
1251
1392
1992
1357
1331
1920
1509
1243
2666
1304
1206
1378
1519
1611
1577
1352
1797
1529
1521
1948
1537
1477
1555
1659
1620
1396
1581
1560
1534
1547
1541
1666
1530
1515
1338
1347
1505
1536
1282
1742
1572
1470
2012
1452
1390
1862
1370
1256
1236
2037
1654
1412
1465
1569
1285
1817
1445
1247
1571
1824
1232
1507
1860
1547
1594
1639
1413
1373
1221
1655
1931
1346
1331
1922
1293
1445
1996
1224
1239
2161
1245
1204
2491
1355
1321
2023
1389
1255
1217
2228
1549
1429
1483
1647
1272
1667
1965
1234
1217
1977
1241
1195
2588
1345
1310
2208
1280
1249
1233
2046
1491
1402
1780
1536
1424
1675
1779
1239
1376
1793
1307
1372
2136
1336
1351
2082
1234
1371
1277
1928
1601
1327
1608
1696
1253
1786
1624
1314
1390
1930
1282
1368
2455
1464
1327
1885
1323
1241
1243
2077
1635
1464
1431
1865
1329
1508
1663
1225
1371
1886
1410
1387
2234
1331
1350
2106
1278
1240
3102
1285
1227
1378
1229
1467
1327
1988
1609
1561
1529
1450
1536
1471
1562
1676
1431
1459
1553
1294
1513
1773
1516
1699
1303
1803
1555
1606
1560
1285
1547
1675
1552
1473
1644
1443
1381
1832
1221
1225
1248
2136
1579
1339
1586
1811
1274
1509
1802
1365
1256
2101
1259
1189
2508
1338
1365
2186
1218
1248
1521
1805
1628
1339
1621
1392
1174
2166
1211
1402
1607
1623
1462
1573
1723
1253
1995
1521
1140
1572
1144
1780
2298
1224
1355
2022
1169
1420
2087
1262
1114
2382
1245
1420
2355
1323
1549
1940
1262
1137
1516
2048
1609
1463
1515
1743
1332
1404
1886
1230
1400
1802
1268
1458
2339
1376
1360
2023
1244
1238
1611
2148
1528
1419
1361
1516
1334
2070
1591
1235
1239
1888
1249
1526
2219
1340
1382
1905
1375
1246
1245
2093
1403
1329
1868
1511
1272
1942
1473
1377
1404
1673
1237
2893
1168
1324
3323
1239
1246
3438
2718
1240
2236
1340
1172
3338
1265
1308
1719
1605
1218
1356
1826
1211
1132
2280
1771
1255
1641
1496
1244
1884
1713
1317
1690
1556
1272
1976
1563
1221
1551
1529
1239
1822
1863
1332
1624
1732
1228
1566
1252
1530
2387
1427
1283
1807
1417
1316
2089
1383
1242
1819
1437
1229
2341
1345
1329
2880
1227
1211
1588
2649
1268
1346
1858
1252
1271
2198
1288
1216
1558
1341
1591
1588
1130
1964
1532
1272
1832
1455
1299
1881
1803
1327
1385
2036
1284
1399
2036
1255
1224
2000
1285
1366
2212
1347
1366
1891
1238
1231
1458
1533
2095
1431
1242
2105
1292
1312
2033
1660
1227
1776
1531
1197
2462
1796
1336
1517
1830
1230
1230
1728
1219
1396
2067
1410
1295
1873
1518
1263
1446
1986
1286
1425
2277
1343
1346
2426
1265
1251
1225
1921
1504
1436
1642
1701
1316
1720
1556
1209
1586
1764
1256
1391
2227
1372
1341
2082
1409
1241
2687
1287
1243
1678
1511
1386
1623
1652
1727
1510
1292
1690
1547
1474
1816
1500
1598
1824
1511
1518
1272
1278
1238
1434
1862
1599
1294
1668
1438
1215
1520
1916
1401
1250
2515
1358
1335
1871
1408
1219
1214
2080
1430
1431
1569
1653
1322
1834
1488
1253
1569
1480
1393
1766
1846
1347
1487
1775
1371
1417
1220
1850
1956
1334
1494
1682
1276
1517
1862
1225
1509
1978
1263
1187
2384
1335
1344
2080
1265
1237
1246
2116
1572
1322
1635
2010
1268
1311
1967
1400
1267
1898
1399
1186
2374
1344
1326
2097
1383
1240
1237
2153
1518
1315
1770
1431
1257
2013
1290
1248
2604
1343
1240
3631
1162
1340
4187
1255
1230
2163
1242
1604
1989
1288
1450
1771
1266
1480
1760
1606
1252
2064
1258
1171
2461
1360
1269
2091
1189
1539
1230
1877
1551
1292
1661
1913
1294
1513
1888
1218
1201
1890
1542
1383
2200
1328
1370
2019
1228
1243
2960
1261
1201
1328
1501
1513
1261
1685
1619
1392
1412
1759
1237
1564
2094
1525
1326
2064
1237
1243
1203
2009
1813
1311
1475
1598
1276
1819
1583
1366
1381
1840
1243
1555
2302
1353
1300
2024
1254
1222
1524
1804
1761
1305
1432
1813
1550
1514
1790
1232
1229
2082
1290
1191
2481
1337
1310
2137
1297
1243
1431
1969
1637
1360
1498
1704
1295
1728
1522
1232
1770
1414
1535
1533
1851
1350
1506
1696
1575
1563
1206
1537
1710
1335
1423
2013
1343
1512
1993
1242
1234
2006
1249
1204
2466
1346
1335
2134
1236
1262
1227
2229
1521
1416
1642
1677
1273
1795
1578
1274
1226
2147
1261
1203
2409
1324
1334
2195
1255
1224
1444
2115
1429
1435
1624
1405
1474
1815
1436
1384
1529
1693
1653
1590
1794
1447
1354
1730
1382
1432
1268
1806
1743
1349
1546
2024
1273
1566
1643
1228
1334
1791
1280
1387
2332
1358
1351
1953
1369
1229
2681
1233
1232
1329
1281
1815
1283
1371
1959
1346
1218
2002
1339
1201
2494
1337
1324
2131
1335
1232
1232
2203
1528
1318
1995
1526
1271
1978
1270
1241
1443
1843
1243
1616
1989
1358
1353
1972
1554
1241
1219
1872
1915
1320
1176
1997
1570
1309
1831
1228
1257
2112
1268
1161
2493
1342
1366
2090
1222
1259
1377
2024
1583
1320
1583
1673
1303
1690
1825
1220
1250
2209
1269
1166
2477
1323
1319
2113
1546
1214
1259
2031
1473
1327
1727
1493
1407
1829
1463
1381
1425
1473
1655
1391
2044
1328
1635
1939
1243
1526
1213
1806
1721
1326
1743
1666
1288
1735
1699
1245
1552
1578
1275
1660
2190
1349
1358
2062
1274
1229
1447
1999
1540
1434
1638
1784
1286
1520
1801
1244
1229
1994
1259
1188
2819
1339
1314
1962
1204
1298
1233
2126
1582
1328
1713
1680
1284
1900
1583
1231
1536
1590
1259
1580
2060
1341
1464
1831
1378
1228
2694
1240
1220
1338
1499
1788
1254
1521
1966
1248
1235
1941
1304
1175
2479
1359
1311
2096
1242
1224
1262
2305
1546
1340
1746
1414
1246
2027
1598
1219
1415
1908
1243
1392
2535
1333
1345
1969
1239
1226
1488
2109
1405
1357
1827
1479
1297
2009
1448
1236
1443
1659
1279
1782
2043
1321
1348
2211
1247
1220
1210
2070
1707
1315
1711
1724
1249
1549
1849
1231
1259
1921
1249
1573
2105
1331
1328
2236
1221
1235
1220
2011
1606
1323
1481
1997
1553
1292
1743
1218
1223
2261
1267
1186
2546
1344
1352
2052
1240
1230
1385
2101
1404
1338
2026
1430
1275
1943
1563
1226
1444
2125
1265
1521
1901
1372
1340
1856
1537
1247
1267
1832
1718
1356
1542
1719
1261
1674
1930
1229
1249
1955
1409
1194
2331
1379
1343
2140
1228
1230
1245
2263
1551
1356
1612
1738
1253
1744
1446
1386
1389
1710
1385
1406
2272
1327
1338
2102
1241
1220
2845
1255
1228
1331
1490
1623
1280
1725
1508
1220
1557
1796
1541
1392
1873
1323
1622
1912
1250
1248
1214
2032
1573
1314
1791
1661
1546
1740
1621
1234
1515
1855
1234
1523
2077
1308
1306
2272
1237
1224
1216
1859
1650
1312
1744
1808
1251
1516
1674
1525
1203
2046
1269
1176
2412
1321
1320
2167
1414
1212
1227
2123
1383
1334
1754
1575
1399
1840
1434
1211
1588
1641
1382
1466
2155
1330
1489
2050
1230
1228
1254
1946
1856
1335
1335
1902
1267
1725
1662
1501
1260
1742
1553
1472
1984
1446
1402
1881
1411
1228
1370
2017
1406
1372
1852
1780
1279
1554
1872
2095
1264
1369
1842
1400
1626
1982
1364
1403
1555
1224
1211
2159
1530
1327
1689
1561
1405
1942
1598
1252
1392
1735
1289
1505
2278
1327
1365
2197
1210
1252
1233
2196
1803
1337
1508
1723
1267
1928
1572
1245
1527
1690
1288
1402
2027
1348
1448
1917
1254
1597
2687
1134
1115
1199
1884
1442
1300
1550
1869
1521
1234
1774
1282
1216
2483
1356
1324
2119
1562
1214
1255
2086
1374
1353
1768
1550
1242
1989
1279
1383
1568
1401
1387
1770
2016
1332
1461
1928
1239
1551
1230
1793
1914
1330
1471
1931
1273
1411
1872
1221
1510
1855
1269
1572
2268
1378
1302
1944
1450
1233
1649
1673
1886
1685
1476
1513
1385
1600
1585
1266
1252
1748
1255
1264
2404
1368
1351
2152
1388
1264
1242
1953
1431
1402
1685
1543
1408
1773
1622
1393
1419
2004
1249
1376
2117
1326
1330
1958
1389
1248
1244
2064
1595
1346
1686
1827
1268
1656
1627
1229
1431
1847
1383
1643
2045
1328
1373
1902
1253
1395
1237
1907
1759
1358
1455
1836
1273
1531
1748
1262
1253
2210
1236
1225
2676
1474
1352
1839
1233
1214
1564
1942
1522
1339
1828
1674
1332
2007
1605
1519
1529
1734
1532
1276
1455
1766
1448
1811
1544
1521
2957
1310
1566
1734
1468
1310
1610
1684
1356
1534
1581
1708
1534
1263
1441
1705
1397
1281
1244
1243
1235
1466
1892
1651
1280
1575
1597
1657
1590
1285
1243
1741
1271
1535
2374
1446
1357
1961
1239
1231
1234
2040
1566
1368
1695
1404
1421
1897
1288
1391
1492
1798
1378
1560
1906
1347
1483
1748
1225
1469
1227
2050
1785
1371
1386
1887
1274
1761
1617
1250
1225
2196
1267
1201
2510
1341
1336
2058
1234
1234
1371
1918
1833
1351
1345
1882
1260
1505
2006
1509
1210
1705
1528
1174
2338
1365
1331
2073
1264
1235
1361
1982
1419
1331
2026
1388
1278
2067
1415
1261
1604
1674
1234
1636
1921
1313
2697
1265
1237
3464
1299
1228
4066
1422
1262
2554
1487
1311
1842
1399
1242
2169
1560
1481
1818
1425
1390
2081
1271
1262
1235
2244
1663
1411
1371
1797
1430
1407
1668
1416
1229
1869
1259
1215
2493
1371
1318
2227
1248
1239
2705
1552
1544
1702
1314
1542
1582
1378
1576
1300
1231
1422
1404
1478
1924
1406
1386
1813
1382
1248
1264
2091
1415
1354
1929
1382
1285
2005
1459
1226
1676
1860
1236
1418
2299
1318
1349
1974
1277
1240
1249
1977
1902
1348
1486
1958
1276
1420
2017
1238
1241
1834
1241
1404
2502
1340
1320
2132
1257
1216
1218
2064
1541
1398
1937
1404
1259
1854
1514
1258
1429
2042
1246
1472
2386
1337
1347
1830
1453
1237
1239
1942
1549
1314
1680
1765
1249
1717
1591
1250
1473
2076
1257
1368
2258
1312
1366
2190
1225
1219
1261
2103
1560
1376
1699
1749
1297
1382
1872
1378
1225
1895
1250
1206
2676
1354
1307
2068
1399
1134
1277
2170
1653
1411
1620
1442
1427
1871
1431
1383
1273
1665
1406
1515
1793
1414
1587
2079
1275
1268
1243
1671
1785
1415
1382
1976
1319
1430
1747
1257
1239
1986
1279
1516
2201
1354
1354
2056
1267
1222
2837
1261
1221
1331
1326
1660
1287
1753
1845
1231
1231
1947
1257
1223
2468
1328
1300
2091
1209
1256
1373
2241
1448
1336
1818
1540
1575
1591
1561
1209
1569
1819
1284
1400
2393
1332
1301
2005
1385
1242
1237
1994
1645
1328
1586
1614
1303
1789
1632
1214
1387
1994
1249
1393
2354
1344
1330
2073
1217
1231
1403
1831
1707
1319
1553
1713
1255
1788
1624
1234
1403
1956
1401
1198
2353
1314
1329
2102
1225
1221
1538
1916
1695
1334
1499
1854
1316
1562
1705
1215
1411
1830
1434
1399
1994
1389
1319
2055
1395
1249
1222
2065
1683
1347
1552
1917
1274
1552
2203
1243
1237
1949
1261
1165
2627
1312
1317
2123
1377
1244
1236
2056
1718
1312
1498
1764
1289
1568
1904
1279
1242
2007
1292
1225
2497
1335
1362
2198
1234
1237
1373
1950
1549
1421
1516
1649
1605
1538
1554
1332
1397
1696
1573
1515
2093
1352
1312
1964
1418
1253
2688
1257
1249
1332
1328
1560
1291
1917
1467
1521
1214
1795
1294
1389
2296
1345
1332
2076
1228
1215
1386
1966
1752
1353
1568
1782
1291
1664
1737
1218
1551
2050
1530
1537
1903
1463
1373
1757
1285
1264
1239
2129
1533
1408
1727
1527
1274
1899
1304
1236
1498
1682
1248
1667
1899
1341
1646
1778
1523
1213
1244
1714
1951
1346
1353
1998
1265
1409
1929
1257
1238
2132
1267
1224
2416
1318
1297
2096
1231
1248
1395
2025
1648
1418
1550
1626
1303
1390
1915
1417
1247
1976
1272
1197
2603
1364
1327
2079
1256
1236
1408
2102
1559
1462
1536
1552
1272
1986
1299
1221
1663
1472
1542
1551
1945
1338
1644
1830
1259
1504
1249
1752
1699
1339
1523
1833
1283
1633
1885
1254
1269
1936
1252
1557
2179
1335
1449
2064
1264
1253
1629
1799
1558
1434
1551
1936
1316
1532
1489
1283
1232
1959
1277
1551
2231
1363
1338
2225
1264
1242
2832
1244
1540
1678
1280
1530
1595
1597
1551
1282
1246
1431
1267
1467
1764
1470
1376
1820
1540
1515
1269
1539
1739
1426
1377
1785
1306
1835
1712
1215
1243
1879
1273
1425
2344
1342
1326
2033
1228
1221
1595
1725
1714
1351
1462
1935
1290
1404
1859
1417
1226
1975
1262
1183
2503
1331
1328
2204
1261
1228
1380
2012
1532
1314
1804
1522
1301
1819
1638
1252
1591
1825
1244
1529
2140
1337
1366
1901
1390
1266
1229
1988
1575
1318
1649
1761
1437
1547
1710
1412
1216
2032
1295
1183
2555
1384
1318
2034
1215
1209
1413
1913
1600
1397
1518
1778
1255
1523
1885
1345
1272
1884
1271
1063
2762
1230
1223
2379
1308
1153
1401
2376
1443
1432
1639
1466
1302
1757
1573
1217
1517
1660
1249
1690
1952
1339
1517
1877
1272
1331
1257
2033
1760
1353
1442
2036
1330
1336
1841
1220
1336
1940
1263
1200
2548
1360
1354
2029
1283
1225
2867
1547
1760
1449
1504
1533
1590
1624
1324
1240
1243
1428
1296
1203
2337
1375
1355
1995
1244
1253
1437
2220
1363
1419
1708
1505
1300
1893
1391
1259
1514
2117
1289
1324
2237
1330
1387
1887
1357
1228
1585
1902
1565
1417
1506
1748
1297
1610
1776
1344
1238
1899
1264
1529
2149
1354
1316
2155
1224
1225
1411
1894
1770
1414
1352
1635
1452
1556
1869
1234
1238
1797
1394
1408
2187
1353
1389
2003
1407
1230
1248
2018
1545
1447
1678
1587
1280
1780
1753
1243
1533
1625
1251
1437
1995
1332
1602
1824
1535
1218
1233
1882
1684
1349
1632
1833
1268
1618
1892
1258
1240
1861
1243
1411
2648
1355
1335
1896
1230
1277
1396
2018
1440
1424
1574
1558
1434
1450
1530
1451
1235
1841
1471
1248
1903
1567
1345
1677
1585
1390
1254
2010
1594
1334
1721
1395
1585
1902
1307
1236
1531
1526
1530
1452
2049
1353
1354
2118
1275
1210
2673
1242
1562
1451
1465
1718
1559
1592
1349
1528
1528
1448
1280
1214
2325
1362
1352
1906
1215
1250
1550
2022
1529
1342
1896
1638
1307
1797
1521
1226
1507
1718
1247
1506
2471
1361
1334
2163
1381
1230
1237
1911
1566
1387
1666
1769
1273
1746
1619
1239
1532
1644
1255
1563
1747
1350
1750
1616
1527
1532
1237
1547
1900
1331
1420
1928
1268
1382
2058
1382
1262
1845
1243
1207
2491
1370
1389
1997
1239
1231
1270
2192
1540
1321
1759
1770
1253
1674
1552
1403
1255
2026
1391
1174
2588
1382
1355
2048
1252
1237
1389
2189
1406
1434
1790
1276
1308
2880
1294
1248
1419
1771
1378
1428
2023
1397
1641
1757
1235
1517
1251
1584
2180
1434
1238
1679
1325
1488
1877
1257
1395
1849
1316
1199
2561
1364
1338
2116
1823
1329
1307
1719
1399
1233
1831
1717
1429
1547
1503
1374
1226
1867
1487
1187
2029
1373
1329
2132
1399
1258
2708
1305
1520
1677
1300
1604
1574
1606
1321
1549
1289
1443
1263
1210
1968
1403
1333
1876
1254
1551
1233
1910
1770
1330
1518
1641
1254
1965
1576
1243
1686
1896
1517
1329
2162
1469
1354
1738
1247
1243
1235
1886
1823
1360
1524
1703
1256
1754
1602
1241
1409
2207
1275
1205
2367
1363
1335
2099
1274
1239
1442
1887
1566
1371
1681
1701
1268
1877
1488
1227
1458
1546
1399
1664
1999
1357
1498
1891
1226
1270
1546
1979
1524
1337
1714
1751
1267
1746
1804
1388
1535
1863
1235
1528
1939
1359
1329
2019
1218
1269
1248
2145
1460
1321
1853
1579
1270
1835
1650
1218
1256
2117
1309
1219
2402
1328
1329
2070
1517
1236
1247
1938
1476
1414
1649
1527
1311
2008
1570
1241
1252
2153
1532
1523
1844
1479
1643
1925
1587
1599
1284
1297
1543
1449
1489
1693
1578
1624
1339
1557
1286
1449
1279
1882
1694
1443
1352
2041
1309
1246
2699
1528
1516
1470
1242
1224
1323
1357
1692
1251
1251
1926
1266
1196
2660
1347
1380
2208
1220
1266
1221
1955
1474
1341
1836
1433
1449
1857
1276
1224
1599
1980
1308
1419
2367
1338
1341
1935
1407
1269
1239
2265
1436
1427
1749
1490
1309
1729
1468
1415
1410
1908
1311
1408
2251
1371
1374
2022
1326
1222
1248
2364
1720
1353
1356
1753
1276
1892
1660
1224
1263
2032
1544
1210
2199
1358
1312
2055
1220
1233
1400
2135
1800
1363
1444
1810
1450
1595
1527
1272
1558
1679
1812
1267
1905
1472
1369
1858
1265
1247
1222
2176
1684
1383
1749
1578
1282
1676
1565
1218
1400
1942
1250
1391
2422
1345
1329
2183
1217
1226
1228
2153
1701
1347
1363
1784
1258
1666
1919
1277
1236
1978
1237
1232
2830
1315
1416
2049
1239
1255
1255
2018
1422
1414
1625
1558
1470
1730
1528
1256
1436
1837
1267
1412
2195
1362
1357
1919
1565
1213
2707
1245
1218
1333
1191
1772
1600
1588
1626
1220
1268
1974
1541
1201
2107
1374
1330
2052
1279
1249
1230
2073
1753
1372
1512
1592
1293
1532
1750
1216
1566
2052
1243
1213
2488
1357
1352
2048
1278
1248
1396
2039
1391
1353
1788
1527
1303
1903
1467
1252
1525
1771
1459
1538
2019
1392
1375
1903
1406
1275
1250
2241
1583
1406
1528
1564
1305
1823
1652
1270
1401
1737
1292
1491
2272
1357
1313
2113
1234
1222
1231
2228
1485
1332
1732
1639
1594
1603
1605
1219
1231
2206
1311
1216
2227
1417
1363
1916
1238
1227
1413
2199
1585
1468
1631
1451
1254
1930
1305
1230
1606
1853
1397
1414
2411
1465
1363
1764
1564
1256
1260
2014
1814
1660
1499
1293
1565
1622
1321
1552
1556
1810
1502
1246
2040
1443
1340
2069
1272
1242
1265
1869
1708
1360
1196
2162
1286
1307
1766
1528
1226
1737
1578
1205
2298
1344
1327
2105
1247
1228
3073
1271
1239
1732
1442
1524
1352
1605
1594
1266
1253
1415
1250
1444
1887
1373
1649
1853
1523
1252
1234
1779
2049
1345
1340
1583
1267
1786
1661
1210
1436
2023
1305
1532
2069
1381
1348
2063
1250
1407
1259
2082
1488
1416
1497
1597
1284
1789
1653
1539
1222
1929
1249
1209
2389
1372
1329
2125
1211
1212
1595
1997
1634
1371
1577
1468
1298
2022
1460
1228
1447
1697
1244
1668
1983
1355
1501
1709
1442
1393
1257
1707
1867
1373
1417
2082
1284
1400
1815
1232
1249
2146
1264
1168
2555
1344
1296
2225
1248
1253
1203
2073
1573
1335
1704
1597
1259
1954
1653
2394
1234
1331
1828
1546
1317
2036
1332
1255
1943
1431
1208
2004
1720
1312
1531
1749
1268
1774
1608
1219
1563
1558
1594
1509
1760
1334
1625
1998
1245
1546
1242
1860
1499
1421
1663
1828
1320
1466
1936
1539
1270
1443
1258
1532
2279
1475
1375
1761
1269
1257
2699
1295
1552
1667
1501
1299
1569
1635
1582
1284
1261
1602
1459
1208
2443
1457
1375
1846
1260
1249
1237
2455
1575
1453
1552
1450
1287
1999
1320
1244
1850
1483
1530
1513
1829
1464
1391
1760
1248
1556
1238
1776
1863
1442
1409
2035
1321
1326
1747
1225
1263
2163
1284
1217
2452
1350
1333
2178
1228
1254
1527
1840
1588
1339
1661
1556
1279
1907
1595
1227
1235
2097
1249
1530
2085
1342
1328
2150
1253
1228
1407
2108
1385
1365
1681
1850
1293
1607
1688
1225
1400
1815
1566
1524
1868
1331
1306
2001
1274
1232
1284
1957
1582
1408
1679
1608
1292
1835
1490
1244
1549
1791
1343
1569
2127
1374
1371
2061
1264
1213
1251
1969
1802
1381
1482
1830
1250
1421
1794
1418
1253
2012
1236
1199
2577
1353
1366
2098
1257
1331
1334
1992
1578
1423
1638
1778
1394
1423
1687
1267
1411
1574
1449
1610
1775
1354
1873
1648
1522
1326
2943
1298
1589
1743
1285
1256
1305
1311
1685
1277
1559
1670
1317
1503
1979
1480
1346
1772
1234
1232
1237
2007
1623
1363
1525
1777
1293
1680
1718
1391
1270
1898
1252
1219
2594
1344
1343
2117
1440
1246
1234
2075
1542
1422
1579
1609
1292
1770
1313
1226
1774
1628
1555
1452
1812
1391
1700
1709
1266
1390
1258
1767
1922
1340
1369
1928
1295
1424
1923
1398
1245
1985
1265
1194
2484
1389
1334
1988
1288
1253
1245
2076
1577
1459
1415
1789
1294
1542
1958
1252
1230
1957
1263
1213
2519
1334
1332
2069
1255
1232
1542
1956
1672
1358
1640
1424
1282
2002
1259
1219
1659
1873
1263
1562
2057
1322
1489
1868
1240
1399
1274
1658
2083
1347
1249
1955
1275
1556
1884
1247
1263
2029
1273
1197
2501
1322
1380
2038
1244
1224
1280
2010
1806
1330
1556
1710
1256
1606
3018
1260
1252
3414
1268
1179
3342
1309
1379
3020
1282
1214
3082
1267
1233
1374
1217
1595
1621
1835
1594
1529
1539
1705
1519
1283
1432
1667
1613
1314
1234
1839
1247
1239
2487
1431
1215
2060
1289
1319
2057
1238
1252
2414
1261
1209
2997
1318
1344
2119
1294
1217
1539
1253
1255
1651
1235
1526
2055
1371
1294
1805
1250
1424
2291
1577
1209
1848
1376
1306
1833
1711
1232
1966
2078
1340
1212
2077
1308
1327
2061
1338
1233
1902
1288
1222
2378
1321
1349
2650
1230
1259
1266
1247
2357
1432
1216
2377
1449
1329
1897
1962
1258
1466
1881
1190
1799
1570
1316
1877
1557
1225
1237
1985
1236
1341
2050
1230
1259
2149
1290
1220
1651
1326
1434
1683
1174
1770
1650
1278
1728
1414
1223
1981
1706
1343
1643
1674
1263
1897
1463
1233
1574
1464
1611
1564
1846
1453
1353
1800
1414
1414
1235
1737
1985
1343
1475
2162
1341
1310
1625
1239
1225
2028
1253
1542
2314
1358
1294
1930
1441
1274
2660
1293
1528
1692
1499
1300
1587
1597
1552
1286
1271
1808
1545
1471
1831
1455
1388
1717
1529
1240
1243
1890
1428
1376
1870
1594
1272
1907
1262
1219
1702
1576
1262
1887
1868
1367
1517
1799
1397
1440
1249
1826
1952
1317
1350
1733
1274
1770
1863
1214
1236
1886
1267
1232
2657
1332
1330
2222
1230
1236
1214
2000
1745
1368
1465
1546
1279
1809
1619
1221
1406
2016
1292
1177
2581
1355
1343
1992
1240
1218
1552
1853
1567
1323
1687
1783
1268
1651
1724
1233
1387
1788
1426
1480
2236
1327
1329
1939
1402
1245
1243
2353
1573
1428
1576
1937
1312
1548
2063
1227
1262
2107
1260
1219
2489
1344
1341
2138
1214
1251
1240
1937
1616
1317
1725
1693
1574
1429
1718
1260
1241
1983
1243
1189
2652
1354
1299
2280
1253
1256
1462
2045
1376
1429
1745
1503
1290
1786
1621
1237
1450
1585
1427
1634
1911
1339
1490
1912
1249
1520
2700
1243
1224
1354
1482
1462
1578
1600
1630
1560
1553
1699
1273
1265
2137
1368
1350
1959
1227
1245
1546
2049
1589
1351
1509
1612
1261
1755
1719
1247
1401
2151
1255
1223
2463
1323
1376
2111
1264
1218
1420
2108
1497
1361
1667
1674
1304
1728
1483
1220
1431
1747
1427
1623
1777
1347
1617
1750
1555
1244
1215
1831
2041
1316
1343
1950
1254
1641
1855
1244
1222
1963
1261
1184
2518
1311
1364
2101
1220
1266
1252
1937
1600
1427
1560
1740
1473
1347
1817
1526
1215
1885
1530
1202
2034
1348
1295
1925
1402
1226
1256
2135
1431
1330
1786
1808
1268
1923
1584
1237
1584
1405
1424
1427
2221
1363
1381
1918
1264
1256
1257
2108
1735
1352
1644
1838
1278
1509
1745
1247
1412
1768
1243
1446
2365
1326
1375
2141
1436
1238
1223
1950
1837
1326
1574
1943
1284
1341
1696
1268
1244
2004
1282
1201
2640
1339
1364
1882
1431
1236
2627
1286
1232
1318
1364
1418
1422
1845
1436
1401
1355
1779
1410
1475
1843
1400
1589
1748
1422
1417
1232
1898
1875
1342
1330
1892
1259
1578
1937
1263
1225
2121
1253
1182
2548
1351
1336
2072
1283
1235
1254
2066
1660
1360
1359
1830
1264
1674
1673
1271
1245
2161
1242
1176
2668
1373
1350
2122
1267
1275
1377
2024
1673
1364
1465
1904
1290
1588
1826
1241
1406
1584
1393
1409
2040
1337
1314
2079
1240
1278
1539
1984
1429
1447
1840
1645
1298
1543
1714
1235
1523
1753
1564
1420
2233
1333
1375
1778
1479
1244
1256
2107
1408
1331
1758
1559
1429
1586
1815
1249
1409
1988
1290
1197
2504
1316
1324
2080
1562
1252
1244
1987
1444
1315
1668
1506
1410
1859
1604
1257
1431
1790
1400
1506
1903
1386
1448
1801
1345
1462
1262
1715
1970
1872
1195
1516
3015
1393
1284
2067
1158
1267
2184
1650
1448
1429
1529
1174
2347
1220
2635
1153
1449
1554
1545
1533
1585
1422
1592
1557
1547
1528
1309
1094
2023
1343
1254
2111
1254
1241
1272
2043
1702
1267
1680
1625
1292
1947
1405
1218
1486
1684
1453
1569
2081
1213
1566
1990
1312
1102
1366
2080
1796
1248
1638
1829
1179
1656
1793
1128
1423
1831
1161
1549
2264
1250
1233
2441
1121
1118
1789
2088
1553
1408
1460
1665
1335
1599
1752
1221
1385
1967
1243
1440
2462
1366
1360
2068
1275
1273
1241
1939
1567
1366
1660
1616
1440
1822
1448
1255
1419
1775
1446
1440
1656
1404
1791
1650
1421
1397
1259
1980
1792
1443
1387
1840
1312
1418
1899
1237
1240
2084
1297
1244
2446
1352
1362
2020
1271
1094
1337
2057
1646
1225
1664
1731
1345
1638
1634
1101
1121
2387
1243
1086
2631
1215
1248
2371
1122
1119
1546
2101
1669
1222
1659
1822
1154
1767
1360
1101
1732
1497
1280
1785
1684
1272
1715
1812
1327
1460
2542
1553
1555
1687
1463
1560
1340
1594
1348
1281
1260
1919
1279
1214
2459
1372
1383
1932
1247
1275
1223
1982
1590
1224
1741
1576
1182
1831
1672
1439
1111
2128
1149
1449
2495
1213
1224
2295
1189
1287
1308
2078
1622
1200
1741
1499
1318
1930
1537
1283
1486
1709
1120
1711
1863
1232
1766
1779
1125
1540
1124
1977
1957
1237
1239
1970
1140
1599
1932
1093
1507
1986
1161
1088
2679
1406
1248
2064
1464
1109
1134
2182
1557
1228
1853
1692
1314
1632
1704
1285
1148
2227
1266
1060
2767
1183
1181
2238
1294
1155
1646
2122
1415
1440
1657
1392
1626
2564
1288
1246
1613
1973
1244
1540
2032
1390
1338
1718
1398
1391
1241
1845
1831
1361
1520
1770
1599
1434
1598
1276
1254
2254
1331
1206
2446
1372
1347
2054
1238
1231
1257
2056
1561
1362
1734
1800
1284
1432
1640
1388
1243
1804
1416
1200
2333
1352
1314
2124
1251
1246
2714
1269
1235
1333
1576
1432
1280
1851
1473
1269
1584
1808
1273
1435
2009
1337
1487
1837
1395
1262
1236
2101
1561
1425
1573
1842
1304
1640
1682
1258
1391
1762
1298
1674
2125
1343
1335
2070
1273
1237
1418
1897
1778
1353
1388
1732
1327
1436
1906
1224
1237
2268
1280
1181
2511
1321
1340
2173
1246
1230
1624
1982
1391
1378
1636
1390
1453
1793
1512
1249
1737
1813
1314
1390
2079
1356
1380
1916
1235
1455
1523
1756
1553
1436
1391
1674
1310
1730
1594
1400
1419
1778
1541
1254
2199
1364
1362
2000
1252
1251
1249
2138
1525
1341
1768
1590
1259
1869
1621
1210
1573
2153
1364
1505
2136
1485
1419
1757
1300
1272
1715
1670
1575
1448
1738
1480
1300
1723
1597
1385
1424
1737
1276
1869
1771
1427
1361
1690
1400
1433
1264
1684
1825
1382
1463
2051
1364
1446
1783
1278
1262
1752
1329
1387
2223
1334
1301
2130
1604
1374
2738
1252
1229
1555
1199
1524
1556
1476
1313
1646
1255
1519
1424
1397
1880
1441
1394
1889
1388
1245
1240
2130
1430
1349
1844
1380
1302
2082
1291
1228
1581
1812
1284
1446
2174
1378
1434
1839
1289
1220
1237
2299
1534
1363
1546
1771
1267
1574
1865
1254
1228
1903
1274
1418
2254
1323
1356
2087
1243
1237
1517
1943
1609
1324
1451
1651
1456
1540
1870
1250
1217
1961
1257
1206
2559
1334
1343
2140
1261
1244
1620
2013
1501
1453
1402
1657
1516
1412
2085
1563
1528
1680
1578
1480
1635
1641
1614
1730
1510
1549
1530
1255
1264
1446
1582
1483
1308
1881
1575
1222
1574
1881
1252
1482
2264
1235
1219
2276
1146
1458
1133
2175
1737
1421
1232
1818
1309
1521
1758
1236
1251
2148
1266
1235
2525
1343
1308
2090
1269
1233
1540
1942
1447
1392
1731
1608
1308
1803
1290
1539
1515
1473
1230
1706
2025
1352
1316
1888
1414
1260
2687
1264
1536
1699
1543
1516
1361
1319
1682
1265
1225
1721
1295
1518
2282
1444
1367
1923
1248
1268
1229
1838
1584
1394
1531
1858
1269
1413
1772
1397
1241
2057
1292
1204
2592
1326
1337
2031
1444
1258
1243
2059
1415
1450
1648
1403
1291
2012
1272
1215
1725
1509
1547
1468
1913
1338
1640
1885
1259
1391
1252
1744
1892
1346
1358
1887
1263
1566
1928
1228
1402
1808
1234
1382
2327
1353
1353
2057
1247
1258
1249
2143
1595
1327
1804
1757
1295
1531
1820
1228
1225
2050
1417
1184
2491
1320
1344
1931
1415
1292
1245
2150
1423
1428
1694
1401
1458
1821
1335
1238
1656
1920
1264
1531
2116
1366
1384
1934
1273
1241
1231
2101
1576
1427
1497
1710
1298
1421
1865
1251
1295
2114
1269
1212
2512
1368
1324
2081
1243
1242
1270
2189
1561
1440
1512
1738
1279
1797
1317
1241
1512
1523
1437
1522
2000
1354
1516
1904
1266
1277
3042
1523
1530
1450
1224
1545
1598
1602
1369
1261
1233
1431
1257
1602
1903
1426
1330
1791
1542
1230
1237
1707
1795
1366
1464
1836
1276
1661
1705
1259
1556
1944
1282
1387
2273
1358
1362
1980
1250
1228
1241
2092
1554
1416
1527
1920
1279
1352
1848
1400
1231
2042
1280
1222
2464
1337
1390
2101
1254
1227
1550
1939
1576
1420
1495
1592
1293
1939
1612
1217
1268
1574
1518
1419
1884
1569
1370
1970
1319
1293
1259
2027
1598
1443
1396
1867
1304
1559
1889
1236
1238
1998
1256
1392
2305
1331
1349
2077
1250
1256
1237
2180
1573
1439
1500
1603
1272
1534
1984
2120
1275
1362
1828
1404
1511
1724
1480
1506
1798
1266
1247
2054
1453
1361
1810
1566
1417
1737
1656
1225
1484
1813
1270
1338
2387
1312
1312
2019
1344
1272
1335
2067
1426
1430
1780
1719
1280
1713
1591
1240
1430
1567
1268
1725
2012
1369
1479
1900
1248
1393
2667
1538
1285
1416
1210
1398
1640
1601
1502
1454
1543
1664
1583
1233
2042
1450
1362
1798
1566
1378
1307
1918
1236
1233
2137
1223
1600
1929
1341
1403
1238
1851
1406
1385
2005
1531
1367
2022
1228
1266
1560
1968
1412
1438
1786
1619
1327
1725
1602
1247
1228
2050
1228
1545
2184
1337
1369
1983
1421
1251
1231
2165
1577
1417
1443
1551
1426
1610
1840
1266
1256
1866
1300
1216
2552
1357
1345
2009
1256
1218
1418
2255
1467
1403
1688
1552
1277
1798
1495
1408
1387
1819
1255
1610
2076
1346
1322
1851
1379
1424
1228
1874
1817
1341
1494
1813
1282
1809
1450
1380
1256
1936
1267
1574
2203
1354
1308
2035
1258
1257
1499
1736
1691
1372
1537
1836
1266
1596
1888
1216
1227
2079
1238
1186
2550
1332
1354
2053
1226
1282
1630
1913
1589
1434
1575
1541
1309
1899
1443
1258
1377
2082
1310
1408
2458
1364
1425
1768
1441
1282
2693
1275
1535
1702
1527
1522
1343
1306
1291
1273
1227
1929
1269
1555
2101
1356
1327
1956
1239
1246
1232
2335
1446
1425
1684
1680
1272
1541
1697
1416
1241
1905
1240
1233
2603
1340
1374
2109
1553
1211
1264
1765
1581
1374
1658
1411
1265
2052
1438
1205
1618
1707
1277
1660
1969
1338
1340
2107
1250
1538
1212
1857
1741
1369
1617
1667
1261
1673
1553
1246
1504
1818
1251
1530
2188
1334
1333
2096
1225
1249
1522
2020
1614
1359
1492
1698
1315
1591
2013
1247
1208
1908
1247
1179
2506
1321
1342
2037
1385
1236
1247
2258
1448
1415
1675
1382
1456
1750
1591
1244
1434
2099
1310
1255
2137
1356
1368
1870
1577
1274
1273
1926
1677
1443
1446
1570
1277
1576
1796
1242
1260
2010
1267
1211
2486
1341
1354
2070
1273
1270
1542
1866
1651
1450
1232
2001
1573
1621
1328
1545
1533
1760
1325
1244
1897
1355
1384
2051
1297
1221
2851
1246
1228
1373
1409
1693
1372
1630
1702
1524
1528
1444
1565
1491
1747
1419
1384
1841
1400
1272
1451
2126
1419
1424
1688
1548
1319
1854
1633
1268
1388
1794
1250
1562
2239
1362
1313
2238
1248
1227
1232
1958
1591
1412
1565
1668
1269
1539
1814
1512
1247
2004
1284
1184
2570
1338
1327
2091
1226
1242
1390
2068
1571
1365
1849
1259
1268
2000
1259
1211
1647
1749
1266
1648
2062
1329
1340
2045
1249
1323
1246
1959
1913
1336
1458
1893
1254
1375
1915
1249
1375
2146
1254
1217
2479
1361
1365
2176
1297
1223
1263
1877
1758
1422
1711
1533
1300
1737
1483
1222
1465
1884
1239
1794
2075
1358
1350
2062
1222
1261
1540
2076
1521
1443
1760
1531
1297
1897
1583
1228
1387
1817
1285
1413
2350
1347
1347
1922
1246
1244
1510
2038
1582
1423
1242
1960
1295
1355
1758
1232
1254
1995
1293
1201
2520
1336
1328
2029
1428
1574
2974
1340
1558
1671
1337
1590
1580
1650
1632
1269
1267
1703
1328
1225
1389
1394
1618
1697
1595
1536
1287
1832
1546
1669
1512
1297
1562
1686
1597
1524
1548
1711
1527
1519
1467
1472
1369
1602
1291
1566
1513
1425
1756
1422
1540
1897
1302
1536
1570
1233
1237
2160
1287
1234
2533
1378
1352
1954
1399
1239
1225
2337
1424
1431
1679
1526
1289
1720
1578
1251
1230
1940
1261
1237
2450
1345
1316
2048
1578
1255
1219
2030
1683
1439
1537
1402
1575
1422
1732
1541
1228
1714
1425
1420
2187
1390
1341
1974
1283
1245
1227
2020
1578
1345
1672
1696
1290
1860
1825
1261
1243
2462
1281
1188
2538
1320
1333
2152
1517
1225
1219
1749
1810
1334
1504
1745
1270
1816
1781
1267
1253
1932
1256
1192
2529
1357
1295
2099
1221
1212
1539
2009
1489
1384
1686
1679
1251
1799
1428
1217
1857
1557
1253
1569
1627
1511
1659
1764
1301
1390
2682
1537
1561
1460
1458
1520
1338
1608
1334
1238
1212
2068
1243
1222
2690
1369
1344
1840
1221
1260
1422
1886
1583
1339
1653
1692
1417
1741
1748
1255
1215
1946
1242
1207
2584
1317
1355
2081
1390
1240
1233
2144
1779
1409
1375
1667
1324
1753
1806
1311
1538
1923
1331
1472
1867
1450
1377
1791
1241
1248
1234
2191
1473
1423
1578
1671
1321
1667
1593
1237
1414
1904
1277
1384
2365
1356
1358
2053
1247
1236
1262
1989
1898
1346
1462
1754
1260
1719
1726
1561
1236
1776
1555
1213
2243
1344
1317
2085
1283
1246
1513
2032
1420
1358
1689
1730
1309
1784
1566
1226
1537
1655
1257
1571
2128
1352
1348
1890
1396
1222
1237
2026
1672
1317
1560
1769
1327
1762
1841
1254
1239
1888
1295
1396
2284
1343
1323
2054
1220
1252
1248
2124
1667
1313
1604
1802
1300
1741
1606
1244
1383
1828
1269
1541
2167
1470
1357
1889
1570
1242
2694
1292
1236
1354
1492
1286
1621
1789
1574
1521
1251
1438
1520
1246
1946
1710
1614
1559
1604
1559
1284
1273
1665
1527
1495
1597
1281
1438
1850
1257
1523
1848
1245
1264
2490
1377
1373
1955
1250
1229
1558
1902
1573
1362
1721
1780
1309
1388
1892
1240
1254
2125
1263
1187
2511
1333
1356
2050
1274
1252
1619
1921
1565
1413
1556
1589
1298
1679
1651
1271
1407
1762
1290
1468
2193
1369
1468
1726
1558
1232
1213
1881
1663
1350
1515
1756
1276
1705
1639
1537
1222
1854
1558
1200
2231
1356
1344
2028
1237
1247
1243
1972
1786
1372
1589
1616
1419
1396
1835
1404
1246
2041
1244
1197
2642
1368
1386
2236
1234
1229
1207
2016
1553
1340
1723
1626
1312
1792
1625
1245
1389
1872
1411
1429
2052
1347
1334
2020
1291
1259
1256
2038
1704
1431
1554
1932
1319
1532
1614
1239
1226
1880
1266
1556
2101
1363
1333
2082
1250
1271
2693
1572
1569
1705
1512
1523
1388
1323
1277
1238
1230
1912
1526
1576
1757
1460
1318
1808
1553
1410
1345
2082
1271
1255
1993
1253
1575
1893
1310
1403
1242
1755
1463
1225
3306
1403
1268
2362
1248
1129
1213
2223
1519
1344
1478
1753
1302
1668
1641
1261
1450
2001
1306
1426
2295
1238
1225
2327
1133
1216
1252
2238
1571
1310
1537
1631
1312
1768
1554
1271
1281
2006
1261
1371
2373
1226
1250
2222
1240
1223
1451
2091
1565
1243
1765
1682
1203
1842
1612
1227
1619
1511
1421
1665
1901
1224
1485
1915
1232
1338
1124
2159
1735
1238
1614
1876
1241
1640
1972
1130
1275
1805
1302
1332
2195
1225
1382
2167
1118
1310
1391
1996
1684
1276
1386
1959
1274
1401
2001
1211
1200
2242
1144
1084
2806
1198
1224
2383
1123
1129
1460
2255
1772
1312
1634
1467
1171
1930
1400
1329
1580
1528
1480
1568
1754
1278
1638
1704
1324
1529
2539
1134
1452
1231
1233
2246
1158
1283
2130
1304
1117
2492
1290
1207
2392
1369
1348
2033
1241
1247
1241
1998
1701
1346
1663
1717
1272
1808
1608
1265
1406
1799
1254
1464
2347
1207
1241
2298
1275
1131
1800
1861
1583
1433
1617
1554
1283
1636
1703
1236
1415
1831
1295
1584
2103
1342
1350
2092
1250
1287
1256
2221
1692
1429
1493
1538
1445
1592
1592
1266
1413
2023
1265
1393
2116
1346
1351
1982
1397
1239
1253
2018
1580
1411
1666
1506
1277
1563
1873
1566
1251
1722
1573
1220
2175
1385
1354
1995
1245
1240
1402
2201
1426
1341
1869
1424
1313
2079
1475
1544
1525
1532
1708
1205
1885
1571
1342
1910
1230
1537
1205
1893
1805
1351
1533
1835
1288
1446
1870
1212
1529
1822
1294
1190
2449
1327
1392
2109
1233
1235
1388
2161
1427
1422
1549
1939
1325
1517
1627
1248
1527
1689
1589
1220
2292
1374
1356
1800
1395
1278
2687
1269
1544
1670
1272
1519
1618
1375
1300
1247
1248
1953
1314
1565
2033
1345
1337
1901
1261
1243
1227
2130
1596
1348
1656
1839
1247
1682
1558
1222
1396
1951
1276
1425
2325
1357
1351
2079
1219
1231
1394
1947
1802
1449
1531
1548
1279
1800
1456
1205
1539
1932
1546
1212
2230
1335
1318
2088
1249
1277
1505
2086
1520
1383
1445
1581
1276
1859
1486
1242
1398
1797
1377
1574
1988
1332
1355
2031
1259
1236
1593
1991
1559
1329
1544
1689
1272
1842
1616
1414
1393
1801
1266
1511
2187
1356
1371
2032
1252
1228
1504
1866
1416
1316
1765
1805
1262
1427
1775
1243
1244
2102
1540
1183
2351
1318
1331
2072
1222
1241
1388
1990
1559
1342
1695
1576
1268
1869
1477
1383
1451
1551
1411
1471
1885
1409
1484
1920
1239
1393
1231
2102
1820
1432
1407
1967
1294
1429
1708
1250
1402
1782
1438
1222
2369
1483
1391
1888
1341
1237
2758
1252
1232
1353
1416
1792
1617
1651
1573
1339
1532
1731
1527
1489
1784
1895
1440
1556
1514
1266
1239
1555
1626
1427
1576
1412
1468
1964
1463
1245
1380
2037
1293
1421
2271
1373
1379
1839
1237
1258
1376
2014
1384
1352
1791
1436
1284
1989
1450
1232
1573
1758
1256
1579
2149
1349
1360
2112
1272
1261
1268
1855
1803
1352
1461
1703
1545
1304
1724
1240
1215
2120
1410
1217
2329
1347
1355
2071
1239
1227
1526
1876
1540
1321
1721
1740
1269
1700
1675
1379
1373
1644
1393
1585
1924
1355
1395
1957
1392
1269
1276
1928
1633
1327
1705
1649
1282
1875
1626
1382
1271
1892
1302
1523
2233
1336
1314
2152
1247
1236
1245
2147
1476
1329
1580
1728
1276
1563
1804
1550
1247
1786
1290
1182
2551
1334
1315
2109
1253
1393
1265
2067
1611
1446
1417
1729
1304
1671
1469
1405
2464
1354
1293
3181
1179
1338
3119
1302
1236
2673
2680
1259
2177
1398
1197
1996
1442
1326
1287
1864
1248
1351
2056
1381
1150
2149
1360
1274
2322
1389
1223
2039
1767
1332
1538
1828
1292
1562
1869
1221
1392
1625
1243
1549
2044
1348
1381
2042
1271
1235
1493
2038
1567
1417
1623
1724
1278
1583
1852
1247
1265
1959
1302
1392
2191
1352
1344
2110
1231
1256
1254
2054
1721
1342
1530
1800
1268
1568
1826
1242
1233
1874
1300
1214
2431
1344
1354
2038
1275
1248
1293
2007
1437
1361
1745
1777
1288
1672
1715
1241
1402
1906
1289
1580
2107
1330
1329
2002
1390
1262
1264
2032
1435
1321
1849
1586
1294
1853
1461
1411
1395
1810
1265
1675
2144
1354
1330
2047
1246
1210
1557
1743
1629
1250
1469
1778
1252
1740
1474
1232
1679
1686
1422
1321
2449
1211
1264
2101
1252
1117
1390
2124
1665
1194
1662
1743
1155
1825
1172
1279
1734
1675
1265
1647
2019
1215
1529
1862
1217
1643
2552
1155
1233
1713
1484
1448
1625
1655
1558
1523
1311
1677
1544
1481
1725
1463
1365
1907
1228
1228
1232
2004
1594
1355
1532
1807
1285
1638
1932
1222
1264
2086
1259
1231
2618
1333
1354
2075
1274
1267
1422
1916
1548
1357
1664
1440
1298
1991
1310
1382
1616
1676
1278
1969
1959
1434
1389
1470
1383
1401
1254
1980
1573
1422
1531
1666
1319
1573
1844
1232
1244
2124
1262
1201
2481
1362
1341
1991
1229
1251
1524
1960
1458
1335
1475
1720
1602
1335
1767
1224
1250
2171
1311
1186
2649
1339
1345
2042
1428
1248
1237
1946
1549
1355
1834
1436
1296
1970
1445
1243
2726
1342
1290
3504
1152
1345
3852
1248
1219
2652
1255
1264
2636
1339
1201
2071
1411
1337
2021
1278
1256
1969
1345
1245
2467
1378
1331
2095
1232
1237
1342
2130
1533
1426
1503
1934
1324
1447
1540
1235
1347
1868
1333
1351
2283
1332
1362
2051
1330
1249
2783
1519
1256
1441
1264
1358
1282
1698
1742
1223
1510
2086
1543
1518
1790
1474
1360
1765
1329
1255
1217
2135
1384
1368
2014
1476
1291
2169
1285
1263
1630
1617
1258
1517
2117
1397
1391
1895
1286
1278
1250
2155
1522
1406
1565
1739
1313
1712
1802
1263
1212
1926
1310
1213
2497
1349
1331
2124
1256
1235
1466
2049
1449
1417
1688
1399
1282
2069
1299
1386
1432
1760
1383
1438
2205
1379
1340
2023
1262
1208
1251
2160
1625
1377
1606
1579
1296
1830
1457
1390
1588
1783
1280
1395
2164
1357
1371
1968
1267
1240
1612
1769
1558
1377
1541
1948
1263
1577
1689
1213
1398
1826
1416
1395
2328
1337
1355
2060
1274
1245
1523
1852
1545
1364
1671
1536
1267
1817
1652
1244
1527
1873
1275
1545
1940
1324
1339
1991
1407
1226
1221
1962
1693
1341
1612
1817
1325
1488
1905
1536
1545
1768
1347
1483
1908
1670
1672
1308
1248
1227
2693
1240
1231
1410
1242
1395
1274
1523
1816
1357
1218
2008
1331
1238
2495
1360
1346
2037
1275
1286
1522
1916
1598
1384
1690
1416
1279
2129
1282
1219
1828
1416
1279
1843
1695
1321
1663
1789
1274
1428
1226
1798
2086
1348
1185
2099
1299
1551
1860
1389
1229
2015
1260
1182
2608
1349
1341
1860
1435
1274
1216
2027
1476
1323
1641
1809
1279
1388
1825
1398
1235
1961
1268
1169
2525
1360
1391
2037
1249
1216
1409
1943
1515
1347
1686
1547
1246
1922
1583
1538
1267
1659
1540
1551
1706
1339
1500
1911
1265
1379
1293
1878
1833
1344
1450
1751
1266
1695
1669
1226
1482
1906
1253
1420
2334
1336
1358
2027
1491
1116
1427
1751
1608
1194
1510
2014
1184
1382
2094
1110
1134
2302
1433
1066
2584
1193
1224
2274
1294
1151
1399
2031
1476
1229
1812
1608
1283
1890
1301
1231
1676
1674
1148
1839
1781
1222
1710
1620
1250
1647
2548
1142
1303
1195
1545
1918
1236
1387
1986
1208
1132
2342
1172
1089
2655
1238
1197
2314
1205
1257
1213
2252
1510
1236
1754
1586
1239
1759
1611
1154
1422
2012
1163
1083
2911
1276
1232
2221
1290
1121
1411
2042
1712
1209
1628
1620
1176
1909
1464
1258
1699
1421
1276
1764
1661
1305
1691
1829
1137
1615
1105
2017
1887
1199
1421
1964
1147
1716
1895
1128
1118
2255
1125
1486
2437
1208
1231
2276
1150
1124
1842
1992
1437
1426
1516
1631
1588
1583
1570
1209
1334
2047
1291
1214
2506
1335
1368
2043
1242
1249
1407
2057
1578
1439
1569
1437
1301
2034
1326
1249
1416
2070
1536
1568
1845
1467
1381
1629
1293
1233
1247
2238
1686
1460
1516
1687
1284
1405
1854
1219
1428
1962
1327
1229
2356
1355
1341
2088
1252
1287
1394
1839
1717
1363
1337
2087
1302
1296
1896
1250
1218
2024
1261
1199
2643
1307
1362
1918
1395
1255
2827
1279
1225
1371
1353
1392
1422
1837
1557
1236
1550
1852
1252
1374
1944
1378
1500
1827
1409
1256
1242
1890
1727
1366
1612
1712
1258
1665
1715
1244
1416
1905
1247
1506
2311
1321
1345
2136
1259
1238
1258
1930
1736
1323
1357
1885
1264
1759
1897
1246
1230
1956
1275
1212
2564
1356
1305
2166
1256
1265
1523
1878
1661
1349
1513
1833
1275
1671
1459
1383
1579
1404
1392
1633
1757
1341
1563
1702
1412
1432
1216
1891
1992
1310
1503
1883
1289
1557
1970
1221
1225
2059
1281
1182
2413
1361
1342
2047
1404
1255
1226
2099
1394
1334
1873
1480
1408
1750
1563
2195
1210
1386
2017
1201
1681
1773
1479
1742
1697
1254
1238
1914
1413
1317
1834
1384
1420
1836
1479
1398
1586
1744
1298
1562
2001
1321
1322
2068
1344
1330
1293
1992
1701
1418
1322
1820
1288
1667
1853
1499
1314
1425
1541
1263
2344
1479
1347
1781
1244
1230
2692
1263
1291
1369
1506
1781
1349
1341
1870
1302
1536
1800
1336
1235
2470
1350
1350
1990
1264
1231
1433
2031
1447
1390
1697
1735
1288
1686
1536
1217
1525
1868
1280
1490
2207
1391
1329
2042
1334
1229
1266
2123
1443
1409
1660
1625
1279
1663
1708
1229
1343
2002
1283
1352
2312
1330
1332
2124
1265
1238
1249
2225
1357
1405
1702
1491
1368
1629
1640
1313
1257
2065
1281
1194
2523
1332
1336
2085
1252
1530
1221
1847
1712
1321
1542
1888
1272
1569
1894
1320
1552
1684
1526
1484
1835
1471
1387
1714
1399
1259
1267
2041
1419
1447
1685
1619
1283
1820
1482
1239
1804
1458
1271
1740
1963
1342
1685
1702
1571
1216
1271
1721
1800
1343
1404
1971
1268
1374
1991
1227
1229
2172
1292
1187
2631
1334
1331
2064
1759
1336
1327
1719
1225
1376
1921
1373
1473
1873
1443
1424
1255
1816
1432
1229
2159
1569
1376
1923
1261
1233
2656
1249
1547
1680
1285
1238
1276
1565
1738
1423
1275
1921
1362
1499
2158
1549
1335
1770
1245
1209
1278
1956
1593
1348
1725
1594
1583
1430
1603
1392
1268
1961
1410
1220
2453
1346
1397
2019
1243
1234
1246
2162
1624
1366
1569
1823
1266
1649
1644
1406
1259
1775
1550
1202
2067
1356
1416
1840
1560
1234
1234
2035
1542
1426
1400
1734
1318
1618
1862
1246
1221
1996
1234
1553
2233
1338
1376
1995
1576
1232
1258
1822
1553
1349
1752
1532
1567
1477
1652
1237
1238
2105
1339
1176
2515
1351
1335
2036
1236
1247
1418
1959
1394
1341
1917
1427
1280
2140
1279
1227
1639
1549
1373
1692
2043
1349
1968
1458
1263
3055
1265
1224
4532
1420
1230
2517
1329
1312
1837
1384
1250
2064
1261
1212
2585
1356
1356
2055
1244
1214
1286
1947
1936
1349
1186
2026
1282
1509
1805
1235
1253
2052
1266
1192
2584
1344
1403
2037
1235
1235
2967
1283
1530
1438
1499
1519
1352
1607
1574
1520
1252
1443
1252
1496
1769
1380
1549
1679
1403
1417
1247
1944
1839
1417
1533
1537
1636
1506
1623
1547
1223
1719
1307
1226
2483
1506
1677
1745
1172
1120
1313
2098
1953
1360
1121
1953
1455
1236
1955
1530
1163
1963
1352
1186
2347
1296
1207
2590
1700
1320
1333
2006
1360
1426
1578
1197
2080
1357
1305
1889
1138
1402
2038
1392
2059
1367
1272
1998
1403
1221
1118
2173
1718
1356
1597
1850
1475
1563
1757
1124
1453
1953
1194
1311
2366
1238
1269
2301
1152
1111
1659
1856
1522
1226
1910
1605
1190
1805
1701
1471
1423
1696
1186
1444
2420
1204
1215
2356
1315
1118
1350
2170
1471
1196
1902
1605
1219
1879
1529
1137
1588
1906
1289
1670
2062
1195
1261
2212
1435
1102
1483
1898
1530
1180
1829
1698
1151
2066
1493
1117
1698
1719
1308
1355
2159
1224
1434
2091
1175
1431
2538
1109
1295
1197
1478
1886
1431
1306
1910
1268
1142
2301
1153
1055
2806
1224
1208
2357
1435
1094
1443
1967
1472
1215
1936
1272
1339
2145
1185
1272
1633
1708
1298
1596
1960
1345
1534
1767
1351
1469
1124
1871
1929
1221
1391
2010
1142
1596
1912
1307
1267
2031
1226
1085
2842
1452
1387
1779
1812
1342
1280
1865
1608
1364
1568
1844
1313
1395
1853
1240
1233
2130
1253
1534
2249
1341
1369
2020
1240
1260
1450
2114
1447
1429
1623
1468
1475
1815
1462
1264
1384
1928
1283
1454
2315
1371
1359
1941
1411
1259
1247
2136
1419
1412
1694
1849
1313
1413
2179
1252
1226
2112
1266
1241
2469
1363
1335
2047
1267
1249
1233
2069
1630
1438
1473
1830
1327
1336
1869
1552
1259
1882
1267
1219
2478
1329
1348
2099
1558
1249
1273
1812
1531
1348
1621
1803
1300
1633
1637
1284
1528
1679
1529
1216
2132
1392
1341
2058
1276
1235
2850
1262
1235
1381
1351
1479
1279
1793
1576
1237
1554
1806
1271
1534
2218
1334
1342
2108
1247
1229
1538
1905
1729
1339
1553
1775
1280
1789
1619
1257
1240
2069
1288
1185
2668
1328
1238
1998
1396
1116
1298
2165
1510
1255
1732
1667
1158
1867
1642
1294
1471
1892
1139
1477
2366
1217
1413
2207
1264
1268
1239
1994
1581
1421
1626
1607
1284
1787
1707
1508
1249
1683
1545
1552
1962
1337
1322
1963
1409
1263
1224
1789
1731
1348
1539
1860
1274
1577
1901
1241
1232
1959
1271
1208
2529
1335
1333
2072
1244
1237
1396
2041
1529
1336
1771
1420
1276
2113
1589
1221
1535
1513
1267
1853
1702
1326
1659
1992
1238
1557
1234
1518
2074
1318
1191
2186
1326
1417
1957
1243
1235
2190
1268
1162
2512
1331
1332
2023
1375
1239
1257
2056
1544
1357
1653
1712
1282
1832
1737
1248
1229
1859
1257
1508
2389
1389
1333
2048
1570
1225
2696
1288
1252
1337
1233
1451
1439
1659
1622
1420
1267
1764
1550
1204
2039
1327
1355
1922
1399
1421
1226
1856
1558
1345
1867
1501
1305
1852
1443
1244
1558
1816
1249
1524
2063
1231
1359
2147
1125
1281
1428
1858
1724
1238
1624
1825
1316
1529
1776
1283
1264
2049
1213
1460
2337
1208
1226
2331
1234
1120
1374
2214
1684
1218
1602
1562
1177
1967
1421
1249
1554
1653
1314
1669
1981
1193
1506
1973
1422
1489
1153
1767
1729
1199
1667
1847
1193
1648
1771
1114
1311
2194
1158
1447
2378
1203
1203
2343
1383
1126
1276
2023
1601
1226
1608
1782
1308
1722
1705
1273
1163
2145
1202
1081
2680
1237
1186
2371
1306
1100
1298
2230
1691
1227
1605
1592
1293
1828
1616
1293
1494
1794
1284
1366
2070
1202
1455
2019
1431
1427
1096
1773
1862
1199
1500
2055
1186
1541
1775
1392
1132
2029
1284
1295
2404
1224
1188
2359
1139
1122
2865
1139
1423
1217
1572
1811
1163
1558
1785
1336
1110
2191
1324
1072
2785
1449
1347
1831
1216
1238
1402
1990
1431
1377
1856
1414
1271
2080
1254
1376
1609
1709
1303
1711
2002
1241
1529
1754
1282
1378
1161
1893
1869
1221
1460
2011
1134
1668
2056
1101
1137
2220
1163
1085
2756
1204
1242
2375
1140
1143
1644
1791
1713
1214
1659
1737
1161
1497
1747
1353
1103
2019
1467
1122
2549
1214
1308
2108
1316
1117
1290
2171
1543
1201
1807
1442
1150
2106
1490
1156
1661
1816
1137
1658
2174
1206
1363
2036
1329
1291
1139
2054
1572
1204
1856
1729
1154
1859
1476
1315
1538
1904
1174
1533
2198
1220
1428
2177
1287
1116
1302
2063
1682
1205
1687
1785
1201
1808
1893
1114
1129
2175
1421
1059
2492
1221
1224
2435
1107
1460
1463
1824
1757
1233
1555
1980
1154
1696
1504
1122
1891
1870
1519
1510
1681
1708
1614
1579
1320
1531
2975
1315
1552
1675
1479
1308
1632
1348
1341
1220
1251
1417
1265
1202
2106
1335
1371
1987
1323
1289
1248
2181
1521
1344
1703
1554
1280
1834
1781
1158
1120
2073
1136
1430
2422
1218
1222
2295
1420
1110
1419
2043
1584
1207
1627
1650
1328
1823
1596
1302
1381
1769
1281
1519
2004
1277
1367
2046
1282
1473
1126
1889
1840
1215
1518
1809
1215
1706
1675
1388
1271
1979
1439
1103
2481
1201
1209
2340
1131
1416
1409
1805
1617
1216
1739
1789
1190
1764
1701
1314
1290
2041
1193
1478
2294
1201
1265
2296
1444
1112
1420
1963
1536
1272
1806
1713
1188
2208
1496
1114
1754
1628
1158
1834
1856
1226
1624
1935
1126
1638
1204
2109
1771
1251
1485
1910
1175
1671
1966
1141
1129
2178
1120
1297
2599
1224
1208
2371
1185
1145
1396
2064
1758
1187
1388
2026
1177
1288
2034
1275
1131
2119
1229
1449
2429
1207
1193
2408
1162
1123
2757
1130
1266
1225
1817
1459
1150
2086
1221
1480
1463
1858
1289
1444
2294
1215
1205
2215
1456
1102
1116
2217
1506
1226
1893
1617
1201
1888
1477
1124
1646
1772
1140
1820
2010
1195
1542
2009
1284
1272
1335
1882
1853
1191
1594
2015
1189
1259
2017
1125
1108
2350
1131
1070
3216
1188
1193
2325
1115
1141
2040
1296
2204
1445
1085
2160
1329
1188
2088
1267
1128
2074
1264
1249
2295
1232
1221
2286
1265
1104
1291
2182
1717
1187
1680
1616
1210
1836
1728
1165
1503
1921
1144
1422
2302
1214
1187
2293
1678
1129
1102
2042
1583
1201
1657
1941
1159
1706
1673
1377
1274
2043
1167
1485
2422
1216
1182
2397
1167
1097
1423
2157
1477
1221
1864
1415
1419
1942
1192
1262
1724
1661
1251
1631
2018
1255
1539
2144
1193
1411
1137
1817
1695
1242
1606
1850
1186
1719
1696
1108
1467
1885
1147
1779
2335
1212
1256
2077
1384
1164
2656
1187
1120
1285
1569
1772
1168
1597
1883
1284
1210
2124
1215
1079
2730
1221
1214
2336
1257
1114
1373
2240
1505
1241
1915
1454
1307
1931
1412
1111
1683
2008
1158
1522
2126
1209
1338
2193
1159
1423
1142
2068
1750
1233
1554
1791
1192
1708
1812
1101
1439
2074
1125
1424
2367
1242
1231
2377
1125
1131
1353
2059
1736
1250
1419
1938
1431
1399
1782
1176
1428
1992
1346
1083
2543
1248
1182
2327
1573
1235
1220
2122
1137
1120
2246
1308
1634
1831
1210
1586
1146
1882
1546
1275
2084
1494
1228
2051
1344
1138
1253
2192
1452
1213
1953
1564
1320
1856
1700
1129
1338
1866
1183
1623
2285
1203
1442
2093
1183
1141
1389
2263
1589
1422
1525
1753
1321
1439
1946
1503
1239
1996
1308
1215
2461
1344
1329
2079
1241
1264
1398
1971
1408
1331
1843
1549
1272
2034
1311
1266
1468
1674
1661
1395
1899
1466
1369
1718
1251
1403
2682
1258
1534
1567
1482
1549
1565
1615
1342
1525
1542
1682
1292
1218
1945
1359
1332
2010
1244
1214
1551
1860
1442
1243
1796
1711
1159
1924
1735
1151
1358
2111
1306
1381
2177
1367
1355
1976
1374
1239
1265
2045
1623
1348
1600
1434
1425
1794
1416
1275
1646
1784
1272
1591
1961
1340
1442
1907
1395
1371
1252
1739
1852
1331
1530
1755
1273
1508
1844
1236
1262
2092
1249
1202
2553
1331
1291
2160
1248
1230
1232
2078
1815
1323
1404
1543
1394
1782
1439
1440
1530
1871
1552
1508
1805
1498
1387
1743
1265
1222
1399
2088
1429
1363
1839
1376
1298
1980
1440
1249
1563
1706
1254
1681
1961
1370
1482
1832
1388
1217
1235
2068
1759
1327
1525
1768
1392
1773
1697
1290
1243
1890
1281
1481
2291
1456
1349
1859
1251
1244
1245
2198
1436
1450
1500
1961
1291
1320
1669
1360
1233
1906
1384
1194
2559
1361
1353
2010
1448
1239
2692
1252
1225
1343
1321
1571
1277
1662
1594
1504
1252
1826
1514
1190
2267
1349
1326
2063
1391
1187
1122
2134
1646
1260
1702
1706
1153
1843
1472
1249
1675
1601
1150
1728
2129
1236
1377
2154
1166
1447
1123
2153
1572
1213
1931
1718
1168
1632
1749
1119
1138
2253
1158
1073
2824
1201
1194
2334
1257
1189
1274
2214
1630
1229
1686
1508
1292
2083
1396
1125
1582
1746
1140
1729
2164
1194
1351
2028
1282
1327
1157
2306
1730
1419
1337
1731
1450
1568
1688
1366
1234
1946
1417
1219
2375
1369
1349
2021
1211
1248
1283
1919
1697
1417
1409
1846
1264
1797
1606
1562
1244
1743
1926
1250
1778
1505
1332
1883
1405
1243
1369
1911
1573
1391
1763
1540
1320
1674
1562
1304
1437
1708
1292
1778
1781
1316
1421
2041
1263
1350
1216
2041
1727
1344
1585
1776
1331
1761
1726
1267
1246
1774
1259
1334
2421
1328
1359
2066
1239
1234
2776
1550
1521
1665
1261
1523
1596
1363
1564
1281
1233
1752
1257
1204
2284
1374
1336
1948
1254
1132
1222
2434
1349
1436
1794
1265
1272
2208
1315
1233
1701
1529
1514
1549
1642
1539
1627
1544
1390
1607
1262
1507
2087
1373
1220
2039
1265
1481
1890
1259
1251
2114
1269
1176
2583
1323
1311
2112
1235
1229
1381
2168
1483
1427
1504
1909
1303
1353
1844
1216
1248
2221
1250
1216
2476
1367
1359
2045
1384
1240
1220
2070
1511
1352
1711
1536
1413
1908
1403
1249
1615
1780
1237
1406
2234
1347
1444
1842
1269
1238
1251
2015
1669
1324
1658
1909
1239
1629
1704
1233
1373
1748
1359
1370
2218
1380
1354
2026
1383
1218
1257
1877
1699
1334
1319
1964
1391
1346
1925
1241
1277
2106
1390
1182
2409
1354
1324
2204
1300
1231
1242
2022
1629
1447
1528
1879
1310
1569
1663
1222
1392
1736
1238
1676
1960
1349
1353
2043
1245
1265
2820
1270
1230
1362
1492
1625
1393
1526
1765
1274
1378
1875
1285
1399
2314
1215
1309
2110
1206
1145
1488
2047
1553
1203
1922
1567
1435
1605
1649
1387
1128
2147
1157
1248
2604
1227
1250
2242
1254
1132
1315
2223
1435
1197
1963
1462
1170
2088
1224
1318
1618
1727
1273
1598
2115
1239
1352
2130
1161
1455
1132
2149
1709
1259
1606
1884
1172
1639
1690
1119
1355
2120
1144
1324
2463
1207
1279
2246
1283
1262
1332
1908
1592
1261
1653
1843
1147
1731
1908
1135
1135
2157
1436
1070
2479
1193
1232
2339
1269
1151
1397
2405
1264
1193
2006
1445
1299
2126
1150
1118
1927
1694
1148
1865
1837
1385
1599
1825
1408
1471
1109
1630
2149
1252
1196
2237
1159
1293
2197
1127
1123
2366
1137
1424
2440
1217
1189
2259
1264
1286
1276
1934
1751
1234
1445
2087
1170
1536
2005
1400
1149
3081
1139
1053
3975
1230
1199
3247
1159
1130
2556
1273
1309
1210
1843
1613
1173
1961
2018
1168
1270
2591
1142
1063
2593
1193
1220
2199
1149
1430
1133
1128
2654
1205
1059
2398
1187
1185
2553
1262
1105
2212
1867
1107
1934
1582
1272
1951
1296
1142
1355
2000
1100
1450
1899
1108
1619
1768
1181
1641
1423
1188
2056
1417
1047
2228
1367
1151
2168
1393
1120
2122
1724
1194
1663
2039
1285
1554
1499
1188
1450
1964
1178
1567
2295
1497
1392
1550
1559
1614
1274
1691
1718
1441
1300
1531
1323
1701
1499
1520
1279
1840
1635
1249
2114
1338
1482
1811
1237
1136
1492
1988
1822
1260
1780
1614
1176
1660
1820
1162
1417
1889
1417
1398
2209
1227
1249
2260
1292
1128
1279
1993
1647
1251
1673
1651
1173
1933
1580
1131
1559
1734
1289
1573
2029
1273
1569
1975
1299
1253
1116
2065
1797
1214
1536
1949
1163
1616
1694
1437
1326
1812
1141
1674
2202
1243
1249
2228
1174
1453
2564
1176
1145
1237
1622
1664
1492
1561
1800
1416
1110
1874
1269
1271
2450
1295
1215
2258
1270
1098
1458
2171
1593
1213
1855
1453
1188
2101
1307
1274
1709
1562
1293
1747
1733
1252
1698
1606
1264
1659
1149
1764
2235
1206
1226
2265
1182
1259
2202
1122
1106
2371
1164
1255
2687
1238
1229
2148
1270
1139
1287
2081
1712
1232
1376
1918
1343
1379
2148
1308
1283
1896
1280
1219
2513
1364
1380
2069
1244
1236
1565
2162
1289
1423
1506
1841
1329
1923
1599
1530
1524
1689
1343
1492
1557
1588
1622
1579
1531
1524
1261
1575
1551
1670
1264
1387
1574
1411
1641
1271
1384
2601
1283
1213
2542
1355
1369
2041
1245
1245
1236
2205
1439
1359
1762
1624
1279
1950
1461
1220
1247
2142
1251
1232
2483
1364
1342
2117
1289
1242
1202
2095
1626
1230
1764
1803
1192
1713
1764
1124
1590
1515
1311
1521
1943
1271
1490
1837
1257
1419
2570
1152
1658
1644
1528
1561
1572
1619
1563
1297
1276
1749
1540
1476
1789
1441
1366
1848
1274
1275
1256
2307
1392
1368
1885
1438
1415
1727
1572
1252
1378
1937
1314
1188
2476
1340
1367
2006
1235
1222
1409
2132
1530
1422
1495
1434
1307
1920
1422
1375
1484
1688
1401
1528
2064
1335
1461
1896
1233
1562
1229
1787
1906
1327
1334
1809
1290
1636
1730
1396
1277
2070
1272
1192
2478
1375
1370
1959
1237
1246
1383
1822
1651
1346
1540
1854
1426
1391
1833
1399
1229
2017
1256
1190
2602
1328
1332
2073
1265
1260
1527
2009
1570
1345
1678
1694
1259
1873
1604
1293
1384
1802
1273
1569
1992
1313
1489
1778
1376
1374
1262
1819
2161
1321
1220
2015
1260
1381
2016
1221
1254
2118
1281
1172
2535
1332
1354
1984
1398
1459
1373
1817
1670
1686
1472
1726
1581
1626
1560
1551
1258
1435
1290
1246
2005
1367
1342
2015
1237
1246
2880
1549
1562
1689
1462
1306
1551
1673
1575
1258
1255
1643
1547
1212
2072
1485
1276
1831
1440
1194
1178
2096
1568
1334
1703
1743
1280
1769
1469
1223
1751
1549
1195
1775
1937
1299
1519
1925
1208
1412
1223
1858
1905
1358
1492
1851
1327
1309
2045
1222
1235
1995
1345
1215
2181
1386
1307
2177
1658
1434
1333
1842
1243
1252
1830
1395
1524
1735
1329
1412
1241
1827
1575
1197
2075
1538
1362
1615
1564
1227
1241
1918
1597
1365
1702
1736
1260
1889
1608
1240
1225
1794
1267
1442
2244
1349
1337
2031
1263
1231
1516
1761
1590
1363
1507
1849
1279
1475
1917
1380
1236
2088
1236
1189
2563
1339
1387
2032
1228
1260
1625
1819
1581
1447
1564
1723
1292
1805
1458
1248
1520
1673
1301
1970
1573
1447
1638
1646
1228
1571
1247
1565
1937
1377
1337
2046
1287
1406
1801
1392
1258
1893
1482
1217
2431
1347
1290
2084
1680
1332
2781
1320
1209
1206
1124
1516
1784
1569
1310
1514
1252
1556
1809
1220
1970
1423
1317
2011
1270
1212
1245
2190
1689
1362
1518
1732
1245
1697
1651
1240
1530
1671
1506
1543
1746
1350
1507
1771
1571
1516
1237
1550
1955
1322
1360
2005
1310
1397
1950
1225
1218
2240
1239
1172
2497
1329
1318
2060
1234
1265
1623
1945
1537
1428
1460
1683
1281
1798
1750
1240
1230
2012
1233
1204
2521
1371
1355
2200
1244
1291
1264
2106
1426
1419
1614
1670
1441
1557
1768
1235
1403
1685
1272
1682
2123
1341
1344
1738
1531
1258
1243
1978
1643
1425
1461
1850
1299
1804
1447
1288
1703
1652
1312
1426
2007
1473
1408
1955
1260
1213
1250
1832
1919
1344
1520
1884
1268
1394
1985
1374
1264
1879
1247
1202
2548
1337
1370
2064
1419
1232
1238
2078
1437
1422
1775
1558
1314
1641
1804
1231
1405
1642
1270
1828
1671
1401
1485
1661
1433
1417
2692
1541
1530
1666
1551
1273
1314
1309
1527
1549
1535
1675
1286
1246
2289
1427
1393
1784
1249
1247
1248
1532
1925
1687
1485
1684
1303
1319
2687
1240
1276
2876
1314
1215
2832
1362
1433
1729
1388
1247
1218
1989
1778
1370
1428
1736
1313
1661
1713
1255
1389
1933
1299
1424
2050
1353
1352
2007
1254
1223
1573
1911
1596
1418
1495
1495
1308
2000
1834
1509
1303
1448
1271
1501
2157
1472
1365
1805
1238
1217
1400
1910
1715
1379
1357
1926
1278
1381
1928
1383
1234
2052
1263
1180
2540
1357
1339
2055
1260
1223
1643
1804
1708
1352
1598
1760
1317
1650
1816
1224
2251
1432
1319
1798
1456
1348
1802
1661
1557
1373
1351
1791
1425
1386
1755
1762
1424
1728
1441
1399
1229
1831
1517
1186
2439
1340
1379
1823
1336
1239
1241
2314
1503
1420
1376
1782
1296
1440
1798
1253
1228
2042
1282
1232
2527
1340
1399
1998
1244
1266
2900
1575
1525
1659
1270
1525
1561
1361
1292
1276
1272
1423
1461
1465
1697
1428
1571
1840
1263
1536
1220
2010
1912
1360
1504
1786
1258
1611
1608
1259
1399
1912
1287
1406
2224
1352
1323
2170
1303
1260
1244
1814
1641
1439
1417
1827
1315
1415
1917
1216
1246
2158
1268
1194
2686
1385
1348
1867
1249
1234
1554
1992
1518
1319
1677
1535
1281
1913
1449
1245
1550
1855
1264
1790
2009
1460
1395
1856
1530
1553
1528
1520
1268
1701
1593
1430
1281
1419
2060
1272
1231
1818
1573
1218
2225
1351
1378
2040
1259
1255
1238
1988
1646
1336
1660
1578
1592
1552
1598
1390
1264
1772
1278
1392
2352
1345
1315
2056
1222
1237
1386
2077
1601
1348
1763
1622
1297
1812
1478
1234
1833
1416
1602
1544
1848
1363
1617
1586
1561
1503
1228
1423
1962
1337
1340
2323
1282
1321
1932
1257
1233
1985
1258
1178
2535
1316
1385
2074
1407
1248
2675
1292
1250
1342
1362
1515
1302
1567
1847
1247
1232
2176
1297
1186
2537
1431
1394
1946
1304
1255
1540
2017
1591
1330
1521
1533
1271
1802
1705
1227
1626
1683
1275
1535
2011
1329
1338
2147
1397
1222
1265
2003
1625
1409
1449
1731
1301
1815
1655
1259
1252
1996
1287
1216
2517
1369
1319
2038
1238
1220
1535
1741
1854
1346
1366
1806
1268
1535
1754
1245
1403
2134
1278
1194
2263
1339
1367
2058
1263
1224
1424
2265
1459
1367
1799
1402
1281
2057
1433
1245
1738
1665
1278
1804
1799
1339
1485
1891
1401
1427
1234
1816
1757
1317
1506
1792
1287
1673
1908
1238
1236
1966
1263
1516
2161
1344
1320
2028
1269
1237
1218
2169
1453
1374
1719
1754
1256
1591
1837
1223
1243
2020
1270
1529
2151
1338
1295
2175
1209
1216
1453
2039
1586
1329
1636
1572
1264
1905
1472
1396
1395
1587
1418
1495
2253
1488
1366
1837
1243
1250
2694
1244
1284
1393
1500
1782
1334
1605
1481
1226
1554
2026
1250
1232
2339
1376
1349
2030
1288
1246
1398
1849
1540
1331
1734
1833
1292
1456
1870
1219
1247
2061
1231
1415
2509
1323
1371
1926
1378
1224
1225
2187
1545
1328
1661
1530
1246
1886
1667
1232
1543
1746
1231
1616
1883
1322
1713
1475
1377
1632
1235
1651
2061
1320
1304
1993
1243
1521
1887
1248
1227
2023
1132
1128
2775
1215
1199
2348
1457
1121
1101
2037
1605
1221
1603
1858
1181
1826
1737
1440
1110
1993
1442
1107
2460
1212
1198
2383
1096
1286
1655
1964
1649
1246
1711
1322
1228
2177
1317
1103
1870
1536
1390
1616
1935
1204
1559
2008
1310
1257
1250
2020
1784
1226
1557
1877
1161
1597
1890
1160
1437
2018
1123
1557
2424
1216
1198
2382
1266
1261
1262
1848
1590
1407
1650
1944
1274
1392
1730
1259
1242
1987
1290
1202
2267
1336
1355
2010
1231
1535
2656
1243
1212
1332
1494
1402
1264
1905
1582
1520
1224
1697
1544
1496
1875
1392
1368
1878
1401
1250
1242
2151
1404
1438
1703
1572
1298
1838
1516
1228
1537
1806
1244
1671
2000
1327
1493
1892
1367
1241
1494
1671
1742
1349
1538
1932
1332
1310
1993
1237
1237
2105
1249
1194
2624
1325
1339
2079
1361
1232
1248
2111
1494
1350
1703
1523
1237
1942
1507
1245
1513
1798
1244
1509
2031
1349
1463
2043
1254
1231
1243
2023
1714
1417
1527
1959
1293
1398
1670
1359
1227
1996
1261
1206
2572
1362
1320
2032
1235
1237
1234
1977
1935
1357
1431
1662
1556
1536
1693
1264
1255
1947
1788
1196
2039
1527
1334
1917
1230
1217
1393
2069
1514
1346
1735
1398
1262
2062
1569
1240
1503
1830
1532
1541
1868
1333
1376
2105
1259
1347
1451
1976
1472
1291
1805
1578
1173
1753
1541
1125
1649
1796
1150
1794
2101
1211
1494
1846
1437
1105
2692
1158
1390
1229
1755
1557
1568
1523
1568
1250
1166
2048
1280
1081
2712
1221
1260
2233
1251
1105
1425
2216
1369
1224
2075
1278
1339
2155
1137
1330
1667
1543
1255
1883
1757
1244
1683
1855
1150
1698
1150
2039
1779
1199
1588
1799
1310
1683
1657
1099
1408
2102
1120
1502
2288
1212
1234
2569
1278
1211
1237
1889
1840
1437
1382
1565
1279
1732
1625
1375
1369
1936
1245
1200
2527
1346
1324
2084
1267
1223
1509
2000
1699
1341
1654
1563
1261
1791
1580
1242
1381
1836
1374
1568
1718
1380
1601
1841
1377
1274
1258
1841
1778
1326
1620
1885
1236
1674
1550
1367
1536
1807
1249
1418
2256
1366
1330
1996
1369
1353
1214
1835
1770
1323
1505
1847
1275
1557
1906
1369
1243
2124
1237
1180
2556
1349
1316
2215
1254
1244
1398
2062
1602
1417
1453
1850
1288
1775
1450
1245
1384
1744
1364
1389
2252
1334
1284
2133
1245
1227
2829
1217
1237
1350
1378
1761
1254
1735
1764
1247
1500
1706
1272
1520
2142
1401
1334
2004
1489
1233
1383
2006
1510
1319
1780
1780
1296
1721
1625
1234
1243
1968
1235
1374
2473
1322
1330
1963
1404
1245
1243
2185
1547
1410
1520
1824
1288
1787
1580
1246
1492
1643
1261
1484
1892
1503
1472
1624
1227
1688
1232
1649
1970
1317
1172
2023
1302
1317
2025
1218
1231
2161
1227
1174
2662
1335
1302
2137
1241
1222
1248
2009
1580
1330
1628
1947
1269
1516
1672
1249
1372
2024
1433
1203
2312
1338
1345
2057
1253
1233
1505
2108
1367
1392
1776
1419
1275
2007
1619
1231
1378
1763
1242
1797
1795
1363
1596
1647
1545
1232
1220
1837
1884
1319
1332
1975
1250
1450
2015
1542
1214
1904
1258
1177
2608
1311
1402
1979
1246
1249
1354
1940
1599
1320
1410
2001
1304
1392
1867
1390
1237
1923
1398
1177
2429
1343
1317
2111
1233
1252
2837
1245
1243
1348
1331
1646
1264
1696
1692
1378
1417
1916
1399
1173
2406
1338
1316
2060
1523
1230
1234
1849
1571
1336
1762
1820
1256
1705
1415
1244
1631
1734
1251
1625
2035
1356
1480
1909
1239
1510
1252
1770
1743
1351
1549
1901
1312
1303
1930
1213
1212
2127
1222
1161
2783
1352
1329
2002
1388
1217
1234
2076
1568
1311
1645
1534
1250
1885
1566
1227
1512
1929
1230
1372
2184
1304
1317
2197
1244
1504
1216
1679
1850
1311
1576
1729
1284
1549
1805
1386
1245
1818
1327
1372
2329
1328
1332
2115
1235
1202
1496
1846
1533
1339
1751
1511
1651
1706
1299
1107
1426
2034
1128
1432
2438
1249
1240
2161
1132
1207
1861
1740
1689
1237
1662
1634
1215
1595
1846
1224
1218
2010
1276
1201
2488
1581
1312
1910
1548
1100
1136
2147
1723
1240
1908
1592
1192
1759
1420
1304
1497
1235
1450
1852
1557
1235
2031
1264
1225
1868
2592
1139
1310
1263
1112
2211
1426
1220
2128
1414
1123
2241
1148
1057
2764
1221
1216
2397
1145
1232
1375
2252
1605
1222
1806
1240
1232
2250
1255
1204
1610
1675
1415
1501
2177
1210
1380
2031
1212
1630
1563
1600
1992
1431
1296
1760
1393
1561
1769
1317
1214
2104
1269
1213
2444
1342
1357
2000
1346
1219
1322
1879
1838
1335
1419
1932
1252
1732
1827
1226
1255
1809
1287
1516
2303
1346
1326
2025
1242
1225
1626
1906
1369
1339
1871
1364
1439
2008
1448
1273
1536
1790
1256
1613
2177
1336
1317
2073
1350
1225
1221
2093
1401
1325
1915
1442
1300
2247
1421
1284
1465
1985
1316
1279
3511
1415
1393
2374
1524
1234
1219
1884
1643
1347
1787
1772
1306
1401
1802
1219
1250
2154
1239
1354
2463
1355
1370
2003
1333
1243
1486
1767
1564
1358
1610
1583
1342
1874
1277
1275
1577
1699
1272
1676
1683
1371
1712
1608
1129
1830
2565
1138
1256
1258
1626
1827
1291
1530
1732
1592
1239
1981
1266
1175
2471
1358
1325
2079
1220
1272
1383
2018
1662
1328
1682
1416
1407
1751
1672
1222
1222
2179
1235
1235
2441
1339
1335
2072
1249
1217
1543
2022
1488
1381
1616
1733
1265
1725
1617
1229
1661
1463
1385
1534
1873
1335
1470
2151
1254
1368
1362
1740
1841
1309
1633
1787
1256
1480
1869
1394
1231
1825
1224
1498
2274
1332
1331
2187
1248
1255
1210
2064
1724
1367
1541
1696
1532
1362
1754
1490
1227
1857
1241
1171
2583
1345
1315
2259
1211
1213
1235
2154
1508
1324
1802
1505
1252
2061
1241
1221
1715
1496
1498
1850
1612
1330
1621
1754
1239
1440
1234
2170
1979
1419
1202
1859
1290
1585
1750
1212
1251
2114
1298
1209
2444
1360
1334
2004
1241
1225
1403
2111
1592
1343
1683
1836
1276
1499
1536
1395
1356
1717
1296
1422
2363
1336
1341
2107
1238
1218
2895
1548
1518
1453
1523
1508
1320
1329
1292
1227
1424
1681
1445
1675
1546
1383
1759
1619
1509
1547
1328
1512
1832
1336
1443
1886
1336
1441
1914
1401
1242
2020
1361
1203
2348
1322
1339
2093
1242
1463
1535
1852
1628
1428
1543
1536
1292
1524
1892
1394
1285
1823
1398
1202
2384
1339
1360
2061
1255
1530
1257
1936
1654
1325
1560
1607
1425
1739
1446
1242
1533
1753
1410
1401
2404
1327
1318
2081
1289
1238
1218
1998
1849
1352
1381
1885
1267
1635
1645
1384
1388
1861
1269
1449
2305
1374
1333
2068
1239
1230
1379
1858
1580
1346
1682
1735
1268
1409
1949
1267
1228
2069
1251
1195
2481
1329
1316
2226
1221
1229
1383
1986
1866
1329
1351
1706
1288
1651
1883
1462
1286
1865
1134
1281
2538
1208
1189
2289
1267
1097
1276
2238
1586
1221
1653
1707
1178
1799
1684
1103
1410
1876
1134
1590
2272
1204
1290
2319
1122
1415
2540
1138
1396
1200
1370
1831
1145
1949
1611
1454
1108
2252
1451
1065
2422
1201
1218
2284
1297
1111
1511
2158
1261
1218
2131
1519
1181
1933
1154
1308
1896
1400
1277
1880
1636
1277
1799
1760
1279
1540
1114
1915
2133
1192
1225
2287
1172
1513
1890
1108
1272
2241
1150
1261
2854
1209
1209
2169
1263
1116
1283
2214
1766
1186
1545
1820
1446
1394
2053
1136
1104
2212
1128
1079
2812
1186
1211
2442
1286
1123
1278
2076
1730
1206
1666
1763
1291
1664
1740
1299
1268
2171
1297
1517
2022
1359
1314
1730
1579
1208
1247
1912
1732
1346
1436
1812
1280
1812
1466
1230
1386
2067
1235
1570
2256
1357
1313
1975
1233
1242
1381
1846
1923
1343
1351
1805
1269
1798
1911
1230
1232
2141
1247
1164
2561
1324
1318
2180
1221
1219
1578
1795
1670
1336
1604
1888
1287
1590
1449
1226
1679
1595
1487
1660
1741
1336
1512
1643
1455
1389
2674
1240
1363
1305
1230
1847
1427
1347
1937
1542
1220
1785
1291
1523
2235
1356
1374
2162
1243
1244
1248
2034
1417
1309
1800
1877
1271
1588
1832
1230
1240
2079
1249
1207
2433
1349
1363
2057
1386
1246
1225
2022
1827
1318
1416
1790
1306
1856
1689
1228
1229
1855
1438
1184
2221
1327
1295
2052
1255
1511
1227
1868
1821
1334
1435
1947
1262
1598
1805
1245
1368
1658
1256
1418
2428
1349
1331
1980
1247
1216
1410
1994
1564
1317
1735
1974
1260
1611
1900
1225
1223
1989
1239
1171
2672
1341
1311
2155
1398
1242
1529
1929
1393
1410
1680
1421
1300
2052
1264
1229
1655
1823
1262
2067
1637
1333
1937
1437
1391
1593
1223
1535
2299
1348
1186
2316
1416
1313
2028
1302
1236
1947
1393
1180
2487
1327
1286
2232
1234
1268
1617
1913
1435
1375
1373
1849
1172
1419
1925
1466
1152
2035
1127
1393
2551
1221
1246
2272
1461
1132
2722
1122
1117
1732
1614
1308
1600
1785
1564
1522
1281
1759
1537
1465
1986
1489
1368
1453
1219
1549
1247
1983
1715
1371
1538
1622
1268
1724
1616
1384
1385
1865
1243
1520
2234
1342
1330
2077
1244
1219
1397
1814
1668
1343
1512
1973
1280
1380
1801
1221
1552
1832
1235
1547
2325
1327
1312
2136
1508
1276
1241
1953
1420
1414
1554
1542
1582
1677
1581
1240
1225
1885
1268
1542
2061
1395
1587
1851
1234
1203
1282
2128
1627
1432
1511
1543
1291
1664
1692
1518
1248
1860
1419
1192
2352
1347
1360
2056
1227
1235
1412
2047
1567
1427
1357
1771
1295
1640
1726
1217
1228
2100
1248
1213
2645
1342
1336
2197
1218
1248
1256
2159
1541
1344
1859
1554
1284
1879
1449
1391
1656
1383
1376
1668
1923
1316
1457
1990
1396
1379
1228
1655
2335
1330
1166
1982
1278
1388
1901
1265
1232
1982
1290
1507
2232
1325
1331
2042
1242
1232
2831
1279
1538
1429
1236
1497
1637
1612
1724
1294
1530
1673
1342
1490
1952
1428
1329
1932
1262
1232
1245
2139
1481
1405
1783
1605
1552
1729
1610
1216
1379
1810
1238
1515
1956
1324
1603
1902
1259
1529
1243
1708
1777
1346
1515
1921
1269
1413
1982
1415
1253
1906
1295
1195
2505
1348
1311
2001
1254
1216
1553
1861
1748
1340
1329
1870
1264
1492
1841
1413
1223
1958
1261
1202
2590
1331
1346
2163
1238
1216
1583
1774
1515
1370
1905
1604
1285
1629
1439
1242
1684
1704
1273
1802
1887
1309
1341
2021
1407
1247
1220
2257
1617
1440
1382
1558
1426
1929
1574
1241
1385
1977
1246
1533
2021
1353
1330
2013
1565
1222
1232
1839
1582
1332
1698
1838
1246
1540
1721
1520
1238
1968
1257
1165
2481
1328
1310
2185
1509
1230
1230
1992
1583
1319
1662
1556
1280
1934
1283
1364
1389
1415
2086
1190
1585
3028
1323
1245
3301
1264
2679
1632
1237
1322
2495
1239
1262
2429
1289
1237
1218
2033
1242
1182
2571
1544
1321
1826
1673
1235
1225
2023
1266
1343
1813
1220
1403
1987
1266
1228
1675
1324
1528
1945
1107
1608
2168
1276
1367
2003
1231
1371
2196
1329
1179
2836
1329
1340
1908
1233
1231
2243
1255
1193
2394
1370
1393
1898
1280
1249
1756
1239
2484
1403
1227
2363
1238
1327
2066
2125
1206
1452
1749
1226
1776
1578
1325
1868
1573
1223
1231
2040
1234
1310
1849
1234
1432
1897
1324
1451
1412
1315
1822
1558
1151
1983
1378
1263
2006
1562
1227
1906
1709
1342
1483
1759
1266
1798
1602
1247
1419
1704
1238
1853
1894
1333
1374
1937
1236
1536
1233
1216
2460
1318
1189
2396
1267
1300
2100
1538
1229
1873
1407
1382
2195
1320
1308
2211
1534
1223
1227
1996
1535
1324
1593
1876
1263
1457
1954
1234
1220
1949
1246
1375
2315
1332
1342
2086
1384
1257
2815
1265
1285
1671
1275
1547
1579
1372
1799
1566
1268
1406
1270
1483
2062
1431
1335
1601
1232
1732
1227
1770
1962
1332
1457
1607
1255
1747
1834
1236
1261
1815
1517
1456
2073
1387
1315
1984
1229
1231
1534
1797
1602
1322
1470
1943
1263
1492
2015
1246
1223
2378
1250
1177
2446
1328
1352
2094
1285
1237
1379
2017
1644
1364
1763
1573
1291
1770
1562
1204
1543
1939
1260
1526
1767
1326
1336
2125
1294
1224
1564
1978
1534
1335
1652
1710
1286
1813
1869
1243
1239
1910
1263
1561
2241
1330
1314
2224
1267
1239
1258
1859
1576
1427
1467
1750
1270
1709
1785
1390
1244
1976
2507
1203
1315
4459
1366
1252
3557
1263
1235
2471
1820
1339
1451
1792
1288
1585
2148
1235
1256
1882
1431
1183
2218
1342
1364
1904
1335
1237
1138
2383
1440
1423
1639
1567
1319
1843
1501
1224
1429
1724
1428
1392
2319
1364
1340
2040
1254
1229
2847
1534
1563
1725
1261
1240
1270
1314
1449
1559
1537
1887
1509
1247
1878
1400
1366
1952
1241
1232
1519
2025
1531
1367
1729
1721
1250
1776
1785
1205
1264
2145
1255
1192
2365
1330
1330
2088
1404
1233
1226
2039
1633
1325
1818
1840
1261
1576
1810
1232
1220
1929
1258
1393
2217
1356
1325
2144
1255
1260
1211
2179
1706
1347
1652
1698
1256
1895
1449
1255
1238
2011
1291
1238
2340
1358
1336
2025
1259
1233
1275
2140
1517
1375
1676
1558
1339
1831
1600
1331
1307
1959
1281
1529
2304
1344
1335
1944
1304
1268
1256
2161
1392
1452
1723
1542
1287
1886
1486
1402
1501
1812
1268
1483
1996
1359
1455
2029
1253
1247
1295
1858
1951
1375
1233
1927
1314
1490
1874
1318
1270
2079
1233
1184
2590
1365
1304
2218
1272
1240
1311
2059
1574
1328
1714
1763
1314
1662
1334
1299
1532
1489
1388
1747
1803
1337
1778
1740
1304
1293
2735
1304
1525
1672
1271
1532
1559
1628
1336
1256
1245
1954
1273
1222
2502
1368
1367
1979
1305
1234
1298
1944
1633
1376
1504
1752
1287
1786
1709
1310
1350
1978
1346
1222
2396
1358
1309
2098
1251
1228
1317
2084
1676
1356
1580
1781
1358
1742
1769
1224
1231
1753
1395
1360
2033
1345
1368
2119
1249
1253
1455
2008
1723
1388
1541
1728
1296
1761
1376
1261
1763
1504
1262
1744
2011
1320
1425
2048
1248
1437
1436
1842
1740
1324
1621
1689
1283
1789
1535
1214
1335
1934
1352
1445
2341
1324
1305
1994
1312
1244
1313
2288
1361
1434
1692
1312
1388
2176
1296
1238
1474
1782
1271
1735
2166
1354
1411
1857
1344
1243
1293
2056
1619
1350
1641
1660
1298
1702
1631
1476
1468
1740
1527
1477
1938
1321
1330
2091
1262
1435
1227
1965
1661
1357
1549
1946
1253
1513
1871
1237
1271
1844
1355
1218
2380
1367
1332
2050
1261
1246
2924
1250
1233
1339
1285
1363
1519
1951
1381
1338
1537
1816
1393
1345
1867
1361
1457
1926
1335
1343
1234
2058
1587
1335
1717
1770
1290
1643
1749
1222
1362
1771
1327
1507
2145
1348
1367
1977
2056
1644
1300
1668
1931
1451
1207
2062
2792
1778
1324
1449
1519
1445
1667
1366
2378
1775
1321
1656
1368
1247
1556
1880
1825
1552
1221
1782
1324
1438
1533
1433
1955
1641
1285
1789
1623
1343
1670
1581
2066
1639
1328
1829
1287
1224
1869
1469
1603
1668
1450
1518
1265
1628
1595
1341
2087
1350
1331
2006
1361
1229
1250
2182
1361
1324
1822
1647
1299
1932
1702
1251
1230
1926
1285
1372
2302
1356
1326
2089
1232
1231
1386
2074
1673
1357
1621
1740
1284
1637
1900
1280
1255
2025
1386
1209
2279
1433
1242
1925
1295
1313
1147
2228
1603
1448
1387
1796
1297
1707
1658
1372
1252
1669
1838
1225
1924
1437
1462
1922
1387
1213
2765
1250
1550
1721
1533
1322
1572
1590
1594
1358
1253
1804
1559
1265
2120
1424
1370
1941
1268
1254
1260
2110
1669
1389
1584
1789
1252
1723
1762
1169
1282
1808
1179
1457
2191
1244
1396
2008
1409
1129
1131
2142
1716
1225
1596
1910
1190
1668
1778
1123
1343
2252
1156
1235
2729
1213
1201
2177
1152
1242
1243
2071
1795
1223
1440
1798
1287
1449
1921
1234
1145
2271
1130
1078
2837
1219
1232
2331
1136
1136
1412
2164
1532
1298
1953
1322
1403
1781
1451
1395
1567
1497
1416
1685
1729
1266
1693
1749
1232
1595
1106
1857
2038
1222
1348
2160
1169
1526
3080
1100
1122
2196
1269
1075
2571
1235
1283
2257
1388
1106
1415
1766
1702
1243
1413
1991
1309
1406
1915
1135
1141
2344
1366
1108
2505
1215
1225
2323
1292
1130
1371
2069
1618
1274
1654
1580
1164
2022
1162
1283
1644
1712
1237
1657
1969
1254
1519
2084
1255
1251
2676
1176
1266
1255
1540
1712
1272
1675
1643
1189
1277
2161
1148
1338
2490
1204
1252
2273
1254
1143
1315
2180
1558
1465
1346
1901
1261
1397
1999
1234
1245
2224
1246
1198
2637
1348
1321
2139
1407
1222
1286
1995
1524
1339
1683
1572
1262
1892
1570
1345
1366
1910
1249
1378
2403
1351
1325
1981
1280
1246
1257
2127
1547
1393
1851
1547
1271
1757
1707
1220
1375
1812
1273
1405
2357
1324
1343
2085
1275
1228
1568
1664
1624
1356
1517
1812
1300
1379
1967
1260
1260
2134
1297
1173
2588
1335
1351
2058
1800
1348
1304
1807
2050
1647
1201
1806
1981
1467
1287
1829
1814
1761
1378
1683
1384
1482
1643
1528
3127
1927
1327
1572
1321
1220
2017
1413
2777
2042
1301
1389
1253
1218
1884
1352
2250
1660
1366
1683
1241
1246
1387
1817
1830
1406
1349
1976
1277
1386
1929
1372
1981
1789
1392
1576
1869
1450
1335
1613
2442
1975
3297
1410
1543
1575
1435
1520
1348
1852
1733
1555
1245
1260
1233
1233
1835
1705
1463
1751
1683
1285
1520
1922
2048
1824
1360
1552
1383
1407
1855
1271
1794
1738
1323
1776
1858
1338
1423
2013
2280
1609
1312
1829
1222
1222
1695
1547
2791
1757
1286
1369
1214
1366
1999
1400
2426
1779
1335
1718
1239
1219
1374
2101
2106
1658
1179
1667
1415
1378
1768
1369
1781
1648
1295
1586
1642
1482
1544
1815
2109
1618
1310
1746
1362
1306
1853
1364
1468
2050
1386
1258
1262
2042
1320
1224
2402
1409
1395
1964
1385
1254
1239
1959
1558
1339
1555
1735
1308
1507
1859
2201
1267
1375
3019
1190
1148
3019
1342
1254
2180
1252
1279
1933
1548
1355
1695
1364
1316
2057
1413
1232
1667
1618
1386
1574
2142
1335
1333
2108
1244
1528
1222
1903
1506
1343
1930
1842
1374
1457
1632
1528
1555
1459
1520
1488
1679
1419
1402
1934
1564
1256
2682
1277
1224
1354
1182
1518
1471
1584
1827
1249
1234
1965
1242
1197
2593
1348
1329
2040
1402
1235
1231
2153
1402
1326
1924
1371
1258
2094
1501
1240
1832
1569
1302
1756
1960
1344
1342
1994
1369
1364
1244
1814
1646
1315
1621
1734
1246
1764
1841
1220
1388
1804
1266
1368
2273
1367
1320
2174
1237
1254
1213
2112
1550
1355
1634
1686
1262
1764
1688
1225
1291
2005
1364
1178
2517
1354
1344
2068
1272
1253
1450
1917
1388
1354
1834
1511
1305
1877
1556
1216
1487
1799
1399
1633
1708
1351
1457
1779
1382
1383
1258
1960
1731
1349
1614
1802
1310
1664
1857
1242
1357
1896
1292
1363
2348
1225
1209
2452
1124
1127
1540
1840
1535
1212
1597
1867
1165
1679
1811
1259
1121
2305
1283
1075
2625
1213
1232
2108
1440
1291
1127
2036
1804
1207
1586
1917
1291
1667
1711
1234
1274
1713
1565
1256
2091
1244
1319
2104
1278
1148
2836
1132
1354
1227
1481
1678
1207
1784
1616
1128
1686
1770
1161
1704
2162
1200
1271
2249
1265
1252
1435
2072
1390
1210
1916
1821
1149
1885
1461
1120
1623
1829
1119
1632
2365
1223
1220
2317
1272
1123
1406
2172
1643
1204
1695
1430
1283
2203
1447
1131
2031
1661
1550
1482
1937
1447
1358
1700
1298
1229
1256
2109
1555
1415
1477
1684
1320
1783
1528
1236
1402
1954
1292
1565
2195
1348
1309
2079
1251
1234
1247
1955
1681
1339
1454
1968
1284
1488
1717
1377
1219
2041
1381
1199
2448
1343
1371
2045
1236
1232
1386
3078
1270
1342
1985
1377
1267
2146
1264
1216
1709
1623
1379
1679
2064
1346
1454
2005
1242
1233
1372
2088
1759
1334
1499
1784
1264
1638
1809
1214
1407
1740
1168
1520
2357
1195
1286
2231
1414
1203
1243
2310
1574
1197
1658
1936
1177
1671
1705
1381
1421
1778
1391
1356
2373
1220
1211
2165
1284
1071
2846
1101
1199
1144
1815
1539
1312
1860
1692
1235
1563
1739
1127
1503
2385
1222
1452
2111
1286
1088
1260
2160
1430
1240
1974
1442
1141
2009
1488
1383
1349
1886
1135
1598
2302
1218
1524
1995
1112
1452
1166
1957
1716
1195
1674
1828
1160
1716
1780
1143
1267
2280
1173
1293
2515
1216
1195
2323
1247
1093
1659
1939
1738
1209
1559
1874
1148
1702
1534
1385
1668
1419
1333
1615
1767
1251
1620
1917
1237
1680
1128
2091
1536
1213
1819
1723
1151
1845
1752
1125
1323
2001
1162
1470
2319
1236
1253
2304
1270
1141
1285
2141
1695
1216
1770
1565
1279
2019
1691
1137
1136
2119
1146
1056
2911
1201
1201
2506
1156
1117
1353
2139
1434
1193
1907
1503
1279
2005
1434
1261
1634
1666
1123
1791
1919
1223
1593
1974
1126
1689
1120
1858
1779
1228
1564
1885
1193
1715
1648
1122
1396
2192
1120
1352
2315
1215
1261
2526
1316
1240
2698
1249
1526
1459
1456
1532
1327
1397
1676
1536
1525
1447
1272
1226
2342
1347
1388
2024
1274
1243
1364
2200
1537
1350
1900
1382
1342
1846
1644
1263
1363
1968
1248
1482
2113
1337
1329
1957
1500
1251
1229
2057
1546
1416
1546
1831
1285
1839
1429
1260
1514
1803
1249
1392
2249
1323
1380
2002
1236
1357
1220
1859
1765
1323
1525
1770
1406
1374
1908
1348
1240
2151
1242
1174
2600
1359
1336
2108
1387
1219
1329
1982
1656
1332
1607
1648
1323
1956
1540
1250
1413
1712
1409
1392
2394
1346
1325
2061
1304
1251
1264
2223
1429
1424
1687
1620
1311
1832
1422
1232
1639
1640
1116
1847
2064
1230
1371
2128
1151
1332
1349
1894
1801
1238
1405
2060
1221
1431
2077
1144
1129
2410
1155
1071
2818
1203
1206
2445
1381
1135
1387
1926
1659
1236
1812
1503
1178
1881
1310
1379
1436
1673
1523
1661
1763
1252
1575
2047
1264
1260
2543
1134
1259
1235
1615
1681
1310
1661
1716
1249
1258
2054
1259
1389
2314
1264
1229
2231
1252
1253
1246
2028
1563
1243
1859
1604
1306
1921
1704
1145
1249
1939
1167
1296
2562
1221
1222
2299
1309
1112
1392
2119
1658
1232
1702
1660
1177
1885
1549
1101
1815
1636
1415
1367
2046
1373
1219
2039
1253
1262
1250
2173
1586
1195
1665
1789
1327
1690
1762
1267
1343
2225
1308
1211
2366
1375
1370
1857
1515
1255
1207
1962
1796
1363
1509
1671
1263
1605
1926
1228
1216
1965
1303
1169
2586
1332
1333
2173
1230
1218
1532
1824
1485
1318
1897
1584
1534
1639
1664
1230
1376
1664
1385
1792
1750
1231
1505
1852
1285
1604
1116
1931
1731
1199
1548
1931
1144
1726
2044
1102
1277
2055
1109
1436
2454
1222
1226
2303
1118
1377
1403
1841
1672
1229
1699
1864
1153
1887
1532
1142
1525
1787
1178
1432
2409
1211
1195
2478
1127
1109
2969
1130
1103
1264
1818
1557
1164
1897
1767
1131
1489
1806
1399
1587
1951
1219
1326
1957
1465
1131
1107
2307
1656
1180
1804
1568
1268
1950
1702
1146
1427
1937
1153
1490
2172
1215
1391
2126
1106
1429
1287
1888
1652
1186
1633
1851
1443
1261
2064
1257
1121
2240
1140
1101
2726
1241
1241
2328
1120
1394
1443
2123
1436
1213
1933
1399
1172
2203
1181
1378
1701
1760
1397
1288
1916
1229
1754
1910
1151
1627
1102
1647
2018
1262
1450
2063
1164
1483
1877
1255
1233
2126
1433
1279
2357
1222
1192
2329
1301
1102
1827
1617
1677
1622
1374
1860
1569
1246
1645
1750
1117
1527
1715
1455
2032
1296
1341
2138
1147
1397
1115
2223
1838
1186
1601
1765
1424
1668
1532
1116
1647
1617
1347
1550
1939
1407
1447
1615
1515
1273
1153
2034
1811
1224
1488
1971
1145
1513
1950
1121
1271
2127
1128
1262
2491
1232
1238
2320
1124
1288
2683
1158
1559
1452
1274
1657
1598
1600
1462
1530
1562
1703
1555
1261
2026
1469
1343
1796
1267
1235
1382
1944
1398
1356
1960
1392
1289
2115
1260
1232
1632
1632
1381
1887
1802
1337
1484
1905
1262
1366
1228
1794
2049
1340
1371
1841
1398
1406
2086
1238
1216
1976
1262
1185
2531
1343
1358
2391
1246
1267
1250
1773
1583
1423
1328
1854
1400
1322
2000
1527
1233
1921
1273
1192
2427
1349
1341
2098
1289
1239
1380
2049
1566
1330
1905
1397
1283
1803
1404
1371
1419
1786
1479
1401
1802
1390
1522
1863
1225
1379
1221
1941
1892
1363
1474
1926
1294
1621
1720
1238
1398
1748
1251
1404
2501
1335
1321
2130
1230
1253
1512
1700
1514
1419
1381
1925
1286
1558
1941
1241
1216
2093
1495
1245
2277
1348
1339
2039
1378
1235
1232
2015
1409
1352
1826
1570
1424
1841
1422
1234
1455
1767
1246
1798
1711
1326
1579
1555
1377
1664
2690
1255
1258
1680
1476
1569
1591
1385
1508
1559
1296
1704
1570
1477
1984
1455
1350
1978
1327
1223
1266
2058
1622
1419
1462
1757
1289
1732
1639
1220
1248
2024
1533
1261
2411
1360
1322
2032
1222
1216
1401
2168
1615
1321
1546
1998
1281
1524
1512
1362
1385
1701
1451
1414
1972
1378
1339
2134
1243
1385
1213
1857
1690
1321
1590
1829
1342
1722
1686
1246
1217
1964
1289
1383
2323
1345
1314
2117
1266
1256
1353
2042
1552
1388
1701
1689
1262
1838
1418
1245
1456
2094
1333
1198
2380
1367
1390
2066
1243
1255
1367
2124
1437
1416
1722
1539
1299
1822
1626
1235
1390
1821
1241
1375
2225
1338
1324
1971
1423
1227
1237
2039
1694
1334
1580
1562
1398
1850
1409
1364
1442
1991
1240
1387
2253
1380
1301
2093
1252
1220
1235
2017
1872
1336
1449
1971
1252
1624
1670
1350
1349
1707
1417
1446
2257
1370
1359
2003
1270
1228
3013
1283
1588
1444
1305
1220
1306
1643
1747
1370
1553
1701
1518
1497
1630
1425
1360
1908
1417
1253
1243
2021
1422
1356
1880
1539
1274
2196
1452
1235
1364
1822
1296
1398
2252
1351
1331
2017
1379
1242
1261
2083
1740
1408
1465
1787
1279
1527
1779
1243
1231
2226
1261
1199
2451
1379
1292
2090
1532
1228
1248
2152
1852
1432
1182
1410
1581
1629
1598
1204
1575
1511
1407
1411
2180
1338
1445
1959
1236
1223
1496
1933
1539
1332
1657
1751
1268
1703
1776
1299
1364
1674
1289
1401
2368
1343
1323
2130
1251
1257
1450
2049
1534
1420
1578
1580
1314
1718
1772
1379
1239
1876
1521
1218
2478
1209
1276
2002
1297
1106
1245
2277
1672
1233
1686
1550
1143
2307
1438
1117
1781
1741
1179
1384
2284
1202
1216
2332
1837
1218
1170
2096
1135
1117
2325
1475
1459
1881
1274
1508
1238
1906
1248
1232
2554
1200
1192
2383
1307
1264
2741
1149
1605
1669
1558
1972
1584
1376
1613
1614
1541
1696
1336
1520
1864
1815
1587
1342
1576
1565
1526
1578
1339
1703
1584
1583
1594
1663
1595
1575
1533
1712
1316
1229
1833
1357
1332
1859
1298
1304
1316
2272
1510
1381
1635
1801
1282
1716
1717
1234
1269
1881
1280
1313
2503
1365
1366
2025
1221
1233
1557
1811
1694
1351
1576
1891
1262
1639
1582
1340
1388
2001
1240
1174
2494
1328
1355
2173
1257
1232
1442
1922
1531
1430
1742
1551
1344
1539
1708
1251
1363
2010
1285
1561
2100
1355
1364
1901
1357
1232
1256
2147
2464
1356
1185
2144
1284
1324
2059
1258
1248
2040
1264
1186
2607
1336
1339
2169
1270
1250
1617
1823
1524
1444
1488
1550
1284
1815
1875
1248
1232
1653
1383
1368
1944
1407
1314
2206
1231
1239
1124
2182
1625
1204
1792
1949
1165
1647
1288
1481
1416
1798
1350
1675
1547
1584
1491
1693
1198
1594
2529
1117
1416
1157
1333
2098
1170
1432
2022
1287
1127
2388
1134
1072
2906
1473
1383
1778
1247
1228
1245
2004
1847
1342
1322
1964
1252
1481
1856
1246
1246
2014
1261
1195
2705
1361
1360
2234
1233
1246
1342
1843
1531
1349
1745
1632
1270
1850
1600
1224
1354
1899
1305
1498
2359
1343
1344
2071
1358
1248
1254
1953
1522
1362
1687
1827
1264
1881
1533
1225
1539
1719
1260
1576
2077
1322
1347
2074
1222
1515
1225
1888
1708
1305
1535
1915
1274
1357
1923
1512
1251
2077
1272
1171
2443
1330
1355
2059
1363
1233
1254
2225
1407
1415
1696
1573
1281
1817
1419
1245
1506
1934
1234
1545
2160
1345
1601
1955
1255
1218
1244
2072
1416
1373
1763
1666
1277
1712
1521
1218
1630
1768
1270
1456
2311
1355
1345
2020
1236
1221
1451
1966
1793
1431
1373
2100
1337
1327
1585
1250
1222
2016
1237
1184
2825
1325
1396
1950
1383
1247
2783
1264
1244
1341
1351
1533
1281
2013
1415
1238
1498
1869
1253
1592
2012
1333
1498
2133
1248
1232
1277
1797
1767
1327
1590
1970
1248
1547
1901
1230
1226
1854
1280
1683
2133
1320
1325
1927
1232
1379
1272
1958
1728
1312
1598
1803
1261
1371
1885
1246
1233
2235
1249
1212
2598
1346
1311
2190
1247
1209
1232
2175
1529
1339
1582
1591
1263
1857
1292
1504
1634
1395
1392
1645
1709
1477
1514
2073
1246
1464
1351
1784
1776
1330
1671
1786
1266
1508
1681
1457
1229
1972
1260
1509
2201
1319
1347
2216
1232
1237
1235
2062
1763
1329
1560
1747
1266
1670
1797
1224
1220
2047
1238
1162
2606
1337
1305
2194
1252
1230
1495
1955
1416
1334
1905
1385
1277
1907
1589
1227
1544
1757
1245
1541
1964
1361
1520
2029
1226
1628
1260
3001
1225
1352
3363
1359
1290
3443
1276
1223
2036
1517
1216
2623
1119
1363
1757
1663
1243
1232
2684
1240
1217
1350
1174
1213
1447
2736
1282
1352
1611
1411
1404
1392
1950
1548
1358
1797
1502
1545
1204
1667
1871
1329
1382
1832
1262
1611
1790
1247
1245
1926
1266
1507
2015
1347
1577
1891
1232
1211
1246
2093
1772
1446
1350
1900
1290
1404
1677
1374
1248
2130
1247
1372
2338
1361
1361
1986
1257
1248
1310
1900
1693
1232
1565
1807
1296
1729
1601
1266
1260
2185
1271
1248
2583
1217
1206
2264
1115
1245
1534
2103
1733
1223
1632
1713
1147
1712
1556
1244
1681
1607
1264
1525
2269
1208
1226
2322
1264
1088
1242
2172
1559
1217
1862
1801
1158
1904
1559
1104
1633
1756
1149
1897
2030
1239
1484
1987
1131
1248
1265
2027
1674
1223
1485
1996
1259
1271
2111
1128
1114
2417
1145
1076
2725
1224
1198
2666
1150
1149
1347
2184
1404
1429
1635
1579
1550
1661
1401
1331
1462
1500
1554
1779
1647
1436
1459
1858
1231
1560
2681
1261
1262
1336
1176
1884
1545
1480
1876
1237
1232
1931
1375
1177
2349
1343
1310
2044
1266
1207
1504
1821
1510
1331
1898
1647
1268
1797
1599
1363
1369
1911
1265
1183
2520
1347
1379
2034
1254
1222
1469
2075
1396
1492
1906
1414
1273
1824
1961
1223
1347
1690
1355
1392
2166
1323
1337
1948
1392
1231
1224
1902
1684
1353
1523
1751
1437
1545
1704
1368
1221
1939
1316
1541
2146
1330
1333
2052
1231
1210
1401
1832
1637
1354
1676
1660
1275
1615
1832
1359
1231
2109
1243
1193
2527
1334
1324
2086
1387
1229
1244
2664
1233
1312
2027
1229
1253
2272
1281
1226
1673
1525
1404
1781
1736
1392
1655
1744
1251
1567
1216
1984
1874
1314
1450
1963
1247
1481
1758
1225
1399
1943
1119
1079
2745
1195
1227
2425
1124
1117
1655
1805
1627
1191
1614
2143
1175
1425
1887
1122
1371
1822
1412
1284
2234
1237
1203
2388
1386
1133
2766
1166
1151
1249
1591
1528
1275
1885
1490
1238
1524
1764
1294
1502
2082
1207
1472
1961
1274
1333
1131
2267
1531
1204
1738
1681
1181
1934
1704
1236
1488
1800
1294
1671
2360
1209
1219
2056
1238
1223
1244
2268
1457
1222
1913
1608
1514
1529
1581
1363
1381
1859
1244
1296
2553
1251
1186
2251
1239
1328
1563
2082
1397
1440
1718
1463
1307
1838
1586
1238
1541
1581
1231
1647
1912
1336
1464
1836
1417
1531
1202
1747
2178
1337
1186
1998
1407
1403
1918
1224
1211
2253
1246
1183
2592
1317
1315
2041
1233
1237
1357
1914
1802
1314
1341
1847
1424
1365
1820
1257
1234
2152
1266
1192
2674
1344
1348
2096
1357
1248
1218
2040
1399
1324
1826
1638
1394
1725
1461
1350
1375
1581
1360
1574
1935
1351
1477
1878
1375
1387
1227
1984
1712
1314
1439
1997
1254
1656
1503
1486
1366
1921
1251
1182
2449
1345
1305
2134
1237
1247
2988
1534
1568
1665
1493
1283
1313
1316
1276
1276
1246
1793
1365
1352
2258
1374
1391
2084
1225
1239
1489
2099
1269
1418
1949
1256
1310
2116
1422
1261
1393
1725
1305
1647
2178
1352
1360
2080
1319
1240
1220
2016
1486
1352
1777
1848
1254
1664
1565
1215
1377
2008
1251
1484
2322
1336
1320
2006
1572
1224
1237
2104
1566
1342
1574
1739
1464
1382
1830
1353
1251
2065
1281
1132
2472
1200
1217
2299
1262
1077
1409
2175
1746
1208
1531
1604
1339
1959
1286
1255
1443
1778
1497
1400
2150
1205
1525
1966
1141
1390
1423
2117
1424
1239
1918
1744
1178
1843
1518
1279
1490
1749
1152
1491
2305
1201
1375
2263
1234
1126
1247
2354
1488
1195
1682
1904
1177
1682
1916
1114
1125
2140
1139
1258
2624
1231
1223
2376
1131
1283
1399
2153
1633
1219
1638
1856
1294
1712
1499
1133
1682
1890
1172
1397
2145
1203
1345
2170
1277
1122
2670
1139
1232
1203
1843
1559
1171
1919
1554
1134
1504
2029
1144
1429
2303
1224
1203
2352
1107
1240
1258
2149
1581
1226
1803
1621
1284
1735
1638
1254
1244
2312
1122
1247
2601
1217
1194
2284
1122
1262
1417
2238
1383
1216
2072
1550
1321
1694
1710
1483
1495
1679
1237
1382
2394
1343
1334
2186
1233
1223
1346
1938
1756
1345
1732
1642
1289
1565
1772
1231
1505
1919
1240
1481
2048
1340
1308
2255
1365
1234
1231
1945
1469
1455
1557
1717
1396
1487
1792
1388
1218
2006
1261
1191
2445
1345
1306
2101
1376
1219
1243
2124
1545
1326
1729
1601
1503
1635
1477
1354
1363
1789
1390
1691
1995
1340
1343
1963
1347
1355
1231
2049
1554
1346
1684
1603
1269
2063
1524
1207
1269
2014
1245
1532
2196
1366
1349
1883
1360
1259
1242
1952
1912
1337
1380
1972
1251
1567
1748
1375
1226
1922
1378
1353
2292
1346
1355
1979
1240
1226
3080
1257
1223
1359
1325
1902
1338
1360
1765
1264
1367
1879
1367
1356
2356
1351
1324
2055
1248
1249
1219
2070
1403
1338
1867
1505
1263
2130
1391
1268
1522
1987
1246
1494
2064
1335
1330
1999
1390
1220
1216
2163
1504
1336
1668
1737
1521
1484
1660
1368
1238
1954
1293
1191
2549
1360
1356
2159
1380
1229
1241
2125
1365
1332
1884
1425
1291
1904
1464
1347
1398
1814
1407
1407
2052
1322
1460
1934
1254
1377
1211
1903
1956
1322
1289
1984
1273
1639
1607
1242
1359
1970
1262
1348
2351
1318
1364
2188
1232
1233
1706
1648
1624
1550
1332
1975
1389
1370
1773
1352
1222
1778
1448
1356
2435
1335
1339
2020
1355
1248
1226
2053
1759
1318
1473
1535
1340
1979
1732
1240
1240
2096
1155
1275
2549
1231
1207
2369
1192
1098
1225
2220
1549
1198
1847
1802
1159
1688
1649
1399
1214
1760
1201
1667
2172
1203
1462
2138
1136
1361
2803
1127
1114
1193
1416
1864
1163
1700
2101
1229
1120
2094
1392
1068
2472
1221
1228
2379
1257
1115
1386
2334
1384
1217
2029
1331
1175
2191
1177
1260
1698
1642
1306
1697
1965
1241
1367
2172
1146
1374
1467
2002
1567
1198
1849
1794
1156
1968
1522
1098
1526
1880
1284
1677
2101
1217
1218
2300
1271
1113
1248
2015
1814
1212
1602
1765
1394
1515
1886
1117
1245
2026
1120
1635
2196
1204
1315
2542
1108
1114
1281
2110
1452
1221
1910
1770
1249
1705
1771
1228
1214
1932
1246
1704
1984
1223
1290
2244
1160
1264
1261
2356
1433
1198
1976
1551
1146
2108
1441
1114
1507
1775
1166
1610
2373
1210
1208
2264
1141
1217
1665
1666
1642
1249
1578
1954
1182
1473
2025
1245
1110
2413
1138
1062
2819
1206
1200
2514
1249
1215
1438
2221
1398
1225
1814
1993
1157
1608
1678
1104
1384
1807
1365
1686
1839
1235
1366
2308
1386
1253
2773
1283
1290
1413
1456
1469
1263
1936
1520
1237
1254
2042
1280
1331
2266
1369
1397
2101
1277
1233
1248
1959
1449
1440
1532
1801
1305
1471
1917
1239
1264
2130
1277
1183
2578
1338
1460
1961
1218
1363
1374
2020
1522
1327
1760
1431
1283
2052
1320
1229
1404
1785
1452
1385
2013
1338
1569
1959
1236
1460
1217
1906
1845
1370
1301
1859
1284
1624
1708
1245
1367
1899
1283
1500
2317
1481
1372
2174
1266
1228
1225
2025
1504
1518
1361
1842
1309
1513
1987
1233
1253
2013
1250
1205
2602
1345
1339
2185
1409
1237
1228
1963
1502
1365
1714
1483
1281
2025
1464
1247
1507
1716
1182
1737
1702
1380
1793
1481
1270
1814
1120
1582
2580
1204
1045
2243
1310
1193
2155
1240
1119
2202
1301
1049
2611
1193
1209
2402
1211
1104
1375
2179
1647
1197
1718
2082
1157
1347
1867
1231
1136
2244
1240
1094
2607
1228
1190
2278
1236
1103
2792
1129
1252
1199
1824
1578
1236
2080
1264
1388
1709
1647
1395
1554
1794
1219
1424
2145
1360
1278
1233
2279
1634
1193
1587
1781
1153
1723
1605
1112
1554
1957
1111
1580
2387
1197
1270
2360
1407
1129
1189
2107
1617
1187
1624
1913
1195
1594
1803
1208
1099
2304
1194
1167
2691
1226
1216
2302
1195
1121
1377
2211
1582
1190
1807
1684
1226
2078
1222
1188
1745
1581
1191
1716
1668
1210
1693
1839
1191
1670
1157
1860
1833
1251
1502
1777
1378
1741
1823
1254
1174
2011
1281
1075
2707
1210
1145
2357
1822
1224
1297
1897
1200
1122
2145
1380
1849
1573
1230
1503
1104
1898
1649
1210
2397
1222
1235
2224
1191
1180
1671
2015
1536
1192
1675
1720
1150
1932
1690
1188
1581
1682
1341
1499
2011
1348
1256
2266
1156
1221
1356
2120
1808
1208
1542
1886
1161
1628
1937
1141
1247
1779
1171
1604
2226
1204
1348
2175
1163
1398
2546
1117
1237
1220
1799
1526
1451
1584
1786
1361
1134
2074
1159
1057
2526
1221
1269
2044
1402
1244
1125
2271
1365
1209
2020
1408
1157
2239
1175
1415
1775
1716
1116
1632
2232
1210
1464
2059
1133
1120
1118
2238
1999
1299
1342
1910
1169
1687
1798
1244
1423
1857
1140
1420
2300
1212
1350
2280
1272
1191
1374
1927
1814
1231
1340
1935
1172
1401
2090
1119
1141
2351
1252
1204
2521
1207
1212
2334
1805
1224
1182
1989
1130
1109
2277
1221
1743
1827
1172
1660
1112
1827
1615
1177
2211
1652
1199
1806
1614
1200
1123
2222
2910
1210
1076
2398
1267
1191
2150
1129
1115
2354
1161
1187
2831
1442
1443
1788
1246
1254
1248
2305
1325
1413
1585
1759
1290
1525
1871
1236
1231
1983
1148
1098
2701
1217
1263
2261
1197
1457
1206
2219
1430
1220
2038
1343
1145
2165
1160
1416
1686
1647
1209
1827
1574
1222
1897
1531
1203
1944
2573
1136
1235
1238
1161
2180
1149
1444
2061
1188
1128
2515
1119
1082
2731
1239
1257
2390
1277
1248
1230
2008
1731
1450
1349
1714
1295
1588
1809
1300
1221
2041
1237
1213
2643
1346
1355
2078
1327
1211
1422
2150
1768
1454
1500
1584
1307
1676
1568
1240
1587
1587
1407
1671
1849
1349
1397
2029
1296
1325
1239
2096
1731
1434
1306
1756
1363
1589
1692
1233
1320
2070
1250
1334
2486
1339
1332
2050
1231
1242
1581
1756
1543
1322
1788
1815
1255
1526
1965
1448
1248
1783
1510
1178
2302
1325
1303
2079
1362
1217
1359
2152
1451
1333
1894
1379
1254
1960
1278
1344
1547
1848
1245
1531
1920
1341
1469
1871
1230
1506
1269
1754
1852
1372
1474
2095
1284
1347
1777
1384
1358
1953
1254
1191
2457
1331
1366
2190
1231
1236
1233
2099
1621
1325
1780
1853
1276
1471
1721
1211
1223
1898
1392
1163
2394
1325
1336
2227
1219
1244
2806
1257
1238
1319
1370
1539
1382
2076
1377
1227
1498
1723
1281
1584
1960
1506
1470
1514
1356
1442
1255
1866
1724
1338
1579
1758
1281
1627
1910
1216
1282
2085
1277
1273
2414
1346
1367
2013
1256
1316
1248
2058
1543
1329
1654
1619
1388
1891
1427
1226
1435
2113
1263
1187
2492
1358
1365
2034
1242
1215
1366
2114
1526
1331
1633
1634
1267
1931
1604
1235
1355
1827
1290
1506
2155
1358
1343
1866
1371
1234
1240
2006
1796
1341
1498
1805
1309
1846
1580
1380
1222
1888
1430
1365
2256
1316
1350
2191
1227
1249
1227
2142
1470
1330
1855
1534
1373
1807
1619
1241
1414
1877
1264
1374
2516
1314
1362
2277
1231
1246
1230
2033
1385
1351
1820
1411
1254
2062
1264
1488
1556
1503
1485
1725
1546
1373
1908
1551
1261
1641
1247
1931
1947
1328
1296
1965
1256
1584
1712
1263
1225
1873
1355
1181
2583
1316
1338
2256
1284
1261
2707
1286
1542
1450
1505
1549
1326
1347
1444
1216
1250
1990
1287
1371
2367
1355
1342
2043
1375
1260
1328
2071
1378
1361
2016
1352
1272
1995
1383
1245
1516
2109
1274
1364
2080
1376
1391
1882
1518
1264
1223
2089
1392
1433
1564
1701
1275
1636
1632
1475
1222
1969
1275
1395
2393
1353
1370
2025
1231
1353
1236
2096
1606
1436
1592
1478
1266
1551
1831
1368
1239
2086
1276
1230
2504
1360
1323
2024
1382
1229
1274
2240
1373
1443
1591
1404
1425
1824
1388
1368
1523
1790
1367
1453
2096
1364
1352
1810
1386
1250
1226
2104
1883
1432
1520
1690
1301
1480
1870
1226
1238
1926
1279
1499
2426
1331
1346
2063
1229
1264
1466
1668
1818
1332
1375
1736
1413
1689
1811
1214
1228
2039
1241
1206
2552
1340
1331
2089
1240
1228
1508
1960
1395
1318
1911
1645
1252
1782
1265
1378
1701
1652
1547
1485
1827
1457
1352
1563
1561
1552
2696
1291
1255
1399
1211
1417
1266
1887
1878
1514
1279
1411
1585
1295
2128
1491
1362
1845
1247
1225
1241
1974
1644
1346
1651
1526
1455
1850
1587
1230
1424
1845
1241
1373
2454
1359
1325
2188
1227
1250
1378
2021
1833
1337
1616
1563
1294
1645
1763
1240
1358
1719
1394
1630
1701
1388
1455
1928
1368
1380
1244
1811
1767
1315
1594
1826
1399
1538
1962
1547
1530
1676
1291
1482
2021
1439
1351
1817
1269
1171
1382
1885
1573
1274
1817
1640
1493
1562
1629
1520
1242
1944
1240
1225
2443
1330
1324
2073
1368
1203
1269
2761
1259
1326
2392
1249
1252
2038
1250
1232
1601
1729
1367
1771
1756
1347
1639
1870
1227
1357
1220
1893
1939
1349
1425
1951
1264
1506
1723
1218
1259
2175
1284
1082
2669
1237
1206
2547
1293
1259
1226
2013
1586
1450
1513
1907
1301
1440
1675
1349
1364
1696
1377
1400
2301
1342
1388
1949
1274
1250
2817
1229
1229
1344
1646
1389
1276
1811
1424
1252
1455
1964
1251
1388
2313
1335
1320
2227
1380
1241
1226
1926
1550
1315
1801
1897
1282
1796
1532
1229
1545
1805
1238
1385
2168
1322
1445
1951
1277
1514
1239
1862
1669
1312
1550
1677
1284
1691
1759
1216
1247
2134
1238
1184
2574
1358
1301
2126
1222
1230
1545
1948
1743
1331
1545
1708
1405
1773
1404
1375
1374
1887
1365
1379
2379
1354
1334
2001
1230
1221
1364
2047
1526
1328
1844
1576
1273
1791
1482
1236
1515
1868
1247
1437
2413
1318
1345
2143
1510
1206
1216
1856
1773
1311
1518
1866
1289
1474
1823
1234
1229
2083
1252
1168
2789
1319
1311
2113
1508
1265
1278
1862
1377
1335
1857
1512
1560
1897
1538
1216
1532
1775
1265
1351
2327
1346
1331
2096
1217
1230
1236
1994
1465
1312
1737
1683
1260
1810
1419
1370
1362
1850
1248
1530
2240
1351
1351
2029
1255
1365
2669
1261
1299
1660
1451
1290
1307
1311
1722
1370
1259
2140
1245
1209
2535
1383
1320
2062
1249
1223
1502
1938
1529
1334
1790
1394
1288
1966
1610
1213
1499
1785
1281
1573
1970
1343
1360
2049
1335
1228
1523
1780
1616
1333
1812
1730
1309
1449
1757
1233
1374
1895
1290
1488
2447
1354
1313
2149
1239
1263
1229
1847
1562
1357
1576
1736
1405
1437
2000
1569
1526
1670
1331
1479
1958
1435
1386
2013
1242
1229
1229
2100
1439
1440
1838
1381
1452
1668
1406
1412
1394
1642
1588
1396
1949
1414
1465
1839
1222
1376
1250
2019
1725
1347
1537
1757
1417
1724
1464
1392
1398
1902
1264
1389
2423
1354
1322
2063
1272
1250
1362
1807
1537
1325
1658
2009
1269
1346
1886
1387
1225
2024
1394
1190
2350
1344
1344
2258
1254
1257
1220
2090
1534
1325
1810
1650
1251
1734
1588
1242
1385
1718
1307
1602
1990
1327
1558
1946
1290
1225
2671
1277
1289
1678
1475
1515
1345
1444
1734
1550
1529
1669
1291
1482
1958
1454
1361
1783
1233
1526
1227
1856
1545
1345
1638
1623
1271
1849
1869
1242
1231
1851
1275
1389
2542
1375
1330
1933
1225
1215
1390
2232
1371
1348
1846
1674
1259
1954
1426
1239
1451
2056
1250
1516
2362
1377
1351
1904
1243
1224
1228
2024
1731
1355
1643
1569
1260
1735
1768
1264
1446
1646
1286
1525
2204
1341
1377
1977
1572
1216
1247
2012
1558
1325
1512
1799
1289
1431
1835
1415
1247
2005
1238
1183
2749
1335
1329
2105
1488
1146
1127
2115
1452
1223
1907
1801
1153
1985
1378
1099
1623
1760
1170
1690
2276
1236
1483
2066
1311
1143
1214
2112
1506
1196
1813
1714
1146
1869
1719
1233
1392
2089
1316
1523
2165
1200
1220
2253
1668
1187
1180
2040
1688
1198
1604
1893
1704
1272
1653
1798
1115
1590
1483
1215
2066
1441
1246
2112
1225
1200
2628
1124
1434
1213
1773
1459
1267
1987
1381
1337
1768
1663
1196
1748
1793
1215
1342
1834
1496
1218
1112
2091
1847
1219
1549
1851
1148
1728
1762
1150
1251
2230
1130
1482
2728
1217
1249
2206
1111
1141
1315
2321
1511
1421
1576
1794
1295
1535
1950
1231
1312
2029
1247
1205
2341
1358
1320
2236
1236
1257
1219
2076
2880
1342
1218
3225
1268
1306
3017
1256
1263
2437
1262
1209
2882
1390
1353
2337
1251
1217
1240
2147
1478
1361
1606
1869
1280
1607
1629
1375
1371
1737
1372
1383
2312
1350
1314
2157
1238
1635
1244
1854
1945
1325
1407
1826
1407
1738
1758
1500
1227
1729
1523
1185
2261
1333
1321
2117
1244
1222
1515
2030
1585
1338
1696
1520
1292
1827
1642
1216
1614
1759
1125
1552
2316
1219
1400
2092
1284
1128
1300
2091
1732
1202
1612
2128
1167
1433
1835
1111
1550
1792
1143
1744
2292
1197
1199
2227
1314
1147
2669
1142
1163
1705
1430
1878
1578
1610
1565
1311
1537
1722
1535
1237
1707
1402
1364
2139
1226
1267
1236
2088
1428
1363
1848
1390
1436
1949
1442
1228
1564
1829
1288
1413
1988
1331
1469
1805
1398
1455
1596
1659
1905
1418
1235
1748
1324
1554
1893
1226
1245
2107
1240
1230
2405
1366
1329
2136
1236
1239
1505
1805
1743
1337
1465
1853
1281
1632
1796
1215
1524
1635
1263
1580
2228
1332
1327
1999
1272
1255
1378
2108
1378
1346
1860
1407
1274
2071
1448
1225
1559
1873
1529
1497
1965
1355
1315
2029
1391
1241
1376
2130
1468
1343
1791
1565
1416
2019
1423
1235
1395
1846
1269
1416
2344
1328
1343
2060
1262
1245
1389
1885
1570
1322
1738
1737
1267
1418
2047
1520
1240
1739
1430
1166
2437
1335
1321
2136
1402
1257
1230
1984
1646
1329
1669
1625
1266
2052
1579
1520
1284
1761
1539
1234
1738
1438
1335
1871
1273
1375
2682
1270
1237
1340
1436
1679
1284
1646
1690
1368
1355
2071
1288
1178
2487
1381
1332
2052
1266
1232
1443
1735
1593
1340
1713
1791
1271
1390
2004
1235
1231
2024
1395
1252
2405
1410
1317
2206
1408
1282
1269
1854
1424
1378
1766
1576
1289
1964
1531
1261
1387
1703
1286
1754
1820
1322
1703
1791
1235
1536
1218
1651
1989
1358
1196
2127
1270
1407
1917
1222
1232
2108
1434
1176
2469
1335
1404
1961
1232
1407
1255
1914
1686
1320
1501
1711
1423
1798
1698
1237
1235
1968
1415
1175
2386
1349
1326
1947
1253
1255
1255
2307
1469
1349
1808
1375
1275
2195
1260
1226
1691
1576
1388
1657
1918
1365
1554
1716
1577
1589
1525
1300
1904
1486
1201
1865
1294
1324
2132
1226
1247
2080
1281
1196
2438
1366
1393
2548
1248
1228
2015
1395
1393
2916
1202
1392
2848
1305
1273
2629
1233
1328
2174
1558
1387
1536
1340
1581
1317
1562
2716
1277
1247
1694
1466
1645
1303
1346
1868
1709
1249
1850
1720
1200
2094
1358
1386
2587
1402
1228
1269
2055
1250
1356
2022
1219
1268
2168
1261
1239
1690
1336
1525
1814
1136
1666
1935
1246
1248
2073
1234
1393
2392
1337
1218
2019
1279
1295
2082
1214
1225
2208
1244
1183
2553
1357
1325
2227
1225
1236
1220
1239
2408
1347
1191
2054
1329
1307
2063
1255
1216
1941
1250
1192
2999
1346
1329
1985
1663
1236
1251
1919
1269
1340
1949
1223
1265
2322
1267
1228
1771
1318
1410
1794
1145
1402
2060
1274
1391
1926
1234
1384
2389
1337
1163
2156
1255
1301
2167
1282
1296
2777
1260
1188
2504
1321
1374
2043
1406
1231
1229
2015
1418
1315
1611
1915
1286
1427
1855
1373
1237
2071
1232
1198
2543
1320
1293
2249
1221
1215
1397
2170
1461
1448
1692
1387
1423
2062
1263
1218
1605
1656
1389
1603
1906
1365
1664
1805
1230
1389
2676
1269
1227
1347
1203
1896
1250
1511
1875
1522
1224
1928
1243
1189
2516
1342
1405
1984
1284
1261
1363
1898
1735
1345
1522
1946
1275
1502
1954
1218
1242
1934
1246
1177
2898
1338
1311
1880
1563
1257
1230
1881
1574
1230
1766
1556
1462
2058
1460
1153
1267
1770
1180
1682
1832
1226
1842
1633
1253
1513
1118
1895
2084
1197
1317
2328
1189
1225
2069
1095
1127
2368
1146
1098
2673
1249
1248
2263
1123
1302
1301
2153
1527
1443
1368
1840
1409
1356
1806
1319
1229
2215
1504
1232
2213
1361
1314
2086
2461
1216
1261
4092
1239
1351
3228
1219
1283
2223
1648
1222
1404
1856
1413
1202
2604
1350
1353
2117
1248
1244
1220
1971
1831
1331
1482
1684
1187
1754
1591
1122
1531
1937
1179
1538
2439
1213
1216
2371
1237
1123
1271
2197
1525
1226
1638
1845
1165
1677
1885
1132
1248
2023
1296
1243
2396
1250
1258
2195
1283
1109
2712
1115
1612
1214
1611
1758
1141
1583
1866
1339
1110
1910
1304
1254
2337
1252
1319
2179
1260
1232
1137
2329
1457
1195
1959
1551
1144
2048
1603
1116
1578
1694
1177
1649
2311
1224
1501
1970
1137
1264
1243
2456
1681
1194
1624
1733
1197
1883
1545
1253
1305
2300
1161
1070
2702
1234
1189
2354
1158
1106
1429
2254
1427
1283
1879
1565
1155
1907
1609
1110
1700
1642
1255
1706
2275
1217
1211
2243
1105
1116
1396
2152
1652
1184
1860
1594
1190
1947
1589
1265
1267
1881
1251
1689
2343
1192
1214
2256
1252
1107
1249
2121
1807
1223
1626
1702
1310
1593
1686
1113
1280
2299
1148
1391
2575
1198
1191
2606
1105
1147
1297
2078
1656
1194
1690
1570
1489
1694
1770
1101
1287
2044
1165
1676
2191
1213
1216
1955
1378
1438
1108
2039
1628
1218
1646
1854
1155
1647
1652
1255
1676
1779
1315
1265
2329
1201
1394
2087
1156
1406
2818
1095
1069
1201
1336
1992
1291
1603
1885
1375
1095
2130
1427
1384
2261
1151
1262
2439
1117
1111
1480
2200
1416
1254
2150
1274
1179
2244
1167
1115
1796
1873
1144
1847
2232
1281
1257
2035
1267
1113
1266
1996
1691
1217
1393
2075
1187
1443
2020
1095
1271
2261
1137
1057
2813
1202
1187
2343
1134
1372
1291
2112
1553
1209
1648
1918
1176
1650
1709
1382
1283
2019
1162
1326
2481
1213
1226
2309
1431
1106
1425
1877
1608
1218
1717
1703
1158
1869
1640
1253
1239
2112
1344
1271
2454
1245
1201
2283
1275
1103
1383
2197
1670
1257
1693
1685
1155
1943
1482
1244
1525
1653
1159
1877
2034
1201
1402
2178
1122
1273
1332
2245
1472
1411
1369
1916
1305
1519
1882
1230
1234
2115
1514
1210
2274
1335
1356
2083
1381
1264
1220
1853
1838
1329
1405
1853
1401
1446
1742
1276
1387
1837
1241
1524
2261
1350
1334
1936
1544
1214
2671
1254
1224
1331
1440
1468
1601
1515
1634
1387
1249
2020
1266
1543
2210
1331
1344
2085
1230
1235
1259
2111
1709
1425
1479
1755
1308
1674
1443
1238
1256
2087
1241
1223
2661
1356
1351
2067
1284
1247
1536
1944
1594
1330
1674
1544
1268
1899
1305
1208
1877
1640
1285
1504
2020
1343
1647
1847
1243
1391
1231
2012
1560
1335
1597
1675
1581
1509
1743
1405
1386
1829
1283
1373
2355
1335
1379
1868
1234
1234
1376
1941
1794
1313
1492
1821
1395
1447
1692
1379
1245
2054
1263
1197
2604
1325
1321
2057
1224
1226
1398
2077
1402
1352
1923
1372
1244
2223
1272
1206
1616
1668
1501
1701
1702
1342
1468
1949
1238
1368
1214
1996
1706
1353
1484
1874
1283
1793
1501
1481
1263
1916
1282
1187
2501
1341
1342
2200
1288
1225
1603
1567
1803
1447
1340
1939
1305
1496
1556
1205
1225
2139
1238
1214
2658
1354
1351
1900
1412
1227
2678
1241
1235
1343
1387
1544
1403
1732
1605
1263
1371
2033
1191
1401
2565
1348
1266
1762
1454
1136
1103
2265
1501
1223
1904
1513
1177
1996
1400
1486
1700
1693
1204
1684
1985
1290
1291
1981
1956
1414
1215
2031
1202
1141
1829
1508
1815
1488
1334
1821
1166
1612
1819
1288
2138
1422
1235
2129
1280
1120
1266
2234
1686
1384
1448
1815
1322
1673
1649
1157
1509
1978
1233
1458
2311
1271
1164
2294
1799
1315
1178
2191
1171
1161
2237
1499
1576
1835
1341
1394
1147
1805
1462
1261
2988
1426
1285
2131
1176
1144
1424
2042
2088
1488
1106
2118
1379
1217
2071
1293
1120
2234
1234
1264
2653
1299
1224
2227
1780
1316
1238
2047
1647
1242
1710
1464
1680
1826
1234
1548
1520
1466
1842
1409
1550
1456
1591
1709
1824
1221
1196
2204
1735
1260
1588
1684
1716
1353
1417
1639
1337
1523
1717
1486
1790
1429
1291
2026
1798
1224
2657
1228
1145
1723
1495
1624
1317
1676
1667
1602
1525
1436
1584
1488
1716
1763
1665
1580
1574
1444
1530
1280
1544
1322
1454
1285
1269
2008
1286
1217
1666
1742
1295
1574
2259
1300
1321
1997
1710
1262
1189
2121
1619
1207
1748
1601
1504
1584
1577
1538
1208
1823
1443
1206
2417
1254
1207
2343
1665
1276
1215
2001
1699
1211
1547
1882
1980
1293
1325
1957
1168
1494
1978
1111
1994
1369
1248
2104
1243
1156
1377
2095
1728
1284
1544
1629
1317
1799
1305
1407
2035
1385
1314
1680
1725
1271
1710
1930
1804
1434
1238
2073
1156
1159
2291
1323
1470
2052
1220
1455
1116
2083
1165
1337
2721
1396
1203
2117
1171
1186
1561
1805
2107
1553
1144
1993
1190
1310
2080
1441
1359
2121
1263
1274
2350
1267
1224
2319
1512
1248
1291
2042
1733
1211
1640
1690
1504
1704
1202
1633
1490
1285
1798
1480
1591
1659
1457
1710
1904
1284
2608
1264
1566
1686
1515
1564
1288
1706
1638
1553
1146
1307
1582
1332
2048
1705
1286
1776
1454
1164
1124
2126
1756
1232
1515
1787
1245
1549
1955
1201
1258
2165
1320
1091
2770
1316
1175
2217
1943
1508
1234
1933
1169
1140
2191
1408
1749
1724
1240
1642
1120
1909
1533
1277
2280
1375
1259
1961
1449
1131
1142
2123
1930
1340
1317
1951
1213
1529
1866
1289
1517
1846
1260
1440
2373
1297
1199
2248
1837
1265
1225
1990
1294
1134
1965
1463
1583
1679
1347
1683
1150
1850
1588
1083
2600
1326
1208
2235
1547
1101
1152
3585
1327
1447
3120
1179
1182
2273
1805
1137
1567
1684
1191
1795
2000
1291
1451
1862
1816
1306
1199
2116
1159
1125
2220
1484
1290
1960
1353
1166
1336
2394
1182
1098
2855
1389
1243
1917
1143
1254
1322
2068
2275
1493
1130
2142
1226
1226
2063
1331
1138
2070
1236
1099
2710
1337
1226
2229
1882
1307
2594
1217
1133
1672
1373
1340
1234
1948
1331
1168
1249
2112
1258
1257
2814
1329
1233
2030
1165
1281
1336
1634
2369
1499
1160
1986
1266
1259
2137
1242
1145
2226
1171
1276
2555
1283
1231
2229
1273
1150
1285
2055
1954
1294
1206
2088
1396
1212
2029
1296
1126
2203
1230
1086
2715
1328
1209
2238
1687
1246
1188
2087
1795
1194
1549
1624
1736
1607
1231
1685
1292
1402
1811
1309
1647
1750
1362
1773
1846
1267
1169
2371
1351
1243
1771
1703
1458
1678
1578
1471
1269
1910
1371
1274
2413
1252
1222
2207
1822
1241
1166
2132
1848
1305
1347
1813
1731
1282
1359
1944
1175
1524
1919
1305
1764
1719
1236
1794
2020
1285
1176
2156
1725
1261
1642
1696
1353
1695
1352
1532
1463
1454
1622
1477
1666
1701
1447
1728
2021
1239
1157
1922
1824
1290
1615
1869
1336
1602
1745
1290
1266
1775
1360
1421
2342
1260
1186
2163
1677
1259
2586
1207
1561
1682
1499
1574
1250
1344
1690
1444
1138
1762
1730
1084
2282
1471
1208
2019
1175
1152
1784
2187
1435
1382
1554
1451
1505
1655
1328
1398
2056
1378
1160
2092
1399
1280
2057
1460
1134
2012
1144
1399
3215
1235
1128
2131
1380
1235
2036
1309
1130
2160
1230
1084
2750
1261
1273
2189
1178
1431
1159
2358
1658
1417
1425
1778
1547
1244
1904
1427
1396
1875
1256
1427
2280
1294
1272
2230
1678
1296
1200
1991
1677
1228
1683
1626
1717
2724
1181
1133
1681
1818
1213
1603
2249
1289
1354
2006
1718
1232
1169
2273
1472
1223
1982
1305
1710
1770
1335
1275
1656
1664
1256
1731
2083
1276
1329
2104
1734
1277
1187
1840
1699
1223
1583
1957
1730
1312
1713
1623
1179
1645
1921
1074
1994
1406
1205
2203
1800
1229
1178
2049
1761
1221
1548
1766
1554
1669
1413
1731
1150
1540
1754
1300
1944
1500
1347
1932
1776
1256
2650
1171
1113
1379
1823
1511
1529
1741
1373
1485
1341
1722
1407
1298
2348
1278
1335
2138
2027
1304
1228
2034
1285
1132
2391
1298
1701
1683
1400
1291
1124
2020
1381
1308
2714
1403
1233
2105
1181
1170
1505
2154
2223
1525
1097
1950
1482
1215
2126
1268
1160
1779
1568
1262
1895
1617
1183
2073
1551
1248
1161
2191
1308
1126
2115
1427
1320
2081
1425
1130
1435
1909
1145
1564
2598
1362
1225
2229
1194
1125
1425
2097
2046
1501
1078
2139
1191
1266
2185
1395
1359
1964
1364
1403
2290
1259
1212
2301
1650
1278
1269
2018
1577
1224
1759
1647
1588
1586
1338
1621
1162
1823
1579
1427
1929
1564
1232
1928
1498
1121
1249
2125
1864
1353
1396
1912
1234
1520
2101
1154
1425
2026
1220
1422
2489
1249
1174
2212
1926
1297
1183
2113
1318
1119
1956
1639
1322
1639
1556
1425
1124
1896
1484
1267
2495
1330
1205
2220
1297
1111
2697
1172
1632
1467
1122
2120
1490
1231
1969
1433
1457
1867
1249
1300
2049
1282
1419
1892
1703
1253
1219
2151
1194
1147
2285
1352
1599
1836
1236
1788
1173
1688
1544
1380
2453
1364
1264
2107
1309
1274
1286
1942
2156
1481
1083
2133
1364
1288
2021
1285
1231
2185
1252
1087
2698
1324
1227
2141
1765
1233
1221
1908
1599
1212
1849
1773
1506
1624
1310
1755
1180
1458
1808
1075
2106
1593
1227
1849
1821
1244
1178
2245
1735
1252
1546
1674
1711
1523
1415
1707
1128
1711
1634
1281
2108
1363
1249
2148
1666
1272
1200
2016
1638
1276
1705
1767
1645
1644
1322
1655
1301
1682
1547
1342
2166
1252
1251
2299
1355
1126
1254
2208
1827
1314
1400
1827
1183
1705
1677
1342
1677
1581
1349
1706
1797
1253
1473
2059
1731
1320
1164
1992
1332
1106
2213
1583
1465
1592
1520
1335
1119
1803
1347
1347
2605
1367
1220
2158
1181
1156
2758
1192
1437
1514
1096
2115
1228
1266
2180
1345
1110
2319
1320
1063
2638
1321
1238
2287
1724
1389
1216
2000
1697
1241
1707
1586
1703
1718
1297
1395
1134
1869
1475
1205
2391
1278
1281
2099
1245
1170
1251
2194
1974
1348
1345
1986
1204
1477
1991
1290
1472
1836
1288
1528
2261
1294
1193
2351
1864
1408
1175
1890
1365
1137
1910
1305
1650
1630
1363
1644
1179
1797
1602
1320
2337
1380
1282
2142
1166
1451
1203
2057
1933
1453
1346
1779
1533
1423
1809
1260
1444
1728
1513
1350
2007
1286
1428
1972
1796
1326
1180
2233
1178
1173
2250
1435
1441
1908
1266
1391
1339
1948
1278
1259
2774
1366
1205
2213
1275
1121
1308
2060
2202
1507
1118
2047
1300
1202
2100
1254
1392
2212
1215
1102
2495
1290
1236
2296
1560
1300
1210
2106
1703
1230
1570
1772
1662
1595
1444
1590
1145
1525
1660
1396
1812
1662
1235
1824
1508
1133
2619
1189
1938
1472
1163
1435
1538
1218
1931
1300
1297
2061
1232
1634
2281
1303
1195
2141
1660
1237
1161
2138
1290
1266
1882
1436
1716
1728
1391
1279
1109
2021
1295
1395
2522
1348
1211
2203
1325
1134
1428
2077
2146
1479
1140
2135
1203
1314
2074
1306
1292
1864
1398
1398
2116
1326
1452
1892
1678
1259
1185
2053
1220
1134
2246
1281
1564
1760
1301
1483
1162
1974
1313
1121
2832
1445
1248
2075
1463
1216
1742
1288
2671
1659
1090
1930
1268
1206
2171
1285
1121
2349
1288
1183
2766
1461
1328
2376
1229
1281
1400
2116
1383
1292
1956
1367
1715
1754
1202
1543
1154
1768
1594
1213
2041
1476
1266
1970
1387
1201
1150
2294
1655
1212
1684
1646
1252
1841
1546
1214
1409
2060
1122
1423
2427
1265
1282
2312
1217
1121
1518
1897
1645
1239
1552
1882
1166
1595
1779
1172
1457
1877
1431
1418
2215
1198
1266
2268
1317
1116
2845
1582
1521
1448
1527
1520
1344
1614
1609
1246
1238
1517
1578
1494
1842
1443
1395
1718
1402
1248
1242
2036
1843
1336
1470
1684
1275
1755
1601
1259
1557
1823
1276
1396
2195
1326
1382
2003
1282
1228
1264
2009
1701
1414
1403
1774
1292
1471
1919
1249
1279
2131
1265
1202
2557
1337
1378
2075
1546
1229
1230
1956
1582
1341
1625
1784
1284
1801
1447
1240
1531
1564
1516
1442
1888
1354
1501
1762
1398
1568
1205
1720
1858
1329
1325
2042
1305
1400
1935
1379
1244
2001
1257
1212
2539
1349
1342
2080
1422
1261
1227
1897
1577
1350
1579
1781
1301
1469
1891
1230
1240
2060
1264
1402
2130
1329
1837
1723
1272
2609
1212
1275
2583
1316
1173
2080
1374
1344
2000
1239
1239
2248
1263
1176
2356
1332
1348
2074
1329
1235
1242
1817
1821
1325
1419
1971
1422
1398
1763
1268
1542
1912
1267
1199
2331
1338
1342
2040
1216
1228
3073
1240
1254
1317
1167
1774
1291
1554
1688
1561
1236
1875
1273
1169
2639
1352
1303
2042
1393
1230
1236
2208
1647
1459
1527
1439
1288
1928
1321
1396
1458
1741
1412
1559
2074
1370
1503
1895
1229
1383
1224
1892
1752
1352
1454
1914
1303
1550
1796
1258
1419
1909
1250
1404
2328
1372
1350
2042
1279
1211
1395
1978
1582
1332
1733
1812
1306
1406
1888
1249
1231
2071
1259
1398
2334
1320
1332
2088
1393
1258
1264
2009
1557
1310
1666
1560
1565
1746
1446
1281
1579
1749
1399
1526
1967
1355
1607
1885
1224
1215
1237
1941
1573
1346
1703
1626
1306
1881
1455
1217
1417
1969
1252
1707
2165
1334
1288
1978
1249
1403
1259
2044
1638
1425
1378
1881
1303
1482
1737
1250
1236
2175
1249
1209
2524
1345
1339
2077
1273
1260
1522
1827
1641
1370
1632
1744
1254
1787
1464
1224
1825
1401
1259
1810
1683
1356
1754
1627
1436
1593
2697
1249
1384
1384
1189
1878
1281
1313
2107
1403
1218
2103
1249
1189
2544
1343
1301
2082
1374
1272
1233
2107
1589
1410
1375
1737
1310
1542
1926
1265
1245
2049
1278
1216
2550
1336
1329
2114
1243
1223
1530
1934
1689
1356
1578
1537
1249
1922
1309
1231
1626
1928
1267
1516
2066
1345
1314
1967
1229
1559
1238
1776
1761
1331
1494
1894
1278
1585
1847
1249
1386
1796
1238
1390
2303
1333
1374
2074
1235
1234
1380
1991
1793
1373
1372
1763
1267
1811
1658
1248
1218
2134
1152
1063
2685
1205
1224
2381
1284
1119
1599
1930
1448
1193
1988
1455
1346
2038
1155
1290
1719
1718
1177
1723
2024
1186
1511
2095
1420
1106
1115
2226
1640
1197
1729
1746
1186
1734
1764
1138
1459
2092
1139
1264
2546
1208
1193
2390
1129
1127
1436
2075
1515
1380
1529
1854
1210
1490
1940
1132
1125
2266
1146
1067
2860
1202
1222
2561
1124
1132
2883
1134
1208
1210
1993
1386
1286
1935
1266
1513
1548
1551
1537
1528
1822
1398
1497
1839
1258
1370
1266
2024
1762
1380
1496
1828
1254
1804
1545
1219
1369
1994
1235
1387
2355
1335
1325
2111
1260
1250
1445
1863
1775
1383
1452
1822
1287
1379
1880
1396
1241
1954
1270
1204
2532
1354
1328
2130
1395
1202
1241
2072
1552
1375
1599
1522
1398
1798
1779
1284
1385
1890
1236
1572
2332
1344
1311
1886
1383
2193
1221
1218
2622
1350
1213
2158
1268
1298
2093
1233
1242
2139
1253
1318
2607
1338
1337
1940
1317
1244
1502
1928
1561
1347
1611
1593
1263
1682
1862
1155
1327
1981
1134
1374
2432
1212
1246
2269
1252
1112
1392
2268
1502
1220
1677
1563
1214
1993
1369
1374
1553
1631
1403
1616
1916
1249
1487
2079
1187
1555
1124
2016
1762
1230
1582
1959
1217
1625
1715
1290
1306
1922
1279
1388
2317
1241
1336
2168
1141
1338
2728
1120
1285
1265
1513
1702
1339
1613
1734
1199
1551
1849
1217
1399
2416
1219
1196
2355
1299
1097
1316
2203
1477
1211
1841
1548
1205
1982
1698
1135
1372
2226
1278
1317
2177
1367
1366
1858
1413
1282
1235
1811
1774
1402
1369
1978
1276
1457
1907
1260
1256
2093
1247
1205
2562
1332
1338
2104
1233
1235
1327
2154
1431
1467
1438
1801
1303
1428
1851
1243
1242
2136
1329
1220
2497
1364
1290
2115
1711
1348
1326
1735
1272
1251
1986
1280
1693
1810
1287
1582
1271
1570
1760
1313
1756
1636
1375
1738
1333
1315
1237
2017
1763
1360
1503
1734
1305
1704
1848
1219
1435
1673
1240
1451
2328
1332
1340
2041
1347
1218
1282
2098
1598
1325
1531
1793
1273
1602
1853
1229
1244
2101
1330
1184
2515
1325
1335
2181
1440
1240
1231
1965
1413
1355
1817
1530
1401
1879
1276
1225
1690
1624
1256
1858
1989
1414
1338
1895
1405
1223
2708
1573
1595
1679
1244
1240
1277
1348
1503
1488
1245
1936
1530
1183
2357
1349
1324
2070
1227
1251
1260
1970
1701
1367
1445
1834
1317
1657
1803
1334
1240
2026
1286
1222
2513
1367
1336
2052
1255
1235
1662
1863
1563
1372
1660
1720
1275
1639
1638
1355
1432
1757
1357
1374
2280
1526
1381
1717
1289
1227
1642
1970
1556
1361
1825
1831
1337
1541
1517
1219
1619
1760
1294
1612
2055
1367
1319
1962
1892
1343
1336
1866
1234
1351
1969
1529
1629
1594
1500
1484
1108
1758
1830
1080
2045
1338
1252
2124
1395
1134
1263
2156
1427
1201
1976
1655
1146
2019
1613
1123
1640
1931
1129
1414
2177
1223
1484
1967
2562
1150
1129
3970
1140
1209
3713
1125
1151
3416
1171
1102
2588
1335
1140
2417
1184
1204
1209
2382
1134
1118
2099
2221
1128
1404
1904
1276
1480
1820
1174
1918
1136
1208
2204
1244
1005
2345
1950
1168
1633
1819
2537
1137
1401
1244
1065
2235
1151
1252
2249
1114
1143
2281
1130
1066
2527
1219
1248
2167
1126
1235
1245
1992
2021
1222
1411
1923
1146
1604
1847
1674
1219
1687
1595
1279
2244
1308
1226
2186
1284
1434
1374
1722
1655
1220
1468
2080
1149
1509
1880
1199
1321
2240
1276
1300
2405
1348
1383
2093
1277
1252
1288
2025
1736
1327
1450
1590
1270
1954
1534
1233
1504
1912
1240
1390
2188
1358
1326
1981
1524
1222
1227
1996
1754
1411
1514
1613
1281
1621
1575
1496
1113
2180
1126
1190
2619
1265
1212
2267
1098
1392
1258
2185
1727
1207
1901
1434
1142
2027
1422
1415
1398
1860
1149
1454
2507
1254
1191
2247
1261
1117
1392
2191
1719
1209
1654
1788
1383
1747
1479
1331
1281
2126
1259
1274
2455
1223
1225
2208
1236
1235
1252
2132
1740
1212
1694
1870
1169
1637
1812
1118
1562
1483
2287
1117
1733
3005
1202
1136
2957
1117
2571
1848
1117
1210
2591
1139
1159
2979
1162
1116
1219
2227
1178
1054
2678
1203
1210
2986
1129
1152
1179
1772
2059
1218
1356
2022
1227
1568
1889
1259
1122
2225
1169
1186
2749
1192
1213
2444
1177
1106
1246
2153
1660
1232
1687
1659
1326
1771
1645
1377
1376
1695
1384
1807
1741
1215
1543
1994
1373
1420
1102
2005
1829
1224
1399
1895
1257
1625
1704
1266
1256
2317
1134
1081
3334
1199
1216
2307
1116
1149
1262
2390
1600
1206
1820
1558
1251
1678
1784
1226
1257
2188
1317
1062
2753
1226
1203
2266
1122
1187
1643
1951
1750
1254
1737
1453
1147
2122
1195
1186
1885
1481
1188
1862
1882
1199
1614
1737
1383
1687
1126
1667
2174
1191
1283
2096
1241
1336
2113
1195
1101
2367
1205
1245
2514
1247
1190
2266
1189
1189
1279
2262
1755
1201
1648
1802
1217
1751
1758
1107
1610
1975
1167
1353
2218
1198
1190
2471
1248
1117
2726
1535
1534
1671
1287
1519
1553
1380
1270
1217
1358
1759
1254
1442
2234
1369
1330
1919
1366
1343
1280
2070
1598
1443
1617
1495
1275
2052
1581
1211
1474
1722
1264
1384
2316
1393
1329
1923
1240
1227
1339
1946
1829
1359
1276
1923
1268
1349
1990
1230
1265
2242
1249
1181
2565
1334
1302
2233
1359
1229
1318
1946
1753
1437
1570
1616
1319
1526
1678
1242
1540
1770
1364
1628
1662
1326
1700
1643
1433
1349
1220
1772
2045
1336
1306
2018
1322
1368
1881
1382
1215
2085
1238
1188
2641
1338
1298
2070
1232
1220
1357
2005
1564
1434
1451
1693
1281
1535
2018
1328
1283
2004
1345
1206
2473
1345
1329
2041
1371
1241
1258
2280
1391
1424
1695
1437
1295
2040
1279
1318
1635
1628
1234
1642
1846
1278
1650
2127
1153
1237
1102
2151
2058
1231
1438
1969
1166
1486
1672
1268
1734
1519
1334
1701
2048
1314
1302
2123
1780
1402
2622
1192
1136
1155
1967
1189
1525
1555
1530
1758
1132
1456
1986
1227
2206
1329
1233
2039
1247
1185
1381
2295
1827
1431
1231
1741
1310
1576
1923
1213
1227
1734
1367
1612
2019
1273
1386
1934
1795
1285
1176
2034
1189
1120
2212
1245
1694
1773
1329
1608
1124
1813
1384
1257
2632
1390
1253
2187
1149
1244
1304
2062
2212
1468
1062
2176
1356
1239
2115
1260
1143
2322
1222
1080
2607
1306
1204
2248
1845
1321
1210
2125
1520
1222
1784
1556
1703
1552
1540
1812
1127
1861
1765
1056
1997
1354
1247
1955
1635
1250
1133
2296
1753
1349
1558
2045
1180
1455
1943
1300
1576
1876
1158
1905
1985
1346
1381
1909
1861
1291
1204
1883
1288
1151
2128
1272
1669
1810
1287
1558
1117
1855
1657
1098
2443
1366
1214
2286
1116
1237
1496
2050
2370
1509
1069
2045
1238
1211
1981
1716
1214
1820
1557
1194
2002
1296
1239
2191
2136
1534
2647
1167
1167
1525
1510
1197
1642
1831
1627
1588
1541
1555
1557
1147
2098
1446
1230
1762
1191
1163
1338
2014
1967
1365
1337
1988
1237
1637
1832
1150
1594
2160
1216
1129
2829
1379
1248
1914
1611
1325
1236
2027
1672
1252
1741
1353
1759
1574
1229
1851
1160
1493
1997
1221
1722
1740
1271
1723
1747
1282
1117
2026
2220
1381
1135
2051
1240
1232
2221
1160
1165
2288
1202
1178
2603
1253
1213
2345
1740
1287
1174
2058
1838
1398
1137
2164
1621
1320
1713
1698
1167
1650
1752
1249
2163
1312
1221
2220
1422
1365
1176
2028
1870
1342
1539
1771
1242
1820
1602
1207
1577
1673
1321
1805
1640
1270
1555
1991
1751
1300
1169
1999
1370
1101
2117
1248
1698
1753
1206
1444
1150
2396
1205
1106
2768
1426
1232
2224
1150
1159
1365
2236
1994
1553
1110
2260
1195
1242
1953
1322
1110
2106
1303
1076
2641
1301
1208
2010
1926
1334
2607
1198
1110
1303
1878
1446
1966
1328
1282
1746
1150
1483
1779
1537
1613
1788
1300
1314
1840
1312
1122
2340
1785
1343
1447
1736
1203
1701
1766
1307
1793
1644
1234
1852
1993
1274
1267
2192
2076
1411
1172
1907
1181
1122
2005
1420
1783
1660
1395
1631
1147
1903
1536
1081
2388
1390
1197
2218
1133
1346
1362
2183
1935
1463
1217
1866
1350
2372
1161
1131
2316
1473
1167
2000
1516
1305
1974
1656
1822
1288
1174
1996
1367
1137
1985
1364
1655
1823
1238
1564
1144
1865
1697
1093
2548
1393
1208
2235
1180
1187
1357
2088
2161
1495
1098
2011
1233
1446
1965
1251
1216
2143
1304
1244
2730
1327
1286
2125
1772
1350
1185
1822
1608
1231
1828
1591
1618
1649
1505
1469
1240
1743
1733
1084
2073
1397
1230
2039
1672
1286
1179
2255
1782
1264
1442
2088
1597
1241
1526
1934
1117
1410
1816
1262
1553
1960
1162
1419
2571
1331
2619
1188
1152
1552
1469
1897
1274
1809
1360
1404
1120
1630
1797
1299
2138
1381
1275
2102
1305
1132
1367
2043
1778
1305
1567
1864
1191
1702
1896
1164
1531
1798
1314
1715
2283
1244
1240
1981
1772
1290
1225
2029
1674
1216
1651
1697
1625
1412
1884
1263
1123
1949
1670
1226
2106
1272
1200
2308
1186
1141
1350
2154
1801
1336
1177
2085
1264
1209
2150
1227
1597
1841
1258
1224
2399
1268
1222
2277
1736
1325
1183
2113
1418
1263
1867
1443
1786
1563
1250
1885
1142
1549
1804
1231
1787
1727
1264
1765
1664
1225
1129
2341
1721
1370
1456
1783
1224
1772
1726
1195
1968
1470
1213
2143
2090
1329
1192
2136
2131
1427
1177
1956
1198
1128
2163
1424
1545
1759
1300
1634
1147
2043
1455
1084
2712
1394
1234
2124
1251
1134
1389
2150
2194
1502
1062
2386
1209
1217
1988
1252
1359
1981
1283
1554
2251
1311
1220
2194
1696
1321
2596
1157
1215
1311
1851
1470
1848
1315
1599
1896
1146
1488
1984
1177
1938
1379
1243
2079
1180
1353
1184
2357
1706
1398
1497
1732
1259
1795
1840
1156
1673
1808
1193
1557
2178
1309
1179
2287
2038
1407
1233
1853
1199
1189
2401
2143
1219
1424
2941
1186
1121
4089
1181
1088
2583
1469
1242
1562
1547
1394
1123
1981
2318
1527
1105
2059
1241
1231
2192
1199
1367
2012
1256
1177
2501
1293
1237
2418
1687
1305
1227
1922
1719
1220
1718
1666
1615
1308
1687
1858
1117
1734
1653
1333
2148
1445
1211
2091
1204
1168
1368
1954
1942
1371
1285
1794
1182
1950
1658
1203
1945
1531
1223
1916
2051
1271
1357
1886
1735
1320
1187
2094
1215
1125
2151
1317
1622
1922
1333
1323
1315
1895
1232
1399
2803
1394
1214
2276
1159
1160
1206
2198
2105
1505
1082
2296
1211
1205
2008
1238
1184
2117
1184
1363
2444
1270
1258
2224
1252
1135
2773
1216
1588
1316
1263
1878
1335
1421
1876
1388
1498
1620
1296
1583
1997
1260
1273
2432
1629
1399
1190
1915
1188
1110
2397
1201
1606
1994
1238
1673
1139
1953
1471
1363
2443
1405
1204
2073
1178
1232
1213
2420
2183
1546
1135
1960
1279
1231
2264
1222
1158
2321
1200
1135
2659
1277
1216
2252
1823
1287
1219
1938
1512
1257
1759
1732
1397
1639
1541
1617
1178
1801
1428
1454
1987
1290
1196
2131
1340
1329
1118
2181
2039
1493
1089
1993
1309
1466
2011
1412
1370
1915
1246
1290
2405
1305
1230
2160
1814
1245
1198
1927
1727
1236
1430
1828
1872
1215
1716
1344
1145
1903
1498
1310
2273
1359
1208
2143
1236
1145
1478
2269
1723
1362
1528
1681
1242
1621
1925
1127
1866
1599
1181
1532
2032
1261
1407
2427
1241
1302
1185
2129
1172
1182
2171
1727
1345
1819
1267
1217
1170
2049
1162
1620
2751
1370
1264
2121
1200
1134
2723
1166
1755
1344
1094
2024
1249
1321
2121
1157
1330
2011
1219
1488
2610
1285
1204
2168
1775
1323
1209
1959
1343
1242
2201
1396
1565
1845
1317
1422
1115
2003
1586
1194
2134
1253
1314
2153
1391
1165
1405
2058
1738
1354
1350
1837
1194
1609
1977
1113
1669
2102
1201
1369
2071
1284
1873
1523
1887
1401
1172
1862
1485
1239
1824
1804
1613
1290
1577
1703
1136
1725
1510
1285
2298
1320
1198
2208
1366
1142
1343
2075
2008
1495
1113
1919
1237
1479
1892
1292
1638
1649
1463
1395
2322
1334
1150
2178
1792
1310
1189
2068
1242
1157
2142
1374
1608
1835
1226
1487
1156
2117
1347
1111
3019
1415
1266
2065
1240
1333
1200
2250
1961
1474
1125
2061
1276
1430
1956
1237
1200
2267
1309
1095
2659
1328
1221
2183
1872
1277
1197
1894
1812
1210
1532
1802
1686
1492
1261
1808
1167
1356
1797
1379
1738
1706
1216
1927
1214
1325
2714
1176
1460
1395
1172
2096
1268
1435
2006
1313
1593
2105
1188
1193
2425
1293
1198
2088
1876
1295
1163
2041
1301
1153
2238
1420
1382
1959
1218
1372
1331
1896
1318
1458
2676
1398
1222
2170
1232
1132
1264
2199
2190
1462
1063
2006
1281
1311
2143
1228
1584
1812
1193
1584
2154
1274
1182
2435
1571
1249
1162
2084
1215
1113
2140
1439
1497
1854
1469
1133
1193
2101
1184
1278
3028
1356
1217
1948
1291
1152
1227
2218
2144
1427
1077
2170
1279
1414
2022
1214
1126
2089
1326
1394
2694
1254
1197
1974
1747
1328
1199
2150
1490
1236
1868
1574
1602
1656
1582
1395
1149
1873
1686
1278
2090
1269
1339
2148
1371
1181
1386
2084
1922
1336
1134
1954
1291
1495
1918
1219
1714
1821
1217
1670
2213
1292
1169
2519
1118
1301
1195
1533
1914
1661
1433
1701
1844
1347
1190
1977
1176
1181
2159
1255
1952
1720
1220
1762
1431
1197
2644
1167
1696
1337
1178
1897
1231
1681
1864
1324
1288
1905
1368
1299
2301
1318
1306
2024
1930
1314
1191
2154
1148
1176
2003
1232
1665
1857
1206
1412
1213
2190
1204
1197
2787
1397
1234
2090
1174
1139
1382
2315
1951
1509
1144
1997
1318
1197
2118
1257
1180
2425
1220
1094
2569
1308
1264
2359
1438
1400
1201
1968
1383
1276
2008
1431
1686
1842
1426
1281
1147
1690
1652
1439
1884
1534
1255
1940
1217
1203
1186
2329
2079
1363
1149
2066
1300
1370
1952
1287
1477
1922
1237
1464
2491
1290
1182
2222
1792
1309
1167
2156
1176
1231
2179
1387
1564
1793
1227
1492
1148
1814
1809
1076
2535
1330
1204
2025
1384
1154
1329
2074
1865
1475
1235
1909
1266
1667
1703
1194
1671
1672
1275
1665
1988
1260
1532
2031
1474
1225
1169
2216
1254
1147
2151
1370
1530
1863
1227
1523
1145
2002
1214
1243
2931
1396
1216
2076
1239
1251
2664
1141
1703
1489
1093
2100
1264
1195
2185
1462
1204
1913
1312
1195
2535
1316
1254
2127
1781
1229
1213
2258
1427
1234
1849
1507
1642
1610
1295
1728
1214
1702
1883
1276
1779
1477
1503
1819
1851
1222
1204
2012
1784
1216
1475
1782
1658
1449
1821
1383
1123
1832
1567
1063
2379
1270
1215
2355
1635
1229
1163
2212
1724
1283
1555
1787
1845
1309
1698
1316
1107
1971
1237
1227
2111
1155
1316
2279
1666
1346
1166
1689
1265
1450
1765
1399
2149
1374
1283
2003
1158
1212
2332
1261
1984
1482
1272
2007
1507
1144
1142
2180
1715
1312
1543
1861
1244
1654
1811
1166
1610
1892
1193
1376
2496
1262
1214
2395
1465
1261
1210
2067
1648
1201
1661
1730
1715
1448
1537
1480
1184
1928
1615
1072
2275
1317
1236
2236
1716
1233
1166
1996
1635
1288
1704
1770
1771
1260
1483
1576
1268
1661
1596
1682
1291
1870
1470
1257
2475
1378
2597
1224
1139
1130
2016
1383
1846
1759
1198
1644
1161
1544
1807
1330
1980
1650
1256
1692
1394
1419
1126
2316
1826
1317
1412
1698
1272
1806
1695
1454
1463
1653
1315
1797
2010
1274
1335
2136
1867
1323
1173
1772
1240
1151
2187
1406
1700
1754
1262
2131
1156
1467
1873
1089
2095
1422
1277
2087
1420
1163
1121
2195
1989
1527
1250
1740
1407
1759
1518
1227
1548
1736
1469
1681
1688
1279
1625
1888
1583
1258
1173
2093
1195
1117
2253
1314
1502
2095
1229
1533
1138
1915
1713
1177
2456
1411
1208
2294
1157
1123
1250
2268
2052
1485
1068
2024
1213
1440
2098
1209
1437
1971
1253
1162
2617
1290
1234
2321
1699
1298
1158
2047
1571
1260
1763
1569
1682
1452
1678
1674
1124
1669
1678
1386
2240
1356
1297
1656
1543
1150
1143
2141
1902
1360
1320
2119
1211
1340
1870
1466
1657
1752
1143
1520
2073
1272
1356
2064
1147
1378
2844
1136
1182
1228
1433
1877
1233
1464
2065
1224
1142
2299
1179
1085
2753
1221
1218
2292
1188
1157
1339
2321
1473
1231
1888
1273
1211
2143
1194
1237
1657
1888
1162
1526
2373
1235
1263
2163
1319
1198
1250
2192
1637
1231
1592
1611
1170
1955
1495
1119
1631
1865
1130
1652
2287
1228
1248
2256
1130
1353
1380
1952
1796
1228
1467
2015
1148
1200
2074
1193
1178
2285
1123
1210
2762
1252
1204
2313
1291
1123
1452
1974
1516
1245
1926
1622
1252
1872
1526
1129
1358
2051
1141
1456
2305
1226
1234
2145
1386
1138
1114
2338
1470
1235
1903
1618
1168
1908
1418
1193
1530
1874
1141
1656
2326
1239
1250
2248
1214
1197
1306
2174
1643
1223
1581
1734
1164
1888
1777
1378
1172
2101
1167
1217
2595
1239
1201
2344
1345
1122
1348
1983
1650
1248
1635
1896
1150
1707
1563
1193
1663
1704
1309
1506
1925
1246
1465
2022
1322
1357
2552
1145
1224
1322
1664
1631
1231
1609
1746
1224
1312
2140
1161
1266
2556
1288
1233
2279
1240
1137
1337
2126
1565
1244
1811
1624
1220
1927
1635
1127
1416
2032
1174
1408
2519
1235
1243
2254
1224
1120
1376
2189
1436
1214
1894
1484
1234
1977
1394
1267
1592
1652
1171
1772
1990
1228
1474
2062
1329
1369
1134
1951
1805
1226
1501
1801
1222
1735
1707
1136
1418
2048
1181
1448
2359
1227
1238
2243
1176
1183
1347
2106
1627
1234
1561
1836
1218
1678
1749
1303
1172
2211
1197
1074
2722
1229
1212
2329
1198
1126
1641
1888
1582
1210
1738
1527
1274
1910
1593
1194
1460
1943
1203
1596
2387
1217
1198
2048
1218
1202
1169
2239
1629
1245
1699
1587
1364
1758
1579
1112
1525
1948
1166
1348
2458
1215
1208
2403
1138
1118
1298
2290
1584
1231
1689
1695
1160
1702
1613
1174
1384
2059
1194
1372
2606
1225
1211
2159
1200
1114
2790
1161
1249
1270
1610
1697
1152
1863
1631
1178
1631
1872
1225
1337
2355
1251
1209
2308
1194
1186
1379
2364
1510
1244
1728
1571
1183
1992
1364
1126
1657
1728
1129
1787
2199
1242
1247
2189
1231
1208
1291
2237
1501
1252
1657
1784
1198
1566
1901
1188
1180
2282
1142
1168
2573
1221
1224
2445
1214
1128
1314
2084
1610
1251
1661
1719
1333
1645
1956
1194
1199
2183
1209
1169
2502
1230
1202
2158
1196
1347
1197
2070
1623
1246
1646
1723
1160
1844
1662
1194
1369
2201
1162
1201
2488
1256
1194
2307
1156
1123
1360
2256
1570
1233
1887
1517
1155
1956
1508
1188
1599
1843
1164
1460
2472
1218
1255
2259
1178
1192
1629
2144
1232
1225
1833
1369
1163
2162
1395
1130
1823
1740
1185
1695
1938
1214
1537
1962
1306
1391
1129
1958
1906
1225
1409
2063
1216
1444
2004
1184
1234
2011
1253
1250
2508
1247
1201
2285
1654
1231
2581
1182
1126
1247
1788
1286
1695
1591
1396
1674
1163
1712
1632
1086
2291
1243
1198
2278
1181
1173
1394
2166
1612
1215
1779
1558
1280
1932
1590
1171
1498
1578
1381
1621
1953
1214
1701
1860
1211
1384
1124
2187
1591
1267
1559
1950
1207
1461
1867
1342
1328
3086
1142
1098
2584
1235
1208
2320
1208
1147
1446
1939
1617
1301
1633
1666
1268
1646
1743
1189
1394
1957
1223
1619
2284
1218
1226
2316
1238
1116
1419
2200
1601
1222
1661
1542
1231
1944
1582
1188
1427
1982
1146
1608
2233
1213
1268
2143
1419
1197
1132
2307
1580
1242
1726
1548
1226
1892
1648
1230
1576
1898
1244
1246
2393
1217
1269
2280
1197
1187
1220
2289
1553
1262
1634
1797
1227
1523
1969
1164
1160
2268
1259
1088
2754
1311
1230
2278
1189
1180
1365
2046
1662
1235
1650
1654
1164
1891
1407
1377
1613
1580
1378
1728
1650
1210
1850
1644
1203
1687
2569
1133
1368
1249
1195
2236
1197
1243
2191
1390
1149
2305
1181
1091
2588
1221
1257
2257
1131
1177
1590
1861
1615
1223
1622
1789
1199
1670
1882
1135
1180
2288
1173
1187
2611
1225
1211
2345
1178
1123
1458
2203
1590
1219
1740
1506
1261
1917
1690
1115
1602
1945
1143
1322
2178
1244
1415
1912
1416
1348
1139
1968
1773
1219
1596
1778
1158
1737
1746
1139
1399
2045
1213
1618
2132
1256
1249
2247
1139
1224
1355
2119
1611
1258
1683
1602
1248
1754
1592
1196
1223
2213
1366
1080
2582
1239
1221
2332
1208
1136
1464
2301
1351
1289
1802
1633
1173
1881
1644
1137
1627
1689
1246
1618
2069
1235
1306
2085
1209
1217
1251
2184
1647
1235
1628
1680
1225
1794
1685
1125
1382
2109
1185
1269
2499
1248
1242
2220
1194
1331
1300
2007
1615
1270
1403
2028
1191
1366
2023
1193
1129
2308
1227
1076
2744
1219
1208
2345
1177
1123
2801
1172
1158
1246
1944
1263
1228
2151
1266
1468
1384
1637
1637
1291
2102
1323
1303
2010
1329
1258
1312
2059
1676
1348
1651
1578
1191
1911
1497
1187
1718
1681
1175
1461
2377
1226
1246
2252
1169
1186
1456
1957
1561
1268
1509
1906
1193
1590
1904
1222
1225
2216
1143
1202
2597
1251
1209
2314
1205
1175
1371
2182
1606
1218
1809
1198
1523
2004
1187
1260
1739
1700
1235
1671
2071
1217
1404
2014
1306
1252
1147
2117
1706
1260
1558
1844
1300
1593
1757
1397
2263
1262
1146
3164
1063
1234
3231
1140
1126
3093
1119
1136
3046
1218
1090
2643
1153
1204
2100
1343
1133
1228
2092
1423
1060
2211
1294
1166
2180
1209
1124
2257
2264
1227
1136
2345
1188
1207
2295
1125
1131
2316
1155
1187
2725
1219
1242
2156
1119
1217
1451
1157
2504
1267
1111
2652
1288
1204
2071
1328
1248
2028
1170
1087
2696
1246
1235
2507
1148
1123
2858
1296
1124
1230
1985
1385
1233
1942
1629
1179
1244
2197
1144
1165
2746
1233
1209
2295
1245
1130
1345
2251
1516
1237
1871
1542
1278
1926
1699
1155
1265
2116
1197
1402
2672
1240
1205
2169
1333
1116
1207
2337
1442
1234
1859
1572
1156
1999
1476
1373
1366
1929
1174
1608
2322
1214
1222
2265
1133
1326
1349
1867
1657
1239
1566
1809
1399
1509
1741
1304
1116
2232
1218
1227
2525
1270
1212
2272
1212
1148
1607
1974
1656
1248
1656
1632
1233
1881
1599
1251
1633
1530
1445
1615
1884
1240
1520
1772
1393
1350
1139
2046
1734
1236
1603
1882
1167
1636
1881
1131
1246
2234
1131
1371
2738
1230
1212
2159
1348
1115
1330
1979
1734
1274
1448
1837
1238
1427
2036
1213
1128
2445
1196
1072
2697
1219
1218
2218
1223
1131
1321
2147
1607
1214
1874
1356
1241
1979
1169
1494
1607
1555
1305
1868
1893
1260
1363
1854
1231
1490
2548
1131
1551
1220
1169
2089
1226
1619
1815
1194
1213
2196
1211
1102
2698
1235
1205
2293
1129
1332
1384
2019
1591
1217
1487
1806
1186
1581
1947
1123
1126
2400
1193
1322
2549
1222
1215
2321
1368
1117
1332
2109
1654
1216
1690
1637
1234
2093
1252
1226
2769
1254
1123
4087
1040
1224
3935
1176
1140
2058
1126
1511
1958
1222
1553
1951
1225
1369
2048
1204
1155
2305
1147
1156
2630
1228
1201
2394
1179
1181
1292
2075
1650
1252
1487
1913
1207
1611
1833
1185
1171
2378
1183
1096
2743
1235
1222
2329
1189
1120
1428
2196
1567
1262
1782
1566
1185
1973
1543
1163
1550
1693
1362
1638
2033
1232
1412
2157
1178
1199
1252
2158
1850
1239
1432
1807
1194
1753
1730
1137
1433
2008
1130
1431
2528
1211
1206
2295
1194
1124
1322
2158
1595
1231
1622
1929
1364
1477
1761
1254
1298
1888
1175
1308
2659
1250
1249
2213
1346
1127
2757
1140
1353
1217
1509
1507
1410
1785
1415
1535
1265
1908
1247
1450
1908
1348
1390
2034
1212
1596
1132
1935
1741
1223
1662
1756
1153
1813
1685
1196
1218
2151
1360
1327
2220
1238
1200
2276
1227
1110
1511
1917
1650
1241
1662
1795
1176
1865
1681
1113
1414
2339
1147
1333
2276
1243
1204
2403
1146
1101
1493
2132
1582
1236
1705
1665
1246
1782
1587
1202
1546
1609
1404
1636
1824
1300
1556
1750
1384
1467
1121
1949
1824
1234
1469
1957
1276
1485
1902
1636
1123
1853
1203
1218
2645
1211
1210
2302
1220
1132
1358
2304
1260
1220
2056
1447
1182
1975
1636
1117
1202
2104
1330
1222
2541
1244
1206
2305
1235
1114
1359
2171
1642
1230
1698
1533
1237
1947
1530
1186
1582
1640
1339
1690
1928
1302
1457
2104
1129
1307
1319
2093
1780
1231
1538
1925
1201
1571
1788
1219
1461
1766
1200
1654
2128
1273
1220
2220
1318
1125
2742
1154
1333
1239
1412
1818
1252
1669
1946
1234
1154
2023
1185
1074
2722
1239
1349
2108
1239
1121
1385
2216
1457
1239
1927
1377
1318
1993
1459
1204
1562
1683
1235
1673
2220
1231
1282
2261
1221
1198
1255
2125
1655
1224
1689
1619
1255
1862
1639
1146
1440
1940
1335
1302
2306
1239
1241
2333
1142
1179
1381
2046
1681
1231
1461
1925
1251
1627
1872
1168
1285
2176
1210
1075
2740
1236
1237
2295
1219
1126
1613
2196
1356
1217
1909
1627
1191
1765
1754
1119
1496
2139
1143
1338
2296
1211
1228
2283
1250
1134
1287
2227
1615
1225
1973
1536
1160
1795
1679
1156
1362
1965
1147
1577
2086
1246
1532
2036
1188
1201
1273
2147
1533
1238
1725
1682
1247
1652
1760
1209
1207
2249
1217
1077
2645
1255
1201
2417
1123
1131
1405
2158
1567
1241
1758
1624
1150
1933
1471
1192
1696
1418
1412
1752
1596
1248
1885
1721
1138
1693
2559
1122
1363
1288
1341
1994
1176
1242
2191
1191
1128
2549
1155
1073
2558
1242
1211
2253
1218
1200
1407
2045
1481
1231
1750
1722
1188
1686
1827
1147
1124
2396
1198
1062
2820
1215
1207
2338
1144
1138
1461
2183
1651
1209
1692
1553
1332
1828
1702
1159
1342
1999
1142
1449
2313
1209
1337
2238
1207
1134
1343
2029
1557
1262
1548
1805
1163
1540
1868
1108
1198
2345
1169
1084
2725
1292
1213
2266
1156
1141
1353
2002
1410
1261
1666
1747
1350
1614
1629
1381
1190
2092
1209
1072
2884
1227
1215
2317
1146
1114
1705
2019
1468
1246
1920
1290
1241
2197
1155
1201
1721
1680
1192
1752
2109
1227
1289
2053
1407
1229
1133
2021
1754
1222
1581
1879
1172
1644
1827
1147
1196
2258
1149
1206
2614
1248
1235
2306
1123
1194
1723
1739
1562
1315
1427
2011
1265
1215
2062
1227
1169
2132
1213
1112
2822
1251
1207
2346
1193
1121
2723
1141
1388
1252
1515
1730
1215
1829
1640
1335
1220
2069
1364
1203
2517
1259
1206
2143
1481
1132
1183
2042
1677
1248
1711
1638
1167
1950
1464
1141
1578
1857
1163
1685
2202
1240
1284
2209
1168
1198
1446
1878
1604
1215
1494
2008
1184
1500
1973
2167
1121
1371
2013
1464
1512
1971
1244
1539
1672
1123
1119
2310
1640
1228
1667
1475
1255
1955
1564
1146
1591
1827
1145
1660
2183
1223
1307
2150
1287
1158
1127
2234
1496
1250
1827
1772
1157
1804
1502
1207
1552
1950
1135
1491
2387
1235
1222
2264
1361
1117
1213
2096
1678
1221
1781
1571
1237
1911
1673
1196
1185
2090
1187
1201
2690
1247
1226
2283
1202
1180
1375
2116
1637
1246
1653
1717
1195
1849
1676
1116
1640
1842
1174
1360
2396
1246
1236
2272
1361
1174
1161
2189
1559
1241
1768
1822
1207
1676
1653
1116
1517
1922
1127
1605
2316
1217
1224
2172
1206
1132
2762
1154
1172
1225
1650
1733
1233
1566
2011
1153
1113
2261
1165
1074
2816
1242
1227
2307
1188
1129
1424
2190
1491
1221
1885
1438
1355
1928
1474
1180
1539
1753
1354
1555
2169
1245
1386
2167
1160
1378
1126
2132
1648
1248
1633
1773
1167
1798
1685
1198
1201
2268
1211
1200
2498
1251
1241
2331
1181
1122
1459
2111
1648
1249
1648
1549
1243
1859
1495
1223
1626
1746
1244
1566
2197
1233
1314
2241
1222
1201
1589
1832
1569
1221
1749
1595
1254
1880
1477
1271
1463
1835
1560
1392
2090
1227
1273
1939
1424
1220
1127
2108
1584
1235
1801
1642
1255
1869
1496
1219
1481
1902
1187
1472
2498
1222
1212
2237
1201
1199
1287
2054
1635
1230
1603
1831
1230
1526
1945
1200
1149
2434
1157
1066
2727
1230
1225
2331
1214
1200
1222
2222
1412
1232
1934
1478
1238
2045
1158
1219
1733
1446
1633
1546
1608
1296
1725
1756
1277
1607
2586
1136
1195
1225
1536
1965
1194
1278
2112
1127
1145
2344
1154
1277
2589
1229
1370
2140
1173
1136
1596
1905
1646
1235
1524
1793
1257
1510
1940
1242
1131
2343
1145
1083
2905
1242
1289
2218
1324
1118
1338
2136
1394
1281
1877
1416
1421
1894
1264
1207
1746
1665
1242
1694
1675
1305
2579
1159
1158
3710
1141
1129
4566
1243
1075
2296
1232
1205
2244
1193
1116
2379
1148
1093
2692
1221
1301
2268
1123
1134
1491
2118
1615
1259
1706
1551
1390
1822
1358
1344
1595
1758
1207
1455
2361
1234
1251
2299
1214
1138
1603
2191
1360
1208
1907
1536
1170
2034
1240
1209
1661
1681
1249
1682
1867
1227
1594
1909
1187
1549
1116
2022
1846
1244
1433
1972
1237
1535
1920
1207
1141
2363
1137
1354
2514
1232
1189
2288
1114
1315
1387
2009
1549
1220
1906
1844
1167
1527
1716
1182
1264
2098
1246
1304
2675
1304
1241
2086
1247
1226
2671
1148
1252
1231
1688
1576
1246
1912
1690
1224
1385
1615
1367
1635
1793
1279
1458
1984
1264
1303
1203
2305
1632
1238
1624
1713
685
1637
1657
953
1555
2152
953
1521
2613
650
1366
2670
1048
1108
1597
2120
1531
939
2042
1714
1055
1780
1926
1050
1246
2477
1094
1059
3138
821
855
2960
1163
836
1689
2351
1565
954
2034
1490
1124
2238
1546
1147
1674
1724
1147
1709
2210
1235
1256
2138
1187
1187
1162
2052
1937
1229
1523
1905
1215
1483
1991
1119
1184
2322
1124
1187
2680
1272
1226
2238
1176
1195
1224
2092
1609
1253
1614
1645
1346
1730
1569
1341
1134
2085
1387
1085
2515
1218
1212
2340
1312
1120
1316
2166
1681
1224
1683
1615
1200
1885
1690
1135
1469
1867
1193
1605
2021
1233
1454
1963
1289
1345
1145
2092
1742
1243
1601
1904
1185
1765
1792
1155
1307
1940
1130
1495
2322
1224
1422
2070
1135
1321
2853
1150
1165
1360
1352
1679
1420
1479
1831
1207
1164
2264
1215
1106
2697
1246
1206
2330
1183
1242
1249
2222
1764
1318
1548
1614
1236
1929
1433
1381
1546
1523
1543
1536
1882
1252
1734
1625
1218
1560
1139
1835
2033
1259
1296
2097
1399
1407
3109
1144
1139
2141
1243
1196
2582
1230
1234
2380
1130
1183
1310
2230
1556
1258
1670
1703
1329
1638
1993
1127
1136
2097
1130
1250
2636
1256
1214
2289
1211
1136
1422
2174
1611
1250
1711
1495
1225
2041
1486
1177
1610
1796
1186
1613
2079
1237
1435
1959
1223
1300
1188
2216
1644
1223
1722
1705
1222
1818
1604
1208
1374
2083
1156
1463
2430
1240
1236
2280
1214
1139
1440
1977
1680
1289
1546
1752
1241
1539
1767
1165
1180
2363
1355
1075
2487
1332
1232
2277
1311
1207
1199
2145
1473
1384
1751
1422
1247
2143
1245
1309
1643
1437
1649
1711
1535
1366
1755
1637
1198
1710
2561
1128
1354
1224
1088
2357
1178
1344
2034
1355
1118
2145
1338
1127
2589
1207
1212
2327
1146
1174
1591
1778
1596
1263
1610
1822
1156
1834
1716
1123
1359
2109
1144
1508
2419
1248
1241
2268
1260
1147
1453
2244
1529
1213
1787
1604
1238
1982
1218
1210
1630
1632
1184
1782
1826
1223
1671
1904
1189
1516
1136
1815
2258
1209
1105
2155
1204
1356
2055
1380
1156
2141
1184
1321
2489
1244
1274
2140
1189
1247
1490
1882
1614
1224
1622
1855
1202
1593
1839
1183
1223
2269
1197
1124
2740
1226
1200
2328
1184
1144
1369
2245
1574
1236
1852
1538
1214
1993
1366
1176
1665
1591
1328
1773
1989
1227
1740
1989
1139
1292
1409
2078
1643
1225
1713
1624
1196
1857
1569
1111
1637
1785
1199
1484
2281
1249
1288
2224
1189
1149
1368
2196
1649
1220
1579
1876
1203
1474
1939
1232
1122
2150
1195
1220
2683
1245
1212
2279
1302
1134
2659
1212
1267
1229
1746
1568
1287
1860
1652
1200
1651
1625
1218
1635
1809
1248
1534
2075
1265
1387
1161
2113
1663
1274
1720
1649
1150
1960
1672
1217
1265
1909
1378
1369
2401
1251
1211
2309
1183
1175
1204
2283
1761
1238
1569
1679
1367
1741
1359
1170
1356
1989
1379
1316
2277
1263
1218
2347
1209
1205
1644
2091
1414
1279
1633
1674
1197
1822
1244
1297
1720
1480
1300
1829
1653
1365
1682
1659
1400
1618
1135
1710
2117
1223
1273
2187
1210
1347
2060
1278
1188
2225
1195
1152
2525
1217
1230
2234
1190
1137
1369
2055
1577
1248
1650
1765
1202
1603
1871
1184
1167
2379
1200
1076
2769
1243
1223
2293
1200
1157
1396
2334
1189
1253
1966
1605
1200
1885
1650
1129
1521
1883
1167
1511
2154
1236
1472
1946
1265
1253
1201
2113
1829
1244
1462
1980
1179
1567
1780
1129
1446
1938
1140
1434
2372
1232
1254
2236
1385
1139
2571
1147
1302
1272
1326
1946
1344
1524
1980
1221
1120
2184
1206
1208
2620
1229
1201
2317
1196
1125
1431
2304
1560
1215
1823
1348
1303
2233
1150
1116
1677
1771
1151
1692
1889
1223
1600
1903
1199
1648
1157
1831
1877
1221
1481
2169
1157
1350
1902
1285
1196
2158
1187
1179
2625
1245
1237
2362
1151
1132
1380
2185
1603
1219
1723
1518
1412
1685
1241
1450
1663
1361
1644
1653
1514
1591
1487
1302
1676
1295
1118
2215
1722
1213
1698
1903
1198
1572
1691
1194
1366
1884
1628
1179
1977
1360
1323
1897
1401
1196
1117
2309
1516
1227
1891
1553
1249
1931
1484
1189
1583
1852
1153
1601
2324
1240
1276
2261
1141
1128
1439
1927
1534
1216
1856
1457
1387
1634
1674
1199
1204
2095
1163
1340
2477
1265
1191
2360
1234
1138
1715
1884
1591
1217
1711
1709
1167
1864
1404
1213
1614
1546
1205
1871
1739
1232
1735
1739
1289
1531
2614
1168
1184
1277
1770
1659
1167
1697
1727
1291
1196
2165
1190
1376
2619
1225
1233
2128
1178
1165
1357
2101
1634
1230
1812
1591
1345
1693
1833
1119
1488
1990
1143
1345
2468
1209
1199
2301
1178
1139
1372
2184
1454
1235
1881
1663
1205
1861
1225
1412
2463
1269
1158
2053
1535
1222
1925
1403
1348
1904
1160
1384
2592
1244
1064
2292
1223
1230
2173
1168
1154
2336
1171
1088
2660
1251
1199
2336
1125
1131
1375
2152
1550
1218
1750
1722
1172
1742
1742
1213
1192
2176
1385
1177
2493
1219
1222
2297
1185
1110
1460
2333
1408
1222
1817
1603
1207
1893
1211
1223
1736
1599
1212
1874
1722
1243
1770
1716
1271
1563
1170
2121
1694
1208
1636
1927
1180
1566
1826
1247
1182
2301
1132
1187
2665
1217
1225
2343
1202
1140
1315
2370
1621
1235
1489
1733
1274
1609
1716
1161
1232
2154
1181
1316
2543
1230
1226
2257
1229
1197
2711
1157
1194
1248
1614
1615
1232
1894
1594
1269
1370
1831
1401
1588
2039
1262
1249
1141
2106
1197
1142
2387
1584
1259
1636
1896
1160
1710
1547
1122
1363
2462
1144
1067
2798
1238
1229
2291
1145
1185
1569
1874
1561
1230
1627
1828
1214
1639
1827
1304
1337
1933
1300
1402
2267
1315
1239
2267
1195
1119
1364
2220
1635
1221
1639
1561
1239
1892
1510
1206
1604
1957
1136
1545
2158
1309
1414
2025
1315
1124
1142
2160
1554
1240
1759
1756
1147
1740
1732
1515
1163
1931
1227
1200
2642
1226
1216
2202
1249
1184
1231
2349
1496
1258
1879
1445
1205
1945
1417
1335
1317
1978
1347
1218
2554
1233
1200
2324
1216
1123
1533
2042
1382
1250
1914
1590
1169
1967
1564
1214
1654
1713
1194
1570
2217
1217
1292
2241
1242
1199
1257
2149
1541
1233
1735
1827
1184
1701
1648
1123
1526
1821
1138
1694
2078
1257
1339
2281
1157
1208
2585
1267
1344
1351
1206
1890
1250
1338
2078
1356
1119
2206
1192
1086
2768
1246
1199
2310
1208
1127
1425
2178
1260
1255
2110
1220
1205
2313
1188
1320
1576
1585
1276
1765
1906
1249
1520
1966
1208
1444
1124
2036
1812
1234
1512
1935
1174
1593
1816
1233
1389
2024
1197
1201
2584
1253
1251
2172
1198
1329
1359
1966
1847
1239
1464
1709
1216
1850
1674
1180
1487
1890
1129
1552
2285
1221
1213
2322
1263
1151
1348
2148
1630
1201
1722
1531
1156
2056
1203
1361
1598
1626
1348
1676
2077
1211
1410
2019
1330
1178
1196
2206
1645
1228
1731
1697
1171
1849
1625
1109
1475
2021
1131
1425
2525
1236
1266
2307
1148
1183
1284
2054
1641
1262
1656
1726
1155
1885
1701
1193
1216
2163
1318
1063
2630
1278
1219
2268
1250
1117
1332
2229
1638
1250
1758
1610
1165
1930
1396
1184
1781
1487
1205
1869
1657
1242
1784
1593
1395
1637
2589
1139
1295
1249
1143
2147
1363
1313
2015
1119
1117
2467
1173
1180
2598
1230
1193
2338
1192
1192
1279
2145
1624
1260
1535
1780
1221
1551
1856
1188
1121
2395
1151
1059
2755
1215
1198
2335
1212
1148
1451
2094
1490
1209
1874
1646
1239
1852
1384
1375
1537
1487
1459
1675
1786
1234
1702
1666
1403
1616
1125
1709
2091
1246
1188
2138
1247
1545
1834
1186
1131
2273
1140
1162
2651
1246
1232
2299
1161
1125
1581
1941
1589
1263
1549
1688
1203
1796
1641
1315
1363
1984
1212
1516
2361
1210
1222
2329
1319
1168
1327
2197
1557
1217
1842
1570
1269
1811
1272
1217
1726
1593
1287
1848
1836
1213
1565
1893
1300
1364
1088
2002
2150
1270
1129
1981
1372
1323
1928
1298
1124
2268
1218
1320
2521
1237
1204
2219
1191
1343
1173
2064
1612
1219
1722
1806
1118
1719
1744
1213
1230
2056
1231
1194
2550
1224
1242
2270
1168
1117
3118
1137
1114
1253
1556
1599
1403
1802
1437
1351
1595
1493
1546
1365
1949
1226
1464
1903
1220
1627
1135
1871
1723
1207
1672
1761
1191
1818
1644
1196
1371
2055
1129
1472
2452
1226
1274
2196
1356
1131
1212
2319
1621
1244
1742
1580
1224
2055
1602
1129
1257
2143
2032
1081
1857
1804
1195
1719
1895
1161
1160
1879
1808
1215
1535
1895
1227
1659
2009
1136
1148
2228
1135
1470
2458
1231
1202
2023
1316
1115
1196
2252
1550
1240
1768
1536
1163
2003
1637
1182
1401
1931
1266
1373
2347
1219
1399
2123
1756
1222
1197
1978
2016
1431
1246
2024
2151
1538
1255
1847
1204
1383
1915
1366
2311
1494
1226
1951
1998
1382
1175
2033
2333
1487
1127
1795
1254
1265
2046
1252
1402
2013
1253
1533
2208
1267
1232
2150
1194
1189
1211
2236
1626
1243
1709
1706
1195
1849
1653
1111
1426
1859
1189
1508
2237
1226
1295
2223
1174
1338
2569
1127
1332
1223
1370
1866
1190
1646
1812
1318
1309
2192
1386
1086
2303
1318
1195
2263
1182
1133
1504
2179
1330
1220
2095
1348
1248
2147
1348
1150
1684
1727
1193
1880
2012
1308
1303
1830
1253
1416
1131
2022
1763
1244
1535
1947
1215
1562
1873
1368
1315
1984
1146
1329
2479
1209
1198
2355
1215
1130
1357
2182
1494
1238
1641
1844
1243
1650
1716
1219
1256
2154
1220
1105
2722
1254
1208
2287
1241
1129
1236
2224
1539
1246
1754
1696
1191
1854
1545
1348
1371
1919
1313
1233
2664
1246
1202
2286
1221
1120
1347
2247
1405
1238
1983
1532
1179
2081
1349
1197
1869
1579
1133
1701
2223
1229
1233
2299
1127
1317
1404
1825
1599
1256
1542
1978
1166
1415
2040
1126
1155
2355
1209
1086
2699
1216
1189
2410
1315
1143
1315
2123
1506
1219
1798
1642
1254
1824
1477
1190
1598
1754
1221
1641
2216
1215
1408
2036
1298
1203
2598
1150
1323
1373
1530
1593
1164
1620
1856
1200
1219
2227
1157
1222
2600
1240
1193
2350
1147
1111
1391
2036
1679
1266
1541
1807
1198
1541
1945
1210
1212
2181
1216
1225
2689
1229
1239
2270
1243
1135
1353
2263
1380
1228
1790
1391
1281
2051
1460
1247
1633
1595
1231
1783
1852
1308
1575
1885
1323
1656
1142
1704
1858
1228
1570
1781
1397
1459
1937
1147
1207
2140
1204
1222
2790
1237
1233
1967
1205
1210
1250
2282
1751
1221
1589
1608
1287
1704
1806
1191
1100
3503
1119
1089
4195
1230
1199
1583
2057
1168
1112
2358
1645
1233
1749
1566
1174
2013
1566
1119
1579
1696
1144
1855
1890
1223
1590
1961
1128
1505
1142
1132
2673
1250
1096
2734
1169
1222
2510
1347
1132
2214
1162
1056
3117
1239
1231
2697
1126
1120
1813
2196
1133
1347
1914
1276
1425
2258
1210
1181
1636
1231
1596
1627
1037
1907
1529
1163
2586
1298
2614
1190
1338
1471
1498
1576
2817
1738
1215
1585
1138
1347
2067
1261
2098
1601
1225
1932
1755
1239
1134
2145
2131
1520
1145
2145
1232
1392
1964
1402
2009
1653
1178
1781
1583
1234
1797
1747
2338
1590
1190
1822
1304
1137
2288
1363
2643
1667
1173
1753
1137
1186
2239
1208
2694
1619
1208
1927
1319
1117
1226
2286
2445
1517
1086
1779
1247
1207
2243
1215
1519
1917
1219
1456
2343
1255
1155
2243
2517
1524
1172
1940
1131
1132
2299
1258
2140
1579
1174
1823
1126
1615
1687
1329
2597
1525
1206
1956
1181
1191
1340
2330
2528
1646
1092
1961
1237
1201
2233
1191
1435
2015
1200
1552
2461
1233
1186
2150
1589
1293
1225
2056
1126
1192
2177
1343
1653
1791
1221
1448
1192
2034
1289
1184
2388
1272
1255
2106
1239
1190
1143
2347
1590
1257
1698
1720
1203
1822
1504
1368
1272
1887
1472
1273
2245
1234
1262
2260
1137
1197
2798
1133
1173
1248
1527
1933
1228
1636
1744
1184
1091
2315
1357
1078
2535
1230
1210
2446
1176
1130
1434
2231
1533
1230
1854
1499
1184
2058
1532
1179
1591
1756
1122
1613
2147
1211
1370
2034
1386
1190
1127
2157
1998
1261
1300
2473
1194
1192
2245
1188
1217
2143
1226
1316
2608
1250
1229
2166
1128
1215
1323
2156
1598
1236
1568
1698
1292
1817
1845
1130
1117
2237
1147
1083
2792
1216
1193
2366
1207
1168
1434
2127
1579
1245
1695
1551
1555
1599
1451
1591
1209
1776
1453
1352
1927
1408
1478
1768
1346
1468
1156
1989
1646
1238
1773
1629
1181
1930
1518
1110
1613
1841
1165
1632
2276
1240
1349
2184
1485
1118
1186
2173
1905
1240
1333
1975
1191
1525
1835
1195
1369
2216
1156
1194
2473
1262
1246
2253
1202
1162
1599
1885
1527
1226
1762
1661
1162
1904
1446
1247
1555
1517
1729
1424
1845
1428
1344
1826
1514
1170
2575
1287
1400
1269
1699
1539
1244
1746
1652
1380
1231
2033
1241
1285
2500
1224
1289
2157
1183
1255
1211
2311
1329
1224
1959
1463
1218
2074
1330
1170
1765
1657
1245
1614
2183
1229
1180
2408
1574
1257
1209
2178
1120
1141
2268
1169
1637
1910
1185
1537
1127
1870
1533
1161
2403
1230
1275
2160
1234
1176
1363
2086
1450
1221
1879
1462
1351
1946
1512
1165
1469
1933
1154
1607
2318
1235
1238
2070
1373
1158
1177
2261
1605
1235
1701
1573
1223
1816
1876
1170
1193
2156
1157
1425
2169
1238
1413
2216
1229
1124
1189
2179
1596
1225
1784
1548
1275
1915
1502
1208
1488
1832
1262
1653
2044
1251
1419
2115
1339
1335
1153
2137
1523
1243
1836
1475
1230
2006
1358
1193
1653
1749
1130
1727
2098
1228
1441
2104
1144
1363
1295
1902
1947
1262
1295
2089
1198
1296
2047
1209
1136
2187
1192
1385
2714
1222
1246
2156
1601
1233
2575
1151
1264
1248
1626
1709
1313
1716
1728
1235
1381
1852
1215
1645
2193
1265
1283
2086
1207
1255
1387
2521
1358
1227
1836
1477
1259
1961
1444
1156
1548
1843
1165
1595
2187
1230
1351
2117
1220
1222
1240
2047
1783
1228
1453
2018
1222
1349
2139
1381
1131
2128
1240
1094
2649
1241
1215
2303
1232
1191
1347
2070
1672
1244
1611
1627
1251
1845
1666
1186
1519
1707
1295
1524
2177
1241
1388
2050
1211
1207
1202
2144
1891
1267
1415
2004
1152
1568
1751
1223
1536
2081
1132
1191
2418
1227
1252
2228
1242
1126
1540
2089
1488
1225
1814
1595
1178
1933
1594
1148
1317
2297
1122
1272
2610
1228
1191
2199
1200
1159
1439
2171
1612
1254
1685
1522
1245
1921
1695
1138
1406
1992
1143
1469
2325
1220
1267
2166
1278
1196
1204
2153
1606
1233
1748
1807
1157
1771
1539
1223
1484
1866
1153
1682
2309
1251
1201
2230
1149
1172
2676
1135
1179
1230
1648
1831
1147
1652
1870
1186
1148
2379
1204
1084
2723
1272
1196
2302
1203
1126
1565
2031
1404
1250
1978
1363
1228
2181
1384
1191
1672
1585
1197
1734
1968
1218
1520
2243
1152
1201
1206
2116
1746
1206
1556
1995
1156
1548
1820
1199
1195
2238
1122
1360
2429
1235
1190
2297
1182
1184
1376
2183
1615
1244
1686
1604
1263
1712
1674
1181
1225
2225
1196
1171
2618
1183
1187
2438
1316
1105
1291
2150
1473
1204
1870
1480
1371
1941
1439
1169
1605
2022
1201
1636
2206
1209
1192
2092
1240
1210
1206
2272
1525
1244
1832
1534
1160
2052
1384
1205
1643
1755
1220
1622
2087
1208
1323
2223
1167
1200
1375
1960
1764
1197
1423
2055
1162
1473
2043
1322
1147
2029
1195
1294
2594
1244
1242
2175
1244
1167
1375
2180
1681
1210
1646
1567
1196
1895
1419
1211
1724
1668
1211
1723
1630
1198
1922
1562
1226
1769
2610
1148
1404
1726
1506
1540
1622
1363
1625
1633
1543
1731
1297
1481
1950
1326
1232
1967
1154
1191
1369
2227
1410
1220
1639
1793
1165
1850
1683
1184
1171
2257
1169
1094
2873
1269
1191
2278
1169
1227
1356
2324
1384
1230
2332
1192
1371
2184
1200
1109
1749
1651
1258
1612
1944
1230
1540
1995
1212
1386
1203
2101
1731
1232
1640
1677
1250
1794
1625
1092
1522
2006
1153
1457
2476
1221
1242
2142
1290
1127
1252
2278
1654
1215
1506
1791
1199
1571
2041
1122
1181
2199
1177
1081
2801
1206
1205
2355
1174
1116
1446
2201
1433
1220
1989
1400
1253
2347
1340
1135
1489
1770
1180
1725
2036
1222
1427
1989
1200
1671
1205
1704
1908
1225
1380
1962
1237
1525
1897
1270
1206
2134
1368
1117
2474
1266
1186
2396
1128
1125
1356
2057
1691
1238
1411
2076
1186
1364
1936
1171
1179
2185
1250
1053
2730
1214
1235
2316
1242
1133
3060
1142
1165
1247
1544
1626
1206
1905
1731
1173
1372
1841
1182
1611
2090
1201
1267
2162
1337
1114
1175
2357
1663
1218
1630
1558
1234
1975
1675
1113
1621
1908
1134
1530
2170
1249
1409
2046
1214
1250
1191
2026
1872
1205
1299
2170
1330
1270
2048
1236
1134
2348
1216
1186
2573
1213
1222
2520
1158
1358
1144
1983
1612
1305
1729
1584
1356
1678
1690
1216
1414
1659
1352
1573
1870
1210
1582
1866
1288
1362
1179
2119
1907
1308
1299
2051
1164
1384
2012
1214
1255
2386
1118
1078
2653
1190
1252
2337
1143
1349
1529
1701
1744
1328
1702
1690
1158
1695
1785
1141
1341
2286
1273
1206
2530
1237
1225
2074
1241
1144
1337
2196
1691
1248
1620
1401
1263
2047
1259
1191
1761
1732
1156
1695
2192
1208
1427
1979
1367
1362
1129
1994
1763
1235
1554
1945
1162
1610
1686
1270
1446
1844
1389
1482
2246
1258
1268
2086
1115
1249
2735
1553
1553
1304
1121
1506
1277
1650
1679
1251
1209
2159
1262
1103
2760
1267
1230
2280
1229
1131
1355
2392
1215
1239
2062
1379
1230
2102
1260
1291
1685
1478
1393
2077
1571
1251
2336
1163
1143
2109
1140
1354
2643
1230
1159
2299
1166
1196
2303
1217
1112
2263
1146
1075
2710
1221
1227
2377
1377
1143
1329
2027
1511
1220
1683
1911
1163
1489
1920
1190
1128
2326
1193
1209
2643
1197
1184
2397
1197
1181
1386
2197
1552
1198
1780
1636
1260
1987
1649
1101
1610
1635
1392
1429
2185
1301
1288
1997
1274
1167
1194
2277
1554
1221
1813
1651
1165
1963
1475
1341
1372
1908
1255
1644
2277
1213
1268
2110
1176
1234
1193
2295
1778
1434
1287
1820
1512
1420
1695
1247
1243
2206
1292
1253
2491
1347
1321
2068
1246
1232
1321
2122
1396
1353
1820
1731
1271
1708
1556
1222
1768
1489
1261
1672
1804
1375
1386
2070
1257
1447
2721
1542
1534
1707
1484
1842
1535
1338
1327
1241
1246
1446
1265
1204
2422
1363
1349
1969
1398
1242
1243
2250
1360
1432
1673
1596
1281
1663
1652
1241
1227
2202
1259
1221
2656
1358
1360
2017
1499
1248
1213
1955
1628
1336
1568
1640
1363
1727
1646
1331
1338
1808
1352
1425
2063
1348
1400
2061
1352
1355
1236
1999
1602
1445
1479
1814
1309
1752
1414
1232
1369
1951
1333
1397
2169
1364
1363
1977
1250
1486
1442
1854
1781
1372
1377
1846
1274
1345
1961
1360
1219
2031
1247
1201
2543
1347
1312
2088
1365
1234
1443
2041
1380
1425
1737
1498
1343
1939
1392
1235
1651
1922
1231
1513
2057
1356
1337
2077
1401
1257
1229
2119
1474
1427
1520
1789
1294
1559
1993
1228
1467
1888
1275
1192
2277
1230
1214
2271
1144
1267
1242
2304
1545
1207
1726
1718
1454
1405
1697
1280
1257
2017
1253
1253
2477
1242
1199
2329
1136
1240
2680
1133
1402
1749
1525
1414
1577
1620
1574
1535
1554
1677
1571
1278
1751
1441
1324
1953
1269
1216
1578
1898
1498
1382
1739
1543
1289
1875
1445
1234
1546
1725
1254
1607
2133
1339
1457
1982
1249
1361
1382
1771
1665
1346
1395
1957
2385
1295
1279
2019
1223
1369
1989
1353
1410
2056
1273
1376
2358
1309
1315
1899
1290
1259
2014
1247
1603
1862
1400
1360
1218
1833
1533
1324
1943
1346
1335
1861
1491
1350
1222
1730
1811
1342
1236
2093
1303
1323
1977
1306
1235
2189
1318
1174
2581
1324
1353
1990
1320
1442
1528
1774
1600
1675
1492
1354
1588
1636
1653
1523
1292
1680
1547
1480
1926
1452
1355
1826
1321
1257
1323
2125
1528
1395
1626
1517
1210
1924
1453
1487
1399
1783
1325
1407
2015
1321
1461
2071
1210
1451
1253
2105
1799
1359
1651
1652
1294
1677
1502
1356
1468
1677
1358
1546
2090
1337
1314
2091
1271
1214
3032
1531
1525
1432
1245
1256
1589
1588
1567
1289
1529
1776
1515
1476
1730
1411
1346
1936
1307
1248
1374
2087
1624
1346
1634
1548
1429
1957
1421
1236
1438
2019
1297
1388
2247
1346
1360
1885
1402
1257
1354
1930
1616
1416
1496
1848
1298
1524
1578
1540
1239
1860
1235
1530
2232
1354
1353
2143
1225
1250
1294
1954
1700
1364
1397
1581
1401
1576
1706
1364
1228
1909
1382
1368
2337
1340
1341
1971
1229
1234
1374
2064
1451
1354
1748
1414
1409
1921
1458
1267
1800
1421
1412
1827
1673
1317
1595
1935
1237
1388
1218
1889
1728
1315
1512
1849
1412
1757
1598
1243
1509
1924
1257
1233
2390
1319
1321
2117
1227
1231
1364
1915
1701
1338
1330
2029
1263
1534
1891
1521
1234
1890
1262
1183
2559
1346
1319
2118
1257
1227
1452
2085
1418
1426
1623
1550
1309
2092
1562
1534
1272
1410
1252
1660
1624
1364
1739
1801
1266
1526
2686
1528
1531
1663
1488
1293
1568
1600
1357
1235
1229
1858
1250
1231
2625
1389
1341
2025
1262
1205
1576
1762
1558
1374
1765
1622
1296
1719
1615
1317
1526
1457
1521
1510
1976
1371
1368
2017
1263
1255
1320
2157
1560
1420
1469
1819
1306
1571
1520
1245
1459
1941
1267
1411
2200
1387
1366
1940
1221
1518
1225
1910
1673
1341
1622
1758
1283
1673
1526
1220
1479
2063
1257
1391
2177
1352
1326
2068
1244
1314
1250
2004
1755
1408
1399
1689
1452
1788
1623
1245
1558
1948
1553
1329
1827
1432
1354
1911
1241
1230
1505
1992
1532
1389
1706
1552
1301
1874
1509
1232
1785
1468
1253
1678
2046
1344
1580
1924
1280
1232
1263
1816
1910
1460
1359
1864
1287
1400
1951
1234
1271
2123
1265
1214
2455
1345
1349
2103
1232
1251
1375
1830
1645
1321
1390
2043
1306
1363
1909
1281
1262
1988
1247
1184
2583
1334
1350
2045
1391
1246
2734
1565
1533
1688
1502
1568
1575
1373
1292
1262
1225
1425
1273
1477
1984
1460
1346
1596
1579
1528
1290
1659
1852
1471
1268
1814
1303
1557
1667
1381
1243
1937
1270
1409
2333
1349
1376
1982
1400
1231
1381
1805
1791
1337
1670
1818
1262
1359
1900
1360
1214
2055
1247
1379
2372
1328
1334
2094
1273
1223
1486
2080
1555
1417
1757
1417
1346
1812
1423
1228
1554
1786
1251
1815
1509
1401
1823
1408
1388
1488
1222
1645
2246
1332
1219
2028
1282
1385
1938
1248
1116
2491
1279
1208
2513
1355
1364
2010
1215
1224
1390
2108
1518
1338
1717
1754
1268
1683
1711
1213
1302
1904
1264
1251
2520
1352
1318
2131
1221
1214
1539
1917
1702
1316
1610
1760
1411
1766
1464
1373
1276
1636
1518
1384
1916
1358
1462
2069
1224
1279
1245
2051
1822
1346
1420
1807
1267
1692
1769
1212
1534
1658
1234
1521
2129
1324
1364
2072
1409
1250
2675
1325
1527
1699
1471
1273
1329
1327
1683
1293
1537
1940
1557
1475
1822
1426
1357
1927
1379
1257
1226
2122
1527
1340
1798
1374
1418
2012
1260
1263
1567
1831
1261
1557
2209
1334
1359
1975
1408
1240
1424
1935
1610
1425
1481
1770
1189
1585
2516
1107
1138
2193
1129
1265
2554
1244
1219
2325
1135
1181
1331
2593
1646
1431
1366
1947
1293
1360
1734
1311
1268
2032
1300
1227
2506
1349
1369
2045
1419
1226
1271
1969
1506
1351
1712
1394
1365
2005
1307
1326
1491
1789
1310
1478
2138
1371
1317
2148
1251
1239
1313
2093
1783
1416
1479
1772
1272
1739
1451
1226
1749
1525
1350
1926
1781
1406
1420
1940
1255
1236
1284
2335
1449
1428
1625
1761
1305
1400
1810
1285
1240
2042
1560
1467
2031
1411
1350
2028
1332
1241
1436
2066
1350
1430
1709
1562
1386
1795
1531
1248
1448
1882
1269
1521
1975
1364
1427
1800
1346
1394
2691
1234
1451
1344
1518
1698
1316
1667
1765
1552
1521
1672
1294
1210
2109
1357
1336
1941
1338
1347
1232
2204
1363
1440
1678
1785
1351
1631
1804
1291
1235
1955
1382
1247
2454
1354
1386
2254
1521
1350
1375
1677
1861
1382
1475
1561
1797
1353
1471
1535
1261
1609
1551
1381
2056
1352
1354
2108
1249
1263
1574
1794
1802
1363
1396
1775
1281
1674
1752
1247
1487
1630
1249
1462
2215
1326
1369
2030
1352
1258
1257
1964
1611
1368
1335
1898
1390
1392
1885
1261
1252
2183
1244
1173
2482
1325
1310
2089
1389
1229
1240
2067
1459
1336
1807
1483
1359
1898
1389
1344
1459
1627
1255
1660
1958
1331
1529
1938
1251
1379
1235
1914
1855
1357
1334
1987
1440
1376
1863
1241
1271
2178
1248
1192
2587
1338
1314
2188
1225
1215
1368
2109
1527
1322
1693
1691
1267
1802
1523
1225
1531
1697
1366
1432
2186
1332
1356
2071
1237
1233
3068
1530
1519
1461
1224
1548
1586
1607
1336
1219
1247
1642
1558
1484
1894
1421
1386
1880
1359
1236
1210
2168
1548
1339
1742
1539
1260
1950
1457
1354
1524
1769
1307
1483
2195
1344
1355
2013
1263
1261
1286
2177
1395
1433
1676
1558
1329
1736
1799
1243
1244
1971
1288
1504
2209
1357
1361
2042
1231
1241
1381
2074
1397
1336
1929
1375
1288
2111
1285
1504
1512
1718
1282
1548
2061
1365
1333
1996
1253
1522
1216
1879
1897
1330
1427
1874
1256
1394
1780
1226
1362
2110
1303
1212
2535
1320
1346
2097
1237
1206
1502
1791
1598
1357
1492
1811
1154
1718
1704
1172
1595
2008
1278
1200
2471
1361
1357
2003
1397
1222
1502
1876
1456
1373
1694
1421
1455
1851
1421
1272
1561
1782
1378
1495
1887
1510
1594
1526
1507
1375
1215
1667
1977
1336
1400
2002
1300
1385
1773
1391
1268
1929
1264
1192
2533
1354
1371
2036
1252
1218
2708
1253
1233
1330
1455
1511
1281
1554
1854
1353
1230
2064
1270
1181
2539
1328
1368
2027
1228
1228
1482
1931
1483
1336
1824
1524
1285
1996
1542
1235
1680
1487
1250
1893
1868
1426
1359
1887
1510
1249
1222
2186
1408
1366
1787
1771
1274
1774
1440
1134
1543
1911
1127
1618
2125
1219
1366
2161
1444
1158
1399
1792
1673
1218
1712
1726
1305
1547
1809
1252
1141
2310
1173
1068
2804
1207
1128
2547
1243
1093
1262
2138
1547
1187
1814
1697
1437
1646
1726
1095
1503
1846
1268
1640
1995
1184
1328
2221
1267
1271
1174
2138
1597
1230
1772
1597
1151
1997
1501
1121
1542
1921
1159
1653
2203
1211
1289
2244
1140
1408
1126
2086
1692
1230
1510
1900
1141
1508
2008
1163
1136
2268
1144
1292
2569
1200
1246
2406
1255
1117
1426
2108
1407
1265
1900
1434
1306
1954
1302
1255
1573
1698
1273
1624
2121
1206
1421
2023
1270
1306
2538
1140
1363
1190
1631
1887
1290
1560
1764
1425
1116
2067
1331
1439
2228
1229
1256
2202
1185
1137
1679
1981
1607
1447
1339
1748
1274
1794
1838
1229
1289
1959
1260
1428
2309
1337
1327
2092
1232
1242
1518
1839
1719
1337
1555
1799
1266
2526
1246
1254
1625
1747
1266
1559
2335
1339
1316
1916
1294
1459
1542
1642
1803
1443
1497
1534
1272
1532
1773
1212
1525
2060
1266
1229
2301
1322
1347
2102
1260
1267
1363
1801
1632
1335
1627
1919
1265
1533
1769
1260
1220
2268
1332
1224
2103
1304
1294
2115
1257
1143
1387
2197
1395
1266
1960
1262
1369
2112
1170
1208
1694
1796
1174
1640
2214
1220
1345
2282
1212
1116
1321
2236
1566
1425
1690
1769
1288
1374
1732
1219
1353
2086
1301
1240
2538
1346
1319
2073
1224
1323
1270
2027
1697
1433
1364
1827
1348
1752
1593
1556
1300
1677
1504
1247
2321
1499
1380
1752
1274
1241
2889
1530
1596
1649
1452
1273
1565
1605
1615
1515
1291
1423
1242
1239
1521
1362
1521
1837
1364
1467
1227
1862
1803
1351
1475
2010
1302
1341
1894
1243
1250
2178
1235
1379
2343
1213
1216
2416
1304
1125
1254
2058
1692
1242
1633
1819
1302
1681
1889
1116
1134
2261
1140
1076
2750
1210
1229
2289
1393
1119
1367
2036
1447
1288
1831
1264
1743
1681
1301
1683
1307
1619
1401
1490
1901
1281
1547
2118
1262
1377
1237
1871
1964
1402
1363
1722
1410
1468
1909
1228
1244
2029
1238
1244
2470
1346
1319
2118
1222
1219
1378
1909
1750
1357
1402
1802
1309
1654
1867
1208
1378
1893
1241
1533
2202
1333
1337
2086
1268
1236
1390
1984
1502
1337
1724
1708
1256
1748
1554
1229
1506
1702
1528
1429
1865
1323
1441
1933
1290
1524
1223
1837
1797
1323
1468
1907
1531
1416
1608
1384
1234
1945
1273
1243
2493
1330
1357
1972
1382
1250
2694
1256
1229
1326
1306
1486
1310
1452
1863
1521
1239
1849
1496
1195
2285
1364
1316
2067
1233
1217
1361
2241
1511
1339
1820
1526
1282
1898
1432
1211
1584
1826
1230
1533
2162
1316
1341
2042
1569
1247
1243
1731
1787
1351
1459
1814
1260
1584
1878
1216
1323
1919
1236
1375
2325
1338
1363
2117
1242
1234
1374
2048
1579
1333
1420
1695
1415
1383
1898
1231
1248
2197
1286
1170
2547
1318
1305
2284
1240
1222
1509
1839
1375
1333
1848
1531
1624
1640
1500
2593
1235
1330
3265
1241
1181
3162
1409
1275
2734
1229
1243
2842
1409
1350
1199
1997
1267
1319
2494
1376
1222
2006
1274
1186
2570
1334
1301
2093
1227
1229
1397
1844
1776
1328
1327
1987
1529
1376
1880
1368
1235
1906
1256
1224
2560
1329
1324
2122
1275
1223
1393
2036
1706
1352
1503
1830
1277
1673
1431
1230
1738
1382
1381
1810
1616
1382
1637
1774
1238
1741
2694
1236
1229
1370
1156
1850
1314
1313
1994
1253
1223
2205
1284
1198
2483
1314
1332
2142
1563
1242
1227
1799
1522
1336
1772
1624
1275
1842
1788
1237
1224
1920
1284
1159
2582
1334
1339
2104
1507
1497
1169
1720
1614
1249
1651
1708
1271
1750
1882
1197
1212
2205
1409
1089
2375
1202
1186
2389
1437
1106
1151
2107
1620
1207
1710
1606
1223
1876
1727
1125
1296
2045
1184
1439
2496
1219
1194
2165
1148
1156
1512
1923
1689
1257
1491
1969
1194
1469
1850
1259
1099
2333
1272
1051
2668
1203
1246
2312
1281
1095
1423
2097
1511
1198
1875
1583
1293
1875
1466
1246
1491
1827
1408
1643
1888
1205
1472
2073
1264
1282
1274
2175
1672
1202
1945
1293
1149
2260
1463
1129
1634
1769
1129
1747
2054
1197
1700
1926
1120
1440
1243
2027
1593
1215
1713
1820
1154
1616
1840
1242
1123
2178
1274
1099
2595
1201
1191
2296
1297
1261
2714
1144
1268
1200
1549
1782
1198
1782
1737
1410
1387
1855
1406
1291
2238
1218
1201
2247
1291
1116
1384
2061
1742
1220
1662
1653
1162
2003
1477
1123
1695
1750
1161
1796
1983
1216
1656
1905
1304
1257
1341
1910
1794
1258
1395
1920
2629
1139
1168
3617
1113
1212
3736
1024
1034
2671
1167
1168
2310
1266
1123
1880
1296
1365
1566
1541
1978
1296
1648
1684
1117
1587
1846
1347
1761
1590
1292
1801
1637
1184
1164
2225
1654
1188
1700
1729
1155
1813
1732
1194
1250
2223
1210
1214
2670
1465
1343
1861
1258
1220
1261
2112
1694
1446
1480
1501
1326
1772
1406
1338
1416
1633
1378
1627
2056
1282
1468
1989
1378
1209
1304
2034
1688
1325
1766
1371
1274
1838
1580
1280
1391
1909
1248
1534
2357
1331
1299
2038
1240
1218
1357
2010
1789
1356
1440
1673
1267
1750
1537
1220
1393
1939
1238
1445
2270
1348
1308
2050
1322
1268
2722
1231
1254
1346
1303
1673
1380
1532
1880
1363
1236
1842
1359
1201
2418
1360
1339
2058
1239
1244
1372
2147
1450
1386
1761
1552
1254
2035
1300
1225
1760
1540
1390
1679
1723
1356
1626
1790
1244
1510
1241
1763
2110
1335
1411
2005
1288
1346
2021
1348
1235
2042
1381
1359
2351
1353
1324
2179
1256
1215
1381
1917
1637
1326
1584
1751
1310
1760
1741
1232
1241
1904
1526
1545
1965
1339
1333
2146
1254
1238
1363
2010
1594
1337
1708
1523
1400
1748
1463
1373
1364
1858
1253
1513
2047
1316
1455
1919
1365
1354
1216
1869
1671
1349
1584
1706
1313
1823
1768
1217
1388
1771
1255
1484
2433
1352
1338
1918
1239
1237
1312
1896
1724
1322
1543
1791
1215
1817
1642
1258
1216
2173
1519
1136
2372
1324
1342
2150
1223
1185
1438
2198
1451
1351
1703
1579
1264
1782
1309
1243
1532
1697
1365
1780
1728
1330
1461
2006
1358
1225
2821
1247
1228
1355
1585
1631
1318
1896
1510
1243
1371
1971
1275
1442
2297
1365
1337
2010
1221
1257
1415
1904
1425
1338
1848
1537
1254
1780
1854
1242
1227
1966
1284
1204
2563
1328
1333
2109
1217
1242
1355
2068
1504
1338
1706
1427
1426
1879
1287
1382
1541
1784
1240
1546
2102
1322
1355
1876
1315
1331
1525
1753
1768
1429
1476
1859
1299
1502
1701
1244
1386
1856
1243
1417
2326
1342
1357
2047
1263
1225
1315
2126
1565
1374
1761
1846
1277
1482
1893
1235
1204
2003
1238
1195
2497
1336
1314
2096
1431
1242
1234
2007
1514
1348
1792
1540
1411
1833
1618
1238
1539
1800
1260
1498
2210
1328
1344
1963
1407
1242
1223
2050
1634
1347
1633
1782
1259
1689
1847
1226
1265
1894
1276
1509
2123
1315
1300
2227
1245
1220
1308
1981
1773
1313
1448
1738
1535
1512
1774
1228
1265
1720
1364
1418
2225
1337
1322
2116
1395
1220
2691
1242
1244
1343
1313
1770
1258
1768
1430
1382
1547
1793
1237
1409
1931
1377
1494
1918
1243
1359
1355
2192
1598
1313
1682
1484
1273
2058
1439
1235
1539
1805
1240
1664
2006
1333
1446
1942
1225
1535
1225
1822
1828
1327
1452
1958
1303
1406
1926
1230
1242
2137
1291
1178
2551
1342
1350
2366
1120
1121
1413
1968
1518
1203
1790
1527
1329
1888
1463
1248
1522
2074
1254
1439
2272
1234
1228
2281
1279
1124
1275
2142
1607
1207
1737
1689
1133
1928
1632
1239
1394
1963
1252
1373
2370
1254
1260
2211
1245
1089
1433
2237
1426
1243
1581
1774
1156
1876
1682
1115
1425
2094
1154
1412
2426
1219
1212
2363
1314
1098
1345
2213
1518
1216
1805
1548
1309
1874
1489
1263
1535
1626
1344
1664
2177
1188
1449
1957
1374
1287
1399
2055
1746
1191
1565
1751
1193
1706
1752
1122
1259
2057
1130
1444
2393
1196
1200
2267
1280
1123
2745
1134
1263
1222
1622
1800
1152
1507
2000
1242
1110
2376
1205
1084
2728
1226
1213
2323
1277
1097
1307
2190
1520
1223
1861
1654
1292
1834
1466
1273
1689
1717
1259
1574
2204
1224
1468
1991
1268
1262
1141
2088
1935
1210
1448
3316
1161
1182
2069
1440
1114
2044
1267
1300
2461
1233
1188
2329
1111
1285
1265
2105
1630
1225
1630
1756
1288
1665
1691
1267
1276
2049
1197
1057
2755
1204
1251
2338
1136
1453
1397
1941
1605
1231
1718
1706
1189
1815
1541
1248
1690
1754
1259
1607
2063
1201
1349
2224
1250
1115
1403
2234
1386
1215
1997
1775
1183
1844
1512
1157
1524
1788
1154
1764
2082
1233
1388
2100
1162
1299
1330
1946
1825
1240
1508
1967
1166
1672
1850
1265
1112
2218
1183
1084
2719
1208
1194
2341
1247
1117
1277
2438
1416
1413
1785
1381
1280
1918
1294
1360
1399
1726
1370
1543
2093
1351
1390
1907
1418
1236
2687
1542
1561
1664
1454
1293
1301
1323
1419
1253
1448
1853
1291
1373
2383
1334
1316
2040
1389
1230
1448
1762
1547
1411
1714
1772
1275
1422
1771
1259
1225
2181
1240
1195
2568
1321
1314
2150
1231
1234
1380
2107
1400
1346
1779
1648
1249
1846
1645
1197
1543
1629
1328
1921
1574
1952
1297
1422
1879
1326
1125
1888
1823
1257
1921
1468
1394
2110
1299
1980
1248
1451
3015
1151
1066
2644
1595
1152
2198
1476
1240
1516
1470
1273
1564
1715
1889
1355
1461
1856
1147
1540
1793
1317
2186
1368
1344
2176
1255
1134
1378
2370
1695
1411
1380
1451
1438
1748
1735
1142
1613
1644
1258
1684
2162
1311
1367
2000
1711
1325
1185
2064
1171
1135
2266
1253
1695
1753
1316
1412
1126
2048
1294
1253
2773
1359
1253
2110
1160
1227
1287
2273
1976
1564
1102
2040
1203
1239
2090
1246
1147
2271
1259
1079
2781
1336
1243
2165
1774
1336
2649
1187
1556
1676
1508
1539
1299
1364
1660
2025
1506
1538
1224
1492
1480
1745
1243
1475
1695
1217
1135
2315
1678
1345
1585
1666
1254
1912
1720
1150
1718
1517
1310
1850
1945
1280
1415
1943
1660
1322
1320
1955
1291
1134
2096
1254
1680
1896
1263
2296
1171
1405
3199
1156
1060
3362
1277
1183
1762
1752
1149
1357
2768
1451
1111
2072
1335
1230
2027
1263
1406
1815
1404
1107
2512
1301
1172
2297
1816
1305
1196
1973
1166
1134
2259
1458
1508
1817
1352
1268
1261
1982
1171
1267
2790
1358
1239
2074
1295
1363
1188
1971
2140
1517
1115
2228
1212
1277
1993
1300
1439
2161
1256
1489
2360
1363
1260
1951
1625
1239
1154
2179
1608
1230
1753
1834
1207
1659
1747
1119
1494
1818
1390
1487
2167
1258
1238
2025
1706
1316
1214
2107
1666
1241
1609
1804
1938
1440
1352
1944
1140
1288
1831
1414
2040
1398
1329
2016
1135
1315
2775
1167
1510
1382
1197
2077
1365
1262
2008
1317
1104
2189
1378
1092
2493
1315
1215
2222
1800
1300
1163
2227
1510
1284
1786
1613
1736
1743
1305
1716
1144
1529
1714
1327
1928
1519
1252
1813
1370
1164
1166
2429
1719
1435
1244
1941
1212
1559
1907
1128
1715
1796
1211
1629
2111
1280
1322
2243
1868
1413
1210
1892
1328
1136
1866
1596
1619
1634
1566
1671
1132
1604
1534
1479
2454
1379
1252
2007
1309
1129
1337
2393
1802
1551
1129
2029
1175
1290
1859
1335
1457
1754
1658
1438
1670
1510
1400
1756
1743
1245
1167
2281
1158
1135
2318
1274
1507
1990
1403
1168
1263
2199
1153
1258
2762
1354
1214
2183
1157
1135
1406
2348
2132
1606
1126
1994
1570
1194
1869
1259
1138
2248
1304
1080
2590
1301
1230
2449
1668
1227
1153
1918
1737
1208
1624
1896
1566
1241
1801
1560
1188
1609
1751
1254
2092
1607
1222
1841
1910
1258
2619
1208
1535
1697
1305
1402
1876
1352
1621
1430
1133
1816
1589
1294
1630
1530
1406
1840
1921
1273
1182
2080
1314
1111
1995
1436
1919
1503
1324
1958
1141
1350
1994
1107
2407
1543
1195
2047
1872
1160
1139
2354
2044
1464
1238
1914
1225
1416
2089
1155
1279
2230
1236
1264
2401
1299
1173
2355
1594
1268
1212
2146
1173
1220
2164
1241
1531
2030
1275
1408
1196
2028
1315
1193
2798
1431
1238
2078
1185
1145
1398
2178
2042
1579
1093
2000
1285
1211
2139
1217
1134
2389
1288
1120
2624
1337
1234
2246
1850
1284
1197
2020
1605
1232
1734
1516
1725
1606
1339
1666
1200
1648
1699
1310
2137
1427
1199
2023
1465
1144
1129
2186
1935
1381
1294
2051
1189
1723
1723
1302
1707
1670
1252
1520
2220
1263
1293
2306
1771
1280
1193
1887
1306
1135
2080
1432
1509
1745
1347
1677
1131
1565
1648
1361
2279
1379
1247
2134
1324
1126
2849
1175
1654
1487
1088
1983
1336
1257
1958
1274
1661
1640
1354
1717
1893
1285
1306
2024
1839
1334
1212
2133
1163
1246
2331
1328
1302
1980
1351
1163
1275
2194
1163
1304
2711
1367
1210
2202
1202
1160
1314
2098
2208
1484
1096
2134
1296
1188
2158
1309
1109
2313
1204
1062
2732
1299
1199
2255
1731
1321
1217
2073
1519
1232
1745
1684
1673
1660
1491
1674
1109
1687
1427
1349
2151
1444
1206
1957
1453
1148
1122
2098
1853
1355
1455
1945
1188
1538
1936
1339
1598
1956
1183
1261
2357
1302
1196
2234
1762
1294
1184
1996
1297
1114
2009
1543
1709
1618
1322
1708
1184
1726
1664
1471
2063
1409
1205
2171
1297
1157
1274
2381
1668
1394
1318
1634
1352
1714
1747
1267
1486
1665
1309
1588
1942
1349
1327
1931
1822
1286
1189
2122
1314
1128
2069
1528
1460
1962
1222
1279
1130
2126
1311
1121
2824
1427
1223
2089
1229
1287
2775
1186
1678
1545
1078
1864
1303
1232
2175
1285
1136
2376
1256
1086
2614
1286
1209
2228
1609
1242
1216
2154
1488
1240
1925
1310
1577
1826
1269
1532
1404
1564
1697
1432
1767
1687
1256
1673
1991
1243
1212
2148
1598
1306
1697
1705
1441
1541
1682
1339
1646
1723
1275
1475
1996
1169
1501
2011
1595
1382
1211
1890
1239
1255
2027
1312
1936
1654
1230
1610
1151
1633
1653
1279
2407
1352
1236
2133
1214
1167
1388
2158
1683
1347
1521
1721
1383
1637
1625
1525
1358
1730
1214
1615
1997
1269
1422
1957
1744
1267
1167
2278
1231
1137
2464
1299
1249
2100
1289
1247
1210
2622
1191
1125
2763
1466
1265
2035
1149
1230
1191
2117
2086
1538
1168
1915
1255
1616
1758
1325
1211
2111
1355
1191
2464
1293
1181
2280
1673
1249
1239
2087
1212
1130
2136
1515
1654
1644
1291
1481
1234
1677
1602
1266
2413
1378
1237
2045
1285
1122
2609
1188
1720
1496
1109
2174
1276
1239
2168
1257
1349
2069
1325
1122
2556
1283
1259
2187
1714
1281
1165
2095
1658
1232
1647
1728
1738
1293
1607
1544
1140
1927
1522
1217
2296
1274
1261
2271
1527
1249
1199
2145
1476
1297
1746
1575
1684
1512
1734
1514
1186
1713
1506
1423
1947
1571
1255
2010
1648
1251
1172
2190
1476
1249
1790
1634
1717
1623
1466
1715
1133
1569
1456
1491
2001
1286
1312
2111
1644
1279
1186
2108
1701
1303
1447
1929
1691
1247
1668
1648
1147
1891
1575
1087
1888
1688
1182
1876
2230
1467
1184
2004
1167
1137
2275
1178
2191
1473
1184
1987
1146
1459
1888
1289
1915
1648
1260
1729
1665
1207
1135
2130
1887
1340
1385
1957
1227
1463
1898
1236
1580
1859
1278
1597
2183
1306
1223
2131
1741
1324
1193
1924
1316
1156
1893
1608
1646
1631
1407
1641
1179
1579
1900
1181
2214
1345
1251
2140
1200
1197
2829
1177
1621
1502
1064
2097
1313
1396
2142
1204
1174
2052
1402
1333
2215
1317
1161
2171
1786
1351
1183
2144
1369
1133
2120
1319
1596
2022
1237
1332
1197
2915
1193
1105
2895
1380
1242
2123
1246
1220
1201
2163
2153
1515
1118
2026
1240
1503
1973
1256
1184
2172
1290
1201
2515
1282
1223
2203
1498
1235
1185
2250
1583
1278
1696
1589
1734
1395
1496
1733
1191
1492
2049
1188
1665
1655
1323
1691
2150
1298
1197
2152
1653
1266
1666
1691
1696
1581
1430
1391
1207
1904
1425
1185
2385
1322
1278
2157
1524
1258
1203
2001
1805
1306
1382
2100
1711
1238
1567
1627
1164
1769
1558
1207
1738
1684
1224
1865
2293
1355
1185
2036
1167
1170
2187
1370
1911
1519
1243
1833
1176
1547
1820
1235
2251
1400
1265
2061
1380
1191
1195
2331
1639
1383
1375
1791
1217
1669
1817
1190
1356
1821
1257
1542
2191
1267
1309
2129
1719
1251
2607
1162
1174
1114
1352
1455
1896
1338
1425
1980
1173
1482
1890
1359
1909
1678
1240
1840
1439
1585
1169
1942
1793
1541
1177
1808
1282
1494
1736
1382
1700
1482
1488
1719
1604
1292
1792
1711
1704
1352
1195
1973
1429
1125
1982
1455
1489
1934
1325
1373
1120
2110
1229
1183
2751
1406
1206
2199
1204
1133
1572
2090
2135
1611
1083
1934
1282
1201
2123
1253
1205
2164
1328
1089
2607
1337
1208
2220
1655
1273
1197
2146
1670
1243
1647
1643
1692
1650
1544
1630
1199
1517
1684
1223
1848
1560
1297
1917
1990
1273
1187
2231
1651
1247
1676
1636
1502
1562
1508
1412
1409
1750
1414
1445
1741
1667
1197
1839
2050
1323
1198
1924
1241
1184
1931
1453
1905
1378
1659
1554
1154
1663
1728
1204
2368
1402
1222
2133
1228
1148
1365
2120
1954
1335
1324
2107
1179
1354
2070
1251
1209
1989
1290
1197
2542
1287
1239
2100
1991
1310
2594
1190
1130
1208
1525
1572
1626
1526
1522
1573
1172
1912
1438
1517
2076
1276
1262
2201
1126
1264
1384
2261
1696
1334
1322
2034
1352
1223
2108
1252
1255
2124
1220
1110
2765
1338
1234
2192
1303
1153
1264
2090
1794
1288
1492
1873
1267
1641
1750
1271
1669
1682
1291
1592
2045
1294
1257
2106
1978
1418
1215
2014
1238
1170
2165
1228
1492
2091
1259
1201
1400
2165
1185
1209
2852
1389
1241
2123
1182
1216
1197
2088
2251
1479
1102
2035
1267
1201
2161
1243
1222
2132
1444
1110
2483
1257
1224
2253
1603
1241
1217
2143
1654
1220
1755
1547
1644
1639
1262
1635
1450
1482
1696
1308
1851
1530
1323
1870
1854
1232
1225
2089
1588
1223
1723
1742
1419
1580
1661
1440
1262
1922
1283
1439
2435
1300
1209
2170
1609
1240
1188
1998
1709
1296
1453
1974
1473
1224
1778
1583
1123
1852
1570
1401
1499
1690
1474
1578
2246
1372
2608
1182
1148
1128
1720
1369
1769
1659
1251
1780
1158
1589
1843
1246
2147
1581
1219
1815
1621
1145
1127
2168
1809
1369
1441
1852
1211
1598
1829
1165
1548
1985
1213
1400
2389
1260
1196
2229
1783
1240
1188
2038
1281
1221
1841
1578
1502
1689
1469
1628
1142
1867
1642
1077
2573
1411
1221
2189
1162
1133
1424
2126
2380
1588
1073
1905
1303
1202
2036
1282
1219
2121
1280
1190
2504
1293
1194
2206
1818
1295
1199
2121
1513
1227
1836
1580
1605
1653
1583
1603
1141
1744
1676
1095
1727
1570
1275
1933
2196
1345
1194
1947
1333
1138
1969
1505
1862
1552
1207
1844
1146
1492
1847
1356
2147
1370
1267
2220
1201
1123
1442
2300
1640
1323
1527
1647
1197
1740
1743
1228
1607
1484
1410
1626
1840
1364
1467
2041
1520
1291
1200
1951
1348
1314
2113
1386
1556
1648
1308
1572
1162
1839
1431
1404
2604
1383
1269
2000
1217
1172
2746
1582
1635
1862
1484
1585
1245
1600
1616
1172
1158
1785
1403
1488
2229
1370
1248
2003
1669
1322
1220
2056
1425
1258
3134
1194
1202
2270
1289
1152
1696
1813
1333
1651
1367
1438
1680
1688
1984
1344
1179
1991
1163
1137
2243
1212
2236
1647
1224
1655
1154
1683
1599
1415
2861
1597
1229
1880
1245
1141
1242
2116
2169
1505
1157
1955
1238
1235
2154
1215
1124
2364
1221
1066
2768
1340
1278
2158
1724
1341
1189
2121
1540
1229
1735
1752
1607
1370
1617
1714
1175
1817
1620
1254
1460
2041
1327
1272
2651
1339
1182
2205
1242
1123
2184
1348
2226
1495
1230
1721
1141
1568
1900
1275
2462
1517
1213
1832
1166
1190
1250
2288
1779
1461
1177
2084
1252
1258
2183
1237
1147
2263
1274
1090
2639
1347
1222
2209
1657
1245
1190
2087
1724
1229
1629
1889
1541
1282
1728
1475
1161
1786
1601
1216
2185
1368
1284
2103
1511
1244
2626
1195
1190
1342
1805
1548
1441
1528
1644
1572
1156
1995
1450
1081
2047
1491
1325
1944
1802
1257
1195
2012
1246
1216
2161
1148
1989
1613
1194
1788
1179
1767
1733
1100
2447
1516
1219
2022
1197
1155
1619
1910
2116
1516
1076
2130
1399
1321
1836
1241
1193
2093
1315
1240
2240
1270
1210
2179
1808
1314
1166
2094
1632
1281
1650
1651
1605
1533
1522
1469
1158
1958
1379
1239
2375
1250
1251
2247
1427
1182
1344
2085
1885
1471
1341
1640
1443
1645
1627
1325
1592
1629
1398
1646
1934
1298
1237
2185
1727
1317
1202
2138
1160
1170
2227
1314
1621
1809
1219
1560
1149
1856
1524
1349
2737
1401
1245
1907
1307
1148
1201
2467
1871
1594
1142
1897
1308
1233
2115
1162
1197
2237
1227
1176
2628
1290
1210
2173
1624
1263
1223
1973
1477
1246
1864
1647
1585
1361
1572
1637
1132
1674
1633
1263
2110
1583
1213
1986
1578
1268
2611
1174
1214
1684
1493
1232
1711
1527
1497
1728
1195
1776
1749
1315
1622
1595
1321
2010
1679
1290
1249
2039
1623
1248
1763
1451
1685
1613
1574
1406
1320
1661
1633
1103
2232
1322
1207
2201
1674
1403
1200
1834
1703
1279
1394
1978
1753
1397
1582
1530
1132
1921
1634
1134
2174
1386
1245
2151
1237
1176
1296
2290
1635
1393
1486
1712
1249
1742
1630
1169
1767
1595
1227
1856
1916
1299
1440
1866
3124
1454
1168
3384
1206
1114
3598
1154
1180
3258
1307
1106
1619
2049
1163
2041
1933
1260
1797
1891
1200
1165
1180
2102
1146
1588
1824
1153
1474
2297
1237
1165
2208
1648
1175
1857
1107
1312
2286
1194
1829
1491
1165
1939
1541
1116
1962
1487
1151
2270
1254
1152
1346
2838
1184
1111
2909
1416
1256
1822
1166
1198
1218
1584
3070
1559
1134
1658
1235
1216
2060
1414
1150
2021
1218
1361
2417
1282
1213
2288
1167
1173
2726
1201
1295
1329
1616
1899
1297
1263
1902
1277
1178
2187
1236
1101
2763
1314
1197
2220
1625
1285
1229
2142
1396
1225
2030
1491
1555
1644
1324
1645
1231
1595
1819
1416
1869
1238
1375
1942
1846
1306
1214
2105
1670
1225
1682
1728
1705
1575
1639
1361
1198
1865
1512
1195
2368
1276
1198
2336
1676
1315
1210
1885
1679
1246
1628
1548
1736
1647
1257
1741
1160
1688
1709
1258
2077
1518
1211
2009
1246
1132
1526
2158
1653
1334
1560
1652
1240
1686
1688
1325
1888
1483
1219
1720
1659
1242
1754
1744
1755
1324
1237
2047
1197
1204
2331
1225
1460
2027
1271
1298
1166
2456
1185
1185
2605
1423
1267
1994
1294
1149
1193
2459
1979
1572
1164
1963
1277
1204
2218
1442
1176
2064
1271
1085
2619
1350
1199
2220
1686
1295
1189
1949
1762
1230
1541
1842
1660
1250
1695
1627
1162
1638
1759
1371
1735
1509
1464
1897
1999
1289
2585
1176
1542
1664
1286
1577
1568
1488
1461
1724
1151
1339
1547
1277
3706
1306
1240
2446
1287
1251
1336
2052
1615
1314
1567
1809
1217
1673
1720
1195
1631
1815
1227
1701
2188
1311
1199
2228
1640
1302
1196
1985
1212
1266
2031
1213
1746
1874
1209
1500
1144
1871
1513
1172
2532
1379
1201
2066
1470
1154
1119
2374
1903
1573
1121
1903
1342
1322
1984
1315
1234
2103
1320
1351
2373
1322
1215
2164
1699
1279
1196
1937
1548
1226
1623
1845
1836
1233
1593
1793
1131
1763
1610
1084
2375
1368
1203
2200
1622
1261
1193
2212
1414
1239
1938
1293
1749
1652
1465
1717
1130
1535
1827
1343
1999
1270
1444
1826
1762
1319
1207
1975
1814
1231
1483
1620
1697
1679
1480
1406
1128
1863
1655
1095
2200
1297
1230
2199
1185
1232
1303
2030
2069
1428
1191
2129
1245
1227
1981
1286
1230
1996
1465
1060
2458
1286
1265
2413
1699
1275
2609
1203
1568
1465
1543
1566
1627
1360
1252
1641
1193
1566
1841
1255
1913
1754
1274
1548
1653
1197
1133
2232
1641
1274
1675
1932
1173
1602
1764
1179
1627
1700
1190
1761
2078
1267
1279
2197
1830
1405
1189
1883
1406
1100
1782
1586
1851
1343
1709
1504
1142
1721
1649
1251
2331
1377
1222
2220
1162
1141
1425
2385
1779
1407
1327
1667
1310
1532
1658
1447
1639
1663
1230
1486
2013
1319
1329
2124
1655
1278
1191
2123
1182
1138
2218
1353
1425
1987
1345
1542
1118
1910
1236
1243
2797
1413
1226
2149
1205
1207
1183
2358
1912
1497
1312
1838
1295
1645
1822
1423
1363
1825
1419
1362
2342
1300
1188
2286
1661
1243
1179
2002
1259
1145
2114
1532
1657
1651
1482
1428
1118
1663
1690
1106
2414
1365
1209
2478
1169
1149
1216
2122
2175
1591
1114
2154
1210
1223
2029
1237
1436
1894
1318
1246
2439
1285
1275
2201
1672
1257
2604
1199
1559
1326
1528
1794
1818
1702
1283
1607
1548
1696
1588
1229
1049
1542
1272
1799
2081
1343
1199
2085
1423
1109
2090
1374
1635
1828
1250
1780
1131
1673
1523
1311
2504
1410
1223
2081
1289
1141
1335
2312
1874
1597
1124
1936
1233
1301
2132
1184
1217
2205
1216
1257
2472
1288
1252
2242
1685
1257
1200
2025
1886
1437
1150
2055
1698
1231
1707
1825
1131
1691
1526
1404
1608
1607
1313
1818
2136
1333
1193
2155
1159
1381
1833
1367
1888
1539
1250
1745
1160
1619
1842
1287
2191
1375
1236
2044
1449
1162
1158
2401
1569
1411
1510
1778
1452
1526
1609
1446
1560
1653
1218
1639
2173
1289
1187
2205
1675
1262
1209
1888
1300
1345
1708
1559
1651
1428
1726
1671
1179
1548
1658
1273
2452
1434
1238
2175
1178
1131
1450
2050
2098
1463
1131
2001
1289
1425
1692
1464
1414
1505
1682
1389
1955
1418
1440
2037
1535
1232
2631
1189
1540
1152
1625
1552
1548
1723
1246
1555
1515
1400
1484
1128
2575
1431
1248
2040
1218
1295
1347
1844
1814
1368
1368
2063
1204
1521
1823
1425
1356
1828
1254
1535
2294
1296
1254
2172
1715
1279
1202
2029
1646
1238
1734
1667
1581
1443
1651
1729
1149
1702
1462
1374
1574
1733
1339
1717
2233
1232
1179
2033
1169
1125
2209
1266
1823
1655
1289
1581
1143
1923
1419
1239
2910
1509
1203
1992
1262
1193
1319
2355
1801
1557
1153
1947
1279
1240
2135
1326
1142
2187
1250
1101
2744
1321
1227
2170
1644
1261
1169
2164
1665
1204
1755
1442
1716
1750
1239
1611
1317
1634
1564
1308
2053
1514
1264
1838
1715
1247
1177
2212
1597
1205
1767
1849
1392
1539
1780
1398
1137
1796
1637
1233
2114
1282
1233
2329
1735
1236
1165
1810
1830
1276
1477
1964
1506
1378
1695
1684
1166
1587
1723
1288
1563
1771
1188
1840
2352
1391
2614
1158
1566
1509
1512
1201
1803
2580
1232
1161
1227
2239
1175
1330
2665
1408
1202
1951
1274
1226
1146
2375
1736
1393
1361
1742
1286
1587
1723
1420
1290
1937
1201
1524
2381
1312
1175
2248
1525
1248
1195
2190
1205
1149
2167
1502
1634
1692
1273
1647
1243
1585
1611
1080
2659
1414
1246
2087
1259
1135
1392
2127
2214
1488
1081
2044
1329
1382
2150
1143
1345
1880
1484
1090
2474
1328
1168
2232
1658
1253
1167
2190
1268
1131
2149
1441
1692
1646
1351
1416
1224
2240
1237
1212
2650
1364
1244
2292
1238
1154
1349
2058
2059
1624
1124
1931
1249
1220
2213
1217
1145
2321
1369
1098
2621
1322
1229
2189
1534
1302
1168
2324
1415
1313
1665
1636
1477
1686
1299
1667
1281
1468
1961
1114
1619
1962
1251
1414
2275
1276
1190
2153
1549
1204
1861
1719
1671
1386
1542
1292
1473
1575
1728
1312
2061
1304
1323
2131
1720
1429
2634
1312
1549
1690
1415
1557
1603
1383
1233
1252
1205
1959
1344
1134
2301
1311
1226
2176
1269
1155
1276
2300
1349
1268
2001
1272
1323
2193
1229
1140
2000
1677
1235
1787
1660
1257
1823
1565
2101
1456
1175
2167
1289
1131
2106
1608
1342
1829
1289
1666
1163
1853
1259
1339
2683
1309
1203
2163
1246
1235
1187
2257
1996
1553
1090
1918
1303
1268
2115
1254
1353
1996
1259
1212
2608
1301
1249
2198
1624
1270
1221
2086
1795
1249
1579
1648
1778
1588
1420
1861
1165
1343
1865
1216
1762
1708
1252
1839
2123
1279
1191
2120
1576
1234
1838
1595
1630
1615
1461
1675
1155
1743
1728
1226
2074
1332
1470
1972
1693
1218
1169
1828
1807
1293
1362
1957
1646
1217
1724
1673
1163
1878
1690
1103
1710
1811
1227
1824
2414
1269
1166
1899
1241
1168
2086
1434
1819
1542
1359
1712
1142
1445
1951
1258
1949
1665
1336
1738
1385
1560
2559
1150
1504
1417
1188
2032
1235
1279
2189
1171
1229
2236
1288
1465
2252
1289
1237
2233
1788
1247
1195
2049
1570
1268
1642
1971
1480
1228
1776
1680
1137
1793
1577
1242
2149
1578
1241
1949
2000
1248
1254
2095
1489
1293
1743
1508
1624
1666
1270
1845
1260
1423
1761
1471
1181
2021
1495
1202
2778
1356
1214
1953
1379
1150
1970
1482
1837
1442
1483
1600
1123
1754
1703
1262
2484
1359
1239
2054
1179
1155
1305
2100
1960
1390
1191
2139
1392
1235
2035
1375
1124
2171
1251
1092
2757
1300
1228
2184
1882
1339
1192
1941
1711
1204
1716
1557
1633
1535
1742
1436
1131
1545
1734
1261
2161
1419
1301
1926
1259
1231
1151
2410
1740
1404
1292
1974
1211
1476
1946
1209
1520
1898
1254
1397
2406
1309
1198
2224
1587
1319
1185
1963
1203
1223
2099
1416
1569
1893
1207
1653
1128
1711
1719
1100
2482
1429
1231
1876
1327
1134
2588
1564
1896
1847
1469
1282
1589
1614
1577
1167
1123
1503
1365
1457
2163
1405
1193
2109
1593
1262
1213
2132
1269
1125
2230
1227
1483
2019
1346
1266
1284
2020
1193
1445
2562
1364
1249
2070
1213
1184
1368
2137
2067
1497
1115
2081
1340
1207
2099
1328
1170
2360
1250
1133
2447
1326
1257
2213
1692
1250
1184
1976
1497
1239
1799
1632
1594
1486
1630
1470
1168
1570
1779
1373
1274
2035
1447
1221
2457
1255
1184
2221
1147
1134
2506
1371
1368
1930
1292
1394
1237
2085
1198
1223
2605
1262
1213
2258
1186
1117
1399
2035
1771
1301
1441
1939
1323
1249
2088
1218
1152
2298
1264
1065
2727
1285
1245
2210
1647
1276
1182
2116
1608
1239
1679
1636
1731
1612
1428
1658
1137
1547
1660
1264
2094
1398
1339
2358
1188
1151
1246
2302
1796
1428
1193
2066
1204
1678
1769
1146
1689
1554
1241
1813
1937
1332
1341
2049
1650
1303
3004
1206
1119
1152
1231
1333
2242
1356
1280
2032
1176
1261
2118
1234
2011
1587
1203
1959
1298
1137
1466
2282
1694
1498
1489
1909
1146
1471
1873
1179
1620
1784
1280
1504
2123
1281
1288
2059
1812
1298
1169
2137
1234
1167
2151
1390
1521
1861
1272
1679
1119
1944
1223
1378
2833
1365
1232
1957
1253
1141
1336
2209
2113
1486
1109
2061
1298
1195
2249
1178
1126
2404
1225
1210
2603
1287
1248
2225
1748
1222
1176
1990
1717
1237
1661
1709
1497
1652
1568
1405
1239
1997
1434
1261
2186
1437
1265
2038
1691
1246
1170
2196
1442
1254
1927
1752
1593
1611
1422
1716
1121
1542
1590
1477
1969
1256
1305
2159
1736
1228
1166
1860
1742
1286
1474
1955
1597
1250
1777
1624
1149
1847
1490
1205
1875
1655
1200
1958
1961
1310
1173
2115
1163
1109
2259
1303
1793
1699
1418
1745
1137
1335
1816
1352
2429
1585
1225
1910
1284
1229
2613
1546
1533
1615
1112
1843
1251
1276
2106
1219
1159
2197
1418
1111
2566
1296
1256
2118
1557
1246
1215
2063
1672
1225
1600
1834
1589
1246
1761
1590
1163
1878
1634
1064
1812
1698
1184
1906
2192
1328
1198
2114
1221
1132
2154
1228
2160
1651
1167
1778
1192
1529
1970
1109
2173
1508
1208
1945
1234
1195
1200
2230
2019
1331
1268
2040
1177
1437
1930
1199
1764
1562
2185
1121
1667
3084
1227
1132
3435
1543
1198
1448
1408
1195
1444
2061
1832
1291
1442
2026
1147
1501
1883
1311
2020
1655
1230
2096
1293
1214
1139
2366
1681
1442
1352
1911
1215
1617
1646
1222
1693
1695
1290
1686
2141
1328
1435
2010
1785
1235
1224
2086
1314
1108
1945
1502
1452
1936
1188
1218
1249
2168
1155
1223
2860
1350
1245
2277
1210
1161
1250
2201
2221
1479
1120
2110
1176
1397
1998
1272
1423
1754
1377
1264
2434
1271
1248
2200
1737
1310
2669
1304
1175
1354
1690
1729
1439
1441
1490
1588
1204
1648
1832
1284
1773
1639
1247
1725
1621
1241
1109
2401
1938
1349
1371
1969
1188
1481
1773
1245
1630
1962
1209
1510
2116
1285
1234
2225
1621
1294
1228
1860
1210
1162
2175
1576
1409
1977
1255
1378
1135
1913
1472
1188
2676
1370
1228
2055
1224
1165
1331
2409
1628
1336
1364
1837
1302
1552
1697
1252
1585
1861
1262
1550
2119
1276
1338
2001
1740
1296
1170
2110
1188
1151
2232
1638
1434
1948
1269
1201
1122
2145
1255
1266
2779
1407
1201
2312
1121
1127
1206
2216
2245
1511
1079
1870
1312
1205
2088
1270
1147
2213
1297
1083
2775
1279
1212
2249
1717
1328
1196
2079
1470
1244
1801
1634
1662
1548
1639
1544
1167
1547
1576
1407
1895
1640
1219
2002
1216
1346
1153
2063
1950
1336
1301
2118
1171
1639
1711
1392
1427
1730
1211
1633
2118
1313
1430
2008
1711
1289
2637
1206
1149
1126
1638
1422
1740
1588
1350
1660
1107
1977
1429
1247
2241
1345
1249
2162
1289
1101
1289
2238
2002
1477
1147
2029
1223
1534
1988
1391
1573
1531
1261
1632
2032
1303
1300
2028
1869
1310
1190
2068
1267
1123
2177
1553
1265
1928
1383
1217
1228
2130
1222
1323
2713
1423
1233
2110
1276
1177
1229
2089
2208
1477
1065
2065
1336
1181
2137
1268
1138
2271
1272
1056
2675
1301
1199
2273
1672
1282
1203
2111
1507
1237
1807
1663
1556
1722
1505
1411
1254
1711
1754
1218
1907
1435
1287
1890
2042
1259
1174
1973
1650
1274
1693
1698
1728
1532
1672
1567
1133
1761
1492
1354
1646
1438
1661
1659
1863
1353
1198
1925
1289
1105
2026
1435
1834
1424
1288
1919
1179
1469
1711
1292
2348
1415
1224
2156
1209
1203
1331
2423
1863
1535
1121
1966
1175
1402
1993
1255
1251
1869
2189
1148
1648
1869
1330
1736
2132
1278
2630
1158
1172
1130
1792
1227
1867
1687
1235
1713
1169
1580
1791
1268
1940
1587
1273
1829
1432
1296
1114
2217
2057
1518
1126
2166
1251
1237
2162
1195
1430
1953
1222
1539
2259
1287
1225
2196
1745
1294
1177
2120
1209
1161
2176
1344
1557
1950
1439
1234
1222
1905
1618
1089
2534
1333
1249
2172
1228
1217
1537
2261
1781
1500
1210
1724
1318
1456
1754
1434
1642
1693
1259
1664
1719
1237
1645
1841
1803
1282
1181
2159
1161
1128
2223
1414
1726
1675
1299
1424
1124
2172
1351
1250
2762
1394
1203
2009
1276
1127
1302
2311
1738
1439
1140
2105
1210
1229
2197
1288
1116
2251
1249
1108
2744
1309
1207
2231
1605
1298
1193
2159
1500
1248
1785
1564
1761
1600
1443
1479
1256
1733
1590
1245
2083
1279
1302
2377
1666
1255
1176
1929
1897
1262
1517
1734
1709
1243
1579
1693
1214
1540
1671
1285
2015
1271
1488
2003
1674
1249
2597
1154
1234
1338
1737
1576
1766
1318
1467
1703
1152
1816
1724
1234
1704
1551
1222
1873
2147
1340
1198
2132
1180
1138
2304
1234
1878
1642
1226
1706
1178
1558
1851
1240
2133
1385
1274
1915
1424
1197
1134
2259
1765
1368
1468
1862
1175
1670
1792
1229
1618
1768
1230
1449
2303
1260
1245
2252
1649
1225
1162
2062
1418
1109
2097
1512
1802
1499
1421
1634
1111
1625
1557
1503
2080
1358
1223
2197
1253
1134
1458
2175
1965
1527
1254
1838
1254
1392
2052
1426
1347
1851
1260
1406
2296
1323
1159
2124
1601
1240
1192
2135
1200
1120
2306
1217
1528
2027
1211
1260
1240
2163
1177
1407
2721
1338
1229
2164
1278
1155
1317
2222
1855
1561
1142
1982
1318
1251
2130
1304
1121
2274
1226
1103
2746
1304
1210
2259
1719
1274
1229
1927
1541
1208
1833
1676
1679
1386
1564
1502
1280
1665
1603
1256
2101
1470
1348
1813
1879
1359
2717
1588
1500
1746
1453
1536
1301
1410
1250
1159
1522
1780
1502
1368
1976
1380
1284
2009
1591
1295
1170
2026
1731
1287
1545
1821
1279
1477
1868
1414
1121
2093
1220
1375
2502
1311
1211
2233
1631
1228
1182
2157
1705
1275
1576
1817
1576
1528
1721
1601
1126
1661
1716
1248
1731
1615
1264
1758
2193
1331
1188
2118
1803
1230
1537
1675
1791
1625
1315
1506
1139
1781
1524
1260
2303
1283
1216
2262
1190
1139
1386
1994
2016
1387
1167
2127
1203
1344
2087
1399
1400
1967
1480
1082
2442
1271
1238
2180
1759
1316
1168
2120
1661
1243
1729
1662
1656
1741
1435
1427
1113
1621
1540
1407
1926
1589
1236
1938
1276
1187
1430
2008
1863
1402
1347
1947
1215
1488
2126
1181
1417
1886
1235
1519
2268
1311
1204
2262
1706
1335
1200
2072
1191
1208
1988
1464
1527
1657
1360
1603
1170
1642
1652
1441
2172
1354
1215
2208
1264
1117
2832
1209
1701
1491
1107
1973
1194
1364
2007
1210
1684
1752
1247
1419
2231
1280
1239
2077
1582
1304
1175
1960
1281
1228
2073
1376
1604
1814
1378
1570
1147
1777
1449
1115
2605
1372
1233
2182
1192
1119
1357
1999
2246
1479
1108
2107
1209
1190
2250
1361
1099
2204
1345
1123
2572
1317
1240
2250
1688
1234
1231
2011
1605
1237
1736
1606
1668
1693
1416
1553
1344
1434
1787
1291
1896
1560
1305
2067
1577
1237
1193
2166
1698
1317
1547
1802
1719
1444
1520
1673
1152
1706
1568
1258
1694
1580
1310
1856
1814
1232
1170
2043
1290
1213
1878
1647
1805
1582
1349
1852
1148
1424
1847
1350
2457
1489
1234
1901
1265
1145
1266
2197
1925
1471
1189
2067
1325
1399
2017
1149
1138
2189
1471
1059
2593
1301
1223
2138
1728
1338
1189
1800
1662
1226
1628
2329
1303
1230
2095
1200
1115
2235
1190
1220
2609
1269
1195
2235
1212
1150
2877
1195
1635
1542
1121
1999
1278
1224
2152
1250
1132
2389
1304
1057
2688
1287
1197
2251
1800
1303
1214
2148
1497
1228
1829
1630
1663
1627
1600
1516
1120
1565
1554
1397
2110
1307
1262
2090
1402
1141
1161
2207
1991
1351
1332
1852
1215
1483
1910
1197
1665
2004
1183
1428
2264
1259
1285
2086
1807
1362
1166
1969
1363
1230
1780
1559
1724
1566
1381
1646
1182
1745
1635
1243
2398
1358
1207
2153
1462
1127
1172
2300
1806
1535
1184
1815
1277
1508
1845
1280
1340
2024
1302
1245
2547
1334
1161
2164
1634
1258
1248
2194
1167
1144
2303
1215
1654
1948
1218
1408
1223
2091
1294
1231
2656
1403
1224
2134
1158
1196
1433
1945
2238
1496
1057
2168
1212
1201
2245
1245
1124
2325
1230
1115
2666
1341
1202
2284
1742
1252
1159
2031
1726
1241
1626
1636
1549
1651
1282
1674
1473
1325
1710
1421
1522
1724
1481
1619
2275
1356
2634
1173
1562
1331
1709
1535
1288
1530
1646
1644
1137
1559
1807
1303
1939
1589
1269
1925
1495
1239
1220
1947
1913
1335
1180
2157
1257
1375
2068
1173
1224
2231
1278
1225
2568
1276
1220
2299
1830
1307
1171
2130
1657
1227
1675
1691
1581
1481
1556
1528
1240
1728
1590
1294
1493
2005
1193
1421
2457
1298
1199
2101
1168
1379
2120
1266
1853
1556
1301
1660
1144
1770
1489
1629
2574
1497
1269
1875
1280
1152
1332
2316
1812
1574
1131
1980
1277
1344
2130
1405
1135
2155
1196
1104
2675
1324
1224
2223
1666
1269
1169
2066
1522
1218
1839
1477
1665
1567
1330
1611
1288
1736
1776
1322
2045
1268
1361
1992
1945
1221
1198
1962
1577
1291
1730
1706
1680
1581
1566
1773
1146
1644
1454
1224
1852
1488
1454
1790
1829
1264
1216
2024
1283
1111
1942
1603
1850
1357
1399
1891
1197
1366
1952
1146
2315
1552
1360
1859
1177
1144
2785
1589
1580
1882
1459
1554
1557
1334
1600
1169
1164
1720
1320
1143
2435
1338
1351
1941
1311
1137
1190
2147
1788
1298
1542
1857
1279
1642
1723
1168
1708
1738
1243
1650
2130
1283
1280
2166
2273
1418
1219
1724
2402
1187
1027
3666
1239
1331
2898
1168
1145
2863
1199
1085
3544
1415
1237
2480
1285
1148
1137
2380
1993
1351
1291
1663
1222
1732
1594
1112
1745
1678
1166
1804
1758
1233
1678
1682
1193
1719
1247
1112
2191
1383
1048
2220
1779
1283
1595
1684
1106
1884
1448
1098
2867
1388
1229
2379
1402
1121
1356
2730
1168
1486
1969
1154
1205
2350
1249
1188
1900
1377
1273
1891
1079
1576
1974
1226
1902
1466
1190
2054
1709
1212
1648
1668
1157
2123
1428
1145
1681
1649
1220
1526
2215
1251
1272
2136
1144
1424
1246
1548
1989
1286
1064
2844
2013
1570
1211
1730
1201
1208
2106
1120
2031
1363
1478
1919
1243
1413
2604
1157
1766
1759
1506
1596
1559
1405
1665
1537
1155
1388
1278
1476
2491
1411
1185
1967
1672
1260
1180
2076
1287
1137
2192
1267
1669
2032
1202
1232
1343
